{
  "paragraph": [
    {
      "paragraph_txt": "요즘 사람들이 '김치', '한남' 등 무분별한 혐오표현 사용으로 남녀 간의 갈등이 생기는 상황이다.#@문장구분# 혐오표현을 사람들이 사용하지 않고 서로를 존중하게 할 수 있는 해결책에는 무엇이 있을까? #@문장구분#첫 번 째는 인터넷 상에서 혐오표현을 사용하는 사람에게 계정사용을 금지시키는 방법이 있다.#@문장구분# 인터넷 상에서의 1인방송, 뉴스와 같은 곳에는 사람들의 자유로운 표현이 가능하다.#@문장구분# 그래서 혐오표현의 사용이 무분별하게 사용이 되는 것이다. #@문장구분#하지만 이러한 혐오표현이 지속적으로 사용이 된다면 인터넷 사용자들이 혐오 문화를 주류문화로 받아들일 수 있는 문제가 생긴다. #@문장구분#그렇기 때문에 혐오표현 행위자들의 사용을 막아야 한다.#@문장구분# 두 번 째는 학교에서 학생들에게 누군가를 혐오하는 표현은 올바르지 못하고 모두가 서로를 존중해야 한다는 평등수업을 진행하는 것이다.#@문장구분# 혐오표현은 서로를 이해하지 못하기 때문에 발생하기 때문에 서로 의견을 나누며 이해하고 존중하는 시간을 가져 혐오표현 사용을 예방할 수 있게 한다.#@문장구분# 세 번 째는 '대항표현 활성화'이다.#@문장구분# 대항표현이란 잘못된 혐오표현을 보고 가만히 있지 않고 맞대응을 하여 혐오표현 행위자의 행동을 위축시키고 고립시키는 방법이다.#@문장구분# 사회적 약자를 이해하지 못하여 거침없는 발언을 하는 사람들, 그런 말에 상처받는 피해자에 대한 무관심, 눈치를 보며 '동조'하는 것은 상대방이 신체적으로 사회적으로 위축시킬 수 있고 서로를 견제하는 상황이 생길 수 있게 되기 때문에 시민의 적극적인 대항표현으로 올바른 인식을 널리 퍼트려야 한다. #@문장구분#네 번째,  차별적인 혐오발언 사용을 하지 말자는 공익광고를 만든다.#@문장구분# 단지 유머로 사용하는 말이라해서 절대 정당화될 수 없고 무분별한 사용으로 인해서 누군가는 상처를 받는다는 내용을 사람들에게 알리면 올바른 인식을 갖게 할 수 있을 것이다.#@문장구분#",
      "paragraph_len": 1163,
      "paragraph_id": "001"
    }
  ],
  "score": {
    "paragraph_score": [
      {
        "paragraph_scoreT": [
          3,
          3,
          2.4
        ],
        "paragraph_scoreT_detail": {
          "paragraph_scoreT_exp": [
            [
              3,
              3,
              3
            ],
            [
              3,
              3,
              3
            ],
            [
              2,
              2,
              3
            ]
          ]
        },
        "paragraph_scoreT_avg": 2.8,
        "paragraph_id": "001"
      }
    ],
    "essay_scoreT": [
      30,
      27,
      24.8
    ],
    "essay_scoreT_avg": 27.266668,
    "essay_scoreT_detail": {
      "essay_scoreT_org": [
        [
          3,
          0,
          3,
          3
        ],
        [
          2,
          0,
          3,
          3
        ],
        [
          2,
          0,
          3,
          3
        ]
      ],
      "essay_scoreT_cont": [
        [
          3,
          3,
          3,
          3
        ],
        [
          3,
          2,
          3,
          3
        ],
        [
          3,
          2,
          2,
          3
        ]
      ],
      "essay_scoreT_exp": [
        [
          3,
          3,
          3
        ],
        [
          3,
          3,
          3
        ],
        [
          2,
          2,
          3
        ]
      ]
    }
  },
  "student": {
    "date": "2021.09.07",
    "student_educated": true,
    "student_grade": "고등_1학년",
    "location": "051",
    "student_grade_group": "고등",
    "student_reading": 2
  },
  "rubric": {
    "essay_grade": "고등_1학년",
    "organization_weight": {
      "org_paragraph": 0,
      "org": 3,
      "org_essay": 6,
      "org_coherence": 3,
      "org_quantity": 1
    },
    "essay_type": "대안제시",
    "content_weight": {
      "con_clearance": 3,
      "con_novelty": 3,
      "con": 4,
      "con_prompt": 1,
      "con_description": 3
    },
    "essay_main_subject": "남녀 갈등 해결 방안",
    "expression_weight": {
      "exp_style": 4,
      "exp_grammar": 2,
      "exp_vocab": 4,
      "exp": 3
    }
  },
  "correction": [],
  "info": {
    "essay_id": "ESSAY_34241",
    "essay_prompt": " 남녀 갈등은 최근 우리 사회에서 가장 뜨거운 이슈 중 하나입니다. 이러한 갈등은 아직 간극을 좁히지 못하고 현재 사회적인 문제로 자리 잡았습니다.\n\n 군 가산점 문제, 일자리 문제 등 여러 가지 비교 자료들을 토대로 토론을 하고 이를 통해 갈등을 해결하고자 하는 노력이 이루어지고 있습니다.\n\n 과거에는 성차별 심했던 시기가 있었습니다. 여자와 남자를 구별 지어 일을 주는 경우도 많았습니다. 하지만, 현재는 여자와 남자라는 성별을 떠나서 나이, 국적을 불문하고 모두에게 평등한 기회를 주기 위해 노력하고 있습니다.\n\n 이렇게 모두의 노력에도 불구하고 아직 해결되지 않았거나 해결될 기미가 보이지 않는 양성평등 문제가 있을까요?\n\n 아주 작은 사소한 일이라도 좋습니다. 여러분이 생각하는 우리 주변의 양성평등 문제를 하나 작성해보고 어떻게 해결할 수 있을지 혹은 무엇이 바뀌어야 해결될 것 같은지 본인의 생각을 설명해주세요. ",
    "essay_type": "대안제시",
    "essay_level": "1",
    "essay_len": 885,
    "essay_main_subject": "남녀 갈등 해결 방안"
  }
}