{
  "paragraph": [
    {
      "paragraph_txt": "성남 시민들이 하수종말처리장을 이전하는 것에 반대하는데 이를 해결하기 위해서는 먼저 성남에 하수종말처리장을 설치한 후 성남주민들에게 피해보상을 해주어야한다.#@문장구분# 또는 성남주민들에게 혜택을 주어야 한다. 예를들어 세금감면 혜택을 해주는 것이 있다.#@문장구분# 두 번째로는 성남시와 지역주민들이 대화를 통해 타협을 하는 것이 있다.#@문장구분# 지역주민들이 걱정하는 소음문제, 안전문제 등 걱정하는 부분을 성남주민 대표와 성남시가 대화를 하여 타협안을 찾아야한다.#@문장구분# 예를 들어 트럭운행시간을 정해 소음문제를 해결하는 방법이 있다.#@문장구분# 또 다른 해결방법으로는 하수종말처리장을 인구가 희박한 국유지로 옮기는 방법이 있다.#@문장구분# 인구가 많은 곳에 하수종말처리장을 설치하면 피해보상비용이 많이 들 것이다.#@문장구분# 약 4억 이상의 비용이 드는데 이 비용을 줄이기 위해 인구가 희박한 곳으로 옮긴다면 피해보상비용이 엄청나게 줄어들 것이다.#@문장구분# 피해보상비용을 줄이고 남은 비용을 쓰레기 운송 비용과 처리비용으로 사용한다면 인구가 많은 곳에 사는 사람들이 혐오시설로 인해 고통받는 일도 없을 것이고 인구가 희박한 곳에 사는 사람들은 고통을 받겠지만 그들에게 피해보상을 조금 더 많이 해줄 수 있고 운송비용과 처리비용까지 한번에 해결할 수 있을 것이다.#@문장구분# 마지막으로 개인이 이기적인 마음을 조금 줄여야한다.#@문장구분# 님비현상은 결국 이기주의 현상과 비슷한 것인데 우리지역만 아니면 돼 라는 마음을 바꿔야 할 필요가 있다.#@문장구분# 혐오시설을 무조건 거부하기 보다는 혐오시설로 인해 생기는 문제를 해결해나가는 것이 옳은 것이다.#@문장구분# 이기적인 마음을 조금만 버리고 이해를 한다면 이런 문제가 발생하는 것이 줄어들 것이다.#@문장구분# 이익이 되는 것만을 추구하기 보다는 이익이 되지않아도 그것을 받아들이는 것이 중요하다.#@문장구분#",
      "paragraph_len": 1127,
      "paragraph_id": "001"
    }
  ],
  "score": {
    "paragraph_score": [
      {
        "paragraph_scoreT": [
          2.4,
          2.8,
          2
        ],
        "paragraph_scoreT_detail": {
          "paragraph_scoreT_exp": [
            [
              2,
              2,
              3
            ],
            [
              2,
              3,
              3
            ],
            [
              2,
              2,
              2
            ]
          ]
        },
        "paragraph_scoreT_avg": 2.3999999,
        "paragraph_id": "001"
      }
    ],
    "essay_scoreT": [
      22.7,
      22.699999,
      21.2
    ],
    "essay_scoreT_avg": 22.200003,
    "essay_scoreT_detail": {
      "essay_scoreT_org": [
        [
          2,
          0,
          2,
          3
        ],
        [
          2,
          0,
          2,
          3
        ],
        [
          2,
          0,
          2,
          2
        ]
      ],
      "essay_scoreT_cont": [
        [
          3,
          2,
          2,
          2
        ],
        [
          2,
          2,
          2,
          2
        ],
        [
          3,
          2,
          2,
          2
        ]
      ],
      "essay_scoreT_exp": [
        [
          2,
          2,
          3
        ],
        [
          2,
          3,
          3
        ],
        [
          2,
          2,
          2
        ]
      ]
    }
  },
  "student": {
    "date": "2021.09.08",
    "student_educated": true,
    "student_grade": "고등_1학년",
    "location": "051",
    "student_grade_group": "고등",
    "student_reading": 1
  },
  "rubric": {
    "essay_grade": "고등_1학년",
    "organization_weight": {
      "org_paragraph": 0,
      "org": 3,
      "org_essay": 6,
      "org_coherence": 3,
      "org_quantity": 1
    },
    "essay_type": "대안제시",
    "content_weight": {
      "con_clearance": 3,
      "con_novelty": 3,
      "con": 4,
      "con_prompt": 1,
      "con_description": 3
    },
    "essay_main_subject": "혐오시설 건설문제에 대한 본인의 생각",
    "expression_weight": {
      "exp_style": 4,
      "exp_grammar": 2,
      "exp_vocab": 4,
      "exp": 3
    }
  },
  "correction": [],
  "info": {
    "essay_id": "ESSAY_34895",
    "essay_prompt": " 혐오 시설이란 지역 주민에게 공포감이나 고통을 주거나, 주변 지역의 쾌적성이 훼손됨으로써 집값이나 땅값이 내려가는 등 부정적인 외부효과를 유발하는 시설을 의미합니다.\n\n 대표적인 혐오 시설에는 쓰레기 매립장, 원자력발전소, 소각장, 유류저장소 등이 있습니다.\n\n 매립지, 소각장, 쓰레기 하치장 같은 혐오 시설은 그리 위험하지는 않지만, 쓰레기를 취급한다는 점에서 혐오감을 주며, 주변 환경오염 문제가 갈등을 일으킵니다. 특히 소각장은 인구밀도가 높은 대도시에 건설된다는 점에서 반대 운동이 일기도 합니다.\n\n 그런데 서로 반대만 하다 보면 입지를 찾지 못해 결국 모든 주민의 삶의 질이 저하될 수 있습니다.\n\n 정부 차원에서 가장 적절한 장소를 선별하여 건설 후 주변 사람들에게 혜택을 주는 방식이 적절한 방법일까요? 아니면 혐오 시설만을 모아둔 부지를 따로 정해서 건설해야 할까요? 아니면 모든 도시가 공평하게 혐오 시설 건설에 대한 부담을 지니고 하나씩 건설해야 할까요?\n\n 모두가 만족할만한 결과를 내기란 정말 어려운 문제이지만 여러분이 생각하는 가장 합리적이고 좋은 방법을 생각해보세요. 그리고 그 방법을 대안으로 제시하고 그 근거에 대해 작성해주세요.",
    "essay_type": "대안제시",
    "essay_level": "1",
    "essay_len": 847,
    "essay_main_subject": "혐오시설 건설문제에 대한 본인의 생각"
  }
}