{
  "paragraph": [
    {
      "paragraph_txt": "정부와 지방자치단체를 중심으로 한 저출산 대책에도 불구하고 코시스의 통계에 따르면 현재 우리나라 합계출산율은 0.8명에 불과하다.#@문장구분# 우리나라가 겪고 있는 심각한 저출산 상황은 여성의 양육부담 등 성 불평등 요인이 현실과 맞물려 나타난 결과라 할 수 있다.#@문장구분# 우리는 이러한 문제를 해결하기 위해 남녀갈등의 원인을 분석하고, 이에 해단 해결 방안을 제시하고자 한다.#@문장구분# 우선 남녀갈등의 요인은 사회적 요인과 환경적 요인으로 나누어 볼 수 있다.#@문장구분# 먼저 사회적 요인으로는 '여성가족부'나 '남성연대'와 같이 한 성별만의 이익만을 추구하여 젠더갈등을 일으키는 기관이 있다.#@문장구분# 또 각 성별의 강점과 약점을 충분히 고려하지 않고 성급하게 실시한 남녀평등제도 역시 사회적 요인이 될 수 있다.#@문장구분#두 번째 환경적인 요인으로는 성범죄자의 대부분이 남성이고 그 피해자가 여성으로 여성들이 안전을 보장받지 못하고 성범죄의 위험속에서 살며 남성에 대한 혐오가 발생하고 남존여비였던 우리나라의 유교적 관습이 아직 남아 여성을 억압하고 남성에 비해 적은 여성의 역할로 인한 불평등의 인식이 있다.#@문장구분# 이러한 남녀갈등의 해결방안 역시 사회적 요인과 환경적 요인으로 나누어 제시하고자 한다.#@문장구분# 먼저 남녀갈등의 사회적 요인의 개선방안으로서는 첫째로 여성가족부, 남성연대 등 성 불평등을 조장하는 기관을 폐지해야 한다고 생각한다.#@문장구분# 혹은 그 기관들을 완전히 개선하는 것도 나쁘지 않다.#@문장구분# 둘째 일간베스트, 메갈리아 등 서로의 성별을 혐오하고 젠더갈등을 심화시키는 사이트들을 법적으로 폐지한다.#@문장구분# 마지막으로 각성별의 차이를 고려해서 남녀평등제도를 실시한다.#@문장구분# 남녀갈등의 환경적 요인의 개선 방안으로서는 남녀평등교육을 실시하여 성별간의 이해와 조화를 추구하는 방법이 있다.#@문장구분# 그리고 두 번째로는 개인적으로 상대방을 존중하고 배려하며 이해하는 개인적 실천과 노력이 필요하다.#@문장구분# 또한 부정적인 사회분위기를 해소하고 부흥시켜서 사람들의 삶을 윤택하게 하여 마음의 여유가 생기게 함으로서 서로 간의 불신과 갈등을 해소한다.#@문장구분#\n   남녀갈등 해결의 기대효과로는 우선 남녀 간의 무거운 성 인식이 많이 바뀌어 남녀 간 서로 편하게 대하고 남자 여자 나누어서 그룹을 짓고 싸우는 일이 많이 줄어들 것이다.#@문장구분# 적당히 어느 정도 선을 지키며 화목하고 친하게 지내게 되어 보기 좋은 사회를 형성할 것이다.#@문장구분# 또한 앞서 말했듯이 남녀 간의 불편함이 많이 사라진다면 저출산 문제 해결에 기여하여 나라에 사회에 도움을 줄 수 있다.#@문장구분# 양성평등 사회를 만들기 위해서 우리는 남녀를 차별하는 법과 제도를 고치고 남녀가 서로를 이해하고 존중해 주어야 한다.#@문장구분# 집안일 분담과 양성평등에 대한 인식이 바뀌고 우리 모두가 사회에 소중한 사람이라고 생각해야 한다.#@문장구분#",
      "paragraph_len": 1717,
      "paragraph_id": "001"
    }
  ],
  "score": {
    "paragraph_score": [
      {
        "paragraph_scoreT": [
          3,
          3,
          3
        ],
        "paragraph_scoreT_detail": {
          "paragraph_scoreT_exp": [
            [
              3,
              3,
              3
            ],
            [
              3,
              3,
              3
            ],
            [
              3,
              3,
              3
            ]
          ]
        },
        "paragraph_scoreT_avg": 3,
        "paragraph_id": "001"
      }
    ],
    "essay_scoreT": [
      30,
      30,
      30
    ],
    "essay_scoreT_avg": 30,
    "essay_scoreT_detail": {
      "essay_scoreT_org": [
        [
          3,
          0,
          3,
          3
        ],
        [
          3,
          0,
          3,
          3
        ],
        [
          3,
          0,
          3,
          3
        ]
      ],
      "essay_scoreT_cont": [
        [
          3,
          3,
          3,
          3
        ],
        [
          3,
          3,
          3,
          3
        ],
        [
          3,
          3,
          3,
          3
        ]
      ],
      "essay_scoreT_exp": [
        [
          3,
          3,
          3
        ],
        [
          3,
          3,
          3
        ],
        [
          3,
          3,
          3
        ]
      ]
    }
  },
  "student": {
    "date": "2021.11.19",
    "student_educated": true,
    "student_grade": "고등_1학년",
    "location": "051",
    "student_grade_group": "고등",
    "student_reading": 2
  },
  "rubric": {
    "essay_grade": "고등_1학년",
    "organization_weight": {
      "org_paragraph": 0,
      "org": 3,
      "org_essay": 6,
      "org_coherence": 3,
      "org_quantity": 1
    },
    "essay_type": "대안제시",
    "content_weight": {
      "con_clearance": 3,
      "con_novelty": 3,
      "con": 4,
      "con_prompt": 1,
      "con_description": 3
    },
    "essay_main_subject": "남녀 갈등 해결 방안",
    "expression_weight": {
      "exp_style": 4,
      "exp_grammar": 2,
      "exp_vocab": 4,
      "exp": 3
    }
  },
  "correction": [],
  "info": {
    "essay_id": "ESSAY_48465",
    "essay_prompt": " 남녀 갈등은 최근 우리 사회에서 가장 뜨거운 이슈 중 하나입니다. 이러한 갈등은 아직 간극을 좁히지 못하고 현재 사회적인 문제로 자리 잡았습니다.\n\n 군 가산점 문제, 일자리 문제 등 여러 가지 비교 자료들을 토대로 토론을 하고 이를 통해 갈등을 해결하고자 하는 노력이 이루어지고 있습니다.\n\n 과거에는 성차별 심했던 시기가 있었습니다. 여자와 남자를 구별 지어 일을 주는 경우도 많았습니다. 하지만, 현재는 여자와 남자라는 성별을 떠나서 나이, 국적을 불문하고 모두에게 평등한 기회를 주기 위해 노력하고 있습니다.\n\n 이렇게 모두의 노력에도 불구하고 아직 해결되지 않았거나 해결될 기미가 보이지 않는 양성평등 문제가 있을까요?\n\n 아주 작은 사소한 일이라도 좋습니다. 여러분이 생각하는 우리 주변의 양성평등 문제를 하나 작성해보고 어떻게 해결할 수 있을지 혹은 무엇이 바뀌어야 해결될 것 같은지 본인의 생각을 설명해주세요. ",
    "essay_type": "대안제시",
    "essay_level": "1",
    "essay_len": 1318,
    "essay_main_subject": "남녀 갈등 해결 방안"
  }
}