{
  "paragraph": [
    {
      "paragraph_txt": "앞에 제시된 문제 상황을 해결하기 위한 첫 번째 대안으로는 쓰레기 매립지가 있는 곳을 미술관 같은 문화적 체험공간으로 만들어보았으면 좋겠다.#@문장구분# 실제로 어느 지역에서 기능은 쓰레기 소각,처리 소각장 같은 역할을 하지만 그 공간을 아티스트들과 디자이너들이 힘을 합쳐 꾸미기도했다.#@문장구분# 이렇게 하면 부정적인 외부효과를 유발하는 쓰레기 매립장을 매력적이고 주민들도 문화생활을 하며 즐길 수있다.#@문장구분#                  \n  둘째,원자력 발전소를 박물관으로 바꾸는 것이다.#@문장구분# 원자력 발전소는 혐오시설중 하나로 사람들이 기피하는 장소이지만 그곳에서 원자력이라던지 발전소의 원리,역사 등 이런것들을 소개하면 좋을 것 같다.#@문장구분# 원자력에관한 과학적 사실이나 원자력을 이용한 기술도 그것을 이용해 무엇을 할 수 있는지 설명해주는 역할도 한다.#@문장구분#주민들이 궁금증에 찾아오거나 아이들을 데리고 놀러나와서 혐오심이 줄어들 것 같다.#@문장구분#",
      "paragraph_len": 589,
      "paragraph_id": "001"
    },
    {
      "paragraph_txt": "  세 번째로는, 그 지역 주민들에게 돈으로 보상해주는 방법이다.#@문장구분# 어떻게 보면 이것이 가장 확실하고 깨끗한 것 같다.#@문장구분# 일단 그지역 주변에 쓰레기 매립장 들어서는 것 자체만으로도 집값이 내려간다거나 악취가 난다든가 많은 피해가 나온다.#@문장구분# 돈을 쥐어주면 사람들이 만족감을 느끼고 그 피해를 채우기 위해서 누군가는 저축을 하거나 각기 다른 방법으로 피해를 보상받으려고 할 것이다.#@문장구분# 돈으로 뭔가를 다 해결할 수는 없지만 그래도 최선의 해결책을 찾을 것이다.#@문장구분#아니면 자신들의 돈으로 단체를 만들거나 회원들을 모아서 환경 캠페인을 할 수도 있을 것 같다.#@문장구분#",
      "paragraph_len": 422,
      "paragraph_id": "002"
    }
  ],
  "score": {
    "paragraph_score": [
      {
        "paragraph_scoreT": [
          2.8,
          1.6,
          1.6
        ],
        "paragraph_scoreT_detail": {
          "paragraph_scoreT_exp": [
            [
              2,
              3,
              3
            ],
            [
              2,
              2,
              1
            ],
            [
              2,
              2,
              1
            ]
          ]
        },
        "paragraph_scoreT_avg": 2,
        "paragraph_id": "001"
      },
      {
        "paragraph_scoreT": [
          2.8,
          1.6,
          1.6
        ],
        "paragraph_scoreT_detail": {
          "paragraph_scoreT_exp": [
            [
              2,
              3,
              3
            ],
            [
              2,
              2,
              1
            ],
            [
              2,
              2,
              1
            ]
          ]
        },
        "paragraph_scoreT_avg": 2,
        "paragraph_id": "002"
      }
    ],
    "essay_scoreT": [
      26.1,
      13.9,
      15.4
    ],
    "essay_scoreT_avg": 18.466667,
    "essay_scoreT_detail": {
      "essay_scoreT_org": [
        [
          3,
          0,
          2,
          3
        ],
        [
          1,
          0,
          2,
          1
        ],
        [
          1,
          0,
          2,
          2
        ]
      ],
      "essay_scoreT_cont": [
        [
          3,
          2,
          3,
          2
        ],
        [
          2,
          1,
          1,
          1
        ],
        [
          2,
          1,
          1,
          2
        ]
      ],
      "essay_scoreT_exp": [
        [
          2,
          3,
          3
        ],
        [
          2,
          2,
          1
        ],
        [
          2,
          2,
          1
        ]
      ]
    }
  },
  "student": {
    "date": "2021.09.07",
    "student_educated": true,
    "student_grade": "고등_1학년",
    "location": "051",
    "student_grade_group": "고등",
    "student_reading": 1
  },
  "rubric": {
    "essay_grade": "고등_1학년",
    "organization_weight": {
      "org_paragraph": 0,
      "org": 3,
      "org_essay": 6,
      "org_coherence": 3,
      "org_quantity": 1
    },
    "essay_type": "대안제시",
    "content_weight": {
      "con_clearance": 3,
      "con_novelty": 3,
      "con": 4,
      "con_prompt": 1,
      "con_description": 3
    },
    "essay_main_subject": "혐오시설 건설문제에 대한 본인의 생각",
    "expression_weight": {
      "exp_style": 4,
      "exp_grammar": 2,
      "exp_vocab": 4,
      "exp": 3
    }
  },
  "correction": [],
  "info": {
    "essay_id": "ESSAY_34933",
    "essay_prompt": " 혐오 시설이란 지역 주민에게 공포감이나 고통을 주거나, 주변 지역의 쾌적성이 훼손됨으로써 집값이나 땅값이 내려가는 등 부정적인 외부효과를 유발하는 시설을 의미합니다.\n\n 대표적인 혐오 시설에는 쓰레기 매립장, 원자력발전소, 소각장, 유류저장소 등이 있습니다.\n\n 매립지, 소각장, 쓰레기 하치장 같은 혐오 시설은 그리 위험하지는 않지만, 쓰레기를 취급한다는 점에서 혐오감을 주며, 주변 환경오염 문제가 갈등을 일으킵니다. 특히 소각장은 인구밀도가 높은 대도시에 건설된다는 점에서 반대 운동이 일기도 합니다.\n\n 그런데 서로 반대만 하다 보면 입지를 찾지 못해 결국 모든 주민의 삶의 질이 저하될 수 있습니다.\n\n 정부 차원에서 가장 적절한 장소를 선별하여 건설 후 주변 사람들에게 혜택을 주는 방식이 적절한 방법일까요? 아니면 혐오 시설만을 모아둔 부지를 따로 정해서 건설해야 할까요? 아니면 모든 도시가 공평하게 혐오 시설 건설에 대한 부담을 지니고 하나씩 건설해야 할까요?\n\n 모두가 만족할만한 결과를 내기란 정말 어려운 문제이지만 여러분이 생각하는 가장 합리적이고 좋은 방법을 생각해보세요. 그리고 그 방법을 대안으로 제시하고 그 근거에 대해 작성해주세요.",
    "essay_type": "대안제시",
    "essay_level": "1",
    "essay_len": 753,
    "essay_main_subject": "혐오시설 건설문제에 대한 본인의 생각"
  }
}