{
  "paragraph": [
    {
      "paragraph_txt": "혐오시설에 대한 문제는 여러 사람들의 입장에 차이로 인해 벌어집니다.#@문장구분# 대표적인 혐오시설로는쓰레기 매립장 및 소각장, 원자력발전소, 소각장, 유류저장소, 교도소, 도살장, 고압변전소, 화장 장, 하수처리장, 축사 및 돈사, 양계장, 묘지, 납골당 등이 있습니다.#@문장구분# 정부 입장에서는 모든 주민들에게 꼭 필요한 시설이기 때문에 어딘가에는 지어야 하지만 주민들은 자기가 거주중인 지역에 혐오시설이 새로 생겼을 때에 나타날 수 있는 여러 손해들을 생각하면 이기주의적 태도를 보일 수 밖에 없는 것이 사실입니다.#@문장구분# 그렇다면 이러한 갈등은 어떻게 해결해야 하는 것일까 생각해 보겠습니다.#@문장구분# ",
      "paragraph_len": 400,
      "paragraph_id": "001"
    },
    {
      "paragraph_txt": " 우선 첫 번째 방법으로는 정부 차원에서 직접 공적으로 개입하여 보상하는 방법이 있습니다.#@문장구분#",
      "paragraph_len": 70,
      "paragraph_id": "002"
    },
    {
      "paragraph_txt": " 혐오시설들은 사회에 필수적으로 필요한 것인 경우가 대다수인데, 이에 대하여 정부가 직접 사회 전체적인 최선의 토지 이용을 위해 정부가 공간적으로 토지를 배치하는 공공계획을 디자인해서 적용하는 것입니다.#@문장구분# 이를 통해 정부적 차원에서 사전적인 조사와 계획을 통해 적용하는 방법인 만큼, 이로 인해 피해를 보는 사람들의 손해를 최소화 할 수 있을 것이고, 또한 정부에서 손해보는 지역 주민들을 위하여 그에 맞는 배상을 할 수 있을 것입니다.#@문장구분# 사전에 개별적인 토지입지의 준거를 세워 토지이용의 부작용을 최소화 하고 그로 인한 피해도 매꿀 수 있다는 점이 있지요.#@문장구분# 그러나 이는 정부에 능력에 따라 손해를 최소화할 수 도 없고 피해를 보상하기 힘들 수도 있으며 정부가 모든 책임을 짊어지어야 한다는 특징도 있습니다.#@문장구분# 두 번째 방법으로는 혐오시설에 문제점을 해결하고 지역주민들에게 해택이 돌아갈 수 있도록 하는 것입니다.#@문장구분# 우선 혐오시설이 혐오시설이라 불리게 된 이유로는 악취나 치안,환경오염과 같은 문제들 때문인데 악취를 제거하는데 비용을 들이고 환경오염을 극복할 수 있게 처리방안을 잘 마련하는 등에 방법이 있습니다.#@문장구분# 예를 들면 교도소같은 경우에는 주변 지역의 주민들의 치안이 문제가 되는 경우인데 이에 따라 주변에 경찰서를 늘리고 밝게 가로등을 설치하는 등의 방법으로 치안을 강화하고 주변 가계들에게 가해지는 규제를 완화해서 면회를 오는 사람들을 통해 지역경제에 이익을 주는 등에 해택까지 준다면 손해를 상쇄할 수 있을 것입니다.#@문장구분# 또 다른 예시로는 음식물쓰레기와 가축분뇨로 도시가스를 생산하여 각 가정에 보급함으로써 연료비를 크게 절감하게 되고 농촌관광의 활성화 등 여러가지의 이점을 창출하는 방법도 있습니다.#@문장구분#",
      "paragraph_len": 1000,
      "paragraph_id": "003"
    }
  ],
  "score": {
    "paragraph_score": [
      {
        "paragraph_scoreT": [
          3,
          3,
          3
        ],
        "paragraph_scoreT_detail": {
          "paragraph_scoreT_exp": [
            [
              3,
              3,
              3
            ],
            [
              3,
              3,
              3
            ],
            [
              3,
              3,
              3
            ]
          ]
        },
        "paragraph_scoreT_avg": 3,
        "paragraph_id": "001"
      },
      {
        "paragraph_scoreT": [
          3,
          3,
          3
        ],
        "paragraph_scoreT_detail": {
          "paragraph_scoreT_exp": [
            [
              3,
              3,
              3
            ],
            [
              3,
              3,
              3
            ],
            [
              3,
              3,
              3
            ]
          ]
        },
        "paragraph_scoreT_avg": 3,
        "paragraph_id": "002"
      },
      {
        "paragraph_scoreT": [
          3,
          3,
          3
        ],
        "paragraph_scoreT_detail": {
          "paragraph_scoreT_exp": [
            [
              3,
              3,
              3
            ],
            [
              3,
              3,
              3
            ],
            [
              3,
              3,
              3
            ]
          ]
        },
        "paragraph_scoreT_avg": 3,
        "paragraph_id": "003"
      }
    ],
    "essay_scoreT": [
      30,
      30,
      30
    ],
    "essay_scoreT_avg": 30,
    "essay_scoreT_detail": {
      "essay_scoreT_org": [
        [
          3,
          0,
          3,
          3
        ],
        [
          3,
          0,
          3,
          3
        ],
        [
          3,
          0,
          3,
          3
        ]
      ],
      "essay_scoreT_cont": [
        [
          3,
          3,
          3,
          3
        ],
        [
          3,
          3,
          3,
          3
        ],
        [
          3,
          3,
          3,
          3
        ]
      ],
      "essay_scoreT_exp": [
        [
          3,
          3,
          3
        ],
        [
          3,
          3,
          3
        ],
        [
          3,
          3,
          3
        ]
      ]
    }
  },
  "student": {
    "date": "2021.11.23",
    "student_educated": true,
    "student_grade": "고등_1학년",
    "location": "031",
    "student_grade_group": "고등",
    "student_reading": 3
  },
  "rubric": {
    "essay_grade": "고등_1학년",
    "organization_weight": {
      "org_paragraph": 0,
      "org": 3,
      "org_essay": 6,
      "org_coherence": 3,
      "org_quantity": 1
    },
    "essay_type": "대안제시",
    "content_weight": {
      "con_clearance": 3,
      "con_novelty": 3,
      "con": 4,
      "con_prompt": 1,
      "con_description": 3
    },
    "essay_main_subject": "혐오시설 건설문제에 대한 본인의 생각",
    "expression_weight": {
      "exp_style": 4,
      "exp_grammar": 2,
      "exp_vocab": 4,
      "exp": 3
    }
  },
  "correction": [],
  "info": {
    "essay_id": "ESSAY_51853",
    "essay_prompt": " 혐오 시설이란 지역 주민에게 공포감이나 고통을 주거나, 주변 지역의 쾌적성이 훼손됨으로써 집값이나 땅값이 내려가는 등 부정적인 외부효과를 유발하는 시설을 의미합니다.\n\n 대표적인 혐오 시설에는 쓰레기 매립장, 원자력발전소, 소각장, 유류저장소 등이 있습니다.\n\n 매립지, 소각장, 쓰레기 하치장 같은 혐오 시설은 그리 위험하지는 않지만, 쓰레기를 취급한다는 점에서 혐오감을 주며, 주변 환경오염 문제가 갈등을 일으킵니다. 특히 소각장은 인구밀도가 높은 대도시에 건설된다는 점에서 반대 운동이 일기도 합니다.\n\n 그런데 서로 반대만 하다 보면 입지를 찾지 못해 결국 모든 주민의 삶의 질이 저하될 수 있습니다.\n\n 정부 차원에서 가장 적절한 장소를 선별하여 건설 후 주변 사람들에게 혜택을 주는 방식이 적절한 방법일까요? 아니면 혐오 시설만을 모아둔 부지를 따로 정해서 건설해야 할까요? 아니면 모든 도시가 공평하게 혐오 시설 건설에 대한 부담을 지니고 하나씩 건설해야 할까요?\n\n 모두가 만족할만한 결과를 내기란 정말 어려운 문제이지만 여러분이 생각하는 가장 합리적이고 좋은 방법을 생각해보세요. 그리고 그 방법을 대안으로 제시하고 그 근거에 대해 작성해주세요.",
    "essay_type": "대안제시",
    "essay_level": "1",
    "essay_len": 1214,
    "essay_main_subject": "혐오시설 건설문제에 대한 본인의 생각"
  }
}