{
  "paragraph": [
    {
      "paragraph_txt": "최근 남녀갈등이 심화되고 있는 추세인데요, 최근 '페미니스트'라는 단어를 남성과 여성이 다르게 이해하고 또, 그것에 관련된 은어들을 만들어서 사용하여 문제가 된 사례가 있습니다.#@문장구분# 예를 들면 리그 오브 레전드라는 게임 내에서 실력이 동티어와 비교해 확연히 떨어지는 실력에 실력을 높이려고 노력하지 않고 버스만 타려 하는 여성 이용자를 뜻하는 은어로 '혜지'라는 단어가 있습니다.#@문장구분# 이런 사례들이 남녀 사이에 오해를 불러일으키고 더욱 서로를 혐오하고 비판하면서 심각한 사회문제로 거듭나고 있습니다.#@문장구분# 이러한 남녀갈등은 왜 발생하는 것일까요? #@문장구분#남녀갈등이 생기는 가장 큰 이유 중에 하나는 인터넷 커뮤니티입니다.#@문장구분# 인터넷의 많은 커뮤니티들이 남성 커뮤니티, 여성 커뮤니티로 성별에 따라 따로 운영이 되고 있습니다.#@문장구분# 그렇게 되면 각각의 커뮤니티에서 잘못된 정보 통계, 완전히 치우쳐있는 주장, 의견 등을 남성들은 남성끼리, 여성들은 여성끼리 소통하기 때문에 남녀갈등이 심화됩니다.#@문장구분# 또 남녀갈등의 원인하면 서로의 잘못된 인식이 빠질 수 없는데요.#@문장구분# 애초부터 유전적인 차이가 있고, 그 차이로 인해 남성과 여성으로 분류됩니다.#@문장구분# 실제로 호르몬에 의해 남성은 보다 힘이 강하고, 여자는 보다 오래 살죠.#@문장구분# 하지만 이러한 차이가 잘못된 인식으로 바뀌어 그 인식 때문에 \"남성이 여성보다 불리하다.\", \"여성이 남성보다 불리하다.\"의 싸움으로 번집니다.#@문장구분# 이렇게 잘못된 인식이 남녀갈등의 원인이 됩니다.#@문장구분# 그렇다면 이러한 문제들을 해결할 수 있는 방법은 무엇이 있을까요?#@문장구분# 먼저 인터넷 커뮤니티를 개선해야 합니다.#@문장구분# 남녀가 서로 따로 커뮤니티를 사용하고 그 속의 잘못된 정보통계, 그리고 완전히 쏠려있는 주장들 때문에 남녀갈등이 심화됩니다.#@문장구분# 그렇기 때문에 잘못된 내용들을 바로잡기 위해 그 커뮤니티내에서 자정작용이 필요하며, 그럼에도 해결되지 않는다면 법을 개선하여 해결해야 한다고 생각합니다.#@문장구분# 또한 남녀간의 잘못된 인식을 바꾸기 위해선 인식 개선교육이 필요하다고 생각합니다.#@문장구분# 어린 나이 때부터 이러한 교육을 받는 것은 실제로 효과가 있을 것이고, 이성간 서로를 존중하게 되는 교육을 받는다면 갈등이 생겼을 때 싸움으로 번지지 않고 서로 대화하며 타협하는 방식으로 해결 할 수 있을 것입니다.#@문장구분#\n   이렇게 하여 남녀갈등의 사례와 원인, 그리고 이런 원인을 해결하기 위한 방안들을 설명해 보았습니다.#@문장구분# 남녀갈등을 해결하려는 노력여부에 따라 이 사회에서 남성과 여성이 더욱 조화롭고 서로 협동하며 살아갈 수 있을 것으로 기대됩니다.#@문장구분# 이로써 남녀갈등이 겉잡을 수 없이 커지기 전에 빨리 해결되었으면 하는 바람입니다.#@문장구분#",
      "paragraph_len": 1692,
      "paragraph_id": "001"
    }
  ],
  "score": {
    "paragraph_score": [
      {
        "paragraph_scoreT": [
          3,
          3,
          3
        ],
        "paragraph_scoreT_detail": {
          "paragraph_scoreT_exp": [
            [
              3,
              3,
              3
            ],
            [
              3,
              3,
              3
            ],
            [
              3,
              3,
              3
            ]
          ]
        },
        "paragraph_scoreT_avg": 3,
        "paragraph_id": "001"
      }
    ],
    "essay_scoreT": [
      30,
      30,
      28.8
    ],
    "essay_scoreT_avg": 29.6,
    "essay_scoreT_detail": {
      "essay_scoreT_org": [
        [
          3,
          0,
          3,
          3
        ],
        [
          3,
          0,
          3,
          3
        ],
        [
          3,
          0,
          3,
          3
        ]
      ],
      "essay_scoreT_cont": [
        [
          3,
          3,
          3,
          3
        ],
        [
          3,
          3,
          3,
          3
        ],
        [
          3,
          2,
          3,
          3
        ]
      ],
      "essay_scoreT_exp": [
        [
          3,
          3,
          3
        ],
        [
          3,
          3,
          3
        ],
        [
          3,
          3,
          3
        ]
      ]
    }
  },
  "student": {
    "date": "2021.11.18",
    "student_educated": true,
    "student_grade": "고등_1학년",
    "location": "051",
    "student_grade_group": "고등",
    "student_reading": 2
  },
  "rubric": {
    "essay_grade": "고등_1학년",
    "organization_weight": {
      "org_paragraph": 0,
      "org": 3,
      "org_essay": 6,
      "org_coherence": 3,
      "org_quantity": 1
    },
    "essay_type": "대안제시",
    "content_weight": {
      "con_clearance": 3,
      "con_novelty": 3,
      "con": 4,
      "con_prompt": 1,
      "con_description": 3
    },
    "essay_main_subject": "남녀 갈등 해결 방안",
    "expression_weight": {
      "exp_style": 4,
      "exp_grammar": 2,
      "exp_vocab": 4,
      "exp": 3
    }
  },
  "correction": [],
  "info": {
    "essay_id": "ESSAY_48462",
    "essay_prompt": " 남녀 갈등은 최근 우리 사회에서 가장 뜨거운 이슈 중 하나입니다. 이러한 갈등은 아직 간극을 좁히지 못하고 현재 사회적인 문제로 자리 잡았습니다.\n\n 군 가산점 문제, 일자리 문제 등 여러 가지 비교 자료들을 토대로 토론을 하고 이를 통해 갈등을 해결하고자 하는 노력이 이루어지고 있습니다.\n\n 과거에는 성차별 심했던 시기가 있었습니다. 여자와 남자를 구별 지어 일을 주는 경우도 많았습니다. 하지만, 현재는 여자와 남자라는 성별을 떠나서 나이, 국적을 불문하고 모두에게 평등한 기회를 주기 위해 노력하고 있습니다.\n\n 이렇게 모두의 노력에도 불구하고 아직 해결되지 않았거나 해결될 기미가 보이지 않는 양성평등 문제가 있을까요?\n\n 아주 작은 사소한 일이라도 좋습니다. 여러분이 생각하는 우리 주변의 양성평등 문제를 하나 작성해보고 어떻게 해결할 수 있을지 혹은 무엇이 바뀌어야 해결될 것 같은지 본인의 생각을 설명해주세요. ",
    "essay_type": "대안제시",
    "essay_level": "1",
    "essay_len": 1272,
    "essay_main_subject": "남녀 갈등 해결 방안"
  }
}