{
  "paragraph": [
    {
      "paragraph_txt": "일단 혐오시설이란 지역 주민에게 공포감을 주거나 주변 지역의 쾌적성이 훼손됨으로써 집값이나 땅값이 내려가는 등 부정적인 외부효과를 유발하는 시설을 뜻하며 도살장, 화장장, 소각장등이 있다.#@문장구분# 혐오시설과 같은 의미인 신조어 님비 Not Im My Backyard등이 통용되기 시작했으며, 요즘엔 각종 사회병폐를 처리할 시설을 설치하려 할 때마다 지역주민들이 반발을 보이는 현상이다.#@문장구분# 그럼, 혐오시설 건설문제에 대한 나의 생각은 혐오시설은 사람들이 매우 싫어하는 시설임과 동시에 우리 삶에 필요한 시설임을 잊지 않았으면 좋겠다.#@문장구분# 특히 이런 부정적 사례 말고도 긍정적인 사례 또한 많이 보이는데, 제주도의 사례의 경우 본래에는 반대하였으나, 수 차례의 설득과 몇 십억의 배상으로 유치에 성공하였고 홍천 소매곡리는 하수처리장, 가축분뇨처리장 등 기피시설이 입지해 있어 악취피해, 지가하락으로 주민들이 떠나갔고 홍천에서도 가장 소외된 지역이자 에너지 고립지역이었으나, 기피시설의 부지를 활용한 친환경에너지타운 개발사업을 통해 음식물쓰레기와 가축분뇨로 도시가스를 생산하여 각 가정에 보급함으로써 연료비를 크게 절감하게 되고 농촌관광의 활성화 등 여러가지의 이점이 창출되었습니다.#@문장구분# 먼저 해결방안으로는 먼저 주민들과의 소통이 가장 중요하다.#@문장구분# 이러한 혐오시설들은 다른 공공시설 못지 않게 우리들의 생활에 필수적인 시설인데 물론 설치지역 주민들의 불이익을 해소 시켜 줄 수 있는 반대 급부가 있고, 왜 저 곳에 설치해야 하는지에 대한 정책적인 근거가 필요하다고 본다.#@문장구분# 또한 해당 지역 주민들이 만족할 수 있는 적절한 보상을 해야하며 설치 후에도 인력들을 보내 생활에 불이익이 없도록 시설을 잘 관리해야 하며, 공평부담기준을 만들어 전체적 차원에서 공평하게 분담하도록 해야한다.#@문장구분# 그리고 나는 그러한 것들을 모두 아우르는 정부와 해당 지역 주민사이에 양보와 타협이 이루어져야 한다고 생각한다.#@문장구분# 정부뿐만 아니라 주민들도 그러한 시설들의 필요성을 인식하고 타협이 없이 무조건반대만을 외치는 것은 아니라 생각하고, 시설의 설치에 대한 타협으로 세금감면, 일자리 제공등의 간접보상을 들 수 있다.#@문장구분# 이런 것들이 충분히 이루어지면 혐오시설을 그 지역의 경제를 죽이는 말 그대로의 嫌惡시설이 아닌 우리가 흔히 볼 수 있는 공공시설이 될 것이며 오히려 일자리가 창출 될 수 도 있는 등가능성은 많은 시설이며 그 지역의 가능성을 만들어 주는 것은 정부와 해당 지역의 주민이 적절하게 타협하며 정부의 대책이 중요하다고 생각한다.#@문장구분#",
      "paragraph_len": 1424,
      "paragraph_id": "001"
    }
  ],
  "score": {
    "paragraph_score": [
      {
        "paragraph_scoreT": [
          3,
          3,
          3
        ],
        "paragraph_scoreT_detail": {
          "paragraph_scoreT_exp": [
            [
              3,
              3,
              3
            ],
            [
              3,
              3,
              3
            ],
            [
              3,
              3,
              3
            ]
          ]
        },
        "paragraph_scoreT_avg": 3,
        "paragraph_id": "001"
      }
    ],
    "essay_scoreT": [
      30,
      30,
      30
    ],
    "essay_scoreT_avg": 30,
    "essay_scoreT_detail": {
      "essay_scoreT_org": [
        [
          3,
          0,
          3,
          3
        ],
        [
          3,
          0,
          3,
          3
        ],
        [
          3,
          0,
          3,
          3
        ]
      ],
      "essay_scoreT_cont": [
        [
          3,
          3,
          3,
          3
        ],
        [
          3,
          3,
          3,
          3
        ],
        [
          3,
          3,
          3,
          3
        ]
      ],
      "essay_scoreT_exp": [
        [
          3,
          3,
          3
        ],
        [
          3,
          3,
          3
        ],
        [
          3,
          3,
          3
        ]
      ]
    }
  },
  "student": {
    "date": "2021.10.23",
    "student_educated": true,
    "student_grade": "고등_1학년",
    "location": "063",
    "student_grade_group": "고등",
    "student_reading": 2
  },
  "rubric": {
    "essay_grade": "고등_1학년",
    "organization_weight": {
      "org_paragraph": 0,
      "org": 3,
      "org_essay": 6,
      "org_coherence": 3,
      "org_quantity": 1
    },
    "essay_type": "대안제시",
    "content_weight": {
      "con_clearance": 3,
      "con_novelty": 3,
      "con": 4,
      "con_prompt": 1,
      "con_description": 3
    },
    "essay_main_subject": "혐오시설 건설문제에 대한 본인의 생각",
    "expression_weight": {
      "exp_style": 4,
      "exp_grammar": 2,
      "exp_vocab": 4,
      "exp": 3
    }
  },
  "correction": [],
  "info": {
    "essay_id": "ESSAY_42632",
    "essay_prompt": " 혐오 시설이란 지역 주민에게 공포감이나 고통을 주거나, 주변 지역의 쾌적성이 훼손됨으로써 집값이나 땅값이 내려가는 등 부정적인 외부효과를 유발하는 시설을 의미합니다.\n\n 대표적인 혐오 시설에는 쓰레기 매립장, 원자력발전소, 소각장, 유류저장소 등이 있습니다.\n\n 매립지, 소각장, 쓰레기 하치장 같은 혐오 시설은 그리 위험하지는 않지만, 쓰레기를 취급한다는 점에서 혐오감을 주며, 주변 환경오염 문제가 갈등을 일으킵니다. 특히 소각장은 인구밀도가 높은 대도시에 건설된다는 점에서 반대 운동이 일기도 합니다.\n\n 그런데 서로 반대만 하다 보면 입지를 찾지 못해 결국 모든 주민의 삶의 질이 저하될 수 있습니다.\n\n 정부 차원에서 가장 적절한 장소를 선별하여 건설 후 주변 사람들에게 혜택을 주는 방식이 적절한 방법일까요? 아니면 혐오 시설만을 모아둔 부지를 따로 정해서 건설해야 할까요? 아니면 모든 도시가 공평하게 혐오 시설 건설에 대한 부담을 지니고 하나씩 건설해야 할까요?\n\n 모두가 만족할만한 결과를 내기란 정말 어려운 문제이지만 여러분이 생각하는 가장 합리적이고 좋은 방법을 생각해보세요. 그리고 그 방법을 대안으로 제시하고 그 근거에 대해 작성해주세요.",
    "essay_type": "대안제시",
    "essay_level": "1",
    "essay_len": 1224,
    "essay_main_subject": "혐오시설 건설문제에 대한 본인의 생각"
  }
}