{
  "paragraph": [
    {
      "paragraph_txt": "요즘 SNS를 하다 보면 어렵지 않게 남녀 혐오 발언을 볼 수 있다.#@문장구분# 또한 이러한 발언들로 인하여 남녀 사이간의 갈등이 점점 심해지는 것도 볼 수 있다.#@문장구분# 유명 유튜버 보겸 또한 그가 사용하는 인사말인 '보이루'를 여성 혐오 단어로 분류하여 자신을 욕하는 사람들 때문에 현재 억울함을 풀기 위하여 고소를 진행하고 있는 상황이다.#@문장구분# 이처럼 남녀 혐오 발언은 사회적인 문제뿐만 아니라 개인적인 문제를 일으키기도 한다.#@문장구분# 이렇게 계속된 남녀 혐오 발언은 사람들의 행복을 앗아간다.#@문장구분# 사람들이 행복하게 살기 위한 조건 중에는 인권을 존중 받고 차별 받지 않으며 살아 간다는 조건이 있다.#@문장구분# 하지만 남녀 혐오 발언은 이를 모두 충족하지 못한다.#@문장구분# 남녀 혐오 발언은 모든 사람들이 존중받아야하는 인권을 무시한 발언이고 또 남녀간의 사회적 능력의 차이를 이해하지 못하는 발언이다.#@문장구분# 놀란 점은 이러한 남녀 혐오 발언이 '재미'와 '장난'으로 정당화 되어서 사용되고 있다는 점이다.#@문장구분# 또한 대부분의 온라인 상의 혐오표현은 모호한 집단을 비하하는 표현으로 여겨져 모욕죄, 명예회손죄 등에 적용되지 않아서 처벌 되지 않았다는 점에서 놀랐다.#@문장구분# 이렇게 사회적으로 문제가 되는 혐오 발언 문제를 해결하기 위해서는 남녀 간의 차이점을 배우고 인지하여 차별하는 일이 없도록 미리 교육하여 방지해야한다고 생각이 된다.#@문장구분# 또한 기본적인 인권에 관한 교육을 실시하여 혐오 발언에 대한 예방을 해야한다고 생각이 되고, 만약 이러한 혐오 표현을 듣거나 사용하는걸 목격하게 되면 이런 혐오 표현이 왜 잘못되었는지를 알려주어야 한다고 생각이 된다.#@문장구분# 또 남자와 여자 사이에는 육체적인 차이가 분명히 존재 한다는 점을 인지하지만 인권이나 사회적 능력에는 차이가 없음을 인지하고 이해해야한다.#@문장구분# 하지만 육체적 차이에서 나오는 성격의 차이나 활동 부분에는 차이를 인정하고 이해하려고 하는 태도가 필요하다고 생각이 되어진다.#@문장구분#",
      "paragraph_len": 1208,
      "paragraph_id": "001"
    }
  ],
  "score": {
    "paragraph_score": [
      {
        "paragraph_scoreT": [
          3,
          3,
          3
        ],
        "paragraph_scoreT_detail": {
          "paragraph_scoreT_exp": [
            [
              3,
              3,
              3
            ],
            [
              3,
              3,
              3
            ],
            [
              3,
              3,
              3
            ]
          ]
        },
        "paragraph_scoreT_avg": 3,
        "paragraph_id": "001"
      }
    ],
    "essay_scoreT": [
      29.7,
      28.8,
      30
    ],
    "essay_scoreT_avg": 29.5,
    "essay_scoreT_detail": {
      "essay_scoreT_org": [
        [
          3,
          0,
          3,
          2
        ],
        [
          3,
          0,
          3,
          3
        ],
        [
          3,
          0,
          3,
          3
        ]
      ],
      "essay_scoreT_cont": [
        [
          3,
          3,
          3,
          3
        ],
        [
          3,
          2,
          3,
          3
        ],
        [
          3,
          3,
          3,
          3
        ]
      ],
      "essay_scoreT_exp": [
        [
          3,
          3,
          3
        ],
        [
          3,
          3,
          3
        ],
        [
          3,
          3,
          3
        ]
      ]
    }
  },
  "student": {
    "date": "2021.10.24",
    "student_educated": true,
    "student_grade": "고등_1학년",
    "location": "063",
    "student_grade_group": "고등",
    "student_reading": 1
  },
  "rubric": {
    "essay_grade": "고등_1학년",
    "organization_weight": {
      "org_paragraph": 0,
      "org": 3,
      "org_essay": 6,
      "org_coherence": 3,
      "org_quantity": 1
    },
    "essay_type": "대안제시",
    "content_weight": {
      "con_clearance": 3,
      "con_novelty": 3,
      "con": 4,
      "con_prompt": 1,
      "con_description": 3
    },
    "essay_main_subject": "남녀 갈등 해결 방안",
    "expression_weight": {
      "exp_style": 4,
      "exp_grammar": 2,
      "exp_vocab": 4,
      "exp": 3
    }
  },
  "correction": [],
  "info": {
    "essay_id": "ESSAY_43944",
    "essay_prompt": " 남녀 갈등은 최근 우리 사회에서 가장 뜨거운 이슈 중 하나입니다. 이러한 갈등은 아직 간극을 좁히지 못하고 현재 사회적인 문제로 자리 잡았습니다.\n\n 군 가산점 문제, 일자리 문제 등 여러 가지 비교 자료들을 토대로 토론을 하고 이를 통해 갈등을 해결하고자 하는 노력이 이루어지고 있습니다.\n\n 과거에는 성차별 심했던 시기가 있었습니다. 여자와 남자를 구별 지어 일을 주는 경우도 많았습니다. 하지만, 현재는 여자와 남자라는 성별을 떠나서 나이, 국적을 불문하고 모두에게 평등한 기회를 주기 위해 노력하고 있습니다.\n\n 이렇게 모두의 노력에도 불구하고 아직 해결되지 않았거나 해결될 기미가 보이지 않는 양성평등 문제가 있을까요?\n\n 아주 작은 사소한 일이라도 좋습니다. 여러분이 생각하는 우리 주변의 양성평등 문제를 하나 작성해보고 어떻게 해결할 수 있을지 혹은 무엇이 바뀌어야 해결될 것 같은지 본인의 생각을 설명해주세요. ",
    "essay_type": "대안제시",
    "essay_level": "1",
    "essay_len": 928,
    "essay_main_subject": "남녀 갈등 해결 방안"
  }
}