{
  "paragraph": [
    {
      "paragraph_txt": "혐오시설은 주민들에게 말 그대로 혐오스러운 불편한 시설들을 일컬어 말한다.#@문장구분#보통 매립지, 소각장, 교도소, 공장, 군부대, 하수처리장, 원자력 발전소 등등 있다.#@문장구분# 개인적으로 매립지나 다른데는 어떻게든 버틴다고는 하는데 교도소는 진짜 힘들 것 같다.#@문장구분# 왜냐하면 범죄자들이 같은 동네에 있고 언제든 나오는 곳이니까 확실히 동네가 좀 무서워 질 것 같다.#@문장구분# 다른 혐오 그리고 위험시설들도 많이있지만 교도소라는 자체는 특히나 더 그렇게 느껴진다.#@문장구분# 그렇다고 그들이 우리에게 어떠한 피해를 주는 건 아니지만 불편함이 느껴지는건 사실이다.#@문장구분# 그리고 무엇보다 무슨범죄를 했는지 모른다는 것이다.#@문장구분# 하지만 교도소는 있다면 좋은점은 그 동네 주민들은 재소자들에게 피해를 받은 적은 없다.#@문장구분# 교도소가 근처에 있어 치안이 좋아지고 면회객들이 물건을 사 경제가 활발해진다.#@문장구분# 다른 곳 들도 대의를 위해서면 좋지만 살면 지옥이 따로없다.#@문장구분# 만약 주민들이 반대를 해도 취소하게 하는건 힘든 일이다.#@문장구분# 만약에 이렇게 가정하면 내가 사는 동네에 매립지, 소각장, 하수처리장, 원자력 발전소를 이중 하나라도 설치한다고 하면 보통 반대를 할거다.#@문장구분# 당연한 거다.#@문장구분# 하지만 시에서 그렇다고 쉽게 취소를 하거나 그러지는 않을 것이다.#@문장구분# 어떤 시설들이 새로 생길경우에는 주민들의 동의를 얻고 설립이 되는게 기본이기는 하나 보통의 시설들이라면 그래도 주민들의 동의가 호의적이기는 할 것 같으나 혐오시설 같은 경우에는 하나 둘 너도 나도 반대의 의견들이 많을 것이다.#@문장구분# 그로 인해 부딪히는 경우또한 많을것이라 생각된다.#@문장구분# 그러다보니 지자체나 이를 주최하는 기관에서는 마을의 주민들과의 타협점을 찾아서 혐오시설에 대한 부정적인 인식을 개선해주고 그에 합당한 물질적인 보상또한 반드시 필요하다고 생각된다.#@문장구분# 그리고 이와 같이 혐오시설이 들어올 경우 발생되어지는 긍적적인 사례등도 주민들에게 보여줄 필요도 있다고 생각한다.#@문장구분# 가장 우선이 되는건 무조건적인 혐오시설을 반대하는 경우보다는 혐오시설이 생겨서 이득이 되는 경우도 함께 생각해보았으면 좋겠다.#@문장구분#",
      "paragraph_len": 1373,
      "paragraph_id": "001"
    }
  ],
  "score": {
    "paragraph_score": [
      {
        "paragraph_scoreT": [
          3,
          3,
          3
        ],
        "paragraph_scoreT_detail": {
          "paragraph_scoreT_exp": [
            [
              3,
              3,
              3
            ],
            [
              3,
              3,
              3
            ],
            [
              3,
              3,
              3
            ]
          ]
        },
        "paragraph_scoreT_avg": 3,
        "paragraph_id": "001"
      }
    ],
    "essay_scoreT": [
      25.099998,
      28.8,
      30
    ],
    "essay_scoreT_avg": 27.966665,
    "essay_scoreT_detail": {
      "essay_scoreT_org": [
        [
          2,
          0,
          3,
          2
        ],
        [
          3,
          0,
          3,
          3
        ],
        [
          3,
          0,
          3,
          3
        ]
      ],
      "essay_scoreT_cont": [
        [
          3,
          2,
          2,
          2
        ],
        [
          3,
          2,
          3,
          3
        ],
        [
          3,
          3,
          3,
          3
        ]
      ],
      "essay_scoreT_exp": [
        [
          3,
          3,
          3
        ],
        [
          3,
          3,
          3
        ],
        [
          3,
          3,
          3
        ]
      ]
    }
  },
  "student": {
    "date": "2021.11.22",
    "student_educated": true,
    "student_grade": "고등_1학년",
    "location": "063",
    "student_grade_group": "고등",
    "student_reading": 1
  },
  "rubric": {
    "essay_grade": "고등_1학년",
    "organization_weight": {
      "org_paragraph": 0,
      "org": 3,
      "org_essay": 6,
      "org_coherence": 3,
      "org_quantity": 1
    },
    "essay_type": "대안제시",
    "content_weight": {
      "con_clearance": 3,
      "con_novelty": 3,
      "con": 4,
      "con_prompt": 1,
      "con_description": 3
    },
    "essay_main_subject": "혐오시설 건설문제에 대한 본인의 생각",
    "expression_weight": {
      "exp_style": 4,
      "exp_grammar": 2,
      "exp_vocab": 4,
      "exp": 3
    }
  },
  "correction": [],
  "info": {
    "essay_id": "ESSAY_48469",
    "essay_prompt": " 혐오 시설이란 지역 주민에게 공포감이나 고통을 주거나, 주변 지역의 쾌적성이 훼손됨으로써 집값이나 땅값이 내려가는 등 부정적인 외부효과를 유발하는 시설을 의미합니다.\n\n 대표적인 혐오 시설에는 쓰레기 매립장, 원자력발전소, 소각장, 유류저장소 등이 있습니다.\n\n 매립지, 소각장, 쓰레기 하치장 같은 혐오 시설은 그리 위험하지는 않지만, 쓰레기를 취급한다는 점에서 혐오감을 주며, 주변 환경오염 문제가 갈등을 일으킵니다. 특히 소각장은 인구밀도가 높은 대도시에 건설된다는 점에서 반대 운동이 일기도 합니다.\n\n 그런데 서로 반대만 하다 보면 입지를 찾지 못해 결국 모든 주민의 삶의 질이 저하될 수 있습니다.\n\n 정부 차원에서 가장 적절한 장소를 선별하여 건설 후 주변 사람들에게 혜택을 주는 방식이 적절한 방법일까요? 아니면 혐오 시설만을 모아둔 부지를 따로 정해서 건설해야 할까요? 아니면 모든 도시가 공평하게 혐오 시설 건설에 대한 부담을 지니고 하나씩 건설해야 할까요?\n\n 모두가 만족할만한 결과를 내기란 정말 어려운 문제이지만 여러분이 생각하는 가장 합리적이고 좋은 방법을 생각해보세요. 그리고 그 방법을 대안으로 제시하고 그 근거에 대해 작성해주세요.",
    "essay_type": "대안제시",
    "essay_level": "1",
    "essay_len": 994,
    "essay_main_subject": "혐오시설 건설문제에 대한 본인의 생각"
  }
}