{
  "paragraph": [
    {
      "paragraph_txt": "요즘 남녀 간의 갈등이 극에 달해가는 가운데 남녀의 갈등을 조장하는 것은 정부라고 생각한다.#@문장구분# 사회에서는 성별, 나이가 중요한 것이 아니라 자격, 실력 등을 중요시하여 각자가 책임질 수 있는 직무를 맡아야 한다고 생각한다.#@문장구분# 하지만 정부는 여성할당제, 청년할당제 등을 실시하여 보여주기식 할당제로 억지로 끼워 맞추고 있다.#@문장구분# 현재 국정원에서는 여성 채용을 확대하고 여성 직원들을 대거 승진시켜 여성 간부 비율을 2017년에 비해 4배나 늘렸다.#@문장구분# 능력과 업적을 따지지 않고 승진만 시킨 것이기 때문에 남성들은 박탈감을 느껴 부당하다고 느낄 수밖에 없게 되고, 이로 인해 남녀 간의 갈등이 심화되는 것이다.#@문장구분# 정부 말고도 넷상에서도 남녀 갈등을 유발하는 행위가 발생하는데, 대표적으로 유튜버 보겸의 사례가 있다.#@문장구분# 보겸은 자신의 이름의 앞글자인 '보' 와 인사를 할 때 쓰는 말인 '하이루'를 합쳐 '보이루' 라는 유행어를 만들었는데, 윤지선 교수는 자신의 논문에 '보이루' 는 여성을 비하하는 목적으로 만들어진 여성 혐오적 표현이라는 내용을 작성하여 유튜버 보겸을 여성 혐오자로 낙인찍었다.#@문장구분# 또한, 그 논문에서는 대한민국 남성을 한남이라는 단어로, 대한민국 남자아이는 이라는 단어로 칭하는 내용을 담았다.#@문장구분# 이로 인해 유튜버 보겸은 남성을 혐오하는 극단적 페미니스트들에게 엄청난 악플과 비하를 받고, 뉴스에는 여성 혐오자로 보도되어 더 이상 활동을 할 수 없을 정도의 수준에 이르렀다.#@문장구분# 이처럼 남성과 여성은 본디 혐오하는 존재가 아니었지만 일부 사람들은 상대방을 혐오한다는 프레임을 씌워 남성과 여성의 갈등을 유발하고 있다.#@문장구분# 이러한 현상을 보아 나는 여성우대정책을 폐지하고 동등한 위치에서 시작할 수 있는 배경을 만들어야 한다고 생각한다.#@문장구분# 이렇게 한다면 남성과 여성의 출발지점이 같아 다소 갈등이 줄어들 것이다.#@문장구분# 그리고 남녀 간에 차이가 존재함을 인식하는 것도 중요하다고 생각한다.#@문장구분# 남녀의 차이에 의한 생물학적 차이로 인해 각 분야에서의 능력의 차이가 발생하고, 임금의 차이가 발생하는 것이다.#@문장구분#  그렇기에 남성과 여성 각각 적절한 직업이 있는 것이고, 이러한 생물학적 차이를 이해하지 않고 능력과 임금의 차이를 부당한 성차별이라고 주장하고 억지로 성비를 1:1로 맞추는 할당제는 옳지 않다고 본다.#@문장구분# 서로의 차이를 인정하고 부당한 절차나 혜택으로 이득을 누리지 않는 사회가 형성된다면, 자연스레 남녀 간의 갈등도 조금은 해소될 수 있다고 본다.#@문장구분#",
      "paragraph_len": 1525,
      "paragraph_id": "001"
    }
  ],
  "score": {
    "paragraph_score": [
      {
        "paragraph_scoreT": [
          3,
          3,
          3
        ],
        "paragraph_scoreT_detail": {
          "paragraph_scoreT_exp": [
            [
              3,
              3,
              3
            ],
            [
              3,
              3,
              3
            ],
            [
              3,
              3,
              3
            ]
          ]
        },
        "paragraph_scoreT_avg": 3,
        "paragraph_id": "001"
      }
    ],
    "essay_scoreT": [
      30,
      28.8,
      30
    ],
    "essay_scoreT_avg": 29.6,
    "essay_scoreT_detail": {
      "essay_scoreT_org": [
        [
          3,
          0,
          3,
          3
        ],
        [
          3,
          0,
          3,
          3
        ],
        [
          3,
          0,
          3,
          3
        ]
      ],
      "essay_scoreT_cont": [
        [
          3,
          3,
          3,
          3
        ],
        [
          3,
          2,
          3,
          3
        ],
        [
          3,
          3,
          3,
          3
        ]
      ],
      "essay_scoreT_exp": [
        [
          3,
          3,
          3
        ],
        [
          3,
          3,
          3
        ],
        [
          3,
          3,
          3
        ]
      ]
    }
  },
  "student": {
    "date": "2021.10.22",
    "student_educated": true,
    "student_grade": "고등_1학년",
    "location": "063",
    "student_grade_group": "고등",
    "student_reading": 2
  },
  "rubric": {
    "essay_grade": "고등_1학년",
    "organization_weight": {
      "org_paragraph": 0,
      "org": 3,
      "org_essay": 6,
      "org_coherence": 3,
      "org_quantity": 1
    },
    "essay_type": "대안제시",
    "content_weight": {
      "con_clearance": 3,
      "con_novelty": 3,
      "con": 4,
      "con_prompt": 1,
      "con_description": 3
    },
    "essay_main_subject": "남녀 갈등 해결 방안",
    "expression_weight": {
      "exp_style": 4,
      "exp_grammar": 2,
      "exp_vocab": 4,
      "exp": 3
    }
  },
  "correction": [],
  "info": {
    "essay_id": "ESSAY_43952",
    "essay_prompt": " 남녀 갈등은 최근 우리 사회에서 가장 뜨거운 이슈 중 하나입니다. 이러한 갈등은 아직 간극을 좁히지 못하고 현재 사회적인 문제로 자리 잡았습니다.\n\n 군 가산점 문제, 일자리 문제 등 여러 가지 비교 자료들을 토대로 토론을 하고 이를 통해 갈등을 해결하고자 하는 노력이 이루어지고 있습니다.\n\n 과거에는 성차별 심했던 시기가 있었습니다. 여자와 남자를 구별 지어 일을 주는 경우도 많았습니다. 하지만, 현재는 여자와 남자라는 성별을 떠나서 나이, 국적을 불문하고 모두에게 평등한 기회를 주기 위해 노력하고 있습니다.\n\n 이렇게 모두의 노력에도 불구하고 아직 해결되지 않았거나 해결될 기미가 보이지 않는 양성평등 문제가 있을까요?\n\n 아주 작은 사소한 일이라도 좋습니다. 여러분이 생각하는 우리 주변의 양성평등 문제를 하나 작성해보고 어떻게 해결할 수 있을지 혹은 무엇이 바뀌어야 해결될 것 같은지 본인의 생각을 설명해주세요. ",
    "essay_type": "대안제시",
    "essay_level": "1",
    "essay_len": 1196,
    "essay_main_subject": "남녀 갈등 해결 방안"
  }
}