{
  "paragraph": [
    {
      "paragraph_txt": "최근에 혐오시설 설치에 대한 논란 중에 특수학교에 관한 내용을 본적이 있다.#@문장구분# 학부모들이 무릎을 꿇으며 애원하는 것이 안타까웠지만 한편댓글창의 의견들이 너무 찬성 한편에 치중되어 있자 나는 반대 입장에서 한번 생각해보게 되었다.#@문장구분# 특수학교를 혐오시설 으로 규정하는 것이 옳지 않다고 생각할 수 있지만 특수학교 또한 그 지역주민들에게 땅값이 떨어지는 등 의 피해를 주므로 혐오시설로 규정 될 수 있다.#@문장구분# 이처럼 혐오시설 설치에 관해서는 공익을 위함과 반대 측의 불편이 공존 하므로 님비현상이 일어날 수 밖에 없다고 생각 한다.#@문장구분# 그럼으로 정부, 설치 찬성 측과 지역주민, 설치 반대 측이 의견이 잘 타협되어야 한다.#@문장구분# 그러므로 반대 측이 반대시위를 하며 본인들의 이익을 챙기는 것은 필연적인 일이다.#@문장구분# 그럼으로 정부 측은 이들에게 최대한의 혜택을 주어야 한다고 생각한다.#@문장구분# 예를 들어 함평원전 같은 경우는 그 주변의 주민들에게 전기세를 면제해주는 혜택을 준다고 한다.#@문장구분# 쓰레기 처리장 주변에서도 쓰레기 처리 비용을 감면해 주는 등 최선의 혜택을 주면 님비, 혐오시설이 핌비, 선호시설이 될 수 도 있다고 생각한다.#@문장구분#  하지만 이러한 혜택을 준다고 선호시설이 되는 경우는 드물다.#@문장구분# 혜택을 준다 해서 혐오시설이 주는 피해요인은 극복하기 어려운 것이 사실이다.#@문장구분# 이러한 점을 봤을 때 먼저 혐오시설 설치에 대한 선정방식을 만드는 것이 좋겠다고 생각한다.#@문장구분#  땅값이 높은 대도시 같은 지역을 주 선정 대상으로 하는 방식은 너무 공평하지 않다고 생각하기 때문에 모든 지역이 공평하게 선정하고 가야 한다고 생각한다.#@문장구분# 먼저 대도시에서 많은 쓰레기가 발생하는 것은 사실이므로 그 지역 내에서 결정하는 것이 옳다.#@문장구분# 그러나 만약 쓰레기 처리장 설치를 원하는 지역이 있는지 먼저 조사해야 한다.#@문장구분# 남원시 같은 경우 교정시설 유치로 지역경제를 살리면서 교도소를 혐오시설에서 선호시설로, 님비에서 핌비로 바꾼 사례가 있으며 지역주민 70%가 교도시설 유치를 추진하고 있다고 한다.#@문장구분#  또한 쓰레기 처리 시설 같은 시설 설치가 일자리 창출을 이끌어 내기도 한다고 한다.#@문장구분# 두 번째로 시설 유치를 원하는 지역 조사 후 만약 결정되지 않는다면 두 번째로 정부에서 님비시설 설치 시 혜택을 먼저 제시 후 제안해야 한다.#@문장구분# 정부와 지역주민들의 갈등이 일어나는 이유 중 설치 시 보상을 모호하게 선정하여 갈등이 일어나는 경우도 있고 만약 혜택과 보상에 만족한 어떤 지역이 시설설치를 추진할 수도 있기 때문이다.#@문장구분# 마지막으로 이러한 과정 에도 선정지역이 없을 시 제비뽑기로 정하는 것이 옳다고 생각한다.#@문장구분# 이런 중요한 사항을 제비뽑기로 정하는가 할 수도 있지만 대부분의 사람들이 인정할 수 있고 이 사항을 수용할 수 있게 하는 방법은 지역 내 설치 가능한 모든 구역을 동일 선상에 두고 제비뽑기를 해야 한다고 생각한다.#@문장구분#",
      "paragraph_len": 1792,
      "paragraph_id": "001"
    }
  ],
  "score": {
    "paragraph_score": [
      {
        "paragraph_scoreT": [
          3,
          3,
          3
        ],
        "paragraph_scoreT_detail": {
          "paragraph_scoreT_exp": [
            [
              3,
              3,
              3
            ],
            [
              3,
              3,
              3
            ],
            [
              3,
              3,
              3
            ]
          ]
        },
        "paragraph_scoreT_avg": 3,
        "paragraph_id": "001"
      }
    ],
    "essay_scoreT": [
      30,
      30,
      30
    ],
    "essay_scoreT_avg": 30,
    "essay_scoreT_detail": {
      "essay_scoreT_org": [
        [
          3,
          0,
          3,
          3
        ],
        [
          3,
          0,
          3,
          3
        ],
        [
          3,
          0,
          3,
          3
        ]
      ],
      "essay_scoreT_cont": [
        [
          3,
          3,
          3,
          3
        ],
        [
          3,
          3,
          3,
          3
        ],
        [
          3,
          3,
          3,
          3
        ]
      ],
      "essay_scoreT_exp": [
        [
          3,
          3,
          3
        ],
        [
          3,
          3,
          3
        ],
        [
          3,
          3,
          3
        ]
      ]
    }
  },
  "student": {
    "date": "2021.10.24",
    "student_educated": true,
    "student_grade": "고등_1학년",
    "location": "063",
    "student_grade_group": "고등",
    "student_reading": 2
  },
  "rubric": {
    "essay_grade": "고등_1학년",
    "organization_weight": {
      "org_paragraph": 0,
      "org": 3,
      "org_essay": 6,
      "org_coherence": 3,
      "org_quantity": 1
    },
    "essay_type": "대안제시",
    "content_weight": {
      "con_clearance": 3,
      "con_novelty": 3,
      "con": 4,
      "con_prompt": 1,
      "con_description": 3
    },
    "essay_main_subject": "혐오시설 건설문제에 대한 본인의 생각",
    "expression_weight": {
      "exp_style": 4,
      "exp_grammar": 2,
      "exp_vocab": 4,
      "exp": 3
    }
  },
  "correction": [],
  "info": {
    "essay_id": "ESSAY_42635",
    "essay_prompt": " 혐오 시설이란 지역 주민에게 공포감이나 고통을 주거나, 주변 지역의 쾌적성이 훼손됨으로써 집값이나 땅값이 내려가는 등 부정적인 외부효과를 유발하는 시설을 의미합니다.\n\n 대표적인 혐오 시설에는 쓰레기 매립장, 원자력발전소, 소각장, 유류저장소 등이 있습니다.\n\n 매립지, 소각장, 쓰레기 하치장 같은 혐오 시설은 그리 위험하지는 않지만, 쓰레기를 취급한다는 점에서 혐오감을 주며, 주변 환경오염 문제가 갈등을 일으킵니다. 특히 소각장은 인구밀도가 높은 대도시에 건설된다는 점에서 반대 운동이 일기도 합니다.\n\n 그런데 서로 반대만 하다 보면 입지를 찾지 못해 결국 모든 주민의 삶의 질이 저하될 수 있습니다.\n\n 정부 차원에서 가장 적절한 장소를 선별하여 건설 후 주변 사람들에게 혜택을 주는 방식이 적절한 방법일까요? 아니면 혐오 시설만을 모아둔 부지를 따로 정해서 건설해야 할까요? 아니면 모든 도시가 공평하게 혐오 시설 건설에 대한 부담을 지니고 하나씩 건설해야 할까요?\n\n 모두가 만족할만한 결과를 내기란 정말 어려운 문제이지만 여러분이 생각하는 가장 합리적이고 좋은 방법을 생각해보세요. 그리고 그 방법을 대안으로 제시하고 그 근거에 대해 작성해주세요.",
    "essay_type": "대안제시",
    "essay_level": "1",
    "essay_len": 1372,
    "essay_main_subject": "혐오시설 건설문제에 대한 본인의 생각"
  }
}