{
  "paragraph": [
    {
      "paragraph_txt": "혐오시설이란 지역 주민에게 공포감이나 고통을 주거나 주변 지역의 쾌적성이 훼손됨으로써 집값이나 땅값이 내려가는 등의 부정적인 외부효과를 유발하는 시설을 의미한다.#@문장구분# 대표적인 혐오시설에는 쓰레기 매립장, 원자력 발전소, 소각장, 유류저장소 등이 있다.#@문장구분# 혐오시설은 사람이 살아가기 위하여 꼭 필요하기에 존재해야 하지만 위치하는 지역에서는 그것을 매우 싫어한다.#@문장구분# 그래서 혐오시설 건설에 대한 구체적인 문제점과 그에 대한 해결 방안을 알아보고자 한다.#@문장구분# 혐오시설의 문제점은 부동산의 하락세와 오염물 처리 비용발생 등이 있다.#@문장구분# 사람들은 자신이 사는 동네에 혐오시설이 들어오는 것을 당연히 꺼려 하기 때문에 그 지역의 부동산은 허락한다.#@문장구분# 그리고 혐오시설로 인한 2차피해가 있을수 있다.#@문장구분# 예를 들어, 공장에서 흘러나오는 폐수와 다른 시설들의 소음 등을 수습하기 위해서 또 많은 비용이 든다.#@문장구분# 또한 혐오시설의 문제는 주민들의 안전에 대한 불안함도 있다.#@문장구분#혐오시설 중 발전소, 구치소, 쓰레기 매립장 등 돌발 상황이 발생할 수 있는 시설들과 위생적으로 좋지않은 시설들도 있다.#@문장구분# 예를 들어 마포구 당안리 화력발전소 폭발 사건은 다행히 30여분만에 화재를 진압했지만 주민들은 불안감에 떨기도 했다.#@문장구분# 이와 같은 문제를 해결하기 위해 두가지 해결책을 제시한다.#@문장구분# 첫 번째 해결책으로는 주민들에게 주는 경제적 피해를 줄이기 위해 정부가 인센티브를 지급해야 한다.#@문장구분# 혐오시설이 건설되는 지역과 그 인근 지역까지 부동산 가격이 하락하기 때문이다.#@문장구분# 또한 공포감, 혐오감 같은 정신적으로도 피해를 받을 수 있기 때문에 이도 고려하여, 보상해야한다.#@문장구분# 인센티브 지급을 통해 피해를 보상한다면 혐오 시설 건설 논의가 수월해질 것이다.#@문장구분# 두 번째 해결책으로는 주민 피해 기금을 조성하여 지역에 공공시설을 건설하고 주민 숙원 사업을 추진한다.#@문장구분# 이에 대한 예로 천시의 추모공원 추진사례와 원지동 추모공원 사례가 있는데, 두 사례 모두 주민들을 대상으로 보상에 대한 설문조사를 한 결과, 주민 숙원 사업 추진 및 친환경 시설 건립 문항을 42.2%가 넘는 사람이 선택했고 그 뒤를 따라 적절한 경제보상이 19.2%로 뒤 이었다.#@문장구분# 이 사례들을 통하여 주민들은 지역의 발전을 중시한다는 것을 알 수 있다.#@문장구분# 주민 피해 기금을 조성하여 공공시설 및 주민 숙원 사업을 추진하면 혐오 시설 건설 지역이 발전할 뿐만 아니라 우리 전체 사회에도 이익을 줄 것이다.#@문장구분# 혐오시설은 사람이 살아가기 위해 반스시 필요하므로 그 지역의 주민이 싫어하더라도 불가피하게 위치하게 된다.#@문장구분# 하지만 혐오시설의 문제점을 분석하고 정부의 인센티브 지급이나 주민들의 피해 기금조성 등의 해결 방안을 통해 혐오시설 건설 문제를 해결했으면 하는 바람이다.#@문장구분#",
      "paragraph_len": 1759,
      "paragraph_id": "001"
    }
  ],
  "score": {
    "paragraph_score": [
      {
        "paragraph_scoreT": [
          3,
          3,
          3
        ],
        "paragraph_scoreT_detail": {
          "paragraph_scoreT_exp": [
            [
              3,
              3,
              3
            ],
            [
              3,
              3,
              3
            ],
            [
              3,
              3,
              3
            ]
          ]
        },
        "paragraph_scoreT_avg": 3,
        "paragraph_id": "001"
      }
    ],
    "essay_scoreT": [
      28.8,
      28.4,
      30
    ],
    "essay_scoreT_avg": 29.066666,
    "essay_scoreT_detail": {
      "essay_scoreT_org": [
        [
          3,
          0,
          3,
          3
        ],
        [
          3,
          0,
          3,
          3
        ],
        [
          3,
          0,
          3,
          3
        ]
      ],
      "essay_scoreT_cont": [
        [
          3,
          2,
          3,
          3
        ],
        [
          3,
          2,
          2,
          3
        ],
        [
          3,
          3,
          3,
          3
        ]
      ],
      "essay_scoreT_exp": [
        [
          3,
          3,
          3
        ],
        [
          3,
          3,
          3
        ],
        [
          3,
          3,
          3
        ]
      ]
    }
  },
  "student": {
    "date": "2021.11.19",
    "student_educated": true,
    "student_grade": "고등_1학년",
    "location": "051",
    "student_grade_group": "고등",
    "student_reading": 1
  },
  "rubric": {
    "essay_grade": "고등_1학년",
    "organization_weight": {
      "org_paragraph": 0,
      "org": 3,
      "org_essay": 6,
      "org_coherence": 3,
      "org_quantity": 1
    },
    "essay_type": "대안제시",
    "content_weight": {
      "con_clearance": 3,
      "con_novelty": 3,
      "con": 4,
      "con_prompt": 1,
      "con_description": 3
    },
    "essay_main_subject": "혐오시설 건설문제에 대한 본인의 생각",
    "expression_weight": {
      "exp_style": 4,
      "exp_grammar": 2,
      "exp_vocab": 4,
      "exp": 3
    }
  },
  "correction": [],
  "info": {
    "essay_id": "ESSAY_48476",
    "essay_prompt": " 혐오 시설이란 지역 주민에게 공포감이나 고통을 주거나, 주변 지역의 쾌적성이 훼손됨으로써 집값이나 땅값이 내려가는 등 부정적인 외부효과를 유발하는 시설을 의미합니다.\n\n 대표적인 혐오 시설에는 쓰레기 매립장, 원자력발전소, 소각장, 유류저장소 등이 있습니다.\n\n 매립지, 소각장, 쓰레기 하치장 같은 혐오 시설은 그리 위험하지는 않지만, 쓰레기를 취급한다는 점에서 혐오감을 주며, 주변 환경오염 문제가 갈등을 일으킵니다. 특히 소각장은 인구밀도가 높은 대도시에 건설된다는 점에서 반대 운동이 일기도 합니다.\n\n 그런데 서로 반대만 하다 보면 입지를 찾지 못해 결국 모든 주민의 삶의 질이 저하될 수 있습니다.\n\n 정부 차원에서 가장 적절한 장소를 선별하여 건설 후 주변 사람들에게 혜택을 주는 방식이 적절한 방법일까요? 아니면 혐오 시설만을 모아둔 부지를 따로 정해서 건설해야 할까요? 아니면 모든 도시가 공평하게 혐오 시설 건설에 대한 부담을 지니고 하나씩 건설해야 할까요?\n\n 모두가 만족할만한 결과를 내기란 정말 어려운 문제이지만 여러분이 생각하는 가장 합리적이고 좋은 방법을 생각해보세요. 그리고 그 방법을 대안으로 제시하고 그 근거에 대해 작성해주세요.",
    "essay_type": "대안제시",
    "essay_level": "1",
    "essay_len": 1319,
    "essay_main_subject": "혐오시설 건설문제에 대한 본인의 생각"
  }
}