{
  "paragraph": [
    {
      "paragraph_txt": "오늘 날 우리의 나라는 건강한가? #@문장구분#아니 그렇지 않다. #@문장구분#전염병 같이 퍼져버린 페미니즘이라는 사상 아래 수 많은 사람들이 나타났다. #@문장구분#그런 말이 있지 않은가.#@문장구분# '난세가 오면 난세에 휩쓸리는 이, 난세를 지켜보는 이, 난세와 맞서 싸우는 자, 난세의 흐름을 타는 자로 나뉜다' 젠더 갈등이라는 난세에서 당신은 어디에 속해 있으며 어찌 살아가고 있는가.#@문장구분# ",
      "paragraph_len": 293,
      "paragraph_id": "001"
    },
    {
      "paragraph_txt": "페미 열풍과 함께 한 몫을 챙기고자 하였던 이들이 있었으니.#@문장구분# 그들은 한 개인을 타겟으로 삼아 욕함으로써 페미 단체 사이에서 입지를 다졌다. #@문장구분#유튜버 #@이름#씨는 여느 때와 다름없이 방송을 하던  도중 이상한 논문을 읽게 되었다.#@문장구분# 자신이 사용하는 '보이루(보겸과 하이루의 합성)'가 여성의 성기와 하이루를 합쳤다는 글과 #@이름#이 학생들을 여섬혐오를 하도록 이끌었다는 글을 담은 #@이름# 교수의 논문을 보았다.#@문장구분# 놀라운 점은 이뿐만이 아니었다.#@문장구분# 한국 남성들을 벌레에 빗대는 등 모욕적 발언을 하였음에도 불구하고 한국 논문 심사회에서 승인을 받았다는 것 이었다.#@문장구분#과연 이래도 되는 것일까?#@문장구분# 또한 한녀, 한남이라는 단어들을 자주 사용하는 사이트에서는 번번하게 젠더갈등이 심화되고 있다.#@문장구분# 이렇게 심화된 젠더 갈등의 해결 방안은 무엇일까?#@문장구분# 나는 이 세 단어로 요약해보겠다. #@문장구분##@문장구분# ",
      "paragraph_len": 701,
      "paragraph_id": "002"
    },
    {
      "paragraph_txt": "당신들은 어떠한가?#@문장구분# 난세에 불행이 나의 행복과 명성과 권력이 되는 일은 없도록 해야 하지 않겠는가. #@문장구분#앞으로는 우리의 후손들이 살아가야 할 이 땅에 갈등이라는 대혼란을 남겨 두어서야 되겠는가. #@문장구분#언제나 이해와 배려로 서로를 존중하며 살아가기를 바란다.#@문장구분#",
      "paragraph_len": 218,
      "paragraph_id": "003"
    }
  ],
  "score": {
    "paragraph_score": [
      {
        "paragraph_scoreT": [
          3,
          2.2,
          2.4
        ],
        "paragraph_scoreT_detail": {
          "paragraph_scoreT_exp": [
            [
              3,
              3,
              3
            ],
            [
              3,
              2,
              2
            ],
            [
              2,
              3,
              2
            ]
          ]
        },
        "paragraph_scoreT_avg": 2.5333333,
        "paragraph_id": "001"
      },
      {
        "paragraph_scoreT": [
          3,
          2.2,
          2.4
        ],
        "paragraph_scoreT_detail": {
          "paragraph_scoreT_exp": [
            [
              3,
              3,
              3
            ],
            [
              3,
              2,
              2
            ],
            [
              2,
              3,
              2
            ]
          ]
        },
        "paragraph_scoreT_avg": 2.5333333,
        "paragraph_id": "002"
      },
      {
        "paragraph_scoreT": [
          3,
          2.2,
          2.4
        ],
        "paragraph_scoreT_detail": {
          "paragraph_scoreT_exp": [
            [
              3,
              3,
              3
            ],
            [
              3,
              2,
              2
            ],
            [
              2,
              3,
              2
            ]
          ]
        },
        "paragraph_scoreT_avg": 2.5333333,
        "paragraph_id": "003"
      }
    ],
    "essay_scoreT": [
      30,
      21.8,
      27.500002
    ],
    "essay_scoreT_avg": 26.433334,
    "essay_scoreT_detail": {
      "essay_scoreT_org": [
        [
          3,
          0,
          3,
          3
        ],
        [
          2,
          0,
          2,
          2
        ],
        [
          3,
          0,
          3,
          2
        ]
      ],
      "essay_scoreT_cont": [
        [
          3,
          3,
          3,
          3
        ],
        [
          3,
          2,
          2,
          2
        ],
        [
          3,
          3,
          2,
          3
        ]
      ],
      "essay_scoreT_exp": [
        [
          3,
          3,
          3
        ],
        [
          3,
          2,
          2
        ],
        [
          2,
          3,
          2
        ]
      ]
    }
  },
  "student": {
    "date": "2021.09.07",
    "student_educated": true,
    "student_grade": "고등_1학년",
    "location": "051",
    "student_grade_group": "고등",
    "student_reading": 2
  },
  "rubric": {
    "essay_grade": "고등_1학년",
    "organization_weight": {
      "org_paragraph": 0,
      "org": 3,
      "org_essay": 6,
      "org_coherence": 3,
      "org_quantity": 1
    },
    "essay_type": "대안제시",
    "content_weight": {
      "con_clearance": 3,
      "con_novelty": 3,
      "con": 4,
      "con_prompt": 1,
      "con_description": 3
    },
    "essay_main_subject": "남녀 갈등 해결 방안",
    "expression_weight": {
      "exp_style": 4,
      "exp_grammar": 2,
      "exp_vocab": 4,
      "exp": 3
    }
  },
  "correction": [],
  "info": {
    "essay_id": "ESSAY_34236",
    "essay_prompt": " 남녀 갈등은 최근 우리 사회에서 가장 뜨거운 이슈 중 하나입니다. 이러한 갈등은 아직 간극을 좁히지 못하고 현재 사회적인 문제로 자리 잡았습니다.\n\n 군 가산점 문제, 일자리 문제 등 여러 가지 비교 자료들을 토대로 토론을 하고 이를 통해 갈등을 해결하고자 하는 노력이 이루어지고 있습니다.\n\n 과거에는 성차별 심했던 시기가 있었습니다. 여자와 남자를 구별 지어 일을 주는 경우도 많았습니다. 하지만, 현재는 여자와 남자라는 성별을 떠나서 나이, 국적을 불문하고 모두에게 평등한 기회를 주기 위해 노력하고 있습니다.\n\n 이렇게 모두의 노력에도 불구하고 아직 해결되지 않았거나 해결될 기미가 보이지 않는 양성평등 문제가 있을까요?\n\n 아주 작은 사소한 일이라도 좋습니다. 여러분이 생각하는 우리 주변의 양성평등 문제를 하나 작성해보고 어떻게 해결할 수 있을지 혹은 무엇이 바뀌어야 해결될 것 같은지 본인의 생각을 설명해주세요. ",
    "essay_type": "대안제시",
    "essay_level": "1",
    "essay_len": 793,
    "essay_main_subject": "남녀 갈등 해결 방안"
  }
}