{
  "paragraph": [
    {
      "paragraph_txt": "혐오시설이란 지역 주민에게 공포감이나 고통을 주거나 주변 지역의 쾌적성이 훼손됨으로써 집값이나 땅값이 내려가는 등 부정적인 외부효과를 유발하는 시설을 의미하고 대표적인 예로는 쓰레기 매립장, 소각장 등이 있다.#@문장구분# 이와 관련하여 님비 현상이 있는데, 이는 공공의 이익은 되지만 자신이 속한 지역에는 이익이 되지 않는 일을 반대하는 이기적인 행동이다.#@문장구분# 시대가 지남에 따라 쓰레기나 오염수의 양이 늘어나고 있고 늘어나는 쓰레기의 양은 또한 소각장이나 쓰레기 매립지의 양을 더 필요로 하고 있다.#@문장구분# 현재 쓰레기 매립지의 개수는 약 47개로 더 늘어나야 하지만 님비 현상 때문에 건설에 어려움을 겪고 있다.#@문장구분# 혐오시설에 대한 사람들의 인식은 대부분 부정적이다.#@문장구분# 그 이유를 구체적으로 보자면 우선 첫째, 혐오시설이 설치되는 곳에는 시각공해, 소음공해, \n 수질오염, 대기오염, 토양오염 같은 문제들이 발생하기 때문에 이는 혐오시설에 대한 안 좋은 인식으로 이어지게 되고, 안 좋은 인식은 경제적 타격인 부동산의 가격 하락을 초래하게 된다.#@문장구분# 둘째, 또한 혐오시설로 실생활에 불편함을 갖기도 한다.#@문장구분# 예를 들어 하수처리장, 쓰레기 매립지 등의혐오시설에서 발생하는 시각, 청각, 후각적 공해는 우리 삶의 질을 저하시킨다.#@문장구분# 또한 군대시설등이 들어오면서 공포감이 조성되는 것 또한 불편함을 느끼게 한다.#@문장구분# 그리고 이는 더욱더 혐오시설에 대한 반감을 가지게 한다.#@문장구분# 위와 같은 문제점들을 개선하기 위한 방안으로는 보상금 지원이 있다.#@문장구분# 보상금 지원이 있어도 혐오시설을 반대하는 지역들이 많지만 실제로 강원 영월군이 지난해 30억원의 마을발전기금을 걸고 폐기물종합처리장 부지를 공모했는데 9개의 마을들이 신청서를 낸 사례가 있다.#@문장구분# 보상금 지원말고도 다른 방법으로 지역의 여러 생활기반 시설과 복지 시설을 확충하여 보상을 하는 방법이 있다.#@문장구분# 그 예로 남양주 에코랜드가 있는데, 쓰레기 매립장을 먼지나 악취가 없는 공원의 형태로 건설하는 것이다.#@문장구분# 이곳은 인공폭포와 호수에 설치된 분수가 있고 산책로가 있어 산책도 할 수 있다.#@문장구분# 실제로 에코랜드 근처에 사는 주민들은 에코랜드를 편의시설인 공원으로 사용하고 있다.#@문장구분#\n   지금까지 혐오시설의 문제점과 개선방안에 대해 알아보았다.#@문장구분# 혐오시설 건설에는 위에서 말한 지역 부동산 하락과 지역주민의 삶의 질 저하 등의 문제점이 있고 해결방안으로는 편의시설 설치, 보상금 지원 등이 있다.#@문장구분# 비록 약간 불편할 수 있지만 서로 조금씩 양보하고 배려하여 살기 좋은 도시를 만들기 위해 노력하자.#@문장구분#",
      "paragraph_len": 1602,
      "paragraph_id": "001"
    }
  ],
  "score": {
    "paragraph_score": [
      {
        "paragraph_scoreT": [
          3,
          3,
          3
        ],
        "paragraph_scoreT_detail": {
          "paragraph_scoreT_exp": [
            [
              3,
              3,
              3
            ],
            [
              3,
              3,
              3
            ],
            [
              3,
              3,
              3
            ]
          ]
        },
        "paragraph_scoreT_avg": 3,
        "paragraph_id": "001"
      }
    ],
    "essay_scoreT": [
      30,
      27.2,
      30
    ],
    "essay_scoreT_avg": 29.066666,
    "essay_scoreT_detail": {
      "essay_scoreT_org": [
        [
          3,
          0,
          3,
          3
        ],
        [
          3,
          0,
          3,
          3
        ],
        [
          3,
          0,
          3,
          3
        ]
      ],
      "essay_scoreT_cont": [
        [
          3,
          3,
          3,
          3
        ],
        [
          3,
          2,
          2,
          2
        ],
        [
          3,
          3,
          3,
          3
        ]
      ],
      "essay_scoreT_exp": [
        [
          3,
          3,
          3
        ],
        [
          3,
          3,
          3
        ],
        [
          3,
          3,
          3
        ]
      ]
    }
  },
  "student": {
    "date": "2021.11.19",
    "student_educated": true,
    "student_grade": "고등_1학년",
    "location": "051",
    "student_grade_group": "고등",
    "student_reading": 1
  },
  "rubric": {
    "essay_grade": "고등_1학년",
    "organization_weight": {
      "org_paragraph": 0,
      "org": 3,
      "org_essay": 6,
      "org_coherence": 3,
      "org_quantity": 1
    },
    "essay_type": "대안제시",
    "content_weight": {
      "con_clearance": 3,
      "con_novelty": 3,
      "con": 4,
      "con_prompt": 1,
      "con_description": 3
    },
    "essay_main_subject": "혐오시설 건설문제에 대한 본인의 생각",
    "expression_weight": {
      "exp_style": 4,
      "exp_grammar": 2,
      "exp_vocab": 4,
      "exp": 3
    }
  },
  "correction": [],
  "info": {
    "essay_id": "ESSAY_48470",
    "essay_prompt": " 혐오 시설이란 지역 주민에게 공포감이나 고통을 주거나, 주변 지역의 쾌적성이 훼손됨으로써 집값이나 땅값이 내려가는 등 부정적인 외부효과를 유발하는 시설을 의미합니다.\n\n 대표적인 혐오 시설에는 쓰레기 매립장, 원자력발전소, 소각장, 유류저장소 등이 있습니다.\n\n 매립지, 소각장, 쓰레기 하치장 같은 혐오 시설은 그리 위험하지는 않지만, 쓰레기를 취급한다는 점에서 혐오감을 주며, 주변 환경오염 문제가 갈등을 일으킵니다. 특히 소각장은 인구밀도가 높은 대도시에 건설된다는 점에서 반대 운동이 일기도 합니다.\n\n 그런데 서로 반대만 하다 보면 입지를 찾지 못해 결국 모든 주민의 삶의 질이 저하될 수 있습니다.\n\n 정부 차원에서 가장 적절한 장소를 선별하여 건설 후 주변 사람들에게 혜택을 주는 방식이 적절한 방법일까요? 아니면 혐오 시설만을 모아둔 부지를 따로 정해서 건설해야 할까요? 아니면 모든 도시가 공평하게 혐오 시설 건설에 대한 부담을 지니고 하나씩 건설해야 할까요?\n\n 모두가 만족할만한 결과를 내기란 정말 어려운 문제이지만 여러분이 생각하는 가장 합리적이고 좋은 방법을 생각해보세요. 그리고 그 방법을 대안으로 제시하고 그 근거에 대해 작성해주세요.",
    "essay_type": "대안제시",
    "essay_level": "1",
    "essay_len": 1222,
    "essay_main_subject": "혐오시설 건설문제에 대한 본인의 생각"
  }
}