{
  "paragraph": [
    {
      "paragraph_txt": "님비현상을 해결하기 위해서는 주민들과의 타협도 중요하다.#@문장구분# 그러므로 첫 번째, 쓰레기 소각시설을 세우는 대신 백화점이나 대형마트 등 주민들이 원하는 편의시설을 세우거나, 쓰레기 소각장 설치로 인해 받은 부동산 피해 등 금전적인 피해액수를 확인하고, 주민들과 타협해 최대한의 금전적 보상을 해주는 방안이다.#@문장구분#",
      "paragraph_len": 209,
      "paragraph_id": "001"
    },
    {
      "paragraph_txt": "  두 번째 방안으로는 쓰레기 소각시설을 전면 지하화 한다.#@문장구분# 쓰레기 소각장이 주는 다소 청결하지 않은 외관상 이미지도 님비현상의 원인 중 하나이다.#@문장구분# 쓰레기를 처리하는 시설들을 지하에 건설하고, 그 위로는 지역주민들의 여가를 위한 공원 등 녹지구역을 만들어 외관상의 문제와 지역주민들의 여가를 보장하는 방안이다.#@문장구분#",
      "paragraph_len": 233,
      "paragraph_id": "002"
    },
    {
      "paragraph_txt": "  세 번째 방안으로는 쓰레기 소각시설이 들어오는 지역을 관광명소로 개발하는 것에 대한 충분한 지원을 약속하는 방안이다.#@문장구분# 그 지역의 자연환경이나 특산물 등 지역을 대표하는 것들로 구성한 체험시설이나 축제 등을 활성화 시킴으로 쓰레기 소각장과 같은 혐오감을 주는 시설로 방문하기를 꺼려했던 관광객들의 발길을 돌려 지역경제 활성화에 도움을 줄 수 있는 방안이다.#@문장구분#",
      "paragraph_len": 240,
      "paragraph_id": "003"
    },
    {
      "paragraph_txt": "  네 번째 방안으로는 지자체와 민간업체 등 쓰레기 소각시설을 담당하는 업체에서 소각시설이 환경과 주민들의 건강에 미치는 영향에 대해 구체적이고 적극적인 자세로 안내하는 것이다.#@문장구분# 실제로 환경이나 건강을 해치지 않는 선에서 건설이 추진되더라도, 소각시설이라는 혐오이미지에 환경과 건강을 우려해 건설을 반대하는 사람들에게 상세히 설명함으로써 소각시설 건설로 발생하는 주민들과의 갈등을 줄일 수 있다.#@문장구분#",
      "paragraph_len": 261,
      "paragraph_id": "004"
    },
    {
      "paragraph_txt": "  마지막 방안으로는 쓰레기 소각시설에 환경교육을 위한 체험시설을 만드는 것이다.#@문장구분# 쓰레기가 소각시설로 들어오는 과정이나 소각되는 과정, 올바른 분리수거 방법 등 소각시설과 교육시설을 함께 운영함으로써 혐오시설이라는 인식을 바꾸는 방안이다.#@문장구분#",
      "paragraph_len": 173,
      "paragraph_id": "005"
    }
  ],
  "score": {
    "paragraph_score": [
      {
        "paragraph_scoreT": [
          1.6,
          2,
          2
        ],
        "paragraph_scoreT_detail": {
          "paragraph_scoreT_exp": [
            [
              2,
              2,
              1
            ],
            [
              2,
              2,
              2
            ],
            [
              2,
              2,
              2
            ]
          ]
        },
        "paragraph_scoreT_avg": 1.8666667,
        "paragraph_id": "001"
      },
      {
        "paragraph_scoreT": [
          2.4,
          2,
          2
        ],
        "paragraph_scoreT_detail": {
          "paragraph_scoreT_exp": [
            [
              2,
              3,
              2
            ],
            [
              2,
              2,
              2
            ],
            [
              2,
              2,
              2
            ]
          ]
        },
        "paragraph_scoreT_avg": 2.1333334,
        "paragraph_id": "002"
      },
      {
        "paragraph_scoreT": [
          2.4,
          2,
          2
        ],
        "paragraph_scoreT_detail": {
          "paragraph_scoreT_exp": [
            [
              2,
              3,
              2
            ],
            [
              2,
              2,
              2
            ],
            [
              2,
              2,
              2
            ]
          ]
        },
        "paragraph_scoreT_avg": 2.1333334,
        "paragraph_id": "003"
      },
      {
        "paragraph_scoreT": [
          2.8,
          2,
          2
        ],
        "paragraph_scoreT_detail": {
          "paragraph_scoreT_exp": [
            [
              2,
              3,
              3
            ],
            [
              2,
              2,
              2
            ],
            [
              2,
              2,
              2
            ]
          ]
        },
        "paragraph_scoreT_avg": 2.2666667,
        "paragraph_id": "004"
      },
      {
        "paragraph_scoreT": [
          2.8,
          2,
          2
        ],
        "paragraph_scoreT_detail": {
          "paragraph_scoreT_exp": [
            [
              2,
              3,
              3
            ],
            [
              2,
              2,
              2
            ],
            [
              2,
              2,
              2
            ]
          ]
        },
        "paragraph_scoreT_avg": 2.2666667,
        "paragraph_id": "005"
      }
    ],
    "essay_scoreT": [
      25.099998,
      20,
      20
    ],
    "essay_scoreT_avg": 21.699999,
    "essay_scoreT_detail": {
      "essay_scoreT_org": [
        [
          2,
          0,
          2,
          3
        ],
        [
          2,
          0,
          2,
          2
        ],
        [
          2,
          0,
          2,
          2
        ]
      ],
      "essay_scoreT_cont": [
        [
          3,
          2,
          2,
          3
        ],
        [
          2,
          2,
          2,
          2
        ],
        [
          2,
          2,
          2,
          2
        ]
      ],
      "essay_scoreT_exp": [
        [
          2,
          3,
          3
        ],
        [
          2,
          2,
          2
        ],
        [
          2,
          2,
          2
        ]
      ]
    }
  },
  "student": {
    "date": "2021.09.07",
    "student_educated": true,
    "student_grade": "고등_1학년",
    "location": "051",
    "student_grade_group": "고등",
    "student_reading": 1
  },
  "rubric": {
    "essay_grade": "고등_1학년",
    "organization_weight": {
      "org_paragraph": 0,
      "org": 3,
      "org_essay": 6,
      "org_coherence": 3,
      "org_quantity": 1
    },
    "essay_type": "대안제시",
    "content_weight": {
      "con_clearance": 3,
      "con_novelty": 3,
      "con": 4,
      "con_prompt": 1,
      "con_description": 3
    },
    "essay_main_subject": "혐오시설 건설문제에 대한 본인의 생각",
    "expression_weight": {
      "exp_style": 4,
      "exp_grammar": 2,
      "exp_vocab": 4,
      "exp": 3
    }
  },
  "correction": [],
  "info": {
    "essay_id": "ESSAY_34932",
    "essay_prompt": " 혐오 시설이란 지역 주민에게 공포감이나 고통을 주거나, 주변 지역의 쾌적성이 훼손됨으로써 집값이나 땅값이 내려가는 등 부정적인 외부효과를 유발하는 시설을 의미합니다.\n\n 대표적인 혐오 시설에는 쓰레기 매립장, 원자력발전소, 소각장, 유류저장소 등이 있습니다.\n\n 매립지, 소각장, 쓰레기 하치장 같은 혐오 시설은 그리 위험하지는 않지만, 쓰레기를 취급한다는 점에서 혐오감을 주며, 주변 환경오염 문제가 갈등을 일으킵니다. 특히 소각장은 인구밀도가 높은 대도시에 건설된다는 점에서 반대 운동이 일기도 합니다.\n\n 그런데 서로 반대만 하다 보면 입지를 찾지 못해 결국 모든 주민의 삶의 질이 저하될 수 있습니다.\n\n 정부 차원에서 가장 적절한 장소를 선별하여 건설 후 주변 사람들에게 혜택을 주는 방식이 적절한 방법일까요? 아니면 혐오 시설만을 모아둔 부지를 따로 정해서 건설해야 할까요? 아니면 모든 도시가 공평하게 혐오 시설 건설에 대한 부담을 지니고 하나씩 건설해야 할까요?\n\n 모두가 만족할만한 결과를 내기란 정말 어려운 문제이지만 여러분이 생각하는 가장 합리적이고 좋은 방법을 생각해보세요. 그리고 그 방법을 대안으로 제시하고 그 근거에 대해 작성해주세요.",
    "essay_type": "대안제시",
    "essay_level": "1",
    "essay_len": 904,
    "essay_main_subject": "혐오시설 건설문제에 대한 본인의 생각"
  }
}