{
  "paragraph": [
    {
      "paragraph_txt": "첫째, 공공문제를 해결하기 위해 대화, 신뢰, 조정, 대안 등을 통해서 갈등을 좁혀 나간다.#@문장구분# 이 기사를 보면 무안군은 \"충분한 협의를 거쳐 이행하기 바란다.\"라고 입장을 밝힌 바이다.#@문장구분# 그럼으로 무안군 주민들은 설득시키기 위해서는 목포시는 쓰레기소각장을 설치해야하는 이유와 함께 쓰레기소각장을 설치함으로써 얻는 효과 등을 제시하여 대화를 통해 갈등을 좁혀 나갈 수 있다.#@문장구분# 또한 무안군 주민들은 귀를 기울이며 사회문제에 대해 적극적으로 참여하고 서로의 의견을 들어내면서 차근차근 조정하여 대안을 이루어 나가면 좋은 해결방안이 나올 것이다.#@문장구분# 둘째, 쓰레기소각장을 설치하되, 마을의 주택가에서 멀리 떨어진 곳에 설치하고 악취를 막기 위해 공기정화장치를 설치하여 쓰레기소각장으로 인해 생가는 악취 등을 최소화한다.#@문장구분# 무안군 주민들은 1995년부터 30년 가까이 쓰레기 매립장에 의해 악취나 해충 등 많은 피해를 입어서 또다시 쓰레기소각장을 설치하면 자신들에게 피해가 고스란히 올 것이라고 반발하였다.#@문장구분# 이걸 통해 무안군 주민들이 쓰레기소각장을 반대하는 이유 중 하나가 악취와 해충인 것을 알 수 있다.#@문장구분# 그럼으로 쓰레기소각장을 설치할 곳을 같이 의논하고, 마을의 주택가에서 멀리 떨어진 곳에서 설치한다.#@문장구분# 그리고 소음을 막고 쓰레기소각장에 의해 나는 악취나 나쁜연기 등을 최소화 하기 위해 공기정화장치를 설치한다면 무안군 마을 주민들도 심한 반발은 하지 않을 것이다.#@문장구분# 셋째, 쓰레기매립장을 설치하되, 그로 인한 피해에 대한 보상금을 준다.#@문장구분# 무안군 주민들은 악취와 소음 다음으로 30년 가까이 보상금을 주지 않아서 더욱더 반대한 것을 기사를 통해 알 수 있다.#@문장구분# 그럼으로 무안군 주민들에게 보상금을 주는 것이다.#@문장구분# 예를 들면, 마을에 공원을 조성하거나 쓰레기매립장으로 인해 땅값이 하락하면 2배의 보상금을 주는 것이다.#@문장구분# 그러면 목포시는 쓰레기소각장을 설치 할 수 있고 무안군 주민들은 보상금을 받을 수 있는 동등한 협의가 가능할 것이다.#@문장구분#",
      "paragraph_len": 1240,
      "paragraph_id": "001"
    }
  ],
  "score": {
    "paragraph_score": [
      {
        "paragraph_scoreT": [
          2.8,
          2,
          2
        ],
        "paragraph_scoreT_detail": {
          "paragraph_scoreT_exp": [
            [
              2,
              3,
              3
            ],
            [
              2,
              2,
              2
            ],
            [
              2,
              2,
              2
            ]
          ]
        },
        "paragraph_scoreT_avg": 2.2666667,
        "paragraph_id": "001"
      }
    ],
    "essay_scoreT": [
      29,
      23,
      24.900002
    ],
    "essay_scoreT_avg": 25.633333,
    "essay_scoreT_detail": {
      "essay_scoreT_org": [
        [
          3,
          0,
          3,
          3
        ],
        [
          3,
          0,
          2,
          2
        ],
        [
          3,
          0,
          2,
          3
        ]
      ],
      "essay_scoreT_cont": [
        [
          3,
          3,
          2,
          3
        ],
        [
          2,
          2,
          2,
          3
        ],
        [
          3,
          2,
          3,
          3
        ]
      ],
      "essay_scoreT_exp": [
        [
          2,
          3,
          3
        ],
        [
          2,
          2,
          2
        ],
        [
          2,
          2,
          2
        ]
      ]
    }
  },
  "student": {
    "date": "2021.09.07",
    "student_educated": true,
    "student_grade": "고등_1학년",
    "location": "051",
    "student_grade_group": "고등",
    "student_reading": 1
  },
  "rubric": {
    "essay_grade": "고등_1학년",
    "organization_weight": {
      "org_paragraph": 0,
      "org": 3,
      "org_essay": 6,
      "org_coherence": 3,
      "org_quantity": 1
    },
    "essay_type": "대안제시",
    "content_weight": {
      "con_clearance": 3,
      "con_novelty": 3,
      "con": 4,
      "con_prompt": 1,
      "con_description": 3
    },
    "essay_main_subject": "혐오시설 건설문제에 대한 본인의 생각",
    "expression_weight": {
      "exp_style": 4,
      "exp_grammar": 2,
      "exp_vocab": 4,
      "exp": 3
    }
  },
  "correction": [],
  "info": {
    "essay_id": "ESSAY_34929",
    "essay_prompt": " 혐오 시설이란 지역 주민에게 공포감이나 고통을 주거나, 주변 지역의 쾌적성이 훼손됨으로써 집값이나 땅값이 내려가는 등 부정적인 외부효과를 유발하는 시설을 의미합니다.\n\n 대표적인 혐오 시설에는 쓰레기 매립장, 원자력발전소, 소각장, 유류저장소 등이 있습니다.\n\n 매립지, 소각장, 쓰레기 하치장 같은 혐오 시설은 그리 위험하지는 않지만, 쓰레기를 취급한다는 점에서 혐오감을 주며, 주변 환경오염 문제가 갈등을 일으킵니다. 특히 소각장은 인구밀도가 높은 대도시에 건설된다는 점에서 반대 운동이 일기도 합니다.\n\n 그런데 서로 반대만 하다 보면 입지를 찾지 못해 결국 모든 주민의 삶의 질이 저하될 수 있습니다.\n\n 정부 차원에서 가장 적절한 장소를 선별하여 건설 후 주변 사람들에게 혜택을 주는 방식이 적절한 방법일까요? 아니면 혐오 시설만을 모아둔 부지를 따로 정해서 건설해야 할까요? 아니면 모든 도시가 공평하게 혐오 시설 건설에 대한 부담을 지니고 하나씩 건설해야 할까요?\n\n 모두가 만족할만한 결과를 내기란 정말 어려운 문제이지만 여러분이 생각하는 가장 합리적이고 좋은 방법을 생각해보세요. 그리고 그 방법을 대안으로 제시하고 그 근거에 대해 작성해주세요.",
    "essay_type": "대안제시",
    "essay_level": "1",
    "essay_len": 960,
    "essay_main_subject": "혐오시설 건설문제에 대한 본인의 생각"
  }
}