{
  "paragraph": [
    {
      "paragraph_txt": "최근들어 데이트폭력 문제가 많은 이들에게서 제보되고 있으며 이는 혐오감을 일으키며 남녀 갈등이 조성되고있습니다.#@문장구분# 여성보다 남성이 데이트폭력의 가해자인 경우가 많다는게 그 이유인데요.#@문장구분# 남성혐오 문제로 서로간의 갈등이 심화되고 있는 것으로 보입니다.#@문장구분# 데이트폭력의 심각성이 재조명되며 가스라이팅에 대해서도 많은 관심이 쏟아지고있습니다.#@문장구분# 가스라이팅, 상황 조작을 통해 타인의 마음에 자신에 대한 의심을 불러일으켜 현실감과 판단력을 잃게 만듦으로써 그 사람을 정신적으로 황폐화시키고 그 사람에게 지배력을 행사하여 결국 그 사람을 파국으로 몰아가는 것을 의미하는 심리학 용어입니다.#@문장구분# 즉, 이는 물리적인 상해를 의미하는 것이 아닙니다.#@문장구분# 힘이 약한 사람이 강한 사람에게 할 수도 있다는것이며 우리는 이 사실에 주목해야합니다.#@문장구분# 장기간 연인에게로부터 가스라이팅을 받아온 피해자가 그만 안타까운 선택을 하는 비극적인 일도 일어나고있습니다.#@문장구분# 우리는 내 애인에게 가스라이팅을 하고있진 않은지, 내가 가스라이팅을 당하고있는게 아닌지 한 번쯤 생각해볼 필요성이 있습니다.#@문장구분# 그리고 여기서의 '나'는 여성과 남성 모두가 포함된다는 사실을 잊지 말아야합니다.#@문장구분# 아직까지 가해자의 비율은 남성이 높은게 사실이지만 그 비율에 여성도 있다는 점 또한 사실입니다.#@문장구분# 우리의 생명은 성별을 떠나 모두가 소중하며 남녀를 구분짓기에 바쁠것이 아니라 서로를 지켜주는 사람이 되어야합니다.#@문장구분# 모두가 이 사실을 잊지 않는다면 갈등은 금방 해결될 것이며 폭력으로부터 주변사람을, 내 자신을 지켜낼 수 있으리라 생각합니다.#@문장구분# 모두가 안전한 세상이 오길 바라며 글을 마칩니다.#@문장구분#",
      "paragraph_len": 1071,
      "paragraph_id": "001"
    }
  ],
  "score": {
    "paragraph_score": [
      {
        "paragraph_scoreT": [
          3,
          3,
          2.8
        ],
        "paragraph_scoreT_detail": {
          "paragraph_scoreT_exp": [
            [
              3,
              3,
              3
            ],
            [
              3,
              3,
              3
            ],
            [
              2,
              3,
              3
            ]
          ]
        },
        "paragraph_scoreT_avg": 2.9333334,
        "paragraph_id": "001"
      }
    ],
    "essay_scoreT": [
      26.900002,
      28.8,
      29.4
    ],
    "essay_scoreT_avg": 28.366667,
    "essay_scoreT_detail": {
      "essay_scoreT_org": [
        [
          3,
          0,
          3,
          2
        ],
        [
          3,
          0,
          3,
          3
        ],
        [
          3,
          0,
          3,
          3
        ]
      ],
      "essay_scoreT_cont": [
        [
          2,
          2,
          2,
          3
        ],
        [
          3,
          2,
          3,
          3
        ],
        [
          3,
          3,
          3,
          3
        ]
      ],
      "essay_scoreT_exp": [
        [
          3,
          3,
          3
        ],
        [
          3,
          3,
          3
        ],
        [
          2,
          3,
          3
        ]
      ]
    }
  },
  "student": {
    "date": "2021.11.18",
    "student_educated": true,
    "student_grade": "고등_1학년",
    "location": "063",
    "student_grade_group": "고등",
    "student_reading": 1
  },
  "rubric": {
    "essay_grade": "고등_1학년",
    "organization_weight": {
      "org_paragraph": 0,
      "org": 3,
      "org_essay": 6,
      "org_coherence": 3,
      "org_quantity": 1
    },
    "essay_type": "대안제시",
    "content_weight": {
      "con_clearance": 3,
      "con_novelty": 3,
      "con": 4,
      "con_prompt": 1,
      "con_description": 3
    },
    "essay_main_subject": "남녀 갈등 해결 방안",
    "expression_weight": {
      "exp_style": 4,
      "exp_grammar": 2,
      "exp_vocab": 4,
      "exp": 3
    }
  },
  "correction": [],
  "info": {
    "essay_id": "ESSAY_48468",
    "essay_prompt": " 남녀 갈등은 최근 우리 사회에서 가장 뜨거운 이슈 중 하나입니다. 이러한 갈등은 아직 간극을 좁히지 못하고 현재 사회적인 문제로 자리 잡았습니다.\n\n 군 가산점 문제, 일자리 문제 등 여러 가지 비교 자료들을 토대로 토론을 하고 이를 통해 갈등을 해결하고자 하는 노력이 이루어지고 있습니다.\n\n 과거에는 성차별 심했던 시기가 있었습니다. 여자와 남자를 구별 지어 일을 주는 경우도 많았습니다. 하지만, 현재는 여자와 남자라는 성별을 떠나서 나이, 국적을 불문하고 모두에게 평등한 기회를 주기 위해 노력하고 있습니다.\n\n 이렇게 모두의 노력에도 불구하고 아직 해결되지 않았거나 해결될 기미가 보이지 않는 양성평등 문제가 있을까요?\n\n 아주 작은 사소한 일이라도 좋습니다. 여러분이 생각하는 우리 주변의 양성평등 문제를 하나 작성해보고 어떻게 해결할 수 있을지 혹은 무엇이 바뀌어야 해결될 것 같은지 본인의 생각을 설명해주세요. ",
    "essay_type": "대안제시",
    "essay_level": "1",
    "essay_len": 791,
    "essay_main_subject": "남녀 갈등 해결 방안"
  }
}