{
  "paragraph": [
    {
      "paragraph_txt": "지난 10년간, 소각장, 공장, 쓰레기 매립지 등의 인근 지역에 거주하는 주민들이 여러 가지 질환에 시달려오고 있다.#@문장구분# 피해 지역은 충북 청주 북이면, 인천 서구 서사마을, 장점마을, 부산 생곡동 등으로 노인뿐만 아니라 어린 아이들도 암, 폐질환, 피부염, 우울증, 불안증 등의 질환에 걸렸다.#@문장구분# 주민들은 이게 전부 소각, 매립 등으로 인한 환경오염 때문이라고 주장한다.#@문장구분# 그러나 서울처럼 중요한 도시가 아니어서 그런지 정부와 사회는 아무 대응을 하지 않고 있다.#@문장구분#",
      "paragraph_len": 336,
      "paragraph_id": "001"
    },
    {
      "paragraph_txt": "  쓰레기 매립지 등의 혐오시설이 자신이 거주하는 지역에 유치되는 것을 반대하는 것을 지역 이기주의, 님비 현상이라고 부른다.#@문장구분# 혐오시설이 들어오는 것을 문제로 지역 간의 갈등이 일어나기도 하고, 반대하는 주민들끼리 모여 시위를 하는 등의 일이 발생한다.#@문장구분# 이런 혐오시설에는 앞서 언급한 것 이외에도 교도소, 장애인 특수 학교 등이 있고, 이로 인한 갈등이 많다.#@문장구분# 이를 해결하기 위해 몇가지 방안을 제시한다면, 첫째,  사람들이 혐오시설을 기피하므로 그 반대인 선호시설을 같이 건설하는 방법이다.#@문장구분# 대형마트나 주민들이 여가생활을 즐길 수 있는 영화관, 혹은 그 지역에 가야만 볼 수 있는 특별한 건물 등을 같이 짓는 것이다.#@문장구분# 두 번째로는, 그 지역을 떠나고 싶지만 집이 팔리지 않고 경제적으로 여유롭지 않은 사람들에게는 부동산의 가격 하락보다 더 큰 경제적 혜택을 주는 것이다.#@문장구분# 일정한 기준을 세워 적당한 집을 마련할 수 있을 정도로만 경제적 혜택을 주는 것이다.#@문장구분# 세 번째로는, 쓰레기 매립지나 소각 등으로 피해를 본 주민들에게 의료적 혜택을 주는 것이다.#@문장구분# 위에 말했듯이 많은 주민들이 병에 걸리고 있는데, 주기적인 건강검진을 무료로 지원해준다던가, 병의 정도에 따라 병을 치료하기 위한 일정 금액을 지원해주는 방법이 있다.#@문장구분# 마지막으로, 정부와 사회에서 먼저 관심을 가져야한다.#@문장구분# 정부는 해당 지역에 매년 건강역학조사를 실시하고, 그런 시설 유치와 관련해서 주민들과 소통을 통해 최대한 의견을 반영하고, 최대한 피해가 적은 지역에 유치하며, 피홰와 희생에 대해서는 먼저 나서서 정당한 보상을 주는 방법이 있다.#@문장구분#",
      "paragraph_len": 1005,
      "paragraph_id": "002"
    },
    {
      "paragraph_txt": "  이런 혐오시설에 대한 갈등과 피해를 보상하고 중재하며 올바른 해결법을 찾아나가면, 서로가 서로를 배려하고 인정해주는 나라가 될 수 있을 것이라고 예상한다.#@문장구분#",
      "paragraph_len": 108,
      "paragraph_id": "003"
    }
  ],
  "score": {
    "paragraph_score": [
      {
        "paragraph_scoreT": [
          3,
          2.8,
          2
        ],
        "paragraph_scoreT_detail": {
          "paragraph_scoreT_exp": [
            [
              3,
              3,
              3
            ],
            [
              2,
              3,
              3
            ],
            [
              2,
              2,
              2
            ]
          ]
        },
        "paragraph_scoreT_avg": 2.6000001,
        "paragraph_id": "001"
      },
      {
        "paragraph_scoreT": [
          2.8,
          2.8,
          2
        ],
        "paragraph_scoreT_detail": {
          "paragraph_scoreT_exp": [
            [
              2,
              3,
              3
            ],
            [
              2,
              3,
              3
            ],
            [
              2,
              2,
              2
            ]
          ]
        },
        "paragraph_scoreT_avg": 2.5333333,
        "paragraph_id": "002"
      },
      {
        "paragraph_scoreT": [
          3,
          2.8,
          2
        ],
        "paragraph_scoreT_detail": {
          "paragraph_scoreT_exp": [
            [
              3,
              3,
              3
            ],
            [
              2,
              3,
              3
            ],
            [
              2,
              2,
              2
            ]
          ]
        },
        "paragraph_scoreT_avg": 2.6000001,
        "paragraph_id": "003"
      }
    ],
    "essay_scoreT": [
      28.8,
      29.4,
      20.4
    ],
    "essay_scoreT_avg": 26.199999,
    "essay_scoreT_detail": {
      "essay_scoreT_org": [
        [
          3,
          0,
          3,
          3
        ],
        [
          3,
          0,
          3,
          3
        ],
        [
          2,
          0,
          2,
          2
        ]
      ],
      "essay_scoreT_cont": [
        [
          3,
          2,
          3,
          3
        ],
        [
          3,
          3,
          3,
          3
        ],
        [
          2,
          2,
          3,
          2
        ]
      ],
      "essay_scoreT_exp": [
        [
          3,
          3,
          3
        ],
        [
          2,
          3,
          3
        ],
        [
          2,
          2,
          2
        ]
      ]
    }
  },
  "student": {
    "date": "2021.09.07",
    "student_educated": true,
    "student_grade": "고등_1학년",
    "location": "051",
    "student_grade_group": "고등",
    "student_reading": 1
  },
  "rubric": {
    "essay_grade": "고등_1학년",
    "organization_weight": {
      "org_paragraph": 0,
      "org": 3,
      "org_essay": 6,
      "org_coherence": 3,
      "org_quantity": 1
    },
    "essay_type": "대안제시",
    "content_weight": {
      "con_clearance": 3,
      "con_novelty": 3,
      "con": 4,
      "con_prompt": 1,
      "con_description": 3
    },
    "essay_main_subject": "혐오시설 건설문제에 대한 본인의 생각",
    "expression_weight": {
      "exp_style": 4,
      "exp_grammar": 2,
      "exp_vocab": 4,
      "exp": 3
    }
  },
  "correction": [],
  "info": {
    "essay_id": "ESSAY_34923",
    "essay_prompt": " 혐오 시설이란 지역 주민에게 공포감이나 고통을 주거나, 주변 지역의 쾌적성이 훼손됨으로써 집값이나 땅값이 내려가는 등 부정적인 외부효과를 유발하는 시설을 의미합니다.\n\n 대표적인 혐오 시설에는 쓰레기 매립장, 원자력발전소, 소각장, 유류저장소 등이 있습니다.\n\n 매립지, 소각장, 쓰레기 하치장 같은 혐오 시설은 그리 위험하지는 않지만, 쓰레기를 취급한다는 점에서 혐오감을 주며, 주변 환경오염 문제가 갈등을 일으킵니다. 특히 소각장은 인구밀도가 높은 대도시에 건설된다는 점에서 반대 운동이 일기도 합니다.\n\n 그런데 서로 반대만 하다 보면 입지를 찾지 못해 결국 모든 주민의 삶의 질이 저하될 수 있습니다.\n\n 정부 차원에서 가장 적절한 장소를 선별하여 건설 후 주변 사람들에게 혜택을 주는 방식이 적절한 방법일까요? 아니면 혐오 시설만을 모아둔 부지를 따로 정해서 건설해야 할까요? 아니면 모든 도시가 공평하게 혐오 시설 건설에 대한 부담을 지니고 하나씩 건설해야 할까요?\n\n 모두가 만족할만한 결과를 내기란 정말 어려운 문제이지만 여러분이 생각하는 가장 합리적이고 좋은 방법을 생각해보세요. 그리고 그 방법을 대안으로 제시하고 그 근거에 대해 작성해주세요.",
    "essay_type": "대안제시",
    "essay_level": "1",
    "essay_len": 1133,
    "essay_main_subject": "혐오시설 건설문제에 대한 본인의 생각"
  }
}