{
  "paragraph": [
    {
      "paragraph_txt": "저는 남녀평등에 대해 평등하지 않다고 생각합니다.#@문장구분# 왜냐하면 제가 최근에 어떠한 영상을 봤는데 길거리에서 여자가 남자를 만지고 데려갈려 할 때 도와달라고 하면 도와줄까? 라는 내용인데 영상에서는 여자가 남자를 터치하고 그럴때는 시민들이 그냥 지나갔습니다.#@문장구분# 그 남자가 도와달라고 했는데도 시민들은 지나갔는데 반대로 남자가 여자를 터치하고 데려갈려 할 때마다 시민들은 적극적으로 나서 도와줬습니다.#@문장구분# 이처럼 무조건 남자가 여자보다 쎄다고 판단하기 때문입니다.#@문장구분# 그리고 남자가 여자를 만지지도 않았는데 여자가 경찰에 '이 남자가 제 몸을 만졌어요'라고 말해도 아무런 증거도 없는데 남자는 옥살이를 합니다.#@문장구분# 하지만 반대로 여자가 남자몸을 만지고 경찰에 신고할 때 경찰은 별 신경을 안 씁니다.#@문장구분# 따사러 저는 남녀평등이 평등하지 않다고 생각합니다.#@문장구분#",
      "paragraph_len": 549,
      "paragraph_id": "001"
    }
  ],
  "score": {
    "paragraph_score": [
      {
        "paragraph_scoreT": [
          1.8,
          2,
          2.4
        ],
        "paragraph_scoreT_detail": {
          "paragraph_scoreT_exp": [
            [
              1,
              2,
              2
            ],
            [
              2,
              2,
              2
            ],
            [
              2,
              2,
              3
            ]
          ]
        },
        "paragraph_scoreT_avg": 2.0666666,
        "paragraph_id": "001"
      }
    ],
    "essay_scoreT": [
      17.5,
      15.5,
      20.600002
    ],
    "essay_scoreT_avg": 17.866667,
    "essay_scoreT_detail": {
      "essay_scoreT_org": [
        [
          2,
          0,
          2,
          1
        ],
        [
          1,
          0,
          2,
          1
        ],
        [
          2,
          0,
          3,
          1
        ]
      ],
      "essay_scoreT_cont": [
        [
          2,
          1,
          1,
          2
        ],
        [
          2,
          1,
          2,
          1
        ],
        [
          2,
          1,
          2,
          2
        ]
      ],
      "essay_scoreT_exp": [
        [
          1,
          2,
          2
        ],
        [
          2,
          2,
          2
        ],
        [
          2,
          2,
          3
        ]
      ]
    }
  },
  "student": {
    "date": "2021.09.23",
    "student_educated": true,
    "student_grade": "고등_1학년",
    "location": "051",
    "student_grade_group": "고등",
    "student_reading": 1
  },
  "rubric": {
    "essay_grade": "고등_1학년",
    "organization_weight": {
      "org_paragraph": 0,
      "org": 3,
      "org_essay": 6,
      "org_coherence": 3,
      "org_quantity": 1
    },
    "essay_type": "대안제시",
    "content_weight": {
      "con_clearance": 3,
      "con_novelty": 3,
      "con": 4,
      "con_prompt": 1,
      "con_description": 3
    },
    "essay_main_subject": "남녀 갈등 해결 방안",
    "expression_weight": {
      "exp_style": 4,
      "exp_grammar": 2,
      "exp_vocab": 4,
      "exp": 3
    }
  },
  "correction": [],
  "info": {
    "essay_id": "ESSAY_35516",
    "essay_prompt": " 남녀 갈등은 최근 우리 사회에서 가장 뜨거운 이슈 중 하나입니다. 이러한 갈등은 아직 간극을 좁히지 못하고 현재 사회적인 문제로 자리 잡았습니다.\n\n 군 가산점 문제, 일자리 문제 등 여러 가지 비교 자료들을 토대로 토론을 하고 이를 통해 갈등을 해결하고자 하는 노력이 이루어지고 있습니다.\n\n 과거에는 성차별 심했던 시기가 있었습니다. 여자와 남자를 구별 지어 일을 주는 경우도 많았습니다. 하지만, 현재는 여자와 남자라는 성별을 떠나서 나이, 국적을 불문하고 모두에게 평등한 기회를 주기 위해 노력하고 있습니다.\n\n 이렇게 모두의 노력에도 불구하고 아직 해결되지 않았거나 해결될 기미가 보이지 않는 양성평등 문제가 있을까요?\n\n 아주 작은 사소한 일이라도 좋습니다. 여러분이 생각하는 우리 주변의 양성평등 문제를 하나 작성해보고 어떻게 해결할 수 있을지 혹은 무엇이 바뀌어야 해결될 것 같은지 본인의 생각을 설명해주세요. ",
    "essay_type": "대안제시",
    "essay_level": "1",
    "essay_len": 409,
    "essay_main_subject": "남녀 갈등 해결 방안"
  }
}