{
  "paragraph": [
    {
      "paragraph_txt": "8월 27일 전북 전주시가 2주일째 쓰레기 대란에 시달리고 있다.#@문장구분# 주민지역협회체가 정상적인 쓰레기 반입을 방해하면서 시작된 결과이다.#@문장구분# 쓰레기를 받아들이는 대신 해당 지역에 주민지원금을 준다며 3개의 협의체가 제안하는 액수가 16억원에 달한다.#@문장구분# 전주시의회가 대의기구 역할을 충실히 하였고 광역폐기물매립장 주민지역협의체는 주민 참여 위원 6명을 우선순위로 매겨 2배수 선정해 시의회에 제출하였다.#@문장구분# 시의회가 순순히 협의체의 말을 들어 줘야했지만 9번째에는 달랐다.#@문장구분# 협의체 의도대로 위원을 선정하지 않고 제안을 받아들이지 않았다.#@문장구분# 제안을 순순히 받아 들였더라면 이러한 상황까지는 오지 않았을 것 이다.#@문장구분# 생활폐기물 235t 중에서 50%만 수거 되었고 그 반은 수거가 되지 않았다고 한다.#@문장구분# 이러한 상황 때문에 지원금을 내는 시민들이 고스란히 피헤를 입었다.#@문장구분# 시의회는 '전주시 청소행정들이 바로 설 수 있도록 그간에 전황과 병페에 맞서 싸울 것'을 밝혔다.#@문장구분# 5개의 시민단체는 기자회견에서 주민지원협의체의 불법행위 중단을 요구하였다.#@문장구분# 이러한 문제 상황을 해결하기 위해서는 생활폐기물은 그 지역주민이 아닐 경우 그 곳에 버리지 말아야 한다.#@문장구분# 그렇다면 생활페기물의 양이 줄고 조금더 쾌적한 곳이 될 수 있다.#@문장구분# 시민단체는 힘을 모아서 지원협체의 불법행위 중단 캠페인을 하거나 단체 시위운동을 하면서 강력하게 요구를 한다.#@문장구분# 이러한 노력이 있어야지 지역주민들이 손해를 보거나 피해를 보는 일이 줄어들 것이다.#@문장구분# 정상적인 쓰레기 반입을 위해 쓰레기 장 앞에서 지역주민들이 좀 더 나은 곳에서 살아갈 수 있고 지역 주민들에게 공포감이나 고통을 주지 않고, 주변 지역의 쾌적함이 훼손되지 않을 것 이다.#@문장구분# 이러한 혐오시설을 바꾸기 위해서는 지역 주민들의 많은 노력과 끈기가 필요하다.#@문장구분# 포기하지 않는다면 전북 전주시는 쾌적한 곳으로 바뀌게 될 것이다.#@문장구분#",
      "paragraph_len": 1266,
      "paragraph_id": "001"
    }
  ],
  "score": {
    "paragraph_score": [
      {
        "paragraph_scoreT": [
          2,
          3,
          2
        ],
        "paragraph_scoreT_detail": {
          "paragraph_scoreT_exp": [
            [
              2,
              2,
              2
            ],
            [
              3,
              3,
              3
            ],
            [
              2,
              2,
              2
            ]
          ]
        },
        "paragraph_scoreT_avg": 2.3333333,
        "paragraph_id": "001"
      }
    ],
    "essay_scoreT": [
      23.3,
      30,
      21.2
    ],
    "essay_scoreT_avg": 24.833334,
    "essay_scoreT_detail": {
      "essay_scoreT_org": [
        [
          3,
          0,
          2,
          3
        ],
        [
          3,
          0,
          3,
          3
        ],
        [
          2,
          0,
          2,
          2
        ]
      ],
      "essay_scoreT_cont": [
        [
          3,
          2,
          2,
          2
        ],
        [
          3,
          3,
          3,
          3
        ],
        [
          3,
          2,
          2,
          2
        ]
      ],
      "essay_scoreT_exp": [
        [
          2,
          2,
          2
        ],
        [
          3,
          3,
          3
        ],
        [
          2,
          2,
          2
        ]
      ]
    }
  },
  "student": {
    "date": "2021.09.06",
    "student_educated": true,
    "student_grade": "고등_1학년",
    "location": "051",
    "student_grade_group": "고등",
    "student_reading": 1
  },
  "rubric": {
    "essay_grade": "고등_1학년",
    "organization_weight": {
      "org_paragraph": 0,
      "org": 3,
      "org_essay": 6,
      "org_coherence": 3,
      "org_quantity": 1
    },
    "essay_type": "대안제시",
    "content_weight": {
      "con_clearance": 3,
      "con_novelty": 3,
      "con": 4,
      "con_prompt": 1,
      "con_description": 3
    },
    "essay_main_subject": "혐오시설 건설문제에 대한 본인의 생각",
    "expression_weight": {
      "exp_style": 4,
      "exp_grammar": 2,
      "exp_vocab": 4,
      "exp": 3
    }
  },
  "correction": [],
  "info": {
    "essay_id": "ESSAY_34899",
    "essay_prompt": " 혐오 시설이란 지역 주민에게 공포감이나 고통을 주거나, 주변 지역의 쾌적성이 훼손됨으로써 집값이나 땅값이 내려가는 등 부정적인 외부효과를 유발하는 시설을 의미합니다.\n\n 대표적인 혐오 시설에는 쓰레기 매립장, 원자력발전소, 소각장, 유류저장소 등이 있습니다.\n\n 매립지, 소각장, 쓰레기 하치장 같은 혐오 시설은 그리 위험하지는 않지만, 쓰레기를 취급한다는 점에서 혐오감을 주며, 주변 환경오염 문제가 갈등을 일으킵니다. 특히 소각장은 인구밀도가 높은 대도시에 건설된다는 점에서 반대 운동이 일기도 합니다.\n\n 그런데 서로 반대만 하다 보면 입지를 찾지 못해 결국 모든 주민의 삶의 질이 저하될 수 있습니다.\n\n 정부 차원에서 가장 적절한 장소를 선별하여 건설 후 주변 사람들에게 혜택을 주는 방식이 적절한 방법일까요? 아니면 혐오 시설만을 모아둔 부지를 따로 정해서 건설해야 할까요? 아니면 모든 도시가 공평하게 혐오 시설 건설에 대한 부담을 지니고 하나씩 건설해야 할까요?\n\n 모두가 만족할만한 결과를 내기란 정말 어려운 문제이지만 여러분이 생각하는 가장 합리적이고 좋은 방법을 생각해보세요. 그리고 그 방법을 대안으로 제시하고 그 근거에 대해 작성해주세요.",
    "essay_type": "대안제시",
    "essay_level": "1",
    "essay_len": 906,
    "essay_main_subject": "혐오시설 건설문제에 대한 본인의 생각"
  }
}