{
  "paragraph": [
    {
      "paragraph_txt": "이번 여름 전주의 한 마을에서 폐기물 매립지가 악취와 주변 지역의 쾌적성이 훼손된다는 이유로 잠시 폐기물 매립지를 폐쇄해야 하는 것이 아니냐를 두고 시의회와 주민들 간의 갈등이 일어났다.#@문장구분# 이러한 문제 상황을 해결하기 위해 먼저 폐기물 매립지 안에 있는 폐기물들을 매우 자주 갈아주는 것이다.#@문장구분# 우리 교실에 있는 쓰레기통들을 살펴보면 자주 갈아주지 않으면 그 안에서 냄새가 나기 시작한다.#@문장구분# 그 작은 곳에서 말이다.#@문장구분# 그래서 항상 선생님들은 쓰레기통을 자주 갈아주기를 권장 하신다.#@문장구분# 물론 쓰레기통을 갈아주는 규모와 폐기물 매립지 안의 폐기물들을 갈아주는 규모의 차이는 크다.#@문장구분# 하지만 폐기물 매립지 장소를 옮기는 비용과 그 사이에 폐기물 처리를 못 한다는 효율성을 따지면 쉽고 가능한 해결 방안이 될 수 있다.#@문장구분# 그리고 두 번째 해결 방안은 폐기물 매립지 근처에 나무를 많이 심는 것이다. #@문장구분#우리나라에는 좋은 향이 나는 나무들이 많이 있다.#@문장구분# 당장 근처에 산만 등산해봐도 우리가 도심 속에서 느끼는 쾌쾌한 향보다 좋은 향이 난다는 것을 알 수 있다.#@문장구분# 이 것은 도시와는 많이 떨어져 있는 시골 속에서도 느낄 수 있다.#@문장구분# 폐기물 매립지 근처에 나무를 많이 심으면 폐기물 매립지에서 나는 악취를 가릴 수도 있고 근처에 아름다운 나무 들이 있으면 주변 경관도 훨씬 나아질 것이다.#@문장구분# 마지막 해결 방안은 폐기물 매립지를 감싸는 건물을 짓는 것이다.#@문장구분# 우리가 발냄새가 많이 난다하더라도 신발을 신으면 많이 가려지는 것처럼 폐기물 매립지를 감싸는 건물도 악취를 가려주는 효과를 톡톡히 볼 수 있을 것이다.#@문장구분# 하지만 그렇게 되면 비용에 대한 문제가 발생할 수있는데 그럴 때에는 문제 해결을 원하는 사람들에게 기부를 받아서 보태는 것이 좋은 방법이 될 수 있다.#@문장구분#",
      "paragraph_len": 1153,
      "paragraph_id": "001"
    }
  ],
  "score": {
    "paragraph_score": [
      {
        "paragraph_scoreT": [
          3,
          3,
          2.6
        ],
        "paragraph_scoreT_detail": {
          "paragraph_scoreT_exp": [
            [
              3,
              3,
              3
            ],
            [
              3,
              3,
              3
            ],
            [
              3,
              3,
              2
            ]
          ]
        },
        "paragraph_scoreT_avg": 2.8666668,
        "paragraph_id": "001"
      }
    ],
    "essay_scoreT": [
      29.300001,
      29.7,
      25.4
    ],
    "essay_scoreT_avg": 28.133333,
    "essay_scoreT_detail": {
      "essay_scoreT_org": [
        [
          3,
          0,
          3,
          2
        ],
        [
          3,
          0,
          3,
          2
        ],
        [
          2,
          0,
          3,
          3
        ]
      ],
      "essay_scoreT_cont": [
        [
          3,
          3,
          2,
          3
        ],
        [
          3,
          3,
          3,
          3
        ],
        [
          3,
          2,
          2,
          3
        ]
      ],
      "essay_scoreT_exp": [
        [
          3,
          3,
          3
        ],
        [
          3,
          3,
          3
        ],
        [
          3,
          3,
          2
        ]
      ]
    }
  },
  "student": {
    "date": "2021.09.07",
    "student_educated": true,
    "student_grade": "고등_1학년",
    "location": "051",
    "student_grade_group": "고등",
    "student_reading": 2
  },
  "rubric": {
    "essay_grade": "고등_1학년",
    "organization_weight": {
      "org_paragraph": 0,
      "org": 3,
      "org_essay": 6,
      "org_coherence": 3,
      "org_quantity": 1
    },
    "essay_type": "대안제시",
    "content_weight": {
      "con_clearance": 3,
      "con_novelty": 3,
      "con": 4,
      "con_prompt": 1,
      "con_description": 3
    },
    "essay_main_subject": "혐오시설 건설문제에 대한 본인의 생각",
    "expression_weight": {
      "exp_style": 4,
      "exp_grammar": 2,
      "exp_vocab": 4,
      "exp": 3
    }
  },
  "correction": [],
  "info": {
    "essay_id": "ESSAY_33808",
    "essay_prompt": " 혐오 시설이란 지역 주민에게 공포감이나 고통을 주거나, 주변 지역의 쾌적성이 훼손됨으로써 집값이나 땅값이 내려가는 등 부정적인 외부효과를 유발하는 시설을 의미합니다.\n\n 대표적인 혐오 시설에는 쓰레기 매립장, 원자력발전소, 소각장, 유류저장소 등이 있습니다.\n\n 매립지, 소각장, 쓰레기 하치장 같은 혐오 시설은 그리 위험하지는 않지만, 쓰레기를 취급한다는 점에서 혐오감을 주며, 주변 환경오염 문제가 갈등을 일으킵니다. 특히 소각장은 인구밀도가 높은 대도시에 건설된다는 점에서 반대 운동이 일기도 합니다.\n\n 그런데 서로 반대만 하다 보면 입지를 찾지 못해 결국 모든 주민의 삶의 질이 저하될 수 있습니다.\n\n 정부 차원에서 가장 적절한 장소를 선별하여 건설 후 주변 사람들에게 혜택을 주는 방식이 적절한 방법일까요? 아니면 혐오 시설만을 모아둔 부지를 따로 정해서 건설해야 할까요? 아니면 모든 도시가 공평하게 혐오 시설 건설에 대한 부담을 지니고 하나씩 건설해야 할까요?\n\n 모두가 만족할만한 결과를 내기란 정말 어려운 문제이지만 여러분이 생각하는 가장 합리적이고 좋은 방법을 생각해보세요. 그리고 그 방법을 대안으로 제시하고 그 근거에 대해 작성해주세요.",
    "essay_type": "대안제시",
    "essay_level": "1",
    "essay_len": 854,
    "essay_main_subject": "혐오시설 건설문제에 대한 본인의 생각"
  }
}