{
  "paragraph": [
    {
      "paragraph_txt": "먼저, 우리 나라는 현재 법적으로 인권을 표명하고 있음에도 불구하고 불평등을 거론하는 일이 잦아지고 있다.#@문장구분# 이는 국민 대다수가 상호간에 인권을 존중하고 서로의 차이를 이해하려 노력한다고 볼 수도 있지만, 대중매체를 통해 빈번히 보이는 사례로 인해 익명성 문제,  성혐오 표현 문제 등 기타적인 불평등 문제로 일컫어지고 있다.#@문장구분# 이를 줄여나가기 위해 어떤 일을 해야 할까?#@문장구분#",
      "paragraph_len": 266,
      "paragraph_id": "001"
    },
    {
      "paragraph_txt": "첫째, 언어 예절 교육을 확대해야 한다. #@문장구분#언어 예절 교육은 인간이 현대 사회에 살아감에 있어 꼭 필요한 절차이다.#@문장구분# 언어 폭력 또는 성희롱 경험 건수를 집계한 결과, 직장 내 성희롱, 학교 또는 학원 내 언어 폭력, 인터넷상 성희롱 및 언어 폭력이 상위를 차지하였다.#@문장구분# 이 부분은 주로, 상호간 언어 예절을 지키는 것을 잊거나 소홀히 함으로 발생한다.#@문장구분# 언어 예절을 지키지 않아 일어날 수 있는 일들을 모아 공익 광고 및 인터넷 광고로 방영하고, 언어 예절 캠페인을 개최하여 전 연령층에게 언어 예절에 대한 경각심을 주어야 한다.#@문장구분#",
      "paragraph_len": 393,
      "paragraph_id": "002"
    },
    {
      "paragraph_txt": "둘째, 위 첫째에서 거론한 사례들을 예방할 방법을 보완하기 위해 성혐오 표현 또는 성희롱 표현 대신 사용할 수 있는 순화된 말들을 인권단체, 시민단체, 캠페인 등을 통해 알려야 한다.#@문장구분#",
      "paragraph_len": 122,
      "paragraph_id": "003"
    },
    {
      "paragraph_txt": "셋째, 익명성이 보장되는 온라인 게임, 채팅, SNS 등의 매체에서 익명성을 악용하여 과격한 표현#@문장구분#(비속어, 협박, 성희롱, 혐오 표현 등)#@문장구분#의 사용으로 발생하는 문제를 예방하기 위해 전화번호, 이메일 등의 개인 정보와 사이버 수사대를 이어, 사이버 수사대의 접근성을 높이고, 동시에 개인정보 유출 우려를 예방할 통합적 법안을 개편해야 한다.#@문장구분#",
      "paragraph_len": 249,
      "paragraph_id": "004"
    },
    {
      "paragraph_txt": "위 대안들을 통해 서로간 존중과 이해를 위한 생각의 시간을 늘리고 장소나 때, 상대에 따라 예절을 갖추어 사람들이 더 이상 불평등한 곳에서 살아가지 말고, 존중과 이해가 가득한 세상에서 살아갔으면 좋겠다.#@문장구분#",
      "paragraph_len": 134,
      "paragraph_id": "005"
    }
  ],
  "score": {
    "paragraph_score": [
      {
        "paragraph_scoreT": [
          3,
          2.2,
          2
        ],
        "paragraph_scoreT_detail": {
          "paragraph_scoreT_exp": [
            [
              3,
              3,
              3
            ],
            [
              3,
              2,
              2
            ],
            [
              2,
              2,
              2
            ]
          ]
        },
        "paragraph_scoreT_avg": 2.3999999,
        "paragraph_id": "001"
      },
      {
        "paragraph_scoreT": [
          3,
          2.2,
          2
        ],
        "paragraph_scoreT_detail": {
          "paragraph_scoreT_exp": [
            [
              3,
              3,
              3
            ],
            [
              3,
              2,
              2
            ],
            [
              2,
              2,
              2
            ]
          ]
        },
        "paragraph_scoreT_avg": 2.3999999,
        "paragraph_id": "002"
      },
      {
        "paragraph_scoreT": [
          3,
          2.2,
          2
        ],
        "paragraph_scoreT_detail": {
          "paragraph_scoreT_exp": [
            [
              3,
              3,
              3
            ],
            [
              3,
              2,
              2
            ],
            [
              2,
              2,
              2
            ]
          ]
        },
        "paragraph_scoreT_avg": 2.3999999,
        "paragraph_id": "003"
      },
      {
        "paragraph_scoreT": [
          3,
          2.2,
          2
        ],
        "paragraph_scoreT_detail": {
          "paragraph_scoreT_exp": [
            [
              3,
              3,
              3
            ],
            [
              3,
              2,
              2
            ],
            [
              2,
              2,
              2
            ]
          ]
        },
        "paragraph_scoreT_avg": 2.3999999,
        "paragraph_id": "004"
      },
      {
        "paragraph_scoreT": [
          3,
          2.2,
          2
        ],
        "paragraph_scoreT_detail": {
          "paragraph_scoreT_exp": [
            [
              3,
              3,
              3
            ],
            [
              3,
              2,
              2
            ],
            [
              2,
              2,
              2
            ]
          ]
        },
        "paragraph_scoreT_avg": 2.3999999,
        "paragraph_id": "005"
      }
    ],
    "essay_scoreT": [
      30,
      25.5,
      19.099998
    ],
    "essay_scoreT_avg": 24.866667,
    "essay_scoreT_detail": {
      "essay_scoreT_org": [
        [
          3,
          0,
          3,
          3
        ],
        [
          3,
          0,
          2,
          3
        ],
        [
          2,
          0,
          2,
          3
        ]
      ],
      "essay_scoreT_cont": [
        [
          3,
          3,
          3,
          3
        ],
        [
          3,
          2,
          3,
          3
        ],
        [
          1,
          2,
          2,
          2
        ]
      ],
      "essay_scoreT_exp": [
        [
          3,
          3,
          3
        ],
        [
          3,
          2,
          2
        ],
        [
          2,
          2,
          2
        ]
      ]
    }
  },
  "student": {
    "date": "2021.09.07",
    "student_educated": true,
    "student_grade": "고등_1학년",
    "location": "051",
    "student_grade_group": "고등",
    "student_reading": 1
  },
  "rubric": {
    "essay_grade": "고등_1학년",
    "organization_weight": {
      "org_paragraph": 0,
      "org": 3,
      "org_essay": 6,
      "org_coherence": 3,
      "org_quantity": 1
    },
    "essay_type": "대안제시",
    "content_weight": {
      "con_clearance": 3,
      "con_novelty": 3,
      "con": 4,
      "con_prompt": 1,
      "con_description": 3
    },
    "essay_main_subject": "남녀 갈등 해결 방안",
    "expression_weight": {
      "exp_style": 4,
      "exp_grammar": 2,
      "exp_vocab": 4,
      "exp": 3
    }
  },
  "correction": [],
  "info": {
    "essay_id": "ESSAY_34233",
    "essay_prompt": " 남녀 갈등은 최근 우리 사회에서 가장 뜨거운 이슈 중 하나입니다. 이러한 갈등은 아직 간극을 좁히지 못하고 현재 사회적인 문제로 자리 잡았습니다.\n\n 군 가산점 문제, 일자리 문제 등 여러 가지 비교 자료들을 토대로 토론을 하고 이를 통해 갈등을 해결하고자 하는 노력이 이루어지고 있습니다.\n\n 과거에는 성차별 심했던 시기가 있었습니다. 여자와 남자를 구별 지어 일을 주는 경우도 많았습니다. 하지만, 현재는 여자와 남자라는 성별을 떠나서 나이, 국적을 불문하고 모두에게 평등한 기회를 주기 위해 노력하고 있습니다.\n\n 이렇게 모두의 노력에도 불구하고 아직 해결되지 않았거나 해결될 기미가 보이지 않는 양성평등 문제가 있을까요?\n\n 아주 작은 사소한 일이라도 좋습니다. 여러분이 생각하는 우리 주변의 양성평등 문제를 하나 작성해보고 어떻게 해결할 수 있을지 혹은 무엇이 바뀌어야 해결될 것 같은지 본인의 생각을 설명해주세요. ",
    "essay_type": "대안제시",
    "essay_level": "1",
    "essay_len": 913,
    "essay_main_subject": "남녀 갈등 해결 방안"
  }
}