{
  "paragraph": [
    {
      "paragraph_txt": "혐오시설은 집 값을 떨어트린다와 냄새가 난다 등의 문제점으로 인해 쓰레기 소각장이 생긴다하면 그 지역 주민들은 반대를 한다.#@문장구분# 이 문제점들을 해결하기 위해서 대안이 필요하다.#@문장구분# 첫째, 혐오시설인 쓰레기 소각장이 생기게 됨으로써 집 값이 떨어지는등 경제적인 피해가 일어날 수 있다.#@문장구분# 그 지역 주민들에게 이에 대한 보상과 혜택을 제공함으로써 주민들의 피해를 최대한 줄인다.#@문장구분# 둘째, 사람이 적게 사는 동네에 혐오시설을 짓는다.#@문장구분# 하지만 쓰레기 소각장과 같은 혐오시설에서 일하는 관계자들이 편의시설을 잘 누릴 수 없게 된다라는 단점도 있다.#@문장구분# 사람이 적게 사는 동네라면 편의시설도 그닥 좋지않고 교통 또한 불편할 것이기 때문이다.#@문장구분# 이에 대한 해결책은 그 근방에 편의 시설을 배치하고 교통이 원활해질 수 있도록 만들어나가는 것이다.#@문장구분# 그 근방에서서 일하는 사람에게 또한 이익이 될 수 있는 점을 제공해야한다.#@문장구분# 셋째, 주민들의 요구사항이나 불편사항을 듣고 원활하게 조율해가야한다.#@문장구분# 어디엔가는 꼭 필요한 혐오시설이 주민들이 살던 지역에 생긴다면 이익이 되는 부분이 있겠지만 피해를 겪는 것이 더 클 것이다.#@문장구분# 요구사항이나 불편사항들도 늘어날 것이다.#@문장구분# 이에 대해 정부와 기업은 이 요구사항이나 불편사항들을 듣고 주민들과의 의견을 맞추어나가며 해결해나가야한다.#@문장구분# 마지막으로 혐오시설이 생길 지역의 주민들에게 이사를 권유해보는 것도 좋은 대안 같다.#@문장구분# 그 시설들이 단지 생긴다고해서 주민들을 내보낼 권리는 없다.#@문장구분# 하지만 시설이 생기고 나서나 생길 떄 쯤이나 반대의 목소리가 커질 것이다.#@문장구분# 사전에 미리 상황에 대한 설명을 한 후 이사를 권유해봄으로써 생기고 난후의 불평이 줄어들 것이고 서로 서로에게 덜 피해를 끼치고 반대 시위와 같은 것들이 일어나지않는 평화로운 시간을 보낼 수 있을 것이라고 생각한다.#@문장구분#",
      "paragraph_len": 1219,
      "paragraph_id": "001"
    }
  ],
  "score": {
    "paragraph_score": [
      {
        "paragraph_scoreT": [
          2.6,
          3,
          2
        ],
        "paragraph_scoreT_detail": {
          "paragraph_scoreT_exp": [
            [
              3,
              3,
              2
            ],
            [
              3,
              3,
              3
            ],
            [
              2,
              2,
              2
            ]
          ]
        },
        "paragraph_scoreT_avg": 2.5333333,
        "paragraph_id": "001"
      }
    ],
    "essay_scoreT": [
      24.2,
      27,
      23.3
    ],
    "essay_scoreT_avg": 24.833334,
    "essay_scoreT_detail": {
      "essay_scoreT_org": [
        [
          2,
          0,
          3,
          3
        ],
        [
          2,
          0,
          2,
          2
        ],
        [
          3,
          0,
          2,
          3
        ]
      ],
      "essay_scoreT_cont": [
        [
          3,
          2,
          2,
          2
        ],
        [
          3,
          3,
          3,
          3
        ],
        [
          3,
          2,
          2,
          2
        ]
      ],
      "essay_scoreT_exp": [
        [
          3,
          3,
          2
        ],
        [
          3,
          3,
          3
        ],
        [
          2,
          2,
          2
        ]
      ]
    }
  },
  "student": {
    "date": "2021.09.07",
    "student_educated": true,
    "student_grade": "고등_1학년",
    "location": "051",
    "student_grade_group": "고등",
    "student_reading": 2
  },
  "rubric": {
    "essay_grade": "고등_1학년",
    "organization_weight": {
      "org_paragraph": 0,
      "org": 3,
      "org_essay": 6,
      "org_coherence": 3,
      "org_quantity": 1
    },
    "essay_type": "대안제시",
    "content_weight": {
      "con_clearance": 3,
      "con_novelty": 3,
      "con": 4,
      "con_prompt": 1,
      "con_description": 3
    },
    "essay_main_subject": "혐오시설 건설문제에 대한 본인의 생각",
    "expression_weight": {
      "exp_style": 4,
      "exp_grammar": 2,
      "exp_vocab": 4,
      "exp": 3
    }
  },
  "correction": [],
  "info": {
    "essay_id": "ESSAY_33816",
    "essay_prompt": " 혐오 시설이란 지역 주민에게 공포감이나 고통을 주거나, 주변 지역의 쾌적성이 훼손됨으로써 집값이나 땅값이 내려가는 등 부정적인 외부효과를 유발하는 시설을 의미합니다.\n\n 대표적인 혐오 시설에는 쓰레기 매립장, 원자력발전소, 소각장, 유류저장소 등이 있습니다.\n\n 매립지, 소각장, 쓰레기 하치장 같은 혐오 시설은 그리 위험하지는 않지만, 쓰레기를 취급한다는 점에서 혐오감을 주며, 주변 환경오염 문제가 갈등을 일으킵니다. 특히 소각장은 인구밀도가 높은 대도시에 건설된다는 점에서 반대 운동이 일기도 합니다.\n\n 그런데 서로 반대만 하다 보면 입지를 찾지 못해 결국 모든 주민의 삶의 질이 저하될 수 있습니다.\n\n 정부 차원에서 가장 적절한 장소를 선별하여 건설 후 주변 사람들에게 혜택을 주는 방식이 적절한 방법일까요? 아니면 혐오 시설만을 모아둔 부지를 따로 정해서 건설해야 할까요? 아니면 모든 도시가 공평하게 혐오 시설 건설에 대한 부담을 지니고 하나씩 건설해야 할까요?\n\n 모두가 만족할만한 결과를 내기란 정말 어려운 문제이지만 여러분이 생각하는 가장 합리적이고 좋은 방법을 생각해보세요. 그리고 그 방법을 대안으로 제시하고 그 근거에 대해 작성해주세요.",
    "essay_type": "대안제시",
    "essay_level": "1",
    "essay_len": 879,
    "essay_main_subject": "혐오시설 건설문제에 대한 본인의 생각"
  }
}