{
  "paragraph": [
    {
      "paragraph_txt": "최근 한 기업에서는 직원 평가에 성차별적인 내용이 있었다고 한다.#@문장구분# 남직원에게는 일에 관련된 것만 평가하고 여직원에게는 '건전한 사생활' 같은 사생활까지 평가하여 사생활 침해라는 비난을 들었다.#@문장구분# 또한, 현재 우리나라엔 성별로 인해 발생하는 정치•경제•사회•문화적 차별을 없애야 한다는 견해인 페미니즘을 주장하는 여성들이 늘어났다.#@문장구분# 더불어 도쿄 올림픽 3관왕인 안산 선수가 '웅앵웅'이나 '오조오억' 이런 단어를 사용해 논란이 되는 등 남녀 사이의 갈등은 심각한 상황이다.#@문장구분# 우리는 남녀갈등의 문제들이 해결되기를 바라며 원인과 해결방안을 조사했다.#@문장구분# 남녀갈등의 원인으로는 먼저 인식의 차이가 있다.#@문장구분# n번방 사건, 조두순 등 성범죄자가 대부분 남자라는 이유만으로 남자에 대해 '잠재적 범죄자'라는 잘못된 인식으로 법적으로나 사회적으로나 차별하는 것이 있고 여자에게는 아직 남존여비 사상 때문에 남아있는 여자는 집안일을 해야 한다든지 등의 여러 인식의 차이로 인한 갈등이 있다.#@문장구분# 두 번째 원인으로는 실질적인 남녀평등이 이루어지지 않았다는 것이다.#@문장구분#이전에는 여자가 차별을 받았다면 이제는 여성의 인권이 강화되면서 남녀평등을 위해 만든 법률이 오히려 남자를 차별하게 되고 있다는 것이다.#@문장구분# 하지만 반대로 여자에게도 혜택을 많이 받는다며 오히려 역차별을 받는 경우도 있다.#@문장구분#   이에 대한 해결방안으로 먼저 남녀평등에 관한 정책마련이 있다.#@문장구분# 남자나 여자에 대한 차별을 줄이기 위해 혜택을 추가하기보다는 올바른 차별금지법 등 정책, 제도, 규범을 마련함으로써 차별이 이루어지지 않는 실질적 평등을 구현하여 인식의 차이를 좁히는 방법이 있다.#@문장구분# 이렇게 함으로써 사회에 있는 남녀 간의 갈등이 줄어들 것이다.#@문장구분# 두 번째 해결방안으로 남자와 여자 서로 간의 인식의 차이를 좁히기 위한 교육을 실시하는 것이다.#@문장구분# 대부분의 남녀갈등의 원인은 서로 간의 인식의 차이에서 나오는 차별에서 시작된다.#@문장구분# 그렇기 때문에 학교나 회사에서 평등에 대한 주제에 대해 강연을 한다든지 여러 교육을 실시한다면 이런 갈등들이 줄어들 것이다.#@문장구분# 금까지 우리는 남녀갈등의 원인과 해결방안을 알아보았다.#@문장구분#우리 주변에는 우리의 생각보다 더 많은 차별들이 일어나고 있다.#@문장구분# 하지만 서로에 대한 이해와 법적 장치들을 통해 남녀 간의 갈등을 해결해 나갈 수 있을 것을 기대한다.#@문장구분# 앞으로는 남녀 서로를 잘 이해하고 배려하고 사람들이 더 많이 이 갈등에 대해 관심을 가져서 행복한 사회를 만들어 나갔으면 좋겠다.#@문장구분#",
      "paragraph_len": 1593,
      "paragraph_id": "001"
    }
  ],
  "score": {
    "paragraph_score": [
      {
        "paragraph_scoreT": [
          3,
          3,
          3
        ],
        "paragraph_scoreT_detail": {
          "paragraph_scoreT_exp": [
            [
              3,
              3,
              3
            ],
            [
              3,
              3,
              3
            ],
            [
              3,
              3,
              3
            ]
          ]
        },
        "paragraph_scoreT_avg": 3,
        "paragraph_id": "001"
      }
    ],
    "essay_scoreT": [
      30,
      30,
      30
    ],
    "essay_scoreT_avg": 30,
    "essay_scoreT_detail": {
      "essay_scoreT_org": [
        [
          3,
          0,
          3,
          3
        ],
        [
          3,
          0,
          3,
          3
        ],
        [
          3,
          0,
          3,
          3
        ]
      ],
      "essay_scoreT_cont": [
        [
          3,
          3,
          3,
          3
        ],
        [
          3,
          3,
          3,
          3
        ],
        [
          3,
          3,
          3,
          3
        ]
      ],
      "essay_scoreT_exp": [
        [
          3,
          3,
          3
        ],
        [
          3,
          3,
          3
        ],
        [
          3,
          3,
          3
        ]
      ]
    }
  },
  "student": {
    "date": "2021.11.19",
    "student_educated": true,
    "student_grade": "고등_1학년",
    "location": "051",
    "student_grade_group": "고등",
    "student_reading": 1
  },
  "rubric": {
    "essay_grade": "고등_1학년",
    "organization_weight": {
      "org_paragraph": 0,
      "org": 3,
      "org_essay": 6,
      "org_coherence": 3,
      "org_quantity": 1
    },
    "essay_type": "대안제시",
    "content_weight": {
      "con_clearance": 3,
      "con_novelty": 3,
      "con": 4,
      "con_prompt": 1,
      "con_description": 3
    },
    "essay_main_subject": "남녀 갈등 해결 방안",
    "expression_weight": {
      "exp_style": 4,
      "exp_grammar": 2,
      "exp_vocab": 4,
      "exp": 3
    }
  },
  "correction": [],
  "info": {
    "essay_id": "ESSAY_48459",
    "essay_prompt": " 남녀 갈등은 최근 우리 사회에서 가장 뜨거운 이슈 중 하나입니다. 이러한 갈등은 아직 간극을 좁히지 못하고 현재 사회적인 문제로 자리 잡았습니다.\n\n 군 가산점 문제, 일자리 문제 등 여러 가지 비교 자료들을 토대로 토론을 하고 이를 통해 갈등을 해결하고자 하는 노력이 이루어지고 있습니다.\n\n 과거에는 성차별 심했던 시기가 있었습니다. 여자와 남자를 구별 지어 일을 주는 경우도 많았습니다. 하지만, 현재는 여자와 남자라는 성별을 떠나서 나이, 국적을 불문하고 모두에게 평등한 기회를 주기 위해 노력하고 있습니다.\n\n 이렇게 모두의 노력에도 불구하고 아직 해결되지 않았거나 해결될 기미가 보이지 않는 양성평등 문제가 있을까요?\n\n 아주 작은 사소한 일이라도 좋습니다. 여러분이 생각하는 우리 주변의 양성평등 문제를 하나 작성해보고 어떻게 해결할 수 있을지 혹은 무엇이 바뀌어야 해결될 것 같은지 본인의 생각을 설명해주세요. ",
    "essay_type": "대안제시",
    "essay_level": "1",
    "essay_len": 1195,
    "essay_main_subject": "남녀 갈등 해결 방안"
  }
}