{
  "paragraph": [
    {
      "paragraph_txt": "우리 주변에는 여러가지 혐오시설이 있습니다.#@문장구분# 많은 사람들이 반대하는 경우가 많은 혐오시설은 우리가 살아감에 있어서 꼭 필요한 시설이긴 하지만 외면받습니다.#@문장구분# 그러나 여러 지자체들은 에너지 자립, 관광지원 활성화, 가계경제 증가 등등 긍정적으로 환영하는 곳도 많이 있습니다.#@문장구분# 예를 들면 2019년 강원도에서는 혐오시설 유치전이 벌어 졌습니다.#@문장구분# 영월군 태백시 횡선군에서 서로 태백지역 하수처리장을 유치하겠다고 나선 것입니다.#@문장구분# 인구 유출이 계속되는 이 지역에서는 대한 방안으로 인구 유출을 막고, 농촌 문제를 해결하기 위함이라 합니다.#@문장구분# 결론은 태백시가 승리했지만...#@문장구분# 현재 영월은 영월 교도소나 군부대 태양광 발전소 등의 시설을 유치하고 있고 주민들과 상생방안을 위해 여러 가지 노력을 하고있는데요.#@문장구분# 그 중에서 농촌지역에서 생산하는 농산물들을 영월교도소에 제공하고 그로 인해 농촌에 살고 계신 어르신들이 농업을 유지하고 소득을 얻을 수 있는 상생이 됩니다.#@문장구분# 대부분의 사람들은 혐오시설의 인식이 부정적인 인식이 되어 있지만 그반면 혐오 시설이 유치돼어 이득이 된다면 그곳의 주민들과 합의해서 좋은 시너지 효과를 볼 수 있을 것입니다.#@문장구분# 물론 여러 혐오시설 등은 각자의 생각에 모두의 환영을 받을 수는 없다.#@문장구분# 그렇다고 무조건 반대하기 보다는 좀 더 나은 방향을 만들어 갔으면 좋겠습니다.#@문장구분# 앞으로 더 나은 방법이 생각나 이러한 혐오시설 설치에 관한 문제가 조속히 해결되는 사회가 되었으면 좋겠습니다.#@문장구분# 그러면 사람들이 혐오시설을 나쁘게만 바라보지 않고 좋게 보아 님비현상이 조금이나마 줄어들 수 있을 것 같기 때문에 혐오시설 설치에 관한 문제를 해결하는 방법이 빨리 생각이 났으면 좋겠습니다.#@문장구분# 그러면 서로서로 혐오시설을 자기의 지역에 설치하려고 하는 현상이 일어날테니까요.#@문장구분# 우리 모두 혐오시설에 대한 안좋은 인식을 버리고 좋은 인식만 가지도록 합니다.#@문장구분#",
      "paragraph_len": 1235,
      "paragraph_id": "001"
    }
  ],
  "score": {
    "paragraph_score": [
      {
        "paragraph_scoreT": [
          3,
          3,
          3
        ],
        "paragraph_scoreT_detail": {
          "paragraph_scoreT_exp": [
            [
              3,
              3,
              3
            ],
            [
              3,
              3,
              3
            ],
            [
              3,
              3,
              3
            ]
          ]
        },
        "paragraph_scoreT_avg": 3,
        "paragraph_id": "001"
      }
    ],
    "essay_scoreT": [
      28.8,
      28.8,
      30
    ],
    "essay_scoreT_avg": 29.199999,
    "essay_scoreT_detail": {
      "essay_scoreT_org": [
        [
          3,
          0,
          3,
          3
        ],
        [
          3,
          0,
          3,
          3
        ],
        [
          3,
          0,
          3,
          3
        ]
      ],
      "essay_scoreT_cont": [
        [
          3,
          2,
          3,
          3
        ],
        [
          3,
          2,
          3,
          3
        ],
        [
          3,
          3,
          3,
          3
        ]
      ],
      "essay_scoreT_exp": [
        [
          3,
          3,
          3
        ],
        [
          3,
          3,
          3
        ],
        [
          3,
          3,
          3
        ]
      ]
    }
  },
  "student": {
    "date": "2021.11.21",
    "student_educated": true,
    "student_grade": "고등_1학년",
    "location": "063",
    "student_grade_group": "고등",
    "student_reading": 1
  },
  "rubric": {
    "essay_grade": "고등_1학년",
    "organization_weight": {
      "org_paragraph": 0,
      "org": 3,
      "org_essay": 6,
      "org_coherence": 3,
      "org_quantity": 1
    },
    "essay_type": "대안제시",
    "content_weight": {
      "con_clearance": 3,
      "con_novelty": 3,
      "con": 4,
      "con_prompt": 1,
      "con_description": 3
    },
    "essay_main_subject": "혐오시설 건설문제에 대한 본인의 생각",
    "expression_weight": {
      "exp_style": 4,
      "exp_grammar": 2,
      "exp_vocab": 4,
      "exp": 3
    }
  },
  "correction": [],
  "info": {
    "essay_id": "ESSAY_47358",
    "essay_prompt": " 혐오 시설이란 지역 주민에게 공포감이나 고통을 주거나, 주변 지역의 쾌적성이 훼손됨으로써 집값이나 땅값이 내려가는 등 부정적인 외부효과를 유발하는 시설을 의미합니다.\n\n 대표적인 혐오 시설에는 쓰레기 매립장, 원자력발전소, 소각장, 유류저장소 등이 있습니다.\n\n 매립지, 소각장, 쓰레기 하치장 같은 혐오 시설은 그리 위험하지는 않지만, 쓰레기를 취급한다는 점에서 혐오감을 주며, 주변 환경오염 문제가 갈등을 일으킵니다. 특히 소각장은 인구밀도가 높은 대도시에 건설된다는 점에서 반대 운동이 일기도 합니다.\n\n 그런데 서로 반대만 하다 보면 입지를 찾지 못해 결국 모든 주민의 삶의 질이 저하될 수 있습니다.\n\n 정부 차원에서 가장 적절한 장소를 선별하여 건설 후 주변 사람들에게 혜택을 주는 방식이 적절한 방법일까요? 아니면 혐오 시설만을 모아둔 부지를 따로 정해서 건설해야 할까요? 아니면 모든 도시가 공평하게 혐오 시설 건설에 대한 부담을 지니고 하나씩 건설해야 할까요?\n\n 모두가 만족할만한 결과를 내기란 정말 어려운 문제이지만 여러분이 생각하는 가장 합리적이고 좋은 방법을 생각해보세요. 그리고 그 방법을 대안으로 제시하고 그 근거에 대해 작성해주세요.",
    "essay_type": "대안제시",
    "essay_level": "1",
    "essay_len": 915,
    "essay_main_subject": "혐오시설 건설문제에 대한 본인의 생각"
  }
}