{
  "paragraph": [
    {
      "paragraph_txt": "사람들을 연결해 주는 인터넷은 스마트 폰이나 컴퓨터를 통해 언제, 어디서나 사람들끼리 소통을 가능하게 만들어주었다.#@문장구분# 하지만 자유로운 소통과 정보 공유로 인해 인터넷상에서 일어나는 문제점들이 있다.#@문장구분# 그중 인터넷상에서 일어나는 남녀 갈등도 있다.#@문장구분# 여성혐오는 여성에 대한 혐오나 증오를 뜻하고 남성혐오는 남성에 대한 혐오 또는 증오를 뜻하는데 이런 혐오가 남녀갈등의 일환으로 새로운 사회 문제가 되고 있다.#@문장구분#\n   최근에 네이버 웹툰의 성경의 역사, 바른 연애 길잡이가 남성 혐오 논란에 휩싸인 적이 있고 동일한 플랫폼의 헬퍼, 복학왕은 여성 혐오 논란이 일어난 적이 있었다.#@문장구분# 그리고 광고계에서는 특정성별을 비하하는 손 모양을 광고에 사용하여 논란이 되는 등 인터넷상에서 수많은 혐오 표현으로 남녀 갈등이 일어나고 있다.#@문장구분# 이런 남녀 갈등들이 성별 싸움으로 양극화 되어 일부 남초 커뮤니티, 여초 커뮤니티끼리 서로 혐오 표현을 사용하는 지경에까지 이르렀다.#@문장구분# 그렇다면 이런 남녀갈등이 인터넷상에서 일어나는 이유는 무엇일까?#@문장구분# 첫 번째 이유는 언론 미디어 기자가 잘못된 정보, 왜곡된 정보를 기사화 한다는 것이다.#@문장구분# 자극적인 기사를 작성하여 남녀 갈등을 일으키고 그 기사 댓글 등에서 성별 싸움이 일어난다.#@문장구분# 두 번째 이유는 그 기사의 잘못된 내용을 불특정 다수가 다른 매체로 확산시킨다는 것이다.#@문장구분# 남녀갈등은 민감한 문제이기에 많은 사람들이 관심을 갖고 댓글이 달린다.#@문장구분# 그리고 그 댓글에서 갈등을 조장하고 싸움이 일어나게 된다.#@문장구분# 이러한 문제를 해결하는 방법으로는 법과 제도를 통해 분쟁을 일으킬 수 있는 글이나 정보를 제재하는 방법이 있다.#@문장구분# 하지만 남녀 갈등을 해결하기 위해 특정 댓글들과 기사를 삭제하는 것은 표현의 자유를 억압하는 것이 될 수 있다.#@문장구분# 이는 남녀 갈등을 해결하기 위해 또 다른 문제를 낳는 격이다.#@문장구분# 결국 이 문제를 해결하기 위해서는 실질적 평등을 이뤄 갈등의 발생을 막아야 한다.#@문장구분# 먼저 남녀 개개인이 차별 받는다는 느낌을 받지 않게 하기 위해 성 평등 정책과 법률을 제정해야 한다.#@문장구분# 또한 불합리한 기존의 정책과 인식을 타파하고 소통을 통해 갈등을 해결해 나가야 한다.#@문장구분# 국민 모두가 이용할 수 있는 소통의 장을 만들어 서로가 겪고 있는 차별과 불합리성을 이야기한다면 서로를 이해할 수 있고 갈등을 해결해 나갈 수 있을 것이다.#@문장구분# 무엇보다 서로간의 입장 이해와 존중이 있을 때 갈등을 효과적으로 해결할 수 있다.#@문장구분#  모두가 평등한 세계로, 더 나은 세계로 나아가기 위해서는 남녀갈등이 필수적으로 해결되어야 한다.#@문장구분# 서로가 서로를 이해할 때 남녀 갈등을 해결할 수 있으며 다른 갈등도 해결할 수 있다.#@문장구분# 인터넷상에서의 남녀 갈등 해소는 또 다른 갈등의 해소를 위한 발판이 될 수 있다.#@문장구분# 우리가 갈등을 해결하고 진정한 평등을 실현할 때 비로소 아름다운 국가가 될 것이다.#@문장구분#",
      "paragraph_len": 1875,
      "paragraph_id": "001"
    }
  ],
  "score": {
    "paragraph_score": [
      {
        "paragraph_scoreT": [
          3,
          3,
          3
        ],
        "paragraph_scoreT_detail": {
          "paragraph_scoreT_exp": [
            [
              3,
              3,
              3
            ],
            [
              3,
              3,
              3
            ],
            [
              3,
              3,
              3
            ]
          ]
        },
        "paragraph_scoreT_avg": 3,
        "paragraph_id": "001"
      }
    ],
    "essay_scoreT": [
      30,
      30,
      28.8
    ],
    "essay_scoreT_avg": 29.6,
    "essay_scoreT_detail": {
      "essay_scoreT_org": [
        [
          3,
          0,
          3,
          3
        ],
        [
          3,
          0,
          3,
          3
        ],
        [
          3,
          0,
          3,
          3
        ]
      ],
      "essay_scoreT_cont": [
        [
          3,
          3,
          3,
          3
        ],
        [
          3,
          3,
          3,
          3
        ],
        [
          3,
          2,
          3,
          3
        ]
      ],
      "essay_scoreT_exp": [
        [
          3,
          3,
          3
        ],
        [
          3,
          3,
          3
        ],
        [
          3,
          3,
          3
        ]
      ]
    }
  },
  "student": {
    "date": "2021.11.19",
    "student_educated": true,
    "student_grade": "고등_1학년",
    "location": "051",
    "student_grade_group": "고등",
    "student_reading": 1
  },
  "rubric": {
    "essay_grade": "고등_1학년",
    "organization_weight": {
      "org_paragraph": 0,
      "org": 3,
      "org_essay": 6,
      "org_coherence": 3,
      "org_quantity": 1
    },
    "essay_type": "대안제시",
    "content_weight": {
      "con_clearance": 3,
      "con_novelty": 3,
      "con": 4,
      "con_prompt": 1,
      "con_description": 3
    },
    "essay_main_subject": "남녀 갈등 해결 방안",
    "expression_weight": {
      "exp_style": 4,
      "exp_grammar": 2,
      "exp_vocab": 4,
      "exp": 3
    }
  },
  "correction": [],
  "info": {
    "essay_id": "ESSAY_48463",
    "essay_prompt": " 남녀 갈등은 최근 우리 사회에서 가장 뜨거운 이슈 중 하나입니다. 이러한 갈등은 아직 간극을 좁히지 못하고 현재 사회적인 문제로 자리 잡았습니다.\n\n 군 가산점 문제, 일자리 문제 등 여러 가지 비교 자료들을 토대로 토론을 하고 이를 통해 갈등을 해결하고자 하는 노력이 이루어지고 있습니다.\n\n 과거에는 성차별 심했던 시기가 있었습니다. 여자와 남자를 구별 지어 일을 주는 경우도 많았습니다. 하지만, 현재는 여자와 남자라는 성별을 떠나서 나이, 국적을 불문하고 모두에게 평등한 기회를 주기 위해 노력하고 있습니다.\n\n 이렇게 모두의 노력에도 불구하고 아직 해결되지 않았거나 해결될 기미가 보이지 않는 양성평등 문제가 있을까요?\n\n 아주 작은 사소한 일이라도 좋습니다. 여러분이 생각하는 우리 주변의 양성평등 문제를 하나 작성해보고 어떻게 해결할 수 있을지 혹은 무엇이 바뀌어야 해결될 것 같은지 본인의 생각을 설명해주세요. ",
    "essay_type": "대안제시",
    "essay_level": "1",
    "essay_len": 1375,
    "essay_main_subject": "남녀 갈등 해결 방안"
  }
}