{
  "paragraph": [
    {
      "paragraph_txt": "혐오 시설을 건설하는 것에 대해 자신이 주거하는 지역에 건설하는 것만은 안 된다고 반대하는 것을 님비 현상이라고 한다.#@문장구분# 예전에 특수학교 건설에 대해서 서울 강서구에서 주민들이 반대하면서 장애학생들의 학부모들이 무릎을 꿇고 빌게 된 적이 있었다.#@문장구분# 특수학교가 혐오 시설이어서 집값이 떨어진다는 이유에서 주민들이 특수학교 설립을 반대하게 되자 토론회를 열게 되어 일어난 일이었다. #@문장구분#이렇듯 혐오시설에 대한 갈등이 일어나는 문제를 해결하기 위한 방법이 필요해졌다.#@문장구분#\n 위와 같은 님비 현상을 해소하기 위해서는 먼저, 세계 시민으로써 시민의식을 갖추어야한다.#@문장구분# 님비 현상과 같은 사회 현상에 대해서 알고 그 문제점에 대해서도 알아보면서 스스로 시민의식을 갖추도록 노력하여 지역에 따른 이기주의를 타파할 수 있도록 해야한다.#@문장구분# 다른 지역들과 함께 서로 소통하면서 가장 적절한 곳에 세울 수 있도록 도움을 주어야한 다고 생각한다.#@문장구분# 위의 경우에서는 특수학교가 사실 장애인이 다니는 학교일뿐인데도 혐오 시설로 취급받는 점에서는 장애인에 대한 인식이 그리 성숙하지 않다는 것을 볼 수 있다.#@문장구분# 시민의식을 고양시키면서 이기주의와 편견을 깨기 위한 노력이 필요하다고 생각한다.#@문장구분#\n 정부 차원에서 혐오 시설이 있음에도 불구하고 그 지역이 활성화될 수 있는 추가적인 시설 건설이 필요하다고 생각한다. #@문장구분#예를 들자면 한 지역에 쓰레기 소각장을 설립한다면 동시에 같은 지역에 백화점이 들어설 수 있도록 면세점을 두고 지하철역이 지나가게 하여 지하도를 활성화 시키면서 그 주변 거리를 활성화하도록 계획해야한다.#@문장구분#아무리 시민의식이 있더라도 자신의 주거 지역에 환경적으로 좋지 못한 시설이 들어오는 것은 갈등을 갖게 할 수 밖에 없다.#@문장구분# 환경적으로 불편함을 갖게 되는 대신에 경제적, 사회적으로 이점을 가질 수 있는 것을 제공하는 계획을 세운다면 경제적으로 침체된 지역의 경우에는 기회가 될 수 있기 때문이다.#@문장구분# 또한, 환경을 오염하는 정도를 낮추는 정화 시설도 철저하게 건설하여 사람들이 주거하는 데 문제가 생기지 않도록 해야한다.#@문장구분#\n 이처럼 혐오 시설에 대해서 인식을 개선하는 동시에 주민들의 불만을 완화시킬 수 있는 방법을 찾아나갈 필요가 있다.#@문장구분#",
      "paragraph_len": 1362,
      "paragraph_id": "001"
    }
  ],
  "score": {
    "paragraph_score": [
      {
        "paragraph_scoreT": [
          3,
          2.2,
          2.8
        ],
        "paragraph_scoreT_detail": {
          "paragraph_scoreT_exp": [
            [
              3,
              3,
              3
            ],
            [
              3,
              2,
              2
            ],
            [
              2,
              3,
              3
            ]
          ]
        },
        "paragraph_scoreT_avg": 2.6666667,
        "paragraph_id": "001"
      }
    ],
    "essay_scoreT": [
      30,
      22.2,
      26
    ],
    "essay_scoreT_avg": 26.066666,
    "essay_scoreT_detail": {
      "essay_scoreT_org": [
        [
          3,
          0,
          3,
          3
        ],
        [
          2,
          0,
          2,
          2
        ],
        [
          2,
          0,
          3,
          3
        ]
      ],
      "essay_scoreT_cont": [
        [
          3,
          3,
          3,
          3
        ],
        [
          3,
          2,
          3,
          2
        ],
        [
          3,
          2,
          2,
          3
        ]
      ],
      "essay_scoreT_exp": [
        [
          3,
          3,
          3
        ],
        [
          3,
          2,
          2
        ],
        [
          2,
          3,
          3
        ]
      ]
    }
  },
  "student": {
    "date": "2021.09.02",
    "student_educated": true,
    "student_grade": "고등_1학년",
    "location": "051",
    "student_grade_group": "고등",
    "student_reading": 2
  },
  "rubric": {
    "essay_grade": "고등_1학년",
    "organization_weight": {
      "org_paragraph": 0,
      "org": 3,
      "org_essay": 6,
      "org_coherence": 3,
      "org_quantity": 1
    },
    "essay_type": "대안제시",
    "content_weight": {
      "con_clearance": 3,
      "con_novelty": 3,
      "con": 4,
      "con_prompt": 1,
      "con_description": 3
    },
    "essay_main_subject": "혐오시설 건설문제에 대한 본인의 생각",
    "expression_weight": {
      "exp_style": 4,
      "exp_grammar": 2,
      "exp_vocab": 4,
      "exp": 3
    }
  },
  "correction": [],
  "info": {
    "essay_id": "ESSAY_34261",
    "essay_prompt": " 혐오 시설이란 지역 주민에게 공포감이나 고통을 주거나, 주변 지역의 쾌적성이 훼손됨으로써 집값이나 땅값이 내려가는 등 부정적인 외부효과를 유발하는 시설을 의미합니다.\n\n 대표적인 혐오 시설에는 쓰레기 매립장, 원자력발전소, 소각장, 유류저장소 등이 있습니다.\n\n 매립지, 소각장, 쓰레기 하치장 같은 혐오 시설은 그리 위험하지는 않지만, 쓰레기를 취급한다는 점에서 혐오감을 주며, 주변 환경오염 문제가 갈등을 일으킵니다. 특히 소각장은 인구밀도가 높은 대도시에 건설된다는 점에서 반대 운동이 일기도 합니다.\n\n 그런데 서로 반대만 하다 보면 입지를 찾지 못해 결국 모든 주민의 삶의 질이 저하될 수 있습니다.\n\n 정부 차원에서 가장 적절한 장소를 선별하여 건설 후 주변 사람들에게 혜택을 주는 방식이 적절한 방법일까요? 아니면 혐오 시설만을 모아둔 부지를 따로 정해서 건설해야 할까요? 아니면 모든 도시가 공평하게 혐오 시설 건설에 대한 부담을 지니고 하나씩 건설해야 할까요?\n\n 모두가 만족할만한 결과를 내기란 정말 어려운 문제이지만 여러분이 생각하는 가장 합리적이고 좋은 방법을 생각해보세요. 그리고 그 방법을 대안으로 제시하고 그 근거에 대해 작성해주세요.",
    "essay_type": "대안제시",
    "essay_level": "1",
    "essay_len": 1063,
    "essay_main_subject": "혐오시설 건설문제에 대한 본인의 생각"
  }
}