{
  "paragraph": [
    {
      "paragraph_txt": "남성 또는 여성에 대한 혐오 표현을 줄이고 나아가서 이를 없애기 위해서는 첫째로 사람들의 관점을 바꾸어 놓아야 한다.#@문장구분# 단지 여성이 머리카락이 짧다는 이유만으로 패미니스트라고 한다든지 하는 그런 몰상식한 잘못된 생각을 바로 잡아야 한다.#@문장구분# ",
      "paragraph_len": 172,
      "paragraph_id": "001"
    },
    {
      "paragraph_txt": " 두 번째 방법으로는 남성 또는 여성 중심의 온라인 커뮤니티방을 제한해야 한다는 것이다.#@문장구분# 모든 사람들이 그런 것은 아니지만 꼭 남 잘되는 꼴을 못 보는 사람들이 있다.#@문장구분# 그런 사람들이 모이고 모여 이런 잘못된 정보가 퍼져나가는 것을 막기 위해 남성 또는 여성 중심의 온라인 커뮤니티를 제한해야 한다고 생각한다.#@문장구분# 또 다른 방법으로는 남녀 성에 관한 교육 확대이다.#@문장구분# 어렸을 때 잘못된 인식을 가지고 있던 사람은 커서도 그런 잘못된 인식들이 뿌리박혀 있을 수 있다.#@문장구분# 그렇기 때문에 어려서부터 제대로 된 성교육 이라든지 올바른 성 가치관에 대하여 인식하고 제대로 깨달을 필요가 있다.#@문장구분#\n \n 물론 이러한 제도적 장치들에 의해서 이루어지면 좋겠지만 그렇지 않다면 우리 스스로라도 이런 선입견을 가지면 안된다.#@문장구분# 특히 기상에서 볼 수 있듯이 이런 것들을 이용하여 정치판에 끌고오는 정치인들이 제일 괘씸한 것 같다.#@문장구분# 사람은 인권이 있고 본인의 권리를 보호받을 이유가 있다.#@문장구분# 이러한 인권을 무시하고 본인들이 생각했을 때 이상하다고, 남들과 조금 다른면이 있다고 해서 그런 이상한 소문을 내고 또 그런 것을 정치판에 이용해서는 절대 안되는 행동이다.#@문장구분# 역으로 본인이 당한다고 생각하고 행동해봐라.#@문장구분# 과연 본인들은 참을 수 있을까?#@문장구분# 아마 안 될 것이다.#@문장구분# ",
      "paragraph_len": 891,
      "paragraph_id": "002"
    },
    {
      "paragraph_txt": " 그러니 더더욱 조심스럽게 생각하고 조심스럽게 행동해야 한다.#@문장구분# 사회가 바뀌지 않는다면 우리 개개인 만이라도 올바른 성 가치관을 가질려고 노력하자#@문장구분#",
      "paragraph_len": 120,
      "paragraph_id": "003"
    }
  ],
  "score": {
    "paragraph_score": [
      {
        "paragraph_scoreT": [
          3,
          2.8,
          1.6
        ],
        "paragraph_scoreT_detail": {
          "paragraph_scoreT_exp": [
            [
              3,
              3,
              3
            ],
            [
              2,
              3,
              3
            ],
            [
              2,
              2,
              1
            ]
          ]
        },
        "paragraph_scoreT_avg": 2.4666667,
        "paragraph_id": "001"
      },
      {
        "paragraph_scoreT": [
          2.4,
          2.8,
          1.6
        ],
        "paragraph_scoreT_detail": {
          "paragraph_scoreT_exp": [
            [
              2,
              3,
              2
            ],
            [
              2,
              3,
              3
            ],
            [
              2,
              2,
              1
            ]
          ]
        },
        "paragraph_scoreT_avg": 2.2666667,
        "paragraph_id": "002"
      },
      {
        "paragraph_scoreT": [
          2.8,
          2.8,
          1.6
        ],
        "paragraph_scoreT_detail": {
          "paragraph_scoreT_exp": [
            [
              2,
              3,
              3
            ],
            [
              2,
              3,
              3
            ],
            [
              2,
              2,
              1
            ]
          ]
        },
        "paragraph_scoreT_avg": 2.3999999,
        "paragraph_id": "003"
      }
    ],
    "essay_scoreT": [
      28.2,
      29.4,
      17.6
    ],
    "essay_scoreT_avg": 25.066666,
    "essay_scoreT_detail": {
      "essay_scoreT_org": [
        [
          3,
          0,
          3,
          3
        ],
        [
          3,
          0,
          3,
          3
        ],
        [
          2,
          0,
          2,
          2
        ]
      ],
      "essay_scoreT_cont": [
        [
          3,
          3,
          3,
          3
        ],
        [
          3,
          3,
          3,
          3
        ],
        [
          2,
          1,
          2,
          2
        ]
      ],
      "essay_scoreT_exp": [
        [
          2,
          3,
          2
        ],
        [
          2,
          3,
          3
        ],
        [
          2,
          2,
          1
        ]
      ]
    }
  },
  "student": {
    "date": "2020.09.06",
    "student_educated": true,
    "student_grade": "고등_1학년",
    "location": "051",
    "student_grade_group": "고등",
    "student_reading": 1
  },
  "rubric": {
    "essay_grade": "고등_1학년",
    "organization_weight": {
      "org_paragraph": 0,
      "org": 3,
      "org_essay": 6,
      "org_coherence": 3,
      "org_quantity": 1
    },
    "essay_type": "대안제시",
    "content_weight": {
      "con_clearance": 3,
      "con_novelty": 3,
      "con": 4,
      "con_prompt": 1,
      "con_description": 3
    },
    "essay_main_subject": "남녀 갈등 해결 방안",
    "expression_weight": {
      "exp_style": 4,
      "exp_grammar": 2,
      "exp_vocab": 4,
      "exp": 3
    }
  },
  "correction": [],
  "info": {
    "essay_id": "ESSAY_34788",
    "essay_prompt": " 남녀 갈등은 최근 우리 사회에서 가장 뜨거운 이슈 중 하나입니다. 이러한 갈등은 아직 간극을 좁히지 못하고 현재 사회적인 문제로 자리 잡았습니다.\n\n 군 가산점 문제, 일자리 문제 등 여러 가지 비교 자료들을 토대로 토론을 하고 이를 통해 갈등을 해결하고자 하는 노력이 이루어지고 있습니다.\n\n 과거에는 성차별 심했던 시기가 있었습니다. 여자와 남자를 구별 지어 일을 주는 경우도 많았습니다. 하지만, 현재는 여자와 남자라는 성별을 떠나서 나이, 국적을 불문하고 모두에게 평등한 기회를 주기 위해 노력하고 있습니다.\n\n 이렇게 모두의 노력에도 불구하고 아직 해결되지 않았거나 해결될 기미가 보이지 않는 양성평등 문제가 있을까요?\n\n 아주 작은 사소한 일이라도 좋습니다. 여러분이 생각하는 우리 주변의 양성평등 문제를 하나 작성해보고 어떻게 해결할 수 있을지 혹은 무엇이 바뀌어야 해결될 것 같은지 본인의 생각을 설명해주세요. ",
    "essay_type": "대안제시",
    "essay_level": "1",
    "essay_len": 847,
    "essay_main_subject": "남녀 갈등 해결 방안"
  }
}