{
  "paragraph": [
    {
      "paragraph_txt": "현재와 같은 혐오표현과 차별표현이 만연하게 된 이유는 여러 가지가 있다.#@문장구분# 무분별한 매체의 수용과 미디어의 사용 연령 하락, 사회와 경제의 구조적 문제 등 복합적인 것이다.#@문장구분# 우리 사회에 만연하게 퍼져 있는 혐오와 차별 표현을 해결하기 위해서는 첫 번째로 매체의 비판적 수용이 필요하다고 생각한다.#@문장구분# 현재 온라인과 오프라인 상에서는 수많은 매체가 생성되고 이에따라 많은 의견들이 대두되고 있다.#@문장구분# 하지만 이런 여러 의견들은 근거가 정확하지 않거나 논리적이지 않은 의견들이 다수이다.#@문장구분# 기사에도 나와있둣이 혐오와 차별표현이 심화된 이유로는 정치인과 언론의 무분별한 혐오표현 사용이 있듯이 우리가 매체를 무분별하게 받아들인다면 사실을 거짓이라 믿고 거짓을 사실로 믿는, 실제와는 다른 사실을 믿고 진실은 통용되지 않는 이상한 사회가 될 것이다.#@문장구분# 따라서 매체의 비판적 수용이 중요하다고 생각한다.#@문장구분# 두 번째로는 혐오표현의 개념과 사용하면 안되는 이유에 대한 학습을 해야한다고 생각한다.#@문장구분# 혐오라는 것은 강자가 약자에게 행해질 때 성립되는 것이다.#@문장구분# 하지만 현재 우리 사회에서는 혐오의 개념과는 반대되는 남성혐오 등의 단어가 속출하고, 언론에서도 쓰이기도 한다.#@문장구분# 그리고 혐오표현을 계속해서 사용하게 되면 자신의 폭력성이 말에서 그치는 것이 아니라 실제 특정 집단을 향해 드러날 위험성이 있다.#@문장구분# 세 번째로는 페미니즘에 대한 근본적인 이해가 필요하다는 것이다.#@문장구분# 혐오표현 중 다수를 차지하고 있는 것은 단연 여성혐오이다.#@문장구분# 페미니즘은 이러한 여성혐오와, 나아가 모든 혐오를 지양하며 성평등, 사회적 평등을 주장하는 사회운동이다.#@문장구분# 따라서 혐오 표현이 사회에서 쓰이지 않게 하기 위해서는 페미니즘을 무턱대고 비판하고 비난하는 것이 아니라 페미니즘이 추구하는 근본적인 가치와 사회에 대한 탐구와 토론이 필요하다고 생각한다.#@문장구분#",
      "paragraph_len": 1189,
      "paragraph_id": "001"
    }
  ],
  "score": {
    "paragraph_score": [
      {
        "paragraph_scoreT": [
          2.8,
          2,
          2
        ],
        "paragraph_scoreT_detail": {
          "paragraph_scoreT_exp": [
            [
              2,
              3,
              3
            ],
            [
              2,
              2,
              2
            ],
            [
              2,
              2,
              2
            ]
          ]
        },
        "paragraph_scoreT_avg": 2.2666667,
        "paragraph_id": "001"
      }
    ],
    "essay_scoreT": [
      29.4,
      20,
      18.4
    ],
    "essay_scoreT_avg": 22.6,
    "essay_scoreT_detail": {
      "essay_scoreT_org": [
        [
          3,
          0,
          3,
          3
        ],
        [
          2,
          0,
          2,
          2
        ],
        [
          2,
          0,
          2,
          2
        ]
      ],
      "essay_scoreT_cont": [
        [
          3,
          3,
          3,
          3
        ],
        [
          2,
          2,
          2,
          2
        ],
        [
          1,
          2,
          1,
          2
        ]
      ],
      "essay_scoreT_exp": [
        [
          2,
          3,
          3
        ],
        [
          2,
          2,
          2
        ],
        [
          2,
          2,
          2
        ]
      ]
    }
  },
  "student": {
    "date": "2021.09.05",
    "student_educated": true,
    "student_grade": "고등_1학년",
    "location": "051",
    "student_grade_group": "고등",
    "student_reading": 1
  },
  "rubric": {
    "essay_grade": "고등_1학년",
    "organization_weight": {
      "org_paragraph": 0,
      "org": 3,
      "org_essay": 6,
      "org_coherence": 3,
      "org_quantity": 1
    },
    "essay_type": "대안제시",
    "content_weight": {
      "con_clearance": 3,
      "con_novelty": 3,
      "con": 4,
      "con_prompt": 1,
      "con_description": 3
    },
    "essay_main_subject": "남녀 갈등 해결 방안",
    "expression_weight": {
      "exp_style": 4,
      "exp_grammar": 2,
      "exp_vocab": 4,
      "exp": 3
    }
  },
  "correction": [],
  "info": {
    "essay_id": "ESSAY_34794",
    "essay_prompt": " 남녀 갈등은 최근 우리 사회에서 가장 뜨거운 이슈 중 하나입니다. 이러한 갈등은 아직 간극을 좁히지 못하고 현재 사회적인 문제로 자리 잡았습니다.\n\n 군 가산점 문제, 일자리 문제 등 여러 가지 비교 자료들을 토대로 토론을 하고 이를 통해 갈등을 해결하고자 하는 노력이 이루어지고 있습니다.\n\n 과거에는 성차별 심했던 시기가 있었습니다. 여자와 남자를 구별 지어 일을 주는 경우도 많았습니다. 하지만, 현재는 여자와 남자라는 성별을 떠나서 나이, 국적을 불문하고 모두에게 평등한 기회를 주기 위해 노력하고 있습니다.\n\n 이렇게 모두의 노력에도 불구하고 아직 해결되지 않았거나 해결될 기미가 보이지 않는 양성평등 문제가 있을까요?\n\n 아주 작은 사소한 일이라도 좋습니다. 여러분이 생각하는 우리 주변의 양성평등 문제를 하나 작성해보고 어떻게 해결할 수 있을지 혹은 무엇이 바뀌어야 해결될 것 같은지 본인의 생각을 설명해주세요. ",
    "essay_type": "대안제시",
    "essay_level": "1",
    "essay_len": 889,
    "essay_main_subject": "남녀 갈등 해결 방안"
  }
}