{
  "paragraph": [
    {
      "paragraph_txt": "당연하겠지만, 인간의 윤택한 생활을 위해선 다양한 시설을 필요로 한다.#@문장구분# 이러한 시설이 건립될수록 사람들은 더욱더 사람다운 삶을 살아나갈 수 있을 것이며, 삶의 만족도를 올려줄 수 있을 것이다.#@문장구분# 혐오시설도 이에 필요한 시설이긴 하지만, 삶의 만족도를 올려줄 수 있다는 장점에는 모순적인 면을 가진다.#@문장구분# 혐오시설이 존재함으로써 만족시킬 수 있지만, 혐오시설이 자신이 거주하는 지역에 건축된다고 하면 이는 삶의 만족도를 떨어트릴 수 있다.#@문장구분# 중요한 것은, 혐오시설을 건축하여 생기는 이런 감정이, 몇몇 사람들에게 국한되는 것이 아닌, 거의 모두 이러한 감정을 느끼기 때문에 난감해 하는 것이다.#@문장구분# 이처럼 혐오시설을 건축하려 할 때 발생하는 지역적인 감정을 'Not in my backyard'를 줄여, 님비(NIMBY)라고 하며, 님비라는 이런 감정을 통하여, 혐오시설을 건축하거나 이전할 때 지역 간의 상당한 마찰을 겪게 된다.#@문장구분#\n  님비현상이 생성되는 것은 막을 수 없다.#@문장구분#님비현상이 형성된다면 혐오시설을 건축할 때 상당한 시간을 잡아먹게 되고, 이 시설이 필요한 다른 거주지역 또한 불편함을 겪을 것이며, 단순하게 건축지를 바꾸는 선택으로는 님비현상의 끝없는 반복으로 끊을 수 없는 순환구조가 만들어질 것이다.#@문장구분# 때문에 단순한 해결로는 이 순환구조를 끊을 수 없는데, 이를 해결하려면 사람들의 심리를 보다 더 이용해야 한다.#@문장구분# 님비와 반대되는 용어로 'Please in my front yard'를 줄여, 핌피(PIMFY)현상이 존재한다.#@문장구분# 핌피현상은 자신의 지역에 도움 되는 시설을 설치하고 싶은 욕구가 반영된 결과물이며, 이 현상이 발생한다면 시설 건축의 부지 선정이 진행이 힘들어 질 수 있는 영향이 발생한다.#@문장구분# 이처럼 핌피현상도 님비현상과는 다르지만 끊임없는 또 하나의 순환구조를 만들어낼 수 있지만, 님비현상을 해결하기 위해 핌피현상을 이용할 수 있다.#@문장구분#\n  혐오시설을 건축하기 위해 부지를 선정하여, 그 지역에서 님비현상이 발생하게 될 때, 그 지역 사람들에게 좋은 시설을 설치하게 하겠다고 하며 핌피현상을 발생시켜, 그 지역 사람들을 어느 정도 만족시키는 것이다.#@문장구분# 이로써 마찰을 최소화하고, 불편함을 상회하는 편리함을 제공해 줌으로써, 님비형상을 '중화'시킬 수 있을 것이다.#@문장구분# 이것이 내가 제시하는 해결책이며, 이 해결책의 장점으로는, 첫째, 건축지의 거주민들은 최종적으로는 만족감을 느낄 수 있을 것이며, 둘째, 주변 지역의 거주민들도 꼭 필요한 시설이 들어왔으니 만족감을 느낄 수 있다는 것이 있다.#@문장구분# 사람들의 심리를 활용하여, 다양한 전략을 토대로 사람들의 욕구를 들어줌으로써, 혐오시설과 편리시설 입지의 문제를 동시에 해결할 수 있을 것이다.#@문장구분#",
      "paragraph_len": 1631,
      "paragraph_id": "001"
    }
  ],
  "score": {
    "paragraph_score": [
      {
        "paragraph_scoreT": [
          3,
          3,
          3
        ],
        "paragraph_scoreT_detail": {
          "paragraph_scoreT_exp": [
            [
              3,
              3,
              3
            ],
            [
              3,
              3,
              3
            ],
            [
              3,
              3,
              3
            ]
          ]
        },
        "paragraph_scoreT_avg": 3,
        "paragraph_id": "001"
      }
    ],
    "essay_scoreT": [
      30,
      30,
      30
    ],
    "essay_scoreT_avg": 30,
    "essay_scoreT_detail": {
      "essay_scoreT_org": [
        [
          3,
          0,
          3,
          3
        ],
        [
          3,
          0,
          3,
          3
        ],
        [
          3,
          0,
          3,
          3
        ]
      ],
      "essay_scoreT_cont": [
        [
          3,
          3,
          3,
          3
        ],
        [
          3,
          3,
          3,
          3
        ],
        [
          3,
          3,
          3,
          3
        ]
      ],
      "essay_scoreT_exp": [
        [
          3,
          3,
          3
        ],
        [
          3,
          3,
          3
        ],
        [
          3,
          3,
          3
        ]
      ]
    }
  },
  "student": {
    "date": "2021.10.24",
    "student_educated": true,
    "student_grade": "고등_1학년",
    "location": "063",
    "student_grade_group": "고등",
    "student_reading": 3
  },
  "rubric": {
    "essay_grade": "고등_1학년",
    "organization_weight": {
      "org_paragraph": 0,
      "org": 3,
      "org_essay": 6,
      "org_coherence": 3,
      "org_quantity": 1
    },
    "essay_type": "대안제시",
    "content_weight": {
      "con_clearance": 3,
      "con_novelty": 3,
      "con": 4,
      "con_prompt": 1,
      "con_description": 3
    },
    "essay_main_subject": "혐오시설 건설문제에 대한 본인의 생각",
    "expression_weight": {
      "exp_style": 4,
      "exp_grammar": 2,
      "exp_vocab": 4,
      "exp": 3
    }
  },
  "correction": [],
  "info": {
    "essay_id": "ESSAY_42631",
    "essay_prompt": " 혐오 시설이란 지역 주민에게 공포감이나 고통을 주거나, 주변 지역의 쾌적성이 훼손됨으로써 집값이나 땅값이 내려가는 등 부정적인 외부효과를 유발하는 시설을 의미합니다.\n\n 대표적인 혐오 시설에는 쓰레기 매립장, 원자력발전소, 소각장, 유류저장소 등이 있습니다.\n\n 매립지, 소각장, 쓰레기 하치장 같은 혐오 시설은 그리 위험하지는 않지만, 쓰레기를 취급한다는 점에서 혐오감을 주며, 주변 환경오염 문제가 갈등을 일으킵니다. 특히 소각장은 인구밀도가 높은 대도시에 건설된다는 점에서 반대 운동이 일기도 합니다.\n\n 그런데 서로 반대만 하다 보면 입지를 찾지 못해 결국 모든 주민의 삶의 질이 저하될 수 있습니다.\n\n 정부 차원에서 가장 적절한 장소를 선별하여 건설 후 주변 사람들에게 혜택을 주는 방식이 적절한 방법일까요? 아니면 혐오 시설만을 모아둔 부지를 따로 정해서 건설해야 할까요? 아니면 모든 도시가 공평하게 혐오 시설 건설에 대한 부담을 지니고 하나씩 건설해야 할까요?\n\n 모두가 만족할만한 결과를 내기란 정말 어려운 문제이지만 여러분이 생각하는 가장 합리적이고 좋은 방법을 생각해보세요. 그리고 그 방법을 대안으로 제시하고 그 근거에 대해 작성해주세요.",
    "essay_type": "대안제시",
    "essay_level": "1",
    "essay_len": 1312,
    "essay_main_subject": "혐오시설 건설문제에 대한 본인의 생각"
  }
}