{
  "paragraph": [
    {
      "paragraph_txt": "기장군에 유일하게  지역으로 불리는 곳에 쓰레기 매립장이 들어온다고 부산시는 밝혔다.#@문장구분# 기장군수를 비롯한 기장군민들은 더 이상 기장군민들에게 희생을 강요하지 말라는 입장이다.#@문장구분# 수 년간 원전을 비롯한 폐기물장들이 이미 기장군에 들어와 있지만 부산시에서는 어떠한 배려도해주지 않았으며 이번에도 마찬가지로 기장군민들에게 희생을 강요하고 있다.#@문장구분# 쓰레기 매립장이 들어온다는 곳은 도롱뇽과 반딧불이가 살고 있고 주위에는 사람들이 살고 있으며 기장군민들은 미래세대를 위한 청정지역을 쓰레기 매립장으로 민들 수 없다며 완곡하게 반대히고 있다.#@문장구분# 현재 쓰레기 문제가 해결이 되어야만하고 그러므로 쓰레기 매립장을 게속해서 세워야되자만 그 지역의 주민들의 반발이 심한 것이 현실이다.#@문장구분# 이를 위한 해결책은 정부와 개인의 노력으로 바꿀 수 있다고 생각한다.#@문장구분# 먼저 정부차원의 노력은 첫째,안 쓰는 땅을 이용하여 사람들에게 최소한의 피해를 주는 쓰레기 매립장을 건설한다.#@문장구분# 물론 악취나 각종 혐오스러운 상황이 생길 수 있지만 최대한 주거시설에 멀리 떨어진 곳에서 쓰레기 처리를 하는 것이 좋다고 생각한다.#@문장구분# 기장군처럼 이미 피해를 보는 지역이 아닌 곳에 생기면 피해입는 사람들이 줄게들게 될 것이다.#@문장구분# 둘째,쓰레기 매립장과같은 혐오시설이 생길 시 주민들에게 지원금을 주는 등 지역주민들에게 각종 혜택을 지원하여 마음을 안정시켜주는 것도 좋은 방법이다.#@문장구분# 셋째,쓰레기 줄이기 캠페인을 적극적으로 실시한다.#@문장구분# 공익광고를 더 늘리거나 캠페인을 통한 보상제도를 실시하여 모두가 지킬 수 있도록 적극적인 자세가 필요한 것 같다.#@문장구분# 개인적인 차원의 노력으로는 첫째,분리수거를 더 열심히 해야된다.#@문장구분# 아파트 게시물을 보다보면 분리수거를 제대로 하지 않는 사람들이 꽤많다.#@문장구분# 둘째,일회용품 사용을 자제한다.#@문장구분# 배달을 시킬 때 용기는 대체할 수 없으므로 나무젓가락과 수저는 정말 필요시에만 선택하고 왠만하면 다회용기와 같은 다회용품 사용을 늘린다.#@문장구분# 커피숍에 텀블러 가져가기 왠만하면 배달 대신 포장으로 집에 있는 반찬통 가져가기 등 사소한 것 하나부터 실행하면 좋을 것 샅다.#@문장구분#",
      "paragraph_len": 1355,
      "paragraph_id": "001"
    }
  ],
  "score": {
    "paragraph_score": [
      {
        "paragraph_scoreT": [
          3,
          3,
          2.2
        ],
        "paragraph_scoreT_detail": {
          "paragraph_scoreT_exp": [
            [
              3,
              3,
              3
            ],
            [
              3,
              3,
              3
            ],
            [
              3,
              2,
              2
            ]
          ]
        },
        "paragraph_scoreT_avg": 2.7333333,
        "paragraph_id": "001"
      }
    ],
    "essay_scoreT": [
      30,
      27.3,
      23.900002
    ],
    "essay_scoreT_avg": 27.066666,
    "essay_scoreT_detail": {
      "essay_scoreT_org": [
        [
          3,
          0,
          3,
          3
        ],
        [
          2,
          0,
          2,
          3
        ],
        [
          3,
          0,
          2,
          3
        ]
      ],
      "essay_scoreT_cont": [
        [
          3,
          3,
          3,
          3
        ],
        [
          3,
          3,
          3,
          3
        ],
        [
          3,
          2,
          2,
          2
        ]
      ],
      "essay_scoreT_exp": [
        [
          3,
          3,
          3
        ],
        [
          3,
          3,
          3
        ],
        [
          3,
          2,
          2
        ]
      ]
    }
  },
  "student": {
    "date": "2021.09.07",
    "student_educated": true,
    "student_grade": "고등_1학년",
    "location": "051",
    "student_grade_group": "고등",
    "student_reading": 3
  },
  "rubric": {
    "essay_grade": "고등_1학년",
    "organization_weight": {
      "org_paragraph": 0,
      "org": 3,
      "org_essay": 6,
      "org_coherence": 3,
      "org_quantity": 1
    },
    "essay_type": "대안제시",
    "content_weight": {
      "con_clearance": 3,
      "con_novelty": 3,
      "con": 4,
      "con_prompt": 1,
      "con_description": 3
    },
    "essay_main_subject": "혐오시설 건설문제에 대한 본인의 생각",
    "expression_weight": {
      "exp_style": 4,
      "exp_grammar": 2,
      "exp_vocab": 4,
      "exp": 3
    }
  },
  "correction": [],
  "info": {
    "essay_id": "ESSAY_33823",
    "essay_prompt": " 혐오 시설이란 지역 주민에게 공포감이나 고통을 주거나, 주변 지역의 쾌적성이 훼손됨으로써 집값이나 땅값이 내려가는 등 부정적인 외부효과를 유발하는 시설을 의미합니다.\n\n 대표적인 혐오 시설에는 쓰레기 매립장, 원자력발전소, 소각장, 유류저장소 등이 있습니다.\n\n 매립지, 소각장, 쓰레기 하치장 같은 혐오 시설은 그리 위험하지는 않지만, 쓰레기를 취급한다는 점에서 혐오감을 주며, 주변 환경오염 문제가 갈등을 일으킵니다. 특히 소각장은 인구밀도가 높은 대도시에 건설된다는 점에서 반대 운동이 일기도 합니다.\n\n 그런데 서로 반대만 하다 보면 입지를 찾지 못해 결국 모든 주민의 삶의 질이 저하될 수 있습니다.\n\n 정부 차원에서 가장 적절한 장소를 선별하여 건설 후 주변 사람들에게 혜택을 주는 방식이 적절한 방법일까요? 아니면 혐오 시설만을 모아둔 부지를 따로 정해서 건설해야 할까요? 아니면 모든 도시가 공평하게 혐오 시설 건설에 대한 부담을 지니고 하나씩 건설해야 할까요?\n\n 모두가 만족할만한 결과를 내기란 정말 어려운 문제이지만 여러분이 생각하는 가장 합리적이고 좋은 방법을 생각해보세요. 그리고 그 방법을 대안으로 제시하고 그 근거에 대해 작성해주세요.",
    "essay_type": "대안제시",
    "essay_level": "1",
    "essay_len": 1015,
    "essay_main_subject": "혐오시설 건설문제에 대한 본인의 생각"
  }
}