{
  "paragraph": [
    {
      "paragraph_txt": "날이 갈수록 성에 대한 잘못된 인식을 가지고 남,녀를 잘 이해하지 않을려고 하는 사람들이 늘어나고 있다.#@문장구분# 이는 가정에서의 잘못된 교육과 어렸을 때에 성에 대해 제대로 교육받지 못한 점이 비중이 높다고 생각한다.#@문장구분# 그래서 나는 이 문제점에 대해서 해결방안 4가지 정도를 내놓을려고 한다.#@문장구분#",
      "paragraph_len": 218,
      "paragraph_id": "001"
    },
    {
      "paragraph_txt": "  첫째 가정에서 어렸을 때부터 성에 대한 올바른 인식을 심어주고 교육해주는 것이다.#@문장구분# 모름지기 자식은 부모의 거울이기에 부모가 올바른 생각을 가지고 행동을 하는 것도 중요하지만 이 생각을 자식에게 보다 쉽고 잘 이해할 수 있도록 하는 것이 가정에서의 부모의 역할이라고 생각한다.#@문장구분# 그렇게 되면 자식들도 가정에서 교육받은 것이 있으니 밖에서도 올바른 성에 대해서 잘 생각하고 이해할 수 있을 것이다.#@문장구분#",
      "paragraph_len": 281,
      "paragraph_id": "002"
    },
    {
      "paragraph_txt": "  두 번째 학교에서 지겨운 성교육 영상을 보는 것보다는 직접 성에 대해서 체험해보는 프로그램을 만들어 활동해보는 것이다.#@문장구분# 성에 대해서 체험해보는 프로그램이라함은 여자만 겪는 생리나 남자만 겪는 몽정같은 것을 완벽히 경험하지는 목해도 비극하게 겪어보면 서로 성에 대해서 조금은 이해할 수 있는 시간이 되지 않을까?라는 생각이 든다.#@문장구분#",
      "paragraph_len": 225,
      "paragraph_id": "003"
    },
    {
      "paragraph_txt": "  세 번째로는 요즘 젊은 층이 많이 하는 게임에 이 성을 대입하는 것이다.#@문장구분# 요즘 학생들이 유독 게임을 많이 하는 것을 볼 수 있는데 이 게임에 성교육과 같은 것을 대입시켜 출시하면 젊은 층들은 게임을 하게됨과 동시에 게임에 대입시킨 성교육을 자연스럽게 머리에 들어오게 되어서 즐거움과 올바른 성교육 둘 다를 잡을 수 있게 된다.#@문장구분#",
      "paragraph_len": 224,
      "paragraph_id": "004"
    },
    {
      "paragraph_txt": "  4번째는 회사에서의 성교육을 적어도 한 달에 한번으로 늘리는 것이다.#@문장구분# 회사 내에 많은 사람들이 올바르지 않는 생각을 가지고 있다.#@문장구분# 이에 성교육을 한달에 한번으로 늘려서 올바른 성에 대해서 자주 생각할 수 있도록 늘리는 것이다.#@문장구분#",
      "paragraph_len": 188,
      "paragraph_id": "005"
    }
  ],
  "score": {
    "paragraph_score": [
      {
        "paragraph_scoreT": [
          2,
          2.8,
          2
        ],
        "paragraph_scoreT_detail": {
          "paragraph_scoreT_exp": [
            [
              2,
              2,
              2
            ],
            [
              2,
              3,
              3
            ],
            [
              2,
              2,
              2
            ]
          ]
        },
        "paragraph_scoreT_avg": 2.2666667,
        "paragraph_id": "001"
      },
      {
        "paragraph_scoreT": [
          1.6,
          2.8,
          2
        ],
        "paragraph_scoreT_detail": {
          "paragraph_scoreT_exp": [
            [
              2,
              2,
              1
            ],
            [
              2,
              3,
              3
            ],
            [
              2,
              2,
              2
            ]
          ]
        },
        "paragraph_scoreT_avg": 2.1333334,
        "paragraph_id": "002"
      },
      {
        "paragraph_scoreT": [
          1.6,
          2.8,
          2
        ],
        "paragraph_scoreT_detail": {
          "paragraph_scoreT_exp": [
            [
              2,
              2,
              1
            ],
            [
              2,
              3,
              3
            ],
            [
              2,
              2,
              2
            ]
          ]
        },
        "paragraph_scoreT_avg": 2.1333334,
        "paragraph_id": "003"
      },
      {
        "paragraph_scoreT": [
          1.2,
          2.8,
          2
        ],
        "paragraph_scoreT_detail": {
          "paragraph_scoreT_exp": [
            [
              2,
              1,
              1
            ],
            [
              2,
              3,
              3
            ],
            [
              2,
              2,
              2
            ]
          ]
        },
        "paragraph_scoreT_avg": 2,
        "paragraph_id": "004"
      },
      {
        "paragraph_scoreT": [
          1.6,
          2.8,
          2
        ],
        "paragraph_scoreT_detail": {
          "paragraph_scoreT_exp": [
            [
              2,
              2,
              1
            ],
            [
              2,
              3,
              3
            ],
            [
              2,
              2,
              2
            ]
          ]
        },
        "paragraph_scoreT_avg": 2.1333334,
        "paragraph_id": "005"
      }
    ],
    "essay_scoreT": [
      14.5,
      29,
      19.2
    ],
    "essay_scoreT_avg": 20.9,
    "essay_scoreT_detail": {
      "essay_scoreT_org": [
        [
          1,
          0,
          2,
          3
        ],
        [
          3,
          0,
          3,
          3
        ],
        [
          2,
          0,
          2,
          2
        ]
      ],
      "essay_scoreT_cont": [
        [
          2,
          1,
          1,
          1
        ],
        [
          3,
          3,
          2,
          3
        ],
        [
          2,
          1,
          3,
          2
        ]
      ],
      "essay_scoreT_exp": [
        [
          2,
          2,
          1
        ],
        [
          2,
          3,
          3
        ],
        [
          2,
          2,
          2
        ]
      ]
    }
  },
  "student": {
    "date": "2021.09.06",
    "student_educated": true,
    "student_grade": "고등_1학년",
    "location": "051",
    "student_grade_group": "고등",
    "student_reading": 1
  },
  "rubric": {
    "essay_grade": "고등_1학년",
    "organization_weight": {
      "org_paragraph": 0,
      "org": 3,
      "org_essay": 6,
      "org_coherence": 3,
      "org_quantity": 1
    },
    "essay_type": "대안제시",
    "content_weight": {
      "con_clearance": 3,
      "con_novelty": 3,
      "con": 4,
      "con_prompt": 1,
      "con_description": 3
    },
    "essay_main_subject": "남녀 갈등 해결 방안",
    "expression_weight": {
      "exp_style": 4,
      "exp_grammar": 2,
      "exp_vocab": 4,
      "exp": 3
    }
  },
  "correction": [],
  "info": {
    "essay_id": "ESSAY_34792",
    "essay_prompt": " 남녀 갈등은 최근 우리 사회에서 가장 뜨거운 이슈 중 하나입니다. 이러한 갈등은 아직 간극을 좁히지 못하고 현재 사회적인 문제로 자리 잡았습니다.\n\n 군 가산점 문제, 일자리 문제 등 여러 가지 비교 자료들을 토대로 토론을 하고 이를 통해 갈등을 해결하고자 하는 노력이 이루어지고 있습니다.\n\n 과거에는 성차별 심했던 시기가 있었습니다. 여자와 남자를 구별 지어 일을 주는 경우도 많았습니다. 하지만, 현재는 여자와 남자라는 성별을 떠나서 나이, 국적을 불문하고 모두에게 평등한 기회를 주기 위해 노력하고 있습니다.\n\n 이렇게 모두의 노력에도 불구하고 아직 해결되지 않았거나 해결될 기미가 보이지 않는 양성평등 문제가 있을까요?\n\n 아주 작은 사소한 일이라도 좋습니다. 여러분이 생각하는 우리 주변의 양성평등 문제를 하나 작성해보고 어떻게 해결할 수 있을지 혹은 무엇이 바뀌어야 해결될 것 같은지 본인의 생각을 설명해주세요. ",
    "essay_type": "대안제시",
    "essay_level": "1",
    "essay_len": 885,
    "essay_main_subject": "남녀 갈등 해결 방안"
  }
}