{
  "paragraph": [
    {
      "paragraph_txt": "요즈음, 기존의 소각시설보다 더 나은 보관창고와 더 넓은 소각시설을 원하는 폐기물 처리 업체와 쓰레기 공장이나 폐기물 처리 시설로 인해 공기오염, 소음, 그리고 악취 등으로 인해 고통에 시달리는 주민들과의 갈등이 더욱 악화하고 있다.#@문장구분# 그렇다면 이를 막기 위한 대안에는 어떤 것들이 있는지 한 번 살펴보자.#@문장구분#",
      "paragraph_len": 210,
      "paragraph_id": "001"
    },
    {
      "paragraph_txt": "  첫째, 특히 쓰레기 처리 공장이나 폐기물 처리 시설이 근처에 있다면 주변 공기가 악화될  수 있으므로, 주변 주민들이 사는 곳 근처에 잠깐 쉴 수 있는 공원이나 화원 또는 식물원을 설치하는 것도 괜찮은 방법 중 하나이다.#@문장구분# ",
      "paragraph_len": 146,
      "paragraph_id": "002"
    },
    {
      "paragraph_txt": "  둘째, 전세계 사람들은 모두 교통수단을 사용한다.#@문장구분# 그러므로 폐기물 처리 시설 근처에 사는 주민들에게 기존의 교통 요금에서 200원을 차감하는 혜택을 줄인다면 주민들의 호감을 살 수 있고, 그러면 자동차를 덜 사용하기 때문에 환경적인 측면에서 바라본다면 환경오염에 영향을 덜 끼치기 때문에 좋은 해결방안이라고 생각한다.#@문장구분#",
      "paragraph_len": 219,
      "paragraph_id": "003"
    },
    {
      "paragraph_txt": "  셋째, 폐기물 처리 시설 근처라면 사람들이 왕성하게 들락날락하지 않을 것이다.#@문장구분# 그렇다면 사람들이 왕성해지도록 주변에 상가나 백화점 또는 편의시설을 지어서 사람들이 보다 나은 경제활동을 하며, 여가활동과 문화 활동을 즐길 수 있도록 도와주게 하는 방법이 있을 수 있다.#@문장구분#",
      "paragraph_len": 191,
      "paragraph_id": "004"
    },
    {
      "paragraph_txt": "  넷째, 일본의 한 예시를 들자면 쓰레기 처리 시설을 감각적으로 디자인을 해서 사람들이 밖에서 외관만 보면 유치원으로 착각할 정도로 예쁘게 디자인했다.#@문장구분# 이처럼, 폐기물 처리 시설을 가끔 길에서 보면 눈살을 찌푸릴 때가 있었는데, 그 시설을 깔끔하게 만들면 불쾌감이 해소된다.#@문장구분# ",
      "paragraph_len": 195,
      "paragraph_id": "005"
    },
    {
      "paragraph_txt": "  다섯 번째, 쓰레기 처리 시설 내에는 공기가 역하므로 안에 공기 정화 시스템을 설치헤두어 쓰레기 냄새의 혐오감과 불쾌감을 해소하는 대안들이 있다.#@문장구분#",
      "paragraph_len": 103,
      "paragraph_id": "006"
    },
    {
      "paragraph_txt": "  이처럼 다양한 방안들을 활용하여 폐기물 처리 업체와 그 주변에 사는 주민들 간의 갈등을 해소할 수 있도록 이 문제에 대해 관심을 가지고 노력해보자.#@문장구분#",
      "paragraph_len": 104,
      "paragraph_id": "007"
    }
  ],
  "score": {
    "paragraph_score": [
      {
        "paragraph_scoreT": [
          2.8,
          2.8,
          2.8
        ],
        "paragraph_scoreT_detail": {
          "paragraph_scoreT_exp": [
            [
              2,
              3,
              3
            ],
            [
              2,
              3,
              3
            ],
            [
              2,
              3,
              3
            ]
          ]
        },
        "paragraph_scoreT_avg": 2.8,
        "paragraph_id": "001"
      },
      {
        "paragraph_scoreT": [
          3,
          2.8,
          2.8
        ],
        "paragraph_scoreT_detail": {
          "paragraph_scoreT_exp": [
            [
              3,
              3,
              3
            ],
            [
              2,
              3,
              3
            ],
            [
              2,
              3,
              3
            ]
          ]
        },
        "paragraph_scoreT_avg": 2.8666668,
        "paragraph_id": "002"
      },
      {
        "paragraph_scoreT": [
          2,
          2.8,
          2.8
        ],
        "paragraph_scoreT_detail": {
          "paragraph_scoreT_exp": [
            [
              2,
              2,
              2
            ],
            [
              2,
              3,
              3
            ],
            [
              2,
              3,
              3
            ]
          ]
        },
        "paragraph_scoreT_avg": 2.5333335,
        "paragraph_id": "003"
      },
      {
        "paragraph_scoreT": [
          1.6,
          2.8,
          2.8
        ],
        "paragraph_scoreT_detail": {
          "paragraph_scoreT_exp": [
            [
              2,
              2,
              1
            ],
            [
              2,
              3,
              3
            ],
            [
              2,
              3,
              3
            ]
          ]
        },
        "paragraph_scoreT_avg": 2.3999999,
        "paragraph_id": "004"
      },
      {
        "paragraph_scoreT": [
          3,
          2.8,
          2.8
        ],
        "paragraph_scoreT_detail": {
          "paragraph_scoreT_exp": [
            [
              3,
              3,
              3
            ],
            [
              2,
              3,
              3
            ],
            [
              2,
              3,
              3
            ]
          ]
        },
        "paragraph_scoreT_avg": 2.8666668,
        "paragraph_id": "005"
      },
      {
        "paragraph_scoreT": [
          1.6,
          2.8,
          2.8
        ],
        "paragraph_scoreT_detail": {
          "paragraph_scoreT_exp": [
            [
              2,
              2,
              1
            ],
            [
              2,
              3,
              3
            ],
            [
              2,
              3,
              3
            ]
          ]
        },
        "paragraph_scoreT_avg": 2.3999999,
        "paragraph_id": "006"
      },
      {
        "paragraph_scoreT": [
          2.6,
          2.8,
          2.8
        ],
        "paragraph_scoreT_detail": {
          "paragraph_scoreT_exp": [
            [
              3,
              3,
              2
            ],
            [
              2,
              3,
              3
            ],
            [
              2,
              3,
              3
            ]
          ]
        },
        "paragraph_scoreT_avg": 2.7333333,
        "paragraph_id": "007"
      }
    ],
    "essay_scoreT": [
      24.900002,
      22.4,
      22.4
    ],
    "essay_scoreT_avg": 23.233335,
    "essay_scoreT_detail": {
      "essay_scoreT_org": [
        [
          3,
          0,
          2,
          3
        ],
        [
          2,
          0,
          2,
          2
        ],
        [
          2,
          0,
          2,
          2
        ]
      ],
      "essay_scoreT_cont": [
        [
          3,
          2,
          3,
          3
        ],
        [
          2,
          2,
          2,
          2
        ],
        [
          2,
          2,
          2,
          2
        ]
      ],
      "essay_scoreT_exp": [
        [
          2,
          2,
          2
        ],
        [
          2,
          3,
          3
        ],
        [
          2,
          3,
          3
        ]
      ]
    }
  },
  "student": {
    "date": "2021.09.03",
    "student_educated": true,
    "student_grade": "고등_1학년",
    "location": "051",
    "student_grade_group": "고등",
    "student_reading": 1
  },
  "rubric": {
    "essay_grade": "고등_1학년",
    "organization_weight": {
      "org_paragraph": 0,
      "org": 3,
      "org_essay": 6,
      "org_coherence": 3,
      "org_quantity": 1
    },
    "essay_type": "대안제시",
    "content_weight": {
      "con_clearance": 3,
      "con_novelty": 3,
      "con": 4,
      "con_prompt": 1,
      "con_description": 3
    },
    "essay_main_subject": "혐오시설 건설문제에 대한 본인의 생각",
    "expression_weight": {
      "exp_style": 4,
      "exp_grammar": 2,
      "exp_vocab": 4,
      "exp": 3
    }
  },
  "correction": [],
  "info": {
    "essay_id": "ESSAY_34931",
    "essay_prompt": " 혐오 시설이란 지역 주민에게 공포감이나 고통을 주거나, 주변 지역의 쾌적성이 훼손됨으로써 집값이나 땅값이 내려가는 등 부정적인 외부효과를 유발하는 시설을 의미합니다.\n\n 대표적인 혐오 시설에는 쓰레기 매립장, 원자력발전소, 소각장, 유류저장소 등이 있습니다.\n\n 매립지, 소각장, 쓰레기 하치장 같은 혐오 시설은 그리 위험하지는 않지만, 쓰레기를 취급한다는 점에서 혐오감을 주며, 주변 환경오염 문제가 갈등을 일으킵니다. 특히 소각장은 인구밀도가 높은 대도시에 건설된다는 점에서 반대 운동이 일기도 합니다.\n\n 그런데 서로 반대만 하다 보면 입지를 찾지 못해 결국 모든 주민의 삶의 질이 저하될 수 있습니다.\n\n 정부 차원에서 가장 적절한 장소를 선별하여 건설 후 주변 사람들에게 혜택을 주는 방식이 적절한 방법일까요? 아니면 혐오 시설만을 모아둔 부지를 따로 정해서 건설해야 할까요? 아니면 모든 도시가 공평하게 혐오 시설 건설에 대한 부담을 지니고 하나씩 건설해야 할까요?\n\n 모두가 만족할만한 결과를 내기란 정말 어려운 문제이지만 여러분이 생각하는 가장 합리적이고 좋은 방법을 생각해보세요. 그리고 그 방법을 대안으로 제시하고 그 근거에 대해 작성해주세요.",
    "essay_type": "대안제시",
    "essay_level": "1",
    "essay_len": 960,
    "essay_main_subject": "혐오시설 건설문제에 대한 본인의 생각"
  }
}