{
  "paragraph": [
    {
      "paragraph_txt": "뉴스나 기사, sns, 유튜브등에서 퍼진 잘못된 정보들로 인해서 혐오발언이나 욕하는 사람들로 인해서 남녀간의 갈등, 혐오, 차별등이 심해지고 있다. #@문장구분#그리고 커뮤니티나 사이트에서 시작한 사소한 말들이 확산이되면서 더욱 심해지고 있다.#@문장구분# 이런 문제들의 이유는 출산 및 육아, 군복무, 성희롱, 무고죄와 유리천장같은 것들이 있다.#@문장구분# 이런 갈등, 혐오, 차별들을 해결하기 위해서 남성들로 협조가 있어야한다.#@문장구분# 남성이 여성에게 예쁘다같은 말을 하는 것을 멈추어야한다. #@문장구분#남성은 농담하는 식으로 하는 것이겠지만 여성은 공포감을 느낄 수 있다. #@문장구분#그렇기 때문에 여성들을 위해서 말을 조심히해야하는 조심성을 가져야한다. #@문장구분#그리고 여성들도 마찬가지다.#@문장구분#  #@문장구분#또 #@문장구분# 보통사람들은 여자가 무거운 짐이나 위험한 일같은 것을 못한다고 생각하기 때문에 그 생각과 틀을 깨부수기 위해서 노력해야한다.#@문장구분#",
      "paragraph_len": 669,
      "paragraph_id": "001"
    }
  ],
  "score": {
    "paragraph_score": [
      {
        "paragraph_scoreT": [
          3,
          2.2,
          2
        ],
        "paragraph_scoreT_detail": {
          "paragraph_scoreT_exp": [
            [
              3,
              3,
              3
            ],
            [
              3,
              2,
              2
            ],
            [
              2,
              2,
              2
            ]
          ]
        },
        "paragraph_scoreT_avg": 2.3999999,
        "paragraph_id": "001"
      }
    ],
    "essay_scoreT": [
      24.2,
      21.5,
      19.7
    ],
    "essay_scoreT_avg": 21.800001,
    "essay_scoreT_detail": {
      "essay_scoreT_org": [
        [
          3,
          0,
          3,
          1
        ],
        [
          2,
          0,
          2,
          1
        ],
        [
          2,
          0,
          3,
          2
        ]
      ],
      "essay_scoreT_cont": [
        [
          2,
          2,
          2,
          1
        ],
        [
          3,
          2,
          2,
          2
        ],
        [
          3,
          1,
          2,
          1
        ]
      ],
      "essay_scoreT_exp": [
        [
          3,
          3,
          3
        ],
        [
          3,
          2,
          2
        ],
        [
          2,
          2,
          2
        ]
      ]
    }
  },
  "student": {
    "date": "2021.09.07",
    "student_educated": true,
    "student_grade": "고등_1학년",
    "location": "051",
    "student_grade_group": "고등",
    "student_reading": 2
  },
  "rubric": {
    "essay_grade": "고등_1학년",
    "organization_weight": {
      "org_paragraph": 0,
      "org": 3,
      "org_essay": 6,
      "org_coherence": 3,
      "org_quantity": 1
    },
    "essay_type": "대안제시",
    "content_weight": {
      "con_clearance": 3,
      "con_novelty": 3,
      "con": 4,
      "con_prompt": 1,
      "con_description": 3
    },
    "essay_main_subject": "남녀 갈등 해결 방안",
    "expression_weight": {
      "exp_style": 4,
      "exp_grammar": 2,
      "exp_vocab": 4,
      "exp": 3
    }
  },
  "correction": [],
  "info": {
    "essay_id": "ESSAY_34237",
    "essay_prompt": " 남녀 갈등은 최근 우리 사회에서 가장 뜨거운 이슈 중 하나입니다. 이러한 갈등은 아직 간극을 좁히지 못하고 현재 사회적인 문제로 자리 잡았습니다.\n\n 군 가산점 문제, 일자리 문제 등 여러 가지 비교 자료들을 토대로 토론을 하고 이를 통해 갈등을 해결하고자 하는 노력이 이루어지고 있습니다.\n\n 과거에는 성차별 심했던 시기가 있었습니다. 여자와 남자를 구별 지어 일을 주는 경우도 많았습니다. 하지만, 현재는 여자와 남자라는 성별을 떠나서 나이, 국적을 불문하고 모두에게 평등한 기회를 주기 위해 노력하고 있습니다.\n\n 이렇게 모두의 노력에도 불구하고 아직 해결되지 않았거나 해결될 기미가 보이지 않는 양성평등 문제가 있을까요?\n\n 아주 작은 사소한 일이라도 좋습니다. 여러분이 생각하는 우리 주변의 양성평등 문제를 하나 작성해보고 어떻게 해결할 수 있을지 혹은 무엇이 바뀌어야 해결될 것 같은지 본인의 생각을 설명해주세요. ",
    "essay_type": "대안제시",
    "essay_level": "1",
    "essay_len": 491,
    "essay_main_subject": "남녀 갈등 해결 방안"
  }
}