{
  "paragraph": [
    {
      "paragraph_txt": "환경오염이 심각해짐에 따라 쓰레기 매립장의 필요성이 더 높아졌는데, 많은 사람들이 쓰레기 매립장을 자신의 거주지에 설립하는 것을 반대하고 있다.#@문장구분# 이유는 악취, 집값 하락 등 때문인데, 이러한 문제점들을 보완하면 더 많은 쓰레기 매립장을 설립할 수 있을 것이고 환경오염 문제 해결에도 도움이 될 것이다.#@문장구분#",
      "paragraph_len": 208,
      "paragraph_id": "001"
    },
    {
      "paragraph_txt": "  첫째, 사람들은 보다 더 큰 시각에서 이익 단체 활동에 접근해야 한다.#@문장구분# 자신만의 이익을 추구하여 설립을 반대하는 것보다, 사회 전체의 이익을 위해서 한 발 물러나면 별다른 갈등 없이 이 문제를 해결할 수 있을 것이다.#@문장구분# '나무보다 숲을 봐라'는 말처럼, 사회 전체를 생각해 준다면 결국 자신에게 돌아오는 이익은 더 많을 것이다.#@문장구분#",
      "paragraph_len": 244,
      "paragraph_id": "002"
    },
    {
      "paragraph_txt": "  둘째, 정부가 직접적으로 개입하여 주민들에게 보상을 해 주거나 문제 해결을 위해 노력해야 한다.#@문장구분# 각 지역의 많은 사람들이 매립장 설립을 문제로 갈등을 빚고 있는 요즘, 정부가 중립의 의견으로 직접 나서서 문제 해결에 앞장선다면, 모든 사람들이 만족할 만한 해결방안이나 보상을 도출해낼 것이고, 그러면 사람들과의 갈등도 없애고, 환경오염 문제 해결도 할 수 있는 일석이조의 효과를 가져올 것이다.#@문장구분#\n \n  셋째, 쓰레기 매립장에 공기 정화 시스템을 구축해야 한다.#@문장구분# 많은 사람들이 자신의 거주지에 쓰레기 매립장 설립을 강경하게 반대하는 이유 중 하나가 바로 악취 때문인데, 지금도 이 악취로 인해 많은 주민들이 고통받고 있으며 이는 집값 하락에도 큰 영향을 끼친다.#@문장구분# 따라서 매립장이나 매립장 주변에 공기 정화 시스템을 구축하면 악취도 줄이들 것이고, 매립장 설립을 반대하는 사람도 어느 정도 줄어들 것이다.#@문장구분#",
      "paragraph_len": 550,
      "paragraph_id": "003"
    },
    {
      "paragraph_txt": "  우리에게 쓰레기 매립장은 꼭 필요한 존재이다.#@문장구분# 따라서 우리 모두 조금씩만 양보하여 당장 우리가 직면한 환경오염 문제를 해결할 수 있도록 하자.#@문장구분#",
      "paragraph_len": 121,
      "paragraph_id": "004"
    }
  ],
  "score": {
    "paragraph_score": [
      {
        "paragraph_scoreT": [
          3,
          2,
          2.4
        ],
        "paragraph_scoreT_detail": {
          "paragraph_scoreT_exp": [
            [
              3,
              3,
              3
            ],
            [
              2,
              2,
              2
            ],
            [
              2,
              3,
              2
            ]
          ]
        },
        "paragraph_scoreT_avg": 2.4666667,
        "paragraph_id": "001"
      },
      {
        "paragraph_scoreT": [
          3,
          2,
          2.4
        ],
        "paragraph_scoreT_detail": {
          "paragraph_scoreT_exp": [
            [
              3,
              3,
              3
            ],
            [
              2,
              2,
              2
            ],
            [
              2,
              3,
              2
            ]
          ]
        },
        "paragraph_scoreT_avg": 2.4666667,
        "paragraph_id": "002"
      },
      {
        "paragraph_scoreT": [
          2.8,
          2,
          2.4
        ],
        "paragraph_scoreT_detail": {
          "paragraph_scoreT_exp": [
            [
              2,
              3,
              3
            ],
            [
              2,
              2,
              2
            ],
            [
              2,
              3,
              2
            ]
          ]
        },
        "paragraph_scoreT_avg": 2.4,
        "paragraph_id": "003"
      },
      {
        "paragraph_scoreT": [
          3,
          2,
          2.4
        ],
        "paragraph_scoreT_detail": {
          "paragraph_scoreT_exp": [
            [
              3,
              3,
              3
            ],
            [
              2,
              2,
              2
            ],
            [
              2,
              3,
              2
            ]
          ]
        },
        "paragraph_scoreT_avg": 2.4666667,
        "paragraph_id": "004"
      }
    ],
    "essay_scoreT": [
      30,
      20,
      21.6
    ],
    "essay_scoreT_avg": 23.866667,
    "essay_scoreT_detail": {
      "essay_scoreT_org": [
        [
          3,
          0,
          3,
          3
        ],
        [
          2,
          0,
          2,
          2
        ],
        [
          2,
          0,
          2,
          2
        ]
      ],
      "essay_scoreT_cont": [
        [
          3,
          3,
          3,
          3
        ],
        [
          2,
          2,
          2,
          2
        ],
        [
          2,
          2,
          3,
          2
        ]
      ],
      "essay_scoreT_exp": [
        [
          3,
          3,
          3
        ],
        [
          2,
          2,
          2
        ],
        [
          2,
          3,
          2
        ]
      ]
    }
  },
  "student": {
    "date": "2021.09.07",
    "student_educated": true,
    "student_grade": "고등_1학년",
    "location": "051",
    "student_grade_group": "고등",
    "student_reading": 2
  },
  "rubric": {
    "essay_grade": "고등_1학년",
    "organization_weight": {
      "org_paragraph": 0,
      "org": 3,
      "org_essay": 6,
      "org_coherence": 3,
      "org_quantity": 1
    },
    "essay_type": "대안제시",
    "content_weight": {
      "con_clearance": 3,
      "con_novelty": 3,
      "con": 4,
      "con_prompt": 1,
      "con_description": 3
    },
    "essay_main_subject": "혐오시설 건설문제에 대한 본인의 생각",
    "expression_weight": {
      "exp_style": 4,
      "exp_grammar": 2,
      "exp_vocab": 4,
      "exp": 3
    }
  },
  "correction": [],
  "info": {
    "essay_id": "ESSAY_34927",
    "essay_prompt": " 혐오 시설이란 지역 주민에게 공포감이나 고통을 주거나, 주변 지역의 쾌적성이 훼손됨으로써 집값이나 땅값이 내려가는 등 부정적인 외부효과를 유발하는 시설을 의미합니다.\n\n 대표적인 혐오 시설에는 쓰레기 매립장, 원자력발전소, 소각장, 유류저장소 등이 있습니다.\n\n 매립지, 소각장, 쓰레기 하치장 같은 혐오 시설은 그리 위험하지는 않지만, 쓰레기를 취급한다는 점에서 혐오감을 주며, 주변 환경오염 문제가 갈등을 일으킵니다. 특히 소각장은 인구밀도가 높은 대도시에 건설된다는 점에서 반대 운동이 일기도 합니다.\n\n 그런데 서로 반대만 하다 보면 입지를 찾지 못해 결국 모든 주민의 삶의 질이 저하될 수 있습니다.\n\n 정부 차원에서 가장 적절한 장소를 선별하여 건설 후 주변 사람들에게 혜택을 주는 방식이 적절한 방법일까요? 아니면 혐오 시설만을 모아둔 부지를 따로 정해서 건설해야 할까요? 아니면 모든 도시가 공평하게 혐오 시설 건설에 대한 부담을 지니고 하나씩 건설해야 할까요?\n\n 모두가 만족할만한 결과를 내기란 정말 어려운 문제이지만 여러분이 생각하는 가장 합리적이고 좋은 방법을 생각해보세요. 그리고 그 방법을 대안으로 제시하고 그 근거에 대해 작성해주세요.",
    "essay_type": "대안제시",
    "essay_level": "1",
    "essay_len": 889,
    "essay_main_subject": "혐오시설 건설문제에 대한 본인의 생각"
  }
}