{
  "paragraph": [
    {
      "paragraph_txt": "우리는 환경오염 문제, 주민들의 정신적, 경제적 피해 문제로 주변에 쓰레기 처리 시설 건립을 모두가 반대하는 상황을 겪고 있다.#@문장구분# 이러한 상황을 해결하기 위해서 첫 번째로는 쓰레기 처리 시설에 대한 인식을 바꿔야 한다.#@문장구분# 현재 대부분의 사람들이 쓰레기 처리 시설이라고 하면 냄새나고 지저분한 이미지를 떠올릴 것이다.#@문장구분# 하지만 그렇지만은 않다.#@문장구분# 모두가 떠나가는 도시였던 홍천에서는 친환경 에너지 센터를 세우고 난 후 관광 명소화를 하여 사람들을 끌어들였고 그 결과 많은 사람들을 유입하였다.#@문장구분# 이것뿐만 아니라 제주도의 제주 환경 지원 센터 등 혐오 시설을 세움으로써 성공한 사례들이 다양하다.#@문장구분# 이런 사례들을 사람들이 많이 접할 수 있도록 한다면 쓰레기 처리 시설 같은 혐오 시설에 대한 사람들의 인식이 자연스럽게 바뀔 것이며 지금처럼 주변에 혐오 시설이 생긴다고 적극적인 반대를 하지 않을 것이다.#@문장구분# ",
      "paragraph_len": 582,
      "paragraph_id": "001"
    },
    {
      "paragraph_txt": "  두 번쨰로, 쓰레기 처리 시설 주변 주민들을 위한 혜택이나 복지를 마련한다.#@문장구분# 앞면의 기사에서 순천시는 쓰레기 처리 시설 건립을 위해 600억을 지원하겠다고 하였는데 주민들은 사실상 개인에게 돌아오는 혜택은 거의 없을 것이라며 반대하였다고 하였다.#@문장구분# 이렇게 혐오 시설을 짓는데 아무리 큰 돈을 지원 한다고 해도 주민들에게는 혜택이 없으니 주민들은 당연히 반대할 수 밖에 없을 것이다.#@문장구분# 그렇기 때문에 쓰레기 처리 시설 건립에만 초점을 맞출 것이 아니라 주변 주민들의 고충에 초점을 맞추어 주민들이 겪을 피해를 보상할 수 있는 혜택이나 복지를 마련해야 한다.#@문장구분#\n \n  마지막 세 번쨰로는 쓰레기 처리 시설 등 혐오시설 건립을 위하여 보다 체계적인 계획을 세워야 할 것이다.#@문장구분# 그렇게 된다면 환경 오염, 정신적, 경제적 피해로 걱정하여 혐오 시설 건립을 반대하는 주민들에게 체계적인 계획을 보여주며 안심을 시키면 주민들도 마음을 열 것이고 지금과 같은 적극적인 반대를 하기보다는 수용하려는 사람들이 많아질 것이다.#@문장구분#",
      "paragraph_len": 626,
      "paragraph_id": "002"
    }
  ],
  "score": {
    "paragraph_score": [
      {
        "paragraph_scoreT": [
          2.6,
          2.8,
          2
        ],
        "paragraph_scoreT_detail": {
          "paragraph_scoreT_exp": [
            [
              3,
              2,
              3
            ],
            [
              2,
              3,
              3
            ],
            [
              2,
              2,
              2
            ]
          ]
        },
        "paragraph_scoreT_avg": 2.4666665,
        "paragraph_id": "001"
      },
      {
        "paragraph_scoreT": [
          2.8,
          2.8,
          2
        ],
        "paragraph_scoreT_detail": {
          "paragraph_scoreT_exp": [
            [
              2,
              3,
              3
            ],
            [
              2,
              3,
              3
            ],
            [
              2,
              2,
              2
            ]
          ]
        },
        "paragraph_scoreT_avg": 2.5333333,
        "paragraph_id": "002"
      }
    ],
    "essay_scoreT": [
      27.6,
      29.4,
      20.4
    ],
    "essay_scoreT_avg": 25.800001,
    "essay_scoreT_detail": {
      "essay_scoreT_org": [
        [
          2,
          0,
          3,
          3
        ],
        [
          3,
          0,
          3,
          3
        ],
        [
          2,
          0,
          2,
          2
        ]
      ],
      "essay_scoreT_cont": [
        [
          3,
          3,
          3,
          3
        ],
        [
          3,
          3,
          3,
          3
        ],
        [
          2,
          2,
          3,
          2
        ]
      ],
      "essay_scoreT_exp": [
        [
          2,
          3,
          3
        ],
        [
          2,
          3,
          3
        ],
        [
          2,
          2,
          2
        ]
      ]
    }
  },
  "student": {
    "date": "2021.09.07",
    "student_educated": true,
    "student_grade": "고등_1학년",
    "location": "051",
    "student_grade_group": "고등",
    "student_reading": 1
  },
  "rubric": {
    "essay_grade": "고등_1학년",
    "organization_weight": {
      "org_paragraph": 0,
      "org": 3,
      "org_essay": 6,
      "org_coherence": 3,
      "org_quantity": 1
    },
    "essay_type": "대안제시",
    "content_weight": {
      "con_clearance": 3,
      "con_novelty": 3,
      "con": 4,
      "con_prompt": 1,
      "con_description": 3
    },
    "essay_main_subject": "혐오시설 건설문제에 대한 본인의 생각",
    "expression_weight": {
      "exp_style": 4,
      "exp_grammar": 2,
      "exp_vocab": 4,
      "exp": 3
    }
  },
  "correction": [],
  "info": {
    "essay_id": "ESSAY_34922",
    "essay_prompt": " 혐오 시설이란 지역 주민에게 공포감이나 고통을 주거나, 주변 지역의 쾌적성이 훼손됨으로써 집값이나 땅값이 내려가는 등 부정적인 외부효과를 유발하는 시설을 의미합니다.\n\n 대표적인 혐오 시설에는 쓰레기 매립장, 원자력발전소, 소각장, 유류저장소 등이 있습니다.\n\n 매립지, 소각장, 쓰레기 하치장 같은 혐오 시설은 그리 위험하지는 않지만, 쓰레기를 취급한다는 점에서 혐오감을 주며, 주변 환경오염 문제가 갈등을 일으킵니다. 특히 소각장은 인구밀도가 높은 대도시에 건설된다는 점에서 반대 운동이 일기도 합니다.\n\n 그런데 서로 반대만 하다 보면 입지를 찾지 못해 결국 모든 주민의 삶의 질이 저하될 수 있습니다.\n\n 정부 차원에서 가장 적절한 장소를 선별하여 건설 후 주변 사람들에게 혜택을 주는 방식이 적절한 방법일까요? 아니면 혐오 시설만을 모아둔 부지를 따로 정해서 건설해야 할까요? 아니면 모든 도시가 공평하게 혐오 시설 건설에 대한 부담을 지니고 하나씩 건설해야 할까요?\n\n 모두가 만족할만한 결과를 내기란 정말 어려운 문제이지만 여러분이 생각하는 가장 합리적이고 좋은 방법을 생각해보세요. 그리고 그 방법을 대안으로 제시하고 그 근거에 대해 작성해주세요.",
    "essay_type": "대안제시",
    "essay_level": "1",
    "essay_len": 950,
    "essay_main_subject": "혐오시설 건설문제에 대한 본인의 생각"
  }
}