{
  "paragraph": [
    {
      "paragraph_txt": "2016년 경기도 양주시 덕정동에서는 최근에 대규모 택지를 개발하고, 식당이나 빌라등 여러 신축건물이 들어설 예정이었고, 그중에서 마을 한가운데 부지에 요양원이 들어설 예정이었다.#@문장구분# 요양원을 건설할 준비를 끝맞쳤지만, 예기치 못하게 연기가 된 것이다.#@문장구분# 이유는 주민들의 극구반대이었던 것이다.#@문장구분#",
      "paragraph_len": 221,
      "paragraph_id": "001"
    },
    {
      "paragraph_txt": " 우리는 이런 현상을 님비현상이라 말한다.#@문장구분# 이것은 공통적으로는 이익이 가지만 자신이 속한 지역에는 연관이 없는 경우에 행위를 반대하는 이기적인 생각이다.#@문장구분# 마을주민들의 생각을 들어보자면 요양원이 지어지는 그 부지에는 불과 600~700m 반경에 문화재가 있는데 그것이 훼손될 가능성을 배제할 수 없다는 것이고, 마을 한가운데 요양원이 있으니 이 마을 전체적인 집값하락이나 입지가 안 좋아질 수 있다는 것이다.#@문장구분# 하지만 공사 관계자는 주민들이 계속 반대를 해도 건설을 할 수밖에 없다고 단정지었다.#@문장구분#",
      "paragraph_len": 355,
      "paragraph_id": "002"
    },
    {
      "paragraph_txt": " 주민들의 입장도 이해가 가지만 갈수록 심해지는 고령화 속에서 노인들에게 필요한 복지시설건설을 막기에는 애매한 상황이었다.#@문장구분#",
      "paragraph_len": 88,
      "paragraph_id": "003"
    },
    {
      "paragraph_txt": " 나는 이러한 갈등 속에서 이러한 방법을 제시하고 싶다.#@문장구분# 첫 번째로는 정부가 직접공적으로 보상을 하거나 징수를 하는 것이고, 두 번째로는 민사법적으로 당사자에게 의무와 권리를 부과하여 민사적인 손해배상을 하는 방법도 있으며 미지막으로는 공간적토지 이용계획을 사용하여 정부가 직접토지를 지정하여 부정적인 외부효과가 일어나지 않는 방안을 사용하는 것이다.#@문장구분# 그리고 이런 갈등 속에서 문제를 해결하기 위해서는 주민들의 이해와 배려가 필요한다.#@문장구분#",
      "paragraph_len": 303,
      "paragraph_id": "004"
    }
  ],
  "score": {
    "paragraph_score": [
      {
        "paragraph_scoreT": [
          2,
          2.8,
          2
        ],
        "paragraph_scoreT_detail": {
          "paragraph_scoreT_exp": [
            [
              2,
              2,
              2
            ],
            [
              2,
              3,
              3
            ],
            [
              2,
              2,
              2
            ]
          ]
        },
        "paragraph_scoreT_avg": 2.2666667,
        "paragraph_id": "001"
      },
      {
        "paragraph_scoreT": [
          1.6,
          2.8,
          2
        ],
        "paragraph_scoreT_detail": {
          "paragraph_scoreT_exp": [
            [
              2,
              2,
              1
            ],
            [
              2,
              3,
              3
            ],
            [
              2,
              2,
              2
            ]
          ]
        },
        "paragraph_scoreT_avg": 2.1333334,
        "paragraph_id": "002"
      },
      {
        "paragraph_scoreT": [
          2.6,
          2.8,
          2
        ],
        "paragraph_scoreT_detail": {
          "paragraph_scoreT_exp": [
            [
              3,
              3,
              2
            ],
            [
              2,
              3,
              3
            ],
            [
              2,
              2,
              2
            ]
          ]
        },
        "paragraph_scoreT_avg": 2.4666665,
        "paragraph_id": "003"
      },
      {
        "paragraph_scoreT": [
          2,
          2.8,
          2
        ],
        "paragraph_scoreT_detail": {
          "paragraph_scoreT_exp": [
            [
              2,
              2,
              2
            ],
            [
              2,
              3,
              3
            ],
            [
              2,
              2,
              2
            ]
          ]
        },
        "paragraph_scoreT_avg": 2.2666667,
        "paragraph_id": "004"
      }
    ],
    "essay_scoreT": [
      23.3,
      29.4,
      17.6
    ],
    "essay_scoreT_avg": 23.433332,
    "essay_scoreT_detail": {
      "essay_scoreT_org": [
        [
          3,
          0,
          2,
          3
        ],
        [
          3,
          0,
          3,
          3
        ],
        [
          2,
          0,
          2,
          2
        ]
      ],
      "essay_scoreT_cont": [
        [
          3,
          2,
          2,
          2
        ],
        [
          3,
          3,
          3,
          3
        ],
        [
          2,
          1,
          2,
          1
        ]
      ],
      "essay_scoreT_exp": [
        [
          2,
          2,
          2
        ],
        [
          2,
          3,
          3
        ],
        [
          2,
          2,
          2
        ]
      ]
    }
  },
  "student": {
    "date": "2021.09.08",
    "student_educated": true,
    "student_grade": "고등_1학년",
    "location": "051",
    "student_grade_group": "고등",
    "student_reading": 1
  },
  "rubric": {
    "essay_grade": "고등_1학년",
    "organization_weight": {
      "org_paragraph": 0,
      "org": 3,
      "org_essay": 6,
      "org_coherence": 3,
      "org_quantity": 1
    },
    "essay_type": "대안제시",
    "content_weight": {
      "con_clearance": 3,
      "con_novelty": 3,
      "con": 4,
      "con_prompt": 1,
      "con_description": 3
    },
    "essay_main_subject": "혐오시설 건설문제에 대한 본인의 생각",
    "expression_weight": {
      "exp_style": 4,
      "exp_grammar": 2,
      "exp_vocab": 4,
      "exp": 3
    }
  },
  "correction": [],
  "info": {
    "essay_id": "ESSAY_34896",
    "essay_prompt": " 혐오 시설이란 지역 주민에게 공포감이나 고통을 주거나, 주변 지역의 쾌적성이 훼손됨으로써 집값이나 땅값이 내려가는 등 부정적인 외부효과를 유발하는 시설을 의미합니다.\n\n 대표적인 혐오 시설에는 쓰레기 매립장, 원자력발전소, 소각장, 유류저장소 등이 있습니다.\n\n 매립지, 소각장, 쓰레기 하치장 같은 혐오 시설은 그리 위험하지는 않지만, 쓰레기를 취급한다는 점에서 혐오감을 주며, 주변 환경오염 문제가 갈등을 일으킵니다. 특히 소각장은 인구밀도가 높은 대도시에 건설된다는 점에서 반대 운동이 일기도 합니다.\n\n 그런데 서로 반대만 하다 보면 입지를 찾지 못해 결국 모든 주민의 삶의 질이 저하될 수 있습니다.\n\n 정부 차원에서 가장 적절한 장소를 선별하여 건설 후 주변 사람들에게 혜택을 주는 방식이 적절한 방법일까요? 아니면 혐오 시설만을 모아둔 부지를 따로 정해서 건설해야 할까요? 아니면 모든 도시가 공평하게 혐오 시설 건설에 대한 부담을 지니고 하나씩 건설해야 할까요?\n\n 모두가 만족할만한 결과를 내기란 정말 어려운 문제이지만 여러분이 생각하는 가장 합리적이고 좋은 방법을 생각해보세요. 그리고 그 방법을 대안으로 제시하고 그 근거에 대해 작성해주세요.",
    "essay_type": "대안제시",
    "essay_level": "1",
    "essay_len": 753,
    "essay_main_subject": "혐오시설 건설문제에 대한 본인의 생각"
  }
}