{
  "paragraph": [
    {
      "paragraph_txt": "우리는 여성혐오발언 또는 남성혐오발언이 재미를 위해 사용되어지면 안되고 그런 말들은 하면 안된다는 것을 어릴 때부터 교육하고 가르치며 애초에 이런 상황이 없게 만들어야 한다.#@문장구분# 왜냐하면 인터넷에 노출되는 요새 연령 없이 많은 것을 시청할 수 있기에 혐오 단어, 비하 단어에 더 쉽게 노출될 수 있기 때문에 볼 수 없도록 막고 나쁜 것이다.#@문장구분# 따라 하지 마라 정확하게 얘기 해야 한다고 생각한다.#@문장구분#",
      "paragraph_len": 278,
      "paragraph_id": "001"
    },
    {
      "paragraph_txt": "   sns등 근본적인 문제를 잡아야한다.#@문장구분# sns 에서 혐오 단어, 비하 단어들을 쓰며 타인에게도 요구, 강요하는 분위기를 조성하지 못하도록 국가에서 sns 계정을 못 만들게 막거나 원래 있는 계정은 삭제 시키는게 맞다고 생각한다.#@문장구분# 왜냐하면 너도 써봐라, 써라, 해봐 라는 강요의 형태로 내가 안 쓰면 안되나? 라는 분위기에 휩쓸려 쓰게 된다면 멈출 수 없을 것이고 그것을 또 다른 사람에게 강요하고, 요구하고 그럼 가해자는 계속 늘고 우리는 어쩌면 한 번이라도 혐오단어를 들어본 사람들이 되어있을 거라고 생각한다.#@문장구분# 더군다나 공개적인 인터넷 방송에서도 사용을 하는데 이미 많은 sns에서 쓰고 있을터이니 삭제하거나 계정을 막는 것이 맞다고 생각한다.#@문장구분#",
      "paragraph_len": 443,
      "paragraph_id": "002"
    },
    {
      "paragraph_txt": "   우리는 근본적인 문제를 잡기 전 그 단어의 주체인 사람이 상처를 얼마나 받고 얼마나 심한 말까지 들었다라는 것을 알려 상황이 얼마나 심각한지 알려야 한다고 생각한다.#@문장구분# 왜냐하면 세상에 알리지 않으면 얼마나 심한지 알 수 없다고 생각하기에 모든 것을 알리고 상황의 심각성을 깨닫고 인권운동을 하며 혐오단어, 비하단어들을 하나 둘 우리 손으로 직접 뿌셔 갔으면 하는 바람이 있다.#@문장구분# 매우 힘들기에 뿌듯하다고 생각한다.#@문장구분# 하루 빨리 혐오 단어, 비하단어가 없어졌으면 좋겠다.#@문장구분#",
      "paragraph_len": 342,
      "paragraph_id": "003"
    }
  ],
  "score": {
    "paragraph_score": [
      {
        "paragraph_scoreT": [
          2,
          2.8,
          1
        ],
        "paragraph_scoreT_detail": {
          "paragraph_scoreT_exp": [
            [
              2,
              2,
              2
            ],
            [
              2,
              3,
              3
            ],
            [
              1,
              1,
              1
            ]
          ]
        },
        "paragraph_scoreT_avg": 1.9333334,
        "paragraph_id": "001"
      },
      {
        "paragraph_scoreT": [
          2,
          2.8,
          1
        ],
        "paragraph_scoreT_detail": {
          "paragraph_scoreT_exp": [
            [
              2,
              2,
              2
            ],
            [
              2,
              3,
              3
            ],
            [
              1,
              1,
              1
            ]
          ]
        },
        "paragraph_scoreT_avg": 1.9333334,
        "paragraph_id": "002"
      },
      {
        "paragraph_scoreT": [
          2,
          2.8,
          1
        ],
        "paragraph_scoreT_detail": {
          "paragraph_scoreT_exp": [
            [
              2,
              2,
              2
            ],
            [
              2,
              3,
              3
            ],
            [
              1,
              1,
              1
            ]
          ]
        },
        "paragraph_scoreT_avg": 1.9333334,
        "paragraph_id": "003"
      }
    ],
    "essay_scoreT": [
      27,
      29.4,
      10.700001
    ],
    "essay_scoreT_avg": 22.366669,
    "essay_scoreT_detail": {
      "essay_scoreT_org": [
        [
          3,
          0,
          3,
          3
        ],
        [
          3,
          0,
          3,
          3
        ],
        [
          1,
          0,
          1,
          2
        ]
      ],
      "essay_scoreT_cont": [
        [
          3,
          3,
          3,
          3
        ],
        [
          3,
          3,
          3,
          3
        ],
        [
          1,
          1,
          2,
          1
        ]
      ],
      "essay_scoreT_exp": [
        [
          2,
          2,
          2
        ],
        [
          2,
          3,
          3
        ],
        [
          1,
          1,
          1
        ]
      ]
    }
  },
  "student": {
    "date": "2020.09.06",
    "student_educated": true,
    "student_grade": "고등_1학년",
    "location": "051",
    "student_grade_group": "고등",
    "student_reading": 1
  },
  "rubric": {
    "essay_grade": "고등_1학년",
    "organization_weight": {
      "org_paragraph": 0,
      "org": 3,
      "org_essay": 6,
      "org_coherence": 3,
      "org_quantity": 1
    },
    "essay_type": "대안제시",
    "content_weight": {
      "con_clearance": 3,
      "con_novelty": 3,
      "con": 4,
      "con_prompt": 1,
      "con_description": 3
    },
    "essay_main_subject": "남녀 갈등 해결 방안",
    "expression_weight": {
      "exp_style": 4,
      "exp_grammar": 2,
      "exp_vocab": 4,
      "exp": 3
    }
  },
  "correction": [],
  "info": {
    "essay_id": "ESSAY_34789",
    "essay_prompt": " 남녀 갈등은 최근 우리 사회에서 가장 뜨거운 이슈 중 하나입니다. 이러한 갈등은 아직 간극을 좁히지 못하고 현재 사회적인 문제로 자리 잡았습니다.\n\n 군 가산점 문제, 일자리 문제 등 여러 가지 비교 자료들을 토대로 토론을 하고 이를 통해 갈등을 해결하고자 하는 노력이 이루어지고 있습니다.\n\n 과거에는 성차별 심했던 시기가 있었습니다. 여자와 남자를 구별 지어 일을 주는 경우도 많았습니다. 하지만, 현재는 여자와 남자라는 성별을 떠나서 나이, 국적을 불문하고 모두에게 평등한 기회를 주기 위해 노력하고 있습니다.\n\n 이렇게 모두의 노력에도 불구하고 아직 해결되지 않았거나 해결될 기미가 보이지 않는 양성평등 문제가 있을까요?\n\n 아주 작은 사소한 일이라도 좋습니다. 여러분이 생각하는 우리 주변의 양성평등 문제를 하나 작성해보고 어떻게 해결할 수 있을지 혹은 무엇이 바뀌어야 해결될 것 같은지 본인의 생각을 설명해주세요. ",
    "essay_type": "대안제시",
    "essay_level": "1",
    "essay_len": 847,
    "essay_main_subject": "남녀 갈등 해결 방안"
  }
}