{
  "paragraph": [
    {
      "paragraph_txt": "최근 두각되는 사회문제 남녀간의 혐오가 점점 심해지는 현상에 대하여 해결방안을 생각해 보았습니다.#@문장구분#\n근본적으로 혐오가 일어나는 이유는 서로가 이해하지 못하거나 수긍,인정할수 없기 때문에 대상에게 부정적인 감정을 가지게 되어 혐오가 일어난다고 생각합니다.#@문장구분#\n그야 당연히 같은 성별이라고 하더라도 모두가 사이가 좋을순 없는데 거기다 성별마저도 다르다면 더더욱 서로를 이해하기 힘들 것입니다.#@문장구분#\n여기서 쉽게 생각하면 그저 이해하기만 해도 해결될 문제이나, 현재 사회의 남녀갈등은 그정도로 해결될 만큼 얕은 수준이 아니라고 생각합니다.#@문장구분#\n개개인의 갈등이 아닌 단체와 단체 또는 집단의 갈등이기에 쉽게 생각할수 없지만 저는 해결방안으로 이렇게 생각해보았습니다.#@문장구분#\n먼저 갈등의 근원인 남녀차별을 없애야 합니다.#@문장구분#\n좋든 나쁘든 차별이라는게 있는 한 어느 한쪽은 반대쪽에게 부정적일 수 밖에 없는것입니다.#@문장구분#\n때문에 모든 차별을 사회적, 인간적으로 포용할수 있는 범위 안에서 최소화 해야 합니다.#@문장구분#\n예시로는 국방의 의무 또한 남녀 모두가 짊어져야할 의무이지만남성만 군대에 가는 것, 여성이라는 이유로 직장이나 사회에서 하대 당하거나 부조리한 지시에 따르는등 오래된 개념과 상식을 바꾸어 새로운 개념으로써의 양성평등을 만드는 것입니다.#@문장구분# 물론 인식을 하루아침에 바꿀수는 없지만 사회 전체의 노력이 있으면 점차점차 바뀔것이라고 생각합니다.#@문장구분#\n두 번째로는 개인이 누군가를 싫어할수 있지만. 그 혐오를 sns를 통한 불특정 다수에게 퍼트려 분쟁을 조장하는 행위를 법적으로 제한 하여야 한다고 생각합니다.#@문장구분#\n이러한 정책들을 통해서 이사회의 악습을 단절하여 더나은 사회를 만들어야 합니다.#@문장구분#",
      "paragraph_len": 1047,
      "paragraph_id": "001"
    }
  ],
  "score": {
    "paragraph_score": [
      {
        "paragraph_scoreT": [
          2.8,
          2.8,
          2.8
        ],
        "paragraph_scoreT_detail": {
          "paragraph_scoreT_exp": [
            [
              2,
              3,
              3
            ],
            [
              2,
              3,
              3
            ],
            [
              2,
              3,
              3
            ]
          ]
        },
        "paragraph_scoreT_avg": 2.8,
        "paragraph_id": "001"
      }
    ],
    "essay_scoreT": [
      26.400002,
      29.4,
      29.4
    ],
    "essay_scoreT_avg": 28.400002,
    "essay_scoreT_detail": {
      "essay_scoreT_org": [
        [
          2,
          0,
          3,
          3
        ],
        [
          3,
          0,
          3,
          3
        ],
        [
          3,
          0,
          3,
          3
        ]
      ],
      "essay_scoreT_cont": [
        [
          3,
          3,
          3,
          2
        ],
        [
          3,
          3,
          3,
          3
        ],
        [
          3,
          3,
          3,
          3
        ]
      ],
      "essay_scoreT_exp": [
        [
          2,
          3,
          3
        ],
        [
          2,
          3,
          3
        ],
        [
          2,
          3,
          3
        ]
      ]
    }
  },
  "student": {
    "date": "2021.08.03",
    "student_educated": true,
    "student_grade": "고등_1학년",
    "location": "063",
    "student_grade_group": "고등",
    "student_reading": 2
  },
  "rubric": {
    "essay_grade": "고등_1학년",
    "organization_weight": {
      "org_paragraph": 0,
      "org": 3,
      "org_essay": 6,
      "org_coherence": 3,
      "org_quantity": 1
    },
    "essay_type": "대안제시",
    "content_weight": {
      "con_clearance": 3,
      "con_novelty": 3,
      "con": 4,
      "con_prompt": 1,
      "con_description": 3
    },
    "essay_main_subject": "남녀 갈등 해결 방안",
    "expression_weight": {
      "exp_style": 4,
      "exp_grammar": 2,
      "exp_vocab": 4,
      "exp": 3
    }
  },
  "correction": [],
  "info": {
    "essay_id": "ESSAY_37157",
    "essay_prompt": " 남녀 갈등은 최근 우리 사회에서 가장 뜨거운 이슈 중 하나입니다. 이러한 갈등은 아직 간극을 좁히지 못하고 현재 사회적인 문제로 자리 잡았습니다.\n\n 군 가산점 문제, 일자리 문제 등 여러 가지 비교 자료들을 토대로 토론을 하고 이를 통해 갈등을 해결하고자 하는 노력이 이루어지고 있습니다.\n\n 과거에는 성차별 심했던 시기가 있었습니다. 여자와 남자를 구별 지어 일을 주는 경우도 많았습니다. 하지만, 현재는 여자와 남자라는 성별을 떠나서 나이, 국적을 불문하고 모두에게 평등한 기회를 주기 위해 노력하고 있습니다.\n\n 이렇게 모두의 노력에도 불구하고 아직 해결되지 않았거나 해결될 기미가 보이지 않는 양성평등 문제가 있을까요?\n\n 아주 작은 사소한 일이라도 좋습니다. 여러분이 생각하는 우리 주변의 양성평등 문제를 하나 작성해보고 어떻게 해결할 수 있을지 혹은 무엇이 바뀌어야 해결될 것 같은지 본인의 생각을 설명해주세요. ",
    "essay_type": "대안제시",
    "essay_level": "1",
    "essay_len": 807,
    "essay_main_subject": "남녀 갈등 해결 방안"
  }
}