{
  "paragraph": [
    {
      "paragraph_txt": "비혼주의에 대해 찬성한다,#@문장구분# 연애, 결혼, 임신 모두 개개인의 선택이므로 남이 왈가왈부할 문제가 아니라 생각한다.#@문장구분# 이런 현상의 배경은 국가의 정책이나 여러 가지 사회적 문제들이 뭉치고 뭉친 것이다#@문장구분# 현재 저출산 문제는 굉장히 심각하다.#@문장구분# 통계청의 '장래인구추계'에 따르면 2067년에는 대한민국의 인구가 3,929만명(1982년 수준)에 이를 것이라고 전망했다.#@문장구분# 상황이 상황인지라 비혼주의를 환영할 수는 없지만 혼인을 강제할 수는 없다.#@문장구분# 만약 비혼주의를 타파하고자 한다면 국가의 노력이 필요할 것이다.#@문장구분# 현재 당장 우리나라만 보더라도 비혼주의자가 많아지는 데에는 경제적 부담, 육아에 대한 부담감 등등 다양한 이유들이 있다.#@문장구분# 이를 단순히 젊은 사람들의 이기심으로 생각하면 안된다.#@문장구분# 분명 지금은 기성세대들이 살아왔던 대한민국과는 다르다.#@문장구분# 취업난, 하루가 다르게 치솟아 가는 부동산 가격 등등 과거에는 쉬웠다는 말은 절대 아니지만, 기성세대들이 살아왔던 때의 그것과는 완전히 다르다.#@문장구분# 사람들이 좋다고 하는 소위 'SKY' 대학을 나와도 취업이 안되는 게 부지기수이고, 열심히 일해도 내 집 하나 마련하기가 힘들어 월세 생활을 연연하는게 요즘 젊은이들의 현실이다.#@문장구분# 이런 상황에서 혼인을 강제하는 것은 굉장히 잔인하다고 본다.#@문장구분# 비혼이든 혼인이든 그것은 개개인의 선택이고 국가가 강제할 권리는 없고 또 현재 상황이 굉장히 열악하므로 비혼주의자의 발생은 어쩔 수 없다고 본다.#@문장구분# 그리고 애를 낳아놓고 제대로 키우지도 않을거면 차라리 안낳는 것이 낫다고 생각한다.#@문장구분# 애는 자신의 의지로 태어난 것이 아니기 때문에 부모의 역할이 굉장히 중요한데 부모는 자신의 역할을 제대로 하지 않으면서 아이에게 바르게 자라기만 바라는 것은 말이 안되기 때문이다.#@문장구분# 따라서 나는 비혼주의에 대해 찬성한다.#@문장구분#",
      "paragraph_len": 1214,
      "paragraph_id": "001"
    }
  ],
  "score": {
    "paragraph_score": [
      {
        "paragraph_scoreT": [
          3,
          3,
          3
        ],
        "paragraph_scoreT_detail": {
          "paragraph_scoreT_exp": [
            [
              3,
              3,
              3
            ],
            [
              3,
              3,
              3
            ],
            [
              3,
              3,
              3
            ]
          ]
        },
        "paragraph_scoreT_avg": 3,
        "paragraph_id": "001"
      }
    ],
    "essay_scoreT": [
      30,
      30,
      28.8
    ],
    "essay_scoreT_avg": 29.6,
    "essay_scoreT_detail": {
      "essay_scoreT_org": [
        [
          3,
          0,
          3,
          3
        ],
        [
          3,
          0,
          3,
          3
        ],
        [
          3,
          0,
          3,
          3
        ]
      ],
      "essay_scoreT_cont": [
        [
          3,
          3,
          3,
          3
        ],
        [
          3,
          3,
          3,
          3
        ],
        [
          3,
          2,
          3,
          3
        ]
      ],
      "essay_scoreT_exp": [
        [
          3,
          3,
          3
        ],
        [
          3,
          3,
          3
        ],
        [
          3,
          3,
          3
        ]
      ]
    }
  },
  "student": {
    "date": "2021.10.24",
    "student_educated": true,
    "student_grade": "고등_1학년",
    "location": "063",
    "student_grade_group": "고등",
    "student_reading": 1
  },
  "rubric": {
    "essay_grade": "고등_1학년",
    "organization_weight": {
      "org_paragraph": 0,
      "org": 3,
      "org_essay": 6,
      "org_coherence": 3,
      "org_quantity": 1
    },
    "essay_type": "찬성반대",
    "content_weight": {
      "con_clearance": 3,
      "con_novelty": 3,
      "con": 4,
      "con_prompt": 1,
      "con_description": 3
    },
    "essay_main_subject": "비혼주의자에 대한 본인의 의견",
    "expression_weight": {
      "exp_style": 4,
      "exp_grammar": 2,
      "exp_vocab": 4,
      "exp": 3
    }
  },
  "correction": [],
  "info": {
    "essay_id": "ESSAY_43917",
    "essay_prompt": " \"\"연애는 필수, 결혼은 선택! 가슴이 뛰는 대로 가면 돼\"\".\n\n 유명한 유행가의 노래 가사처럼, 청년들에게 결혼은 이제 필수가 아닌 하나의 선택 사항입니다. 연애, 결혼, 출산을 포기한다는 의미의 '3포세대'라는 말이 나오기 무섭게 5포 세대, N포세대까지 등장할 정도로 취업난, 치솟는 부동산 가격 등 여러 사회·경제적 요인들로 청년층을 위축시켰습니다.\n\n 모두가 이러한 이유로 '결혼을 포기'하는 것만은 아닙니다. 개인의 행복을 위해 '비혼을 선택'하는 청년들도 늘고 있습니다. 이처럼 최근 전통적인 가치관에서 벗어나 연애와 동거는 하면서 결혼이라는 제도에 묶여 관계에서 파생되는 책임을 벗어나 자유로운 삶을 추구하는 비혼주의자가 늘고 있습니다.\n\n 다만, 개인의 자유로운 선택에 따라 비혼주의를 하지만 주변에서는 아직 고운 시선으로 바라보지 않는 사람도 많습니다. 결혼이라는 제도에 대해서 선택이 아닌 필수라고 생각하는 사람들도 많지요. 개개인이 모여 사회가 형성되기 때문에 사회의 가장 작은 단위인 가족을 이루는 것도 사회 구성원으로서의 큰 역할이라고 생각하는 사람들도 있습니다.\n\n 여러분은 결혼을 꼭 해야 한다고 생각하시나요? 아니면 결혼은 선택의 문제라고 생각하시나요? 비혼주의에 대해 찬성하는 입장 반대를 선택하여 자신의 의견을 작성해주세요. 그리고 그렇게 생각한 이유에 대해서 작성해주세요.",
    "essay_type": "찬성반대",
    "essay_level": "2",
    "essay_len": 874,
    "essay_main_subject": "비혼주의자에 대한 본인의 의견"
  }
}