{
  "paragraph": [
    {
      "paragraph_txt": "나는 비혼주의자에 대해 찬성한다.#@문장구분# 왜냐하면 나는 결혼을 의무적으로 하는 것이 아닌 개인의 선택과 권리를 챙겨서 결정할 수 있는 것이라 본다.#@문장구분# 만약 결혼을 의무적으로 해야 한다고 한다면 사람들은 연애를 할 때부터 결혼을 생각하며 이야기를 해야하고 그로 인해 그들에게 크나큰 스트레스를 줄 수 있다고 생각된다.#@문장구분#\n아직 결혼까지 생각을 하지 않고 연애를 하는 두 사람에게는 `결혼'이라는 크나큰 부담이 항상 있을 것이고 그러한 문제 때문에 서로의 행복한 연애를 방해할 수 있는 하나의 문제 요소가 될 수있다.#@문장구분# 특히 20대 초반 남녀 사이에서도 결혼이라는 압박 때문에 진실되지 않은 감정을 서로 나누며 결국 결혼을 해서라도 행복한 가정으로 지낼 수는 없을 것이다,#@문장구분# 그러므로 비혼 주의를 반대하는 것은 결혼을 해야 한다는 생각이니 결혼을 의무적으로 요구하면은 결혼이라는 압박에 쫓기면서 진실되지 않은 감정을 서로 나누며 결혼을 하여도 행복하지는 않을 것이다.#@문장구분#\n반면 결혼을 의무적이라고 생각 안 하고 선택적으로 하면은 일단 결혼이라는 압박에서 벗어나 서로의 진실된 감정을 나누며 행복하게 생활 할 수있다.#@문장구분# 만약 결혼하지 않을 것이라고 만난 두 사람이 서로 마음이 너무 잘 맞아 결혼이라는 생각을 다시 할 수도 있는것이고 결혼을 하지 않더라도 서로에게 행복한 추억이 될 수 있을것이다,.#@문장구분#\n그리고 결혼을 하지않아도 동거를하여 서로에게 관심을 가질 수 있는 시간은 충분하고, 경제적 압박도   결혼을 했을 때 보다는 결혼을 하지 않았을 때 서로에게 경제적 압박이 들어가지 않을것이다.#@문장구분# 비록 저출산이라고 하지만 아이를 낳는거 또한 역시 결혼을 했을 때 이고 아이를 낳았을때 경제적 부담이 엄청 커질것이다,.#@문장구분#\n비록 결혼을 하고 아이를 낳지 않는다 하여도 경제적 부담은 결혼을 하지않고 동거를 하지않는것이 더 심적부담은 적을것이라고 생각한다.#@문장구분#",
      "paragraph_len": 1126,
      "paragraph_id": "001"
    }
  ],
  "score": {
    "paragraph_score": [
      {
        "paragraph_scoreT": [
          3,
          3,
          2.4
        ],
        "paragraph_scoreT_detail": {
          "paragraph_scoreT_exp": [
            [
              3,
              3,
              3
            ],
            [
              3,
              3,
              3
            ],
            [
              2,
              3,
              2
            ]
          ]
        },
        "paragraph_scoreT_avg": 2.8,
        "paragraph_id": "001"
      }
    ],
    "essay_scoreT": [
      30,
      27.6,
      22.7
    ],
    "essay_scoreT_avg": 26.766668,
    "essay_scoreT_detail": {
      "essay_scoreT_org": [
        [
          3,
          0,
          3,
          3
        ],
        [
          3,
          0,
          3,
          3
        ],
        [
          3,
          0,
          3,
          2
        ]
      ],
      "essay_scoreT_cont": [
        [
          3,
          3,
          3,
          3
        ],
        [
          3,
          2,
          3,
          2
        ],
        [
          3,
          1,
          2,
          1
        ]
      ],
      "essay_scoreT_exp": [
        [
          3,
          3,
          3
        ],
        [
          3,
          3,
          3
        ],
        [
          2,
          3,
          2
        ]
      ]
    }
  },
  "student": {
    "date": "2021.08.11",
    "student_educated": true,
    "student_grade": "고등_1학년",
    "location": "051",
    "student_grade_group": "고등",
    "student_reading": 2
  },
  "rubric": {
    "essay_grade": "고등_1학년",
    "organization_weight": {
      "org_paragraph": 0,
      "org": 3,
      "org_essay": 6,
      "org_coherence": 3,
      "org_quantity": 1
    },
    "essay_type": "찬성반대",
    "content_weight": {
      "con_clearance": 3,
      "con_novelty": 3,
      "con": 4,
      "con_prompt": 1,
      "con_description": 3
    },
    "essay_main_subject": "비혼주의자에 대한 본인의 의견",
    "expression_weight": {
      "exp_style": 4,
      "exp_grammar": 2,
      "exp_vocab": 4,
      "exp": 3
    }
  },
  "correction": [],
  "info": {
    "essay_id": "ESSAY_34044",
    "essay_prompt": " \"\"연애는 필수, 결혼은 선택! 가슴이 뛰는 대로 가면 돼\"\".\n\n 유명한 유행가의 노래 가사처럼, 청년들에게 결혼은 이제 필수가 아닌 하나의 선택 사항입니다. 연애, 결혼, 출산을 포기한다는 의미의 '3포세대'라는 말이 나오기 무섭게 5포 세대, N포세대까지 등장할 정도로 취업난, 치솟는 부동산 가격 등 여러 사회·경제적 요인들로 청년층을 위축시켰습니다.\n\n 모두가 이러한 이유로 '결혼을 포기'하는 것만은 아닙니다. 개인의 행복을 위해 '비혼을 선택'하는 청년들도 늘고 있습니다. 이처럼 최근 전통적인 가치관에서 벗어나 연애와 동거는 하면서 결혼이라는 제도에 묶여 관계에서 파생되는 책임을 벗어나 자유로운 삶을 추구하는 비혼주의자가 늘고 있습니다.\n\n 다만, 개인의 자유로운 선택에 따라 비혼주의를 하지만 주변에서는 아직 고운 시선으로 바라보지 않는 사람도 많습니다. 결혼이라는 제도에 대해서 선택이 아닌 필수라고 생각하는 사람들도 많지요. 개개인이 모여 사회가 형성되기 때문에 사회의 가장 작은 단위인 가족을 이루는 것도 사회 구성원으로서의 큰 역할이라고 생각하는 사람들도 있습니다.\n\n 여러분은 결혼을 꼭 해야 한다고 생각하시나요? 아니면 결혼은 선택의 문제라고 생각하시나요? 비혼주의에 대해 찬성하는 입장 반대를 선택하여 자신의 의견을 작성해주세요. 그리고 그렇게 생각한 이유에 대해서 작성해주세요.",
    "essay_type": "찬성반대",
    "essay_level": "2",
    "essay_len": 906,
    "essay_main_subject": "비혼주의자에 대한 본인의 의견"
  }
}