{
  "paragraph": [
    {
      "paragraph_txt": "옛날에는 남녀가 특정 나이 이상이 지나게 되면 필수적으로 결혼을 해야 한다고 생각해 억지로 장가를 가거나 시집을 가는 경우가 대다수였다.#@문장구분# 심지어 아이를 낳는 것도 대게 필수인 데다 남아선호 사상이 강해 여자아이는 홀대하고 남자아이에게 관심을 집중하는 때가 있었다.#@문장구분# 하지만 자유국가가 된 현재에는 결혼은 필수가 아닌 선택이 되었고 결혼을 해서 아이를 낳을지 말지 역시 필수가 아닌 선택이 되었다.#@문장구분# 하지만 시대가 지나면 지날수록 출산율이 떨어지고 고령화가 진행되고 있다.#@문장구분# 그 이유 중 하나가 비혼주의이다.#@문장구분# ",
      "paragraph_len": 381,
      "paragraph_id": "001"
    },
    {
      "paragraph_txt": " 비혼주의는 결혼하지 않으려는 사람이나 상태를 말한다.#@문장구분# 자신이 결혼하지 않으려는 이유 중에는 많은 것들이 있다.#@문장구분# 재산부터 해서 가족의 부양, 육아, 부모님, 자기 자신을 위한 진정한 휴식 등등 결혼을 하면 얻을 수 있는 것도 있지만 잃을 수 있는 것도 있다#@문장구분#",
      "paragraph_len": 203,
      "paragraph_id": "002"
    },
    {
      "paragraph_txt": " 먼저 자신이 결혼하는 순간 순전한 내 가족이라는 공동체가 만들어져 책임감이 더 생긴다.#@문장구분# 그렇게 되면 배우자와 재산을 나눠 현명하게 사용해야 할 것이고, 가족이 살아가야 할 집이 필요해 집을 사려는데 시대가 시대인지라 집을 구하기도 어려워 대출을 받으려 해도 여건이 좋지 않으면 대출조차 받기 힘들 것이다.#@문장구분# ",
      "paragraph_len": 212,
      "paragraph_id": "003"
    },
    {
      "paragraph_txt": " 또 결혼해서 아이를 낳게 된다고 하면 부양해야 하는 가족 인원수는 증가하게 되고 생활비, 식비 등은 배로 필요하지만 정작 현실은 그에 순응해 주지 않을 것이다.#@문장구분# 또, 아이에 대한 걱정과 관심만이 머릿속에 남아 부모님을 챙겨드리지 못 할 뿐만 아니라 정작 자신만을 위한 진정한 휴식, 여가는 즐기지 못한 채 인생의 절반을 보낼 수 있다.#@문장구분#",
      "paragraph_len": 228,
      "paragraph_id": "004"
    },
    {
      "paragraph_txt": " 이런 여러 이유로 인해 현대사회의 사람들은 비혼주의에 관한 생각이 늘고 있다.#@문장구분# 비혼주의를 나쁘게 본다면 그것은 가치관에 관한 차이겠지만 자신의 자유를 우선시하는가에 따라 달라질 수 있다고 생각한다.#@문장구분# 자신의 자유는 그 누구도 책임져 주지 않고 나만이 누릴 수 있기에 결혼하면서 따라오는 부담과 책임감에서 벗어나 나를 위한 삶을 살아가고 싶다.#@문장구분#",
      "paragraph_len": 251,
      "paragraph_id": "005"
    }
  ],
  "score": {
    "paragraph_score": [
      {
        "paragraph_scoreT": [
          3,
          3,
          2
        ],
        "paragraph_scoreT_detail": {
          "paragraph_scoreT_exp": [
            [
              3,
              3,
              3
            ],
            [
              3,
              3,
              3
            ],
            [
              2,
              2,
              2
            ]
          ]
        },
        "paragraph_scoreT_avg": 2.6666667,
        "paragraph_id": "001"
      },
      {
        "paragraph_scoreT": [
          3,
          3,
          3
        ],
        "paragraph_scoreT_detail": {
          "paragraph_scoreT_exp": [
            [
              3,
              3,
              3
            ],
            [
              3,
              3,
              3
            ],
            [
              3,
              3,
              3
            ]
          ]
        },
        "paragraph_scoreT_avg": 3,
        "paragraph_id": "002"
      },
      {
        "paragraph_scoreT": [
          3,
          3,
          2.8
        ],
        "paragraph_scoreT_detail": {
          "paragraph_scoreT_exp": [
            [
              3,
              3,
              3
            ],
            [
              3,
              3,
              3
            ],
            [
              2,
              3,
              3
            ]
          ]
        },
        "paragraph_scoreT_avg": 2.9333334,
        "paragraph_id": "003"
      },
      {
        "paragraph_scoreT": [
          3,
          3,
          2.4
        ],
        "paragraph_scoreT_detail": {
          "paragraph_scoreT_exp": [
            [
              3,
              3,
              3
            ],
            [
              3,
              3,
              3
            ],
            [
              2,
              2,
              3
            ]
          ]
        },
        "paragraph_scoreT_avg": 2.8,
        "paragraph_id": "004"
      },
      {
        "paragraph_scoreT": [
          3,
          3,
          2.8
        ],
        "paragraph_scoreT_detail": {
          "paragraph_scoreT_exp": [
            [
              3,
              3,
              3
            ],
            [
              3,
              3,
              3
            ],
            [
              2,
              3,
              3
            ]
          ]
        },
        "paragraph_scoreT_avg": 2.9333334,
        "paragraph_id": "005"
      }
    ],
    "essay_scoreT": [
      30,
      24.9,
      25.099998
    ],
    "essay_scoreT_avg": 26.666666,
    "essay_scoreT_detail": {
      "essay_scoreT_org": [
        [
          3,
          0,
          3,
          3
        ],
        [
          2,
          0,
          2,
          3
        ],
        [
          2,
          0,
          2,
          3
        ]
      ],
      "essay_scoreT_cont": [
        [
          3,
          3,
          3,
          3
        ],
        [
          3,
          2,
          3,
          2
        ],
        [
          3,
          2,
          2,
          3
        ]
      ],
      "essay_scoreT_exp": [
        [
          3,
          3,
          3
        ],
        [
          3,
          3,
          3
        ],
        [
          2,
          3,
          3
        ]
      ]
    }
  },
  "student": {
    "date": "2021.09.13",
    "student_educated": true,
    "student_grade": "고등_1학년",
    "location": "051",
    "student_grade_group": "고등",
    "student_reading": 1
  },
  "rubric": {
    "essay_grade": "고등_1학년",
    "organization_weight": {
      "org_paragraph": 0,
      "org": 3,
      "org_essay": 6,
      "org_coherence": 3,
      "org_quantity": 1
    },
    "essay_type": "찬성반대",
    "content_weight": {
      "con_clearance": 3,
      "con_novelty": 3,
      "con": 4,
      "con_prompt": 1,
      "con_description": 3
    },
    "essay_main_subject": "비혼주의자에 대한 본인의 의견",
    "expression_weight": {
      "exp_style": 4,
      "exp_grammar": 2,
      "exp_vocab": 4,
      "exp": 3
    }
  },
  "correction": [],
  "info": {
    "essay_id": "ESSAY_33782",
    "essay_prompt": " \"\"연애는 필수, 결혼은 선택! 가슴이 뛰는 대로 가면 돼\"\".\n\n 유명한 유행가의 노래 가사처럼, 청년들에게 결혼은 이제 필수가 아닌 하나의 선택 사항입니다. 연애, 결혼, 출산을 포기한다는 의미의 '3포세대'라는 말이 나오기 무섭게 5포 세대, N포세대까지 등장할 정도로 취업난, 치솟는 부동산 가격 등 여러 사회·경제적 요인들로 청년층을 위축시켰습니다.\n\n 모두가 이러한 이유로 '결혼을 포기'하는 것만은 아닙니다. 개인의 행복을 위해 '비혼을 선택'하는 청년들도 늘고 있습니다. 이처럼 최근 전통적인 가치관에서 벗어나 연애와 동거는 하면서 결혼이라는 제도에 묶여 관계에서 파생되는 책임을 벗어나 자유로운 삶을 추구하는 비혼주의자가 늘고 있습니다.\n\n 다만, 개인의 자유로운 선택에 따라 비혼주의를 하지만 주변에서는 아직 고운 시선으로 바라보지 않는 사람도 많습니다. 결혼이라는 제도에 대해서 선택이 아닌 필수라고 생각하는 사람들도 많지요. 개개인이 모여 사회가 형성되기 때문에 사회의 가장 작은 단위인 가족을 이루는 것도 사회 구성원으로서의 큰 역할이라고 생각하는 사람들도 있습니다.\n\n 여러분은 결혼을 꼭 해야 한다고 생각하시나요? 아니면 결혼은 선택의 문제라고 생각하시나요? 비혼주의에 대해 찬성하는 입장 반대를 선택하여 자신의 의견을 작성해주세요. 그리고 그렇게 생각한 이유에 대해서 작성해주세요.",
    "essay_type": "찬성반대",
    "essay_level": "2",
    "essay_len": 984,
    "essay_main_subject": "비혼주의자에 대한 본인의 의견"
  }
}