{
  "paragraph": [
    {
      "paragraph_txt": "결혼을 함으로써 얻을 수 있는 이익이 뭔지 잘 모르겠습니다.#@문장구분#  사랑하는 사람을 매일 볼 수 있다거니 안정감을 준다거니 하는 것들은 동거만으로도 충분합니다.#@문장구분# 우리나라는 아직 유교적 사상이 강해서 결혼 전 동거를 반대하는 입장이 많은 것 같은데 저는 결혼 전 동거야말로 그 사람과의 결혼생활을 맞이해 필수적으로 준비해야하는 과정 중 하나라고 생각합니다.#@문장구분# 몇 년을 만난 애인이라도 함께 생활을 한다는 건 어려운 일이며 낯선 느낌을 받을 수도 있다고 봅니다. #@문장구분#설거지부터 빨래, 청소, 요리 당번을 나누는 일은 기계처럼 할 수 없기에 이런 부분에서 가치관이 다르다면 다툼이 일어날 수 있습니다.#@문장구분# 또한 결혼을 하면 항시 붙어있어야하기 때문에 각자만의 시간이 필요할 때 불편할 것이라 생각이 듭니다.#@문장구분# 각자의 삶을 존중하고 각자의 프라이버시를 존중하며 하는 사랑은 불가능한건가요?#@문장구분# 저는 가능하다고 봅니다.#@문장구분# 모든 사람은 관심과 애정이 필요하다.#@문장구분# 정작 말로는 결혼이나 연애를 안 할 것이라고 말하는 사람들은 자신이 그런 것을 할 처지가 안되었거나 경제적으로 힘든 상황일 것이다.#@문장구분# 따라서 나는 결혼을 꼭 해야 하지는 않지만 모두가 원하고 있다고 생각한다. #@문장구분#그래서 결혼을 강제로 여기는 것은 안된다고 생각한다.#@문장구분# 이렇게 나도 타인도 힘든 결혼을 사랑의 감정과 뿌듯함으로 보상받겠다는 가장인 아버지라는 존재는 가면 갈수록 이해가 안 가는 것과 동시에 타인을 위해 헌신하며 인생을 살아가는 점만 때놓고 보면 참으로 대단하다고 느낄 때도 많다.#@문장구분# 그러므로 결혼을 한다는 것은 매우매우 신중하고 조심스럽게 선택해야된다.#@문장구분# 하지만 결혼을 해서 나쁠 것도 없다고 생각한다.#@문장구분#",
      "paragraph_len": 1103,
      "paragraph_id": "001"
    }
  ],
  "score": {
    "paragraph_score": [
      {
        "paragraph_scoreT": [
          3,
          3,
          2.4
        ],
        "paragraph_scoreT_detail": {
          "paragraph_scoreT_exp": [
            [
              3,
              3,
              3
            ],
            [
              3,
              3,
              3
            ],
            [
              2,
              3,
              2
            ]
          ]
        },
        "paragraph_scoreT_avg": 2.8,
        "paragraph_id": "001"
      }
    ],
    "essay_scoreT": [
      30,
      25.099998,
      25.800001
    ],
    "essay_scoreT_avg": 26.966667,
    "essay_scoreT_detail": {
      "essay_scoreT_org": [
        [
          3,
          0,
          3,
          3
        ],
        [
          2,
          0,
          3,
          2
        ],
        [
          3,
          0,
          3,
          3
        ]
      ],
      "essay_scoreT_cont": [
        [
          3,
          3,
          3,
          3
        ],
        [
          2,
          2,
          2,
          3
        ],
        [
          2,
          2,
          3,
          3
        ]
      ],
      "essay_scoreT_exp": [
        [
          3,
          3,
          3
        ],
        [
          3,
          3,
          3
        ],
        [
          2,
          3,
          2
        ]
      ]
    }
  },
  "student": {
    "date": "2021.12.20",
    "student_educated": true,
    "student_grade": "고등_1학년",
    "location": "044",
    "student_grade_group": "고등",
    "student_reading": 2
  },
  "rubric": {
    "essay_grade": "고등_1학년",
    "organization_weight": {
      "org_paragraph": 0,
      "org": 3,
      "org_essay": 6,
      "org_coherence": 3,
      "org_quantity": 1
    },
    "essay_type": "찬성반대",
    "content_weight": {
      "con_clearance": 3,
      "con_novelty": 3,
      "con": 4,
      "con_prompt": 1,
      "con_description": 3
    },
    "essay_main_subject": "비혼주의자에 대한 본인의 의견",
    "expression_weight": {
      "exp_style": 4,
      "exp_grammar": 2,
      "exp_vocab": 4,
      "exp": 3
    }
  },
  "correction": [],
  "info": {
    "essay_id": "ESSAY_71287",
    "essay_prompt": " \"\"연애는 필수, 결혼은 선택! 가슴이 뛰는 대로 가면 돼\"\".\n\n 유명한 유행가의 노래 가사처럼, 청년들에게 결혼은 이제 필수가 아닌 하나의 선택 사항입니다. 연애, 결혼, 출산을 포기한다는 의미의 '3포세대'라는 말이 나오기 무섭게 5포 세대, N포세대까지 등장할 정도로 취업난, 치솟는 부동산 가격 등 여러 사회·경제적 요인들로 청년층을 위축시켰습니다.\n\n 모두가 이러한 이유로 '결혼을 포기'하는 것만은 아닙니다. 개인의 행복을 위해 '비혼을 선택'하는 청년들도 늘고 있습니다. 이처럼 최근 전통적인 가치관에서 벗어나 연애와 동거는 하면서 결혼이라는 제도에 묶여 관계에서 파생되는 책임을 벗어나 자유로운 삶을 추구하는 비혼주의자가 늘고 있습니다.\n\n 다만, 개인의 자유로운 선택에 따라 비혼주의를 하지만 주변에서는 아직 고운 시선으로 바라보지 않는 사람도 많습니다. 결혼이라는 제도에 대해서 선택이 아닌 필수라고 생각하는 사람들도 많지요. 개개인이 모여 사회가 형성되기 때문에 사회의 가장 작은 단위인 가족을 이루는 것도 사회 구성원으로서의 큰 역할이라고 생각하는 사람들도 있습니다.\n\n 여러분은 결혼을 꼭 해야 한다고 생각하시나요? 아니면 결혼은 선택의 문제라고 생각하시나요? 비혼주의에 대해 찬성하는 입장 반대를 선택하여 자신의 의견을 작성해주세요. 그리고 그렇게 생각한 이유에 대해서 작성해주세요.",
    "essay_type": "찬성반대",
    "essay_level": "2",
    "essay_len": 803,
    "essay_main_subject": "비혼주의자에 대한 본인의 의견"
  }
}