{
  "paragraph": [
    {
      "paragraph_txt": "저는 비혼주의자가 늘어나는 건 상당히 좋은 현상이라고 생각합니다.#@문장구분# 옛날에는 남녀가 나이가 어느 정도 되면 결혼해서 가정을 꾸리는 것이 필수로 여겨졌지만, 그들 중 과연 몇이나 좋은 결혼을 했을까.#@문장구분# 서로에 대한 사랑은 식은 지 오래에, 자식 걱정에 경제적인 걱정에 하루도 편할 날이 없을 거 같습니다.#@문장구분# 만약 안정적인 직업을 가진 사람이 결혼했다면 경제적인 걱정은 없을 겁니다.#@문장구분# 하지만 우리나라는 안정적인 직업을 가진 사람보다 열심히 살아가는 저소득층이 많으므로 저소득층이 비혼주의를 유지했다면 이런 현실은 생겨나지를 않을 거 같습니다.#@문장구분# 그러므로 요즘 사회가 주변의 관계에 얽매이지 않는 자유롭고 독립적인 삶을 추구하기 시작했다고 생각합니다.#@문장구분# 이는 이 세상의 자연스러운 흐름이기 때문에 옛날 80년대 혹은 90년대식으로 젊은이들에게 너도 이제 나이가 들었으니 결혼하라는 논리가 더 이상 통하지를 않을 거 같습니다.#@문장구분# 사랑하는 사람과 결혼해서 아이도 낳고 행복하게 잘 살고 있는 사람들이 잘못됐다고 말하는 건 아닙니다.#@문장구분# 이제 사람들도 자기 생각이 있고 자기만의 판단이 있으므로 자기가 결혼할 여권과 경제적인 능력이 있고 사랑하는 사람과 결혼이라는 걸 하고 싶다면 하는 게 맞고, 자기는 결혼보다 자기만의 취미와 혼자서 즐길 수 있는 환경이 더 좋고 옆에 누가 없어도 편하다 하면 비혼주의가 맞는다고 생각합니다.#@문장구분# 결혼은 일생일대의 판단이기 때문에 결혼이라는 것이 절대로 강요가 되면 안 되고 자기 자신들의 생각이 중요하다고 생각합니다.#@문장구분# 모든 사람의 한번 사는 인생들이 후회가 생기면 안 되기 때문에 비혼주의자는 늘어나는 건 좋은 현상이라고 생각합니다.#@문장구분#",
      "paragraph_len": 1027,
      "paragraph_id": "001"
    }
  ],
  "score": {
    "paragraph_score": [
      {
        "paragraph_scoreT": [
          3,
          3,
          2.6
        ],
        "paragraph_scoreT_detail": {
          "paragraph_scoreT_exp": [
            [
              3,
              3,
              3
            ],
            [
              3,
              3,
              3
            ],
            [
              3,
              2,
              3
            ]
          ]
        },
        "paragraph_scoreT_avg": 2.8666668,
        "paragraph_id": "001"
      }
    ],
    "essay_scoreT": [
      30,
      26.3,
      26.3
    ],
    "essay_scoreT_avg": 27.533333,
    "essay_scoreT_detail": {
      "essay_scoreT_org": [
        [
          3,
          0,
          3,
          3
        ],
        [
          2,
          0,
          3,
          2
        ],
        [
          3,
          0,
          2,
          3
        ]
      ],
      "essay_scoreT_cont": [
        [
          3,
          3,
          3,
          3
        ],
        [
          3,
          2,
          2,
          3
        ],
        [
          3,
          3,
          2,
          2
        ]
      ],
      "essay_scoreT_exp": [
        [
          3,
          3,
          3
        ],
        [
          3,
          3,
          3
        ],
        [
          3,
          2,
          3
        ]
      ]
    }
  },
  "student": {
    "date": "2021.12.13",
    "student_educated": true,
    "student_grade": "고등_1학년",
    "location": "031",
    "student_grade_group": "고등",
    "student_reading": 2
  },
  "rubric": {
    "essay_grade": "고등_1학년",
    "organization_weight": {
      "org_paragraph": 0,
      "org": 3,
      "org_essay": 6,
      "org_coherence": 3,
      "org_quantity": 1
    },
    "essay_type": "찬성반대",
    "content_weight": {
      "con_clearance": 3,
      "con_novelty": 3,
      "con": 4,
      "con_prompt": 1,
      "con_description": 3
    },
    "essay_main_subject": "비혼주의자에 대한 본인의 의견",
    "expression_weight": {
      "exp_style": 4,
      "exp_grammar": 2,
      "exp_vocab": 4,
      "exp": 3
    }
  },
  "correction": [],
  "info": {
    "essay_id": "ESSAY_71326",
    "essay_prompt": " \"\"연애는 필수, 결혼은 선택! 가슴이 뛰는 대로 가면 돼\"\".\n\n 유명한 유행가의 노래 가사처럼, 청년들에게 결혼은 이제 필수가 아닌 하나의 선택 사항입니다. 연애, 결혼, 출산을 포기한다는 의미의 '3포세대'라는 말이 나오기 무섭게 5포 세대, N포세대까지 등장할 정도로 취업난, 치솟는 부동산 가격 등 여러 사회·경제적 요인들로 청년층을 위축시켰습니다.\n\n 모두가 이러한 이유로 '결혼을 포기'하는 것만은 아닙니다. 개인의 행복을 위해 '비혼을 선택'하는 청년들도 늘고 있습니다. 이처럼 최근 전통적인 가치관에서 벗어나 연애와 동거는 하면서 결혼이라는 제도에 묶여 관계에서 파생되는 책임을 벗어나 자유로운 삶을 추구하는 비혼주의자가 늘고 있습니다.\n\n 다만, 개인의 자유로운 선택에 따라 비혼주의를 하지만 주변에서는 아직 고운 시선으로 바라보지 않는 사람도 많습니다. 결혼이라는 제도에 대해서 선택이 아닌 필수라고 생각하는 사람들도 많지요. 개개인이 모여 사회가 형성되기 때문에 사회의 가장 작은 단위인 가족을 이루는 것도 사회 구성원으로서의 큰 역할이라고 생각하는 사람들도 있습니다.\n\n 여러분은 결혼을 꼭 해야 한다고 생각하시나요? 아니면 결혼은 선택의 문제라고 생각하시나요? 비혼주의에 대해 찬성하는 입장 반대를 선택하여 자신의 의견을 작성해주세요. 그리고 그렇게 생각한 이유에 대해서 작성해주세요.",
    "essay_type": "찬성반대",
    "essay_level": "2",
    "essay_len": 807,
    "essay_main_subject": "비혼주의자에 대한 본인의 의견"
  }
}