{
  "paragraph": [
    {
      "paragraph_txt": "몇 년 전 우리나라를 뜨겁게 달궜던 노래가 있다.#@문장구분# \"연애는 필수, 결혼은 선택\"이라는 가사로 많은 이들의 공감을 사며 특유의 멜로디까지 합쳐져 전국민적인 사랑을 받은 노래 바로 가수 김연자씨가 부른 아모르파티라는 노래이다.#@문장구분# 김연자씨는 실제로 남자친구와 10년 정도의 연애를 끝으로 올해 결혼을 약속하셨다고 했는데, 노래를 불렀던 당시에도 나이가 차서 결혼은 언제할거냐는 물음을 받았을 때도 결혼은 두 사람이 하고 싶을 때 할 것이라는 멘트를 남기기도 했다.#@문장구분# 반면 비혼주의를 선언한 연예인들도 있다.#@문장구분#  배우 김혜수씨는 영화 '도둑들' 기자 간담회에서 비혼에 대해 짧게 언급한 바가 있는데, 당시 최동훈 감독은 \"혜수씨, 결혼은 안 할 거냐\"라고 묻자 \"상상도 하지 마라. 누군가의 여자로 사는 것도 좋지만 나는 내 이름 석 자를 빛내면서 멋있게 사는 것이 좋다.\" 라고 대답하여 큰 화제가 된 적이 있다.#@문장구분# 김혜수씨가 했던 말이 딱 현재 20-30대 청년들의 모습을 보여주는 것이 아닐까 싶다.#@문장구분# 다른 누군가보다 자신에게 더 집중하는 삶을 살고자하는 현상, 이 현상이 지속되면서 아에 비혼을 결심하게 되는 경우도 늘고 있다고 생각한다.#@문장구분#\n 물론 가족이 사회의 가장 작은 단위를 구성하는 중요한 존재라는 것에서 부정할 생각은 없다.#@문장구분# 하지만, 시대가 변화하면서 생각이나 제도, 규칙 등등이 바뀌는 것은 당연한 순리라고 생각하며 비혼주의가 제도나 규칙을 파괴하는 것처럼 '잘못되거나' '비사회적인' 생각이 아니기 때문에 있는 그대로 받아들여주는 것도 건강한 사회인으로써 필요하다고 생각한다.#@문장구분# 서로가 서로를 다르게 바라보지말고 다름을 인정해주면 좋겠다.#@문장구분#",
      "paragraph_len": 1005,
      "paragraph_id": "001"
    }
  ],
  "score": {
    "paragraph_score": [
      {
        "paragraph_scoreT": [
          2.6,
          2.8,
          3
        ],
        "paragraph_scoreT_detail": {
          "paragraph_scoreT_exp": [
            [
              3,
              2,
              3
            ],
            [
              2,
              3,
              3
            ],
            [
              3,
              3,
              3
            ]
          ]
        },
        "paragraph_scoreT_avg": 2.8,
        "paragraph_id": "001"
      }
    ],
    "essay_scoreT": [
      26.7,
      29.4,
      30
    ],
    "essay_scoreT_avg": 28.699999,
    "essay_scoreT_detail": {
      "essay_scoreT_org": [
        [
          3,
          0,
          2,
          3
        ],
        [
          3,
          0,
          3,
          3
        ],
        [
          3,
          0,
          3,
          3
        ]
      ],
      "essay_scoreT_cont": [
        [
          3,
          3,
          3,
          2
        ],
        [
          3,
          3,
          3,
          3
        ],
        [
          3,
          3,
          3,
          3
        ]
      ],
      "essay_scoreT_exp": [
        [
          3,
          2,
          3
        ],
        [
          2,
          3,
          3
        ],
        [
          3,
          3,
          3
        ]
      ]
    }
  },
  "student": {
    "date": "2021.10.15",
    "student_educated": true,
    "student_grade": "고등_1학년",
    "location": "02",
    "student_grade_group": "고등",
    "student_reading": 3
  },
  "rubric": {
    "essay_grade": "고등_1학년",
    "organization_weight": {
      "org_paragraph": 0,
      "org": 3,
      "org_essay": 6,
      "org_coherence": 3,
      "org_quantity": 1
    },
    "essay_type": "찬성반대",
    "content_weight": {
      "con_clearance": 3,
      "con_novelty": 3,
      "con": 4,
      "con_prompt": 1,
      "con_description": 3
    },
    "essay_main_subject": "비혼주의자에 대한 본인의 의견",
    "expression_weight": {
      "exp_style": 4,
      "exp_grammar": 2,
      "exp_vocab": 4,
      "exp": 3
    }
  },
  "correction": [],
  "info": {
    "essay_id": "ESSAY_37019",
    "essay_prompt": " \"\"연애는 필수, 결혼은 선택! 가슴이 뛰는 대로 가면 돼\"\".\n\n 유명한 유행가의 노래 가사처럼, 청년들에게 결혼은 이제 필수가 아닌 하나의 선택 사항입니다. 연애, 결혼, 출산을 포기한다는 의미의 '3포세대'라는 말이 나오기 무섭게 5포 세대, N포세대까지 등장할 정도로 취업난, 치솟는 부동산 가격 등 여러 사회·경제적 요인들로 청년층을 위축시켰습니다.\n\n 모두가 이러한 이유로 '결혼을 포기'하는 것만은 아닙니다. 개인의 행복을 위해 '비혼을 선택'하는 청년들도 늘고 있습니다. 이처럼 최근 전통적인 가치관에서 벗어나 연애와 동거는 하면서 결혼이라는 제도에 묶여 관계에서 파생되는 책임을 벗어나 자유로운 삶을 추구하는 비혼주의자가 늘고 있습니다.\n\n 다만, 개인의 자유로운 선택에 따라 비혼주의를 하지만 주변에서는 아직 고운 시선으로 바라보지 않는 사람도 많습니다. 결혼이라는 제도에 대해서 선택이 아닌 필수라고 생각하는 사람들도 많지요. 개개인이 모여 사회가 형성되기 때문에 사회의 가장 작은 단위인 가족을 이루는 것도 사회 구성원으로서의 큰 역할이라고 생각하는 사람들도 있습니다.\n\n 여러분은 결혼을 꼭 해야 한다고 생각하시나요? 아니면 결혼은 선택의 문제라고 생각하시나요? 비혼주의에 대해 찬성하는 입장 반대를 선택하여 자신의 의견을 작성해주세요. 그리고 그렇게 생각한 이유에 대해서 작성해주세요.",
    "essay_type": "찬성반대",
    "essay_level": "2",
    "essay_len": 805,
    "essay_main_subject": "비혼주의자에 대한 본인의 의견"
  }
}