{
  "paragraph": [
    {
      "paragraph_txt": "'제한적 인터넷 실명제' 역시 화두에 올랐다.#@문장구분# 제한적 인터넷 실명제가 도입된다면 신분이 어느 정도 드러남으로써 타인의 명예를 훼손하는 일이 줄어들 수 있다고 생각하여 많은 사람들이 이를 찬성하고 있지만 나는 우리나라의 헌법에서 표현의 자유를 보장하고 있기에 이러한 의견에 반대한다.#@문장구분#  제한적 인터넷 실명제가 도입된다면 자신의 신분이 노출되는 것을 우려하여 본인의 생각을 솔직히 밝히는 것을 꺼리는 사람들이 늘어날 것이고 이는 표현의 자유를 침해하는 행위로 간주될 수 있다.#@문장구분#  뿐만 아니라, 정의 사회 구현에 도움이 되는 공익적 제보도 줄어들게 된다.#@문장구분#  그 예로, 이란의 한 여대생의 죽음을 알린 익명의 시민이 있다.#@문장구분#  당시 이란 정부는 시위에 맞서 기자들을 모두 추방하고 위성방송의 전파를 방해할 뿐만 아니라 네트워크 웹사이트를 차단하여 외부로 통하는 '소통 수단' 자체를 차단하였다.#@문장구분#  유일하게 시위 현장을 취재하는 국영 TV에서는 일부분만을 보여주었기 때문에 외부 사람들에게 이곳에서 무슨 일이 일어나고 있다는 사실을 알릴 수 없었다.#@문장구분#  미디어가 통제된 상황에서 시민들은 SNS 접속이 가능한 우회경로 인터넷 사이트를 알아내 익명의 블로거가 촬영한 40여 초의 동영상으로 이란에서 일어나고 있는 부당한 상황을 전 세계로 '확산'시켰다.#@문장구분# 이처럼 인터넷의 익명성을 통해 한때 소비자였던 이들이 이제는 생산자가 되었다는 엄청난 변화를 지지하기에 제한적 인터넷 실명제는 필요하지 않다고 생각한다.#@문장구분#  점점 오염되어가고 있는 댓글창을 보면 인터넷 실명제가 필요하다는 생각도 들지만, 이는 절대 근본적인 해결책이 되지 못한다는 생각이 든다.#@문장구분#  악플러들은 어떤 상황에서든 남을 비방할 방법을 찾아낼 것이기 때문이다.#@문장구분#  따라서, 악플에 동조하지 않고, 건전한 인터넷 세상을 만드려는 자세를 가지는 것이 가장 중요하다고 생각한다.",
      "paragraph_len": 1169,
      "paragraph_id": "001"
    }
  ],
  "score": {
    "paragraph_score": [
      {
        "paragraph_scoreT": [
          3,
          3,
          2.8
        ],
        "paragraph_scoreT_detail": {
          "paragraph_scoreT_exp": [
            [
              3,
              3,
              3
            ],
            [
              3,
              3,
              3
            ],
            [
              2,
              3,
              3
            ]
          ]
        },
        "paragraph_scoreT_avg": 2.9333334,
        "paragraph_id": "001"
      }
    ],
    "essay_scoreT": [
      30,
      27.6,
      26.1
    ],
    "essay_scoreT_avg": 27.9,
    "essay_scoreT_detail": {
      "essay_scoreT_org": [
        [
          3,
          3,
          3,
          3
        ],
        [
          3,
          3,
          3,
          3
        ],
        [
          3,
          2,
          3,
          3
        ]
      ],
      "essay_scoreT_cont": [
        [
          3,
          3,
          3,
          3
        ],
        [
          2,
          2,
          3,
          3
        ],
        [
          3,
          2,
          3,
          2
        ]
      ],
      "essay_scoreT_exp": [
        [
          3,
          3,
          3
        ],
        [
          3,
          3,
          3
        ],
        [
          2,
          3,
          3
        ]
      ]
    }
  },
  "student": {
    "date": "2021.12.24",
    "student_educated": true,
    "student_grade": "고등_2학년",
    "location": "063",
    "student_grade_group": "고등",
    "student_reading": 1
  },
  "rubric": {
    "essay_grade": "고등_2학년",
    "organization_weight": {
      "org_paragraph": 3,
      "org": 3,
      "org_essay": 3,
      "org_coherence": 3,
      "org_quantity": 1
    },
    "essay_type": "찬성반대",
    "content_weight": {
      "con_clearance": 3,
      "con_novelty": 3,
      "con": 4,
      "con_prompt": 1,
      "con_description": 3
    },
    "essay_main_subject": "익명성에 대한 본인의 의견",
    "expression_weight": {
      "exp_style": 4,
      "exp_grammar": 2,
      "exp_vocab": 4,
      "exp": 3
    }
  },
  "correction": [],
  "info": {
    "essay_id": "ESSAY_77271",
    "essay_prompt": " 보편적으로 인터넷에서 사용자는 자기의 본이름을 제외한 ID나 별명을 사용합니다. 즉, 익명을 사용하여 인터넷에서 활동하게 됩니다.\n\n 하지만, 인터넷에서는 이러한 점을 악용하는 사례가 무수히 생겨나고 있습니다. 사이버 세상에서 자신이 외부에 노출되어 있지 않다는 것을 이용해 자신과 다른 의견에 대해 욕설, 인신공격 등을 가하는 것이지요. 이에 대해 인터넷상에서의 규제는 사실상 불가능한 부분이 많습니다.\n\n 그 때문에 최근 인터넷 사이트에 회원가입을 할 때 본인 확인 절차를 거치지 않았으면 글 등을 올릴 때 본인 확인을 할 수 있도록 제한적 인터넷 실명제가 도입되고 있습니다.\n\n 하지만 인터넷의 가장 기본적인 속성인 익명성이 무시될 경우, 인터넷은 무한한 가능성의 공간이 아닌 제한적인 도구로 전락할 수도 있습니다.\n\n 제한적 인터넷 실명제는 필요한지 찬성과 반대를 선택하여 자신의 견해를 작성해주세요.",
    "essay_type": "찬성반대",
    "essay_level": "2",
    "essay_len": 911,
    "essay_main_subject": "익명성에 대한 본인의 의견"
  }
}