{
  "paragraph": [
    {
      "paragraph_txt": "결혼이란 사랑하는 사람과 부부가 되는 것이다.#@문장구분# 두 사람간의 사이를 세상에 공표함으로써 서로의 관계를 더 견고히 하는 의식이 결혼이라고 생각한다.#@문장구분# 하지만 이제 다양성이 존중되는 세상으로 더 이상 사랑의 종지부가 결혼이 아닌 시대가 되었지만 그럼에도 사람들이 결혼을 하려고 하고 하고 싶어하는 이유는 소속감 때문일 것이다.#@문장구분# 결혼과 가족보다는 자신의 라이프 스타일을 영위하며 사는데 초점을 두는 비혼주의 여성들이 솔직하고 멋지다고 생각한적이 많이지만 누군가와 끊임없는 교류와 안정감을 원하는 사람들은 결혼을 더 하고 싶을 것이다.#@문장구분# 하지만 실제로 결혼을 하고 나면 안정감과 소속감을 충만히 느낄수 있을까? #@문장구분#장거리 연애의 경우 결혼은 하면 더 이상 서로의 지역을 오가며 힘들게 데이트 하지 않아도 되고 서로의 자취방이나 원룸이 아닌 부부사이의 물건으로 채워진 편안한 공간을 맘껏 누릴수 있을 것이다.#@문장구분# 무엇보다 결혼하면 언제든 서로를 떠날 수 있다는 쿨한 관계가 아닌 보다 영속성 있는 관계가 된다는 것을 의미한다.#@문장구분# 사랑을 통해 안정감과 소속감을 충족시켜주는 장치가 결혼이라는 제도인 셈이다.#@문장구분# 물론 소속감이나 안전감보다는 개인의 자유와 서로의 영역에 더 무게를 싣는 성향의 사람들에게는 결혼이라는 선택이 맞지 않을 것이다.#@문장구분# 이것은 우리 사회에서 옳고 그름의 문제가 아니라 가치관의 문제가 된지 오래되었다.#@문장구분# 내주위에는 비혼을 원하는 친구들이 있다.#@문장구분# 세상의 시선도 나중엔 더 그들에게 관대해 질 것이다.#@문장구분# 만약 비혼주의의 목소리가 지금처럼 높지 않았더라면, 혹은 반대로 이제 결혼이라는 제도가 구닥다리가 되어 그 제도를 선택하는 이가 바보인 세상이 되었더라면 어땠을까?#@문장구분# 비혼주의 친구와 결혼찬성하는 친구는 서로의 가치관을 비난하며 남남이 되었을지도 모를일이다.#@문장구분# 미국드라마 섹스앤더시티는 서로다른 연애관을 가진 네명이 우정을 쌓으며 살아가는 이야기로 나의 영원한 로망이자 이상향이다.#@문장구분# 드라마가 이제 현실이 되어간다.#@문장구분# 난 비혼주의자예요 라고 하면 그래 하며 받아들이는 사람이 늘어났다.#@문장구분# 결혼은하지 않고 동거하는 커플, 아이를 낳지않는 커플, 정석대로 결혼하는 커플 등 이모든 형태는 모두 사랑이존재하는 모습이다.#@문장구분# 각자의 가치관과 성향일뿐 정답은 없다.#@문장구분# 그래서 나는 비혼주의를 개인의 취향이므로 찬성한다.#@문장구분#",
      "paragraph_len": 1510,
      "paragraph_id": "001"
    }
  ],
  "score": {
    "paragraph_score": [
      {
        "paragraph_scoreT": [
          3,
          3,
          3
        ],
        "paragraph_scoreT_detail": {
          "paragraph_scoreT_exp": [
            [
              3,
              3,
              3
            ],
            [
              3,
              3,
              3
            ],
            [
              3,
              3,
              3
            ]
          ]
        },
        "paragraph_scoreT_avg": 3,
        "paragraph_id": "001"
      }
    ],
    "essay_scoreT": [
      30,
      30,
      30
    ],
    "essay_scoreT_avg": 30,
    "essay_scoreT_detail": {
      "essay_scoreT_org": [
        [
          3,
          0,
          3,
          3
        ],
        [
          3,
          0,
          3,
          3
        ],
        [
          3,
          0,
          3,
          3
        ]
      ],
      "essay_scoreT_cont": [
        [
          3,
          3,
          3,
          3
        ],
        [
          3,
          3,
          3,
          3
        ],
        [
          3,
          3,
          3,
          3
        ]
      ],
      "essay_scoreT_exp": [
        [
          3,
          3,
          3
        ],
        [
          3,
          3,
          3
        ],
        [
          3,
          3,
          3
        ]
      ]
    }
  },
  "student": {
    "date": "2021.11.25",
    "student_educated": true,
    "student_grade": "고등_1학년",
    "location": "063",
    "student_grade_group": "고등",
    "student_reading": 2
  },
  "rubric": {
    "essay_grade": "고등_1학년",
    "organization_weight": {
      "org_paragraph": 0,
      "org": 3,
      "org_essay": 6,
      "org_coherence": 3,
      "org_quantity": 1
    },
    "essay_type": "찬성반대",
    "content_weight": {
      "con_clearance": 3,
      "con_novelty": 3,
      "con": 4,
      "con_prompt": 1,
      "con_description": 3
    },
    "essay_main_subject": "비혼주의자에 대한 본인의 의견",
    "expression_weight": {
      "exp_style": 4,
      "exp_grammar": 2,
      "exp_vocab": 4,
      "exp": 3
    }
  },
  "correction": [],
  "info": {
    "essay_id": "ESSAY_51861",
    "essay_prompt": " \"\"연애는 필수, 결혼은 선택! 가슴이 뛰는 대로 가면 돼\"\".\n\n 유명한 유행가의 노래 가사처럼, 청년들에게 결혼은 이제 필수가 아닌 하나의 선택 사항입니다. 연애, 결혼, 출산을 포기한다는 의미의 '3포세대'라는 말이 나오기 무섭게 5포 세대, N포세대까지 등장할 정도로 취업난, 치솟는 부동산 가격 등 여러 사회·경제적 요인들로 청년층을 위축시켰습니다.\n\n 모두가 이러한 이유로 '결혼을 포기'하는 것만은 아닙니다. 개인의 행복을 위해 '비혼을 선택'하는 청년들도 늘고 있습니다. 이처럼 최근 전통적인 가치관에서 벗어나 연애와 동거는 하면서 결혼이라는 제도에 묶여 관계에서 파생되는 책임을 벗어나 자유로운 삶을 추구하는 비혼주의자가 늘고 있습니다.\n\n 다만, 개인의 자유로운 선택에 따라 비혼주의를 하지만 주변에서는 아직 고운 시선으로 바라보지 않는 사람도 많습니다. 결혼이라는 제도에 대해서 선택이 아닌 필수라고 생각하는 사람들도 많지요. 개개인이 모여 사회가 형성되기 때문에 사회의 가장 작은 단위인 가족을 이루는 것도 사회 구성원으로서의 큰 역할이라고 생각하는 사람들도 있습니다.\n\n 여러분은 결혼을 꼭 해야 한다고 생각하시나요? 아니면 결혼은 선택의 문제라고 생각하시나요? 비혼주의에 대해 찬성하는 입장 반대를 선택하여 자신의 의견을 작성해주세요. 그리고 그렇게 생각한 이유에 대해서 작성해주세요.",
    "essay_type": "찬성반대",
    "essay_level": "2",
    "essay_len": 1110,
    "essay_main_subject": "비혼주의자에 대한 본인의 의견"
  }
}