{
  "paragraph": [
    {
      "paragraph_txt": "과거 꼭 결혼을 해야 한다는 생각이 시간이 지남에 따라 변화하고 있다는 것이다.#@문장구분# 이 글을 쓰고 있는 나 역시도 자유로운 삶을 보장할 수 있는 비혼에 찬성한다.#@문장구분# 결혼이란 남녀가 정식으로 부부관계를 맺는다는 사전적 의미를 지니고 있다.#@문장구분# 하지만 흔히 동성애자라고 표현하는 사회적 소수자가 나타나는 시대, 이들은 절대 수가 적어서 소수자인 것이 아니다.#@문장구분# 남녀 간의 사랑이 정상이라고 표현하는 사회에서 사람들이 이들을 비정상이라고 부르기 때문이다.#@문장구분# 우리나라는 동성결혼이 합법이 아닌 나라로, 많은 사회적 소수자들이 비혼을 선언하며 연애와 동거만을 이어가고 있다.#@문장구분# 나는 이러한 점에서 의문점이 들었다.#@문장구분# 사랑하면 하는 것이 결혼이라더니, 이들의 사랑은 어째서 받아들여질 수 없는 것인가 이들을 사회적 소수자라는 단어로 부르는 것은 차별 아닌가 이들의 사랑은 잘못된 것이라고 비난하며 동성결혼을 합법으로 지정하지 않는 사회에서 이들이 비혼을 주장하는 것을 또다시 비난하는 순환은 모순되는 부분이 있지 않은가?#@문장구분# 그리고 자신이 먹고살기 위해 돈도 벌어야 하기에 결혼한다면 자식을 키우는 것도 문제지만 아내 또는 남편이라는 사람이 있기에 자신에게 있는 부담도 덜어줌과 동시에 얼마나 편합니까저는 온 가족과 함께 보내는 시간이 자유라고 생각합니다.#@문장구분# 자신에게 책임을 벗어난다고 자유로워지는건 정말 아니라고 봅니다.#@문장구분# 책임은 누구에게나 다있고 그책임을 다하지 않으면 결국엔 자신에게 독이 되는 겁니다.#@문장구분# 그 책임을 아끼면서 잘 다루어야 성공한 인생을 살고 행복한 자유를 누릴 수 있습니다.#@문장구분# 그러므로 저는 아직까지 이 의견에 대하여 적극적으로 반대합니다.#@문장구분#",
      "paragraph_len": 1057,
      "paragraph_id": "001"
    }
  ],
  "score": {
    "paragraph_score": [
      {
        "paragraph_scoreT": [
          3,
          3,
          2.8
        ],
        "paragraph_scoreT_detail": {
          "paragraph_scoreT_exp": [
            [
              3,
              3,
              3
            ],
            [
              3,
              3,
              3
            ],
            [
              2,
              3,
              3
            ]
          ]
        },
        "paragraph_scoreT_avg": 2.9333334,
        "paragraph_id": "001"
      }
    ],
    "essay_scoreT": [
      30,
      26.3,
      25.5
    ],
    "essay_scoreT_avg": 27.266668,
    "essay_scoreT_detail": {
      "essay_scoreT_org": [
        [
          3,
          0,
          3,
          3
        ],
        [
          2,
          0,
          3,
          2
        ],
        [
          2,
          0,
          2,
          3
        ]
      ],
      "essay_scoreT_cont": [
        [
          3,
          3,
          3,
          3
        ],
        [
          3,
          2,
          2,
          3
        ],
        [
          3,
          2,
          3,
          3
        ]
      ],
      "essay_scoreT_exp": [
        [
          3,
          3,
          3
        ],
        [
          3,
          3,
          3
        ],
        [
          2,
          3,
          3
        ]
      ]
    }
  },
  "student": {
    "date": "2021.12.20",
    "student_educated": true,
    "student_grade": "고등_1학년",
    "location": "044",
    "student_grade_group": "고등",
    "student_reading": 2
  },
  "rubric": {
    "essay_grade": "고등_1학년",
    "organization_weight": {
      "org_paragraph": 0,
      "org": 3,
      "org_essay": 6,
      "org_coherence": 3,
      "org_quantity": 1
    },
    "essay_type": "찬성반대",
    "content_weight": {
      "con_clearance": 3,
      "con_novelty": 3,
      "con": 4,
      "con_prompt": 1,
      "con_description": 3
    },
    "essay_main_subject": "비혼주의자에 대한 본인의 의견",
    "expression_weight": {
      "exp_style": 4,
      "exp_grammar": 2,
      "exp_vocab": 4,
      "exp": 3
    }
  },
  "correction": [],
  "info": {
    "essay_id": "ESSAY_71264",
    "essay_prompt": " \"\"연애는 필수, 결혼은 선택! 가슴이 뛰는 대로 가면 돼\"\".\n\n 유명한 유행가의 노래 가사처럼, 청년들에게 결혼은 이제 필수가 아닌 하나의 선택 사항입니다. 연애, 결혼, 출산을 포기한다는 의미의 '3포세대'라는 말이 나오기 무섭게 5포 세대, N포세대까지 등장할 정도로 취업난, 치솟는 부동산 가격 등 여러 사회·경제적 요인들로 청년층을 위축시켰습니다.\n\n 모두가 이러한 이유로 '결혼을 포기'하는 것만은 아닙니다. 개인의 행복을 위해 '비혼을 선택'하는 청년들도 늘고 있습니다. 이처럼 최근 전통적인 가치관에서 벗어나 연애와 동거는 하면서 결혼이라는 제도에 묶여 관계에서 파생되는 책임을 벗어나 자유로운 삶을 추구하는 비혼주의자가 늘고 있습니다.\n\n 다만, 개인의 자유로운 선택에 따라 비혼주의를 하지만 주변에서는 아직 고운 시선으로 바라보지 않는 사람도 많습니다. 결혼이라는 제도에 대해서 선택이 아닌 필수라고 생각하는 사람들도 많지요. 개개인이 모여 사회가 형성되기 때문에 사회의 가장 작은 단위인 가족을 이루는 것도 사회 구성원으로서의 큰 역할이라고 생각하는 사람들도 있습니다.\n\n 여러분은 결혼을 꼭 해야 한다고 생각하시나요? 아니면 결혼은 선택의 문제라고 생각하시나요? 비혼주의에 대해 찬성하는 입장 반대를 선택하여 자신의 의견을 작성해주세요. 그리고 그렇게 생각한 이유에 대해서 작성해주세요.",
    "essay_type": "찬성반대",
    "essay_level": "2",
    "essay_len": 797,
    "essay_main_subject": "비혼주의자에 대한 본인의 의견"
  }
}