{
  "paragraph": [
    {
      "paragraph_txt": "저는 비혼주의를 반대합니다.#@문장구분# 비혼주의자란 전통적인 가치관에서 벗어나 연애와 동거는 하면서 결혼이라는 제도에 묶여 관계에서 파생되는 책임을 벗어나 자유로운 삶을 추구하는 사람을 말합니다.#@문장구분# 사람들이 비혼주의를 선택하게 된 이유에는 결혼을 함으로써 얻을 수 있는 이익보다 결혼을 하지 않음으로써 얻을 수 있는 이익이 더 크다고 생각하기 때문입니다.#@문장구분# 통계에 의하면 대표적으로 여성 같은 경우에는 출산, 육아의 부담 때문에 비혼주의를 선택하는 경우가 가장 많고, 남자 같은 경우에는 경제 여건 때문에 비혼주의를 선택하는 경우가 가장 많습니다.#@문장구분# 하지만 저는 이러한 이유에도 불구하고 결혼은 해야 한다고 생각합니다.#@문장구분# 제가 생각한 결혼을 해야 되는 이유에는 3가지 이유가 있습니다.#@문장구분# 첫 번째로 출산을 안 함으로써 생기는 저출산 문제입니다.#@문장구분# 현재 우리나라는 합계출산율이 1명이 채 되지 않습니다.#@문장구분# 이렇게 저출산이 계속되면 인구는 점점 감소하게 될 것이고 그렇게 된다면 결국 나라가 소멸되는 현상에까지 이를 수 있기 때문에 결혼을 해야 한다고 생각합니다.#@문장구분# 두 번째로는 보다 더 나은 노후를 위해서입니다.#@문장구분# 사람은 혼자 있을 때 보다 다른 사람과 함께 있어야 안정감을 느낄 수 있습니다.#@문장구분# 젊을 때에는 몸도 건강하고 주변 사람들과 어울리는 일이 많아 외로움을 덜 느끼지만, 노후에는 보통 젊을 때보다 주변에 사람이 많이 없어지기 때문에 외로움을 더 잘 느끼게 됩니다.#@문장구분# 하지만 배우자가 있으면 평생의 동반자가 있는 것이므로 외로움을 덜 느낄 수 있으며, 안정감을 느껴 결혼을 안 했을 때보다 더 나은 노후를 즐길 수 있을 것입니다.#@문장구분# 세 번째로는 책임감이 생기기 때문입니다.#@문장구분# 결혼을 하고 가정을 꾸리면 당연히 그에 따른 책임감이 생기게 됩니다.#@문장구분# 이런 책임감을 통해서 자신의 가정을 지키기 위해서 자신의 앞으로의 삶을 계획적으로 살고 더욱더 열심히 살 수 있습니다.#@문장구분# 이를 통하여 앞으로의 삶을 더욱더 행복하게 살 수 있습니다.#@문장구분# 이러한 이유들 때문에 저는 비혼주의에 대해서 반대합니다.#@문장구분#",
      "paragraph_len": 1342,
      "paragraph_id": "001"
    }
  ],
  "score": {
    "paragraph_score": [
      {
        "paragraph_scoreT": [
          3,
          3,
          3
        ],
        "paragraph_scoreT_detail": {
          "paragraph_scoreT_exp": [
            [
              3,
              3,
              3
            ],
            [
              3,
              3,
              3
            ],
            [
              3,
              3,
              3
            ]
          ]
        },
        "paragraph_scoreT_avg": 3,
        "paragraph_id": "001"
      }
    ],
    "essay_scoreT": [
      30,
      28.8,
      30
    ],
    "essay_scoreT_avg": 29.6,
    "essay_scoreT_detail": {
      "essay_scoreT_org": [
        [
          3,
          0,
          3,
          3
        ],
        [
          3,
          0,
          3,
          3
        ],
        [
          3,
          0,
          3,
          3
        ]
      ],
      "essay_scoreT_cont": [
        [
          3,
          3,
          3,
          3
        ],
        [
          3,
          2,
          3,
          3
        ],
        [
          3,
          3,
          3,
          3
        ]
      ],
      "essay_scoreT_exp": [
        [
          3,
          3,
          3
        ],
        [
          3,
          3,
          3
        ],
        [
          3,
          3,
          3
        ]
      ]
    }
  },
  "student": {
    "date": "2021.10.24",
    "student_educated": true,
    "student_grade": "고등_1학년",
    "location": "063",
    "student_grade_group": "고등",
    "student_reading": 1
  },
  "rubric": {
    "essay_grade": "고등_1학년",
    "organization_weight": {
      "org_paragraph": 0,
      "org": 3,
      "org_essay": 6,
      "org_coherence": 3,
      "org_quantity": 1
    },
    "essay_type": "찬성반대",
    "content_weight": {
      "con_clearance": 3,
      "con_novelty": 3,
      "con": 4,
      "con_prompt": 1,
      "con_description": 3
    },
    "essay_main_subject": "비혼주의자에 대한 본인의 의견",
    "expression_weight": {
      "exp_style": 4,
      "exp_grammar": 2,
      "exp_vocab": 4,
      "exp": 3
    }
  },
  "correction": [],
  "info": {
    "essay_id": "ESSAY_43908",
    "essay_prompt": " \"\"연애는 필수, 결혼은 선택! 가슴이 뛰는 대로 가면 돼\"\".\n\n 유명한 유행가의 노래 가사처럼, 청년들에게 결혼은 이제 필수가 아닌 하나의 선택 사항입니다. 연애, 결혼, 출산을 포기한다는 의미의 '3포세대'라는 말이 나오기 무섭게 5포 세대, N포세대까지 등장할 정도로 취업난, 치솟는 부동산 가격 등 여러 사회·경제적 요인들로 청년층을 위축시켰습니다.\n\n 모두가 이러한 이유로 '결혼을 포기'하는 것만은 아닙니다. 개인의 행복을 위해 '비혼을 선택'하는 청년들도 늘고 있습니다. 이처럼 최근 전통적인 가치관에서 벗어나 연애와 동거는 하면서 결혼이라는 제도에 묶여 관계에서 파생되는 책임을 벗어나 자유로운 삶을 추구하는 비혼주의자가 늘고 있습니다.\n\n 다만, 개인의 자유로운 선택에 따라 비혼주의를 하지만 주변에서는 아직 고운 시선으로 바라보지 않는 사람도 많습니다. 결혼이라는 제도에 대해서 선택이 아닌 필수라고 생각하는 사람들도 많지요. 개개인이 모여 사회가 형성되기 때문에 사회의 가장 작은 단위인 가족을 이루는 것도 사회 구성원으로서의 큰 역할이라고 생각하는 사람들도 있습니다.\n\n 여러분은 결혼을 꼭 해야 한다고 생각하시나요? 아니면 결혼은 선택의 문제라고 생각하시나요? 비혼주의에 대해 찬성하는 입장 반대를 선택하여 자신의 의견을 작성해주세요. 그리고 그렇게 생각한 이유에 대해서 작성해주세요.",
    "essay_type": "찬성반대",
    "essay_level": "2",
    "essay_len": 983,
    "essay_main_subject": "비혼주의자에 대한 본인의 의견"
  }
}