{
  "paragraph": [
    {
      "paragraph_txt": "비혼주의자에 대해 나는 한다.#@문장구분# 물론 나는 결혼을 할 것이지만 그래도 나는 찬성이다.#@문장구분# 아마 첫 번째 이유는 예상할 것이다.#@문장구분# 첫번째로는 당연히 그 사람들 마음이기 때문이다.#@문장구분# 사실상 비혼주의자는 옛날부터 당연히 있었는데 지금이라고 써 다를바는 없기 때문이다.#@문장구분# 물론 이 예기를 하면 아마 동성애자 이야기도 나올 것이 뻔하다.#@문장구분# 그 사람 마음이라면 동성애자의 결혼은 왜 불법인가에 대해 물어볼 것이다.#@문장구분# 이거에는 나는 2가지 의견이 있다.#@문장구분#\n하나는 나는 교회문제가 아니라면 상관이 없다.#@문장구분# 또 다른 하나는 생명이 살아가는데 가장 중요한 건 번식이다.#@문장구분# 하지만 동성애자는 애를 낳을 수 없기 때문에 불법이라 생각한다.#@문장구분# 두번째로 찬성하는 이유는 사회에서 부터 개인주의적 성향을 띄는데 어떻게 남을 좋아 할 수 있을까 라는 생각을 한다.#@문장구분# 세번째 이유는 돈이라고 생각한다.#@문장구분# 물론 가족을 위해 돈을 사용하는 건 아깝지 않을 것이겠지만 아이를 낳고 성인이 될때 까지의 돈이 너무 많이 든다.#@문장구분# 물론 정부에서 지원해 주기도 하지만 돈 때문에 스트레스가 안 쌓일 수 있는 구조는 아니라 생각한다.#@문장구분# 네번째 이유는 혼자여도 즐겁기 때문이다.#@문장구분# 나같은 경우도 집 안에 있어 심심하거나 외롭다는 느낌을 받기 힘들다 집안에서 게임, 영상 이런 것들을 다 할 수가 있는데 굳이 밖에 나갈 이유도 없다는 이유이다.#@문장구분# 친구들도 같다 집 안에서 게임을 하다 만나고 그리하여 딱히 연애를 할 이유가 없을 수도 있다고 생각하여 이러한 내용으로 나는 비혼주의자에 대해 찬성한다.#@문장구분#",
      "paragraph_len": 1098,
      "paragraph_id": "001"
    }
  ],
  "score": {
    "paragraph_score": [
      {
        "paragraph_scoreT": [
          2.6,
          2.4,
          2
        ],
        "paragraph_scoreT_detail": {
          "paragraph_scoreT_exp": [
            [
              3,
              2,
              3
            ],
            [
              2,
              2,
              3
            ],
            [
              2,
              2,
              2
            ]
          ]
        },
        "paragraph_scoreT_avg": 2.3333333,
        "paragraph_id": "001"
      }
    ],
    "essay_scoreT": [
      23,
      23.1,
      20
    ],
    "essay_scoreT_avg": 22.033333,
    "essay_scoreT_detail": {
      "essay_scoreT_org": [
        [
          2,
          0,
          3,
          3
        ],
        [
          2,
          0,
          2,
          3
        ],
        [
          2,
          0,
          2,
          2
        ]
      ],
      "essay_scoreT_cont": [
        [
          2,
          2,
          2,
          2
        ],
        [
          3,
          2,
          3,
          2
        ],
        [
          2,
          2,
          2,
          2
        ]
      ],
      "essay_scoreT_exp": [
        [
          3,
          2,
          3
        ],
        [
          2,
          2,
          3
        ],
        [
          2,
          2,
          2
        ]
      ]
    }
  },
  "student": {
    "date": "2021.09.07",
    "student_educated": true,
    "student_grade": "고등_1학년",
    "location": "051",
    "student_grade_group": "고등",
    "student_reading": 3
  },
  "rubric": {
    "essay_grade": "고등_1학년",
    "organization_weight": {
      "org_paragraph": 0,
      "org": 3,
      "org_essay": 6,
      "org_coherence": 3,
      "org_quantity": 1
    },
    "essay_type": "찬성반대",
    "content_weight": {
      "con_clearance": 3,
      "con_novelty": 3,
      "con": 4,
      "con_prompt": 1,
      "con_description": 3
    },
    "essay_main_subject": "비혼주의자에 대한 본인의 의견",
    "expression_weight": {
      "exp_style": 4,
      "exp_grammar": 2,
      "exp_vocab": 4,
      "exp": 3
    }
  },
  "correction": [],
  "info": {
    "essay_id": "ESSAY_33794",
    "essay_prompt": " \"\"연애는 필수, 결혼은 선택! 가슴이 뛰는 대로 가면 돼\"\".\n\n 유명한 유행가의 노래 가사처럼, 청년들에게 결혼은 이제 필수가 아닌 하나의 선택 사항입니다. 연애, 결혼, 출산을 포기한다는 의미의 '3포세대'라는 말이 나오기 무섭게 5포 세대, N포세대까지 등장할 정도로 취업난, 치솟는 부동산 가격 등 여러 사회·경제적 요인들로 청년층을 위축시켰습니다.\n\n 모두가 이러한 이유로 '결혼을 포기'하는 것만은 아닙니다. 개인의 행복을 위해 '비혼을 선택'하는 청년들도 늘고 있습니다. 이처럼 최근 전통적인 가치관에서 벗어나 연애와 동거는 하면서 결혼이라는 제도에 묶여 관계에서 파생되는 책임을 벗어나 자유로운 삶을 추구하는 비혼주의자가 늘고 있습니다.\n\n 다만, 개인의 자유로운 선택에 따라 비혼주의를 하지만 주변에서는 아직 고운 시선으로 바라보지 않는 사람도 많습니다. 결혼이라는 제도에 대해서 선택이 아닌 필수라고 생각하는 사람들도 많지요. 개개인이 모여 사회가 형성되기 때문에 사회의 가장 작은 단위인 가족을 이루는 것도 사회 구성원으로서의 큰 역할이라고 생각하는 사람들도 있습니다.\n\n 여러분은 결혼을 꼭 해야 한다고 생각하시나요? 아니면 결혼은 선택의 문제라고 생각하시나요? 비혼주의에 대해 찬성하는 입장 반대를 선택하여 자신의 의견을 작성해주세요. 그리고 그렇게 생각한 이유에 대해서 작성해주세요.",
    "essay_type": "찬성반대",
    "essay_level": "2",
    "essay_len": 739,
    "essay_main_subject": "비혼주의자에 대한 본인의 의견"
  }
}