{
  "paragraph": [
    {
      "paragraph_txt": "저는 비혼주의자에 대해 반대합니다.#@문장구분# 요즘 사회에서 이슈가 되는 비혼주의자는 연애는 하는데 결혼은 하지 않겠다는 생각을 가지고 있어 저출산을 발생시키는 원인 중에 한가지로 뽑힙니다.#@문장구분# 여기서 저출산이란 아이를 적게 낳아 사회 전반적으로 출산율이 감소하는 사회현상을 의미합니다.#@문장구분# 저출산이 확대될수록 장기적으로 사회가 붕괴되어 많은 어려움을 겪을 수 있기 때문입니다.#@문장구분# 비혼주의자를 줄이기 위해서는 정부나 기업 등이 경제적으로 도움을 주어야 합니다.#@문장구분# 이유는 뉴스 기사를 찾아보니 비혼주의자 중 여성은 결혼 후 이어지는 출산과 육아에 대한 부담(25.7%), 남성은 △경제적 여건 부족(56.9%)을 가장 많이 꼽았다고 나와 있었습니다.#@문장구분# 따라서 이 문제의 해결법은 정부에서 일자리를 충분히 제공해줘야 비혼주의자들의 경제력이 좋아져 저출산 부족 등이 해결된다는 것입니다.#@문장구분# 또한 결혼을 한 후의 장점은 외로움도 줄어들고, 사랑하는 사람과 평생 지낼 수 있는 등의 정서적 안정이 있기 때문에 비혼주의자가 줄어들어야 한다고 생각합니다.#@문장구분# 얼마전까지의 사회를 보면 비혼주의자를 안좋은 시선으로 바라보았는데, 요즘은 트렌드가 바뀌다 보니 비혼주의자를 긍정적으로 바라보는 시선도 늘었고, 결혼은 나중에 경제적 형편이 되면 해야겠다는 생각들도 많이 늘어난거 같습니다.#@문장구분# 이 이유는 코로나 때문에 경제적으로도 힘들고, 사람들과의 접촉도 힘들어졌기 때문이라고 생각합니다.#@문장구분# 코로나가 빨리 사라지고, 젊은층인 2~30대들이 경제적으로 안정되었으면 좋겠다고 생각합니다.#@문장구분# 만약 결혼을 하지 않고 연애를 하는중에 자녀가 생기면 비혼주의자들은 결혼을 하지 않고 자녀를 키운다고 답할 수도 있습니다.#@문장구분# 저는 이렇게 실수가 발생할 수 있으니 무조건 결혼을 안한다고 생각하지 말고 결혼은 경제적 형편과 자녀의 계획을 갖고 결혼을 결정해야 한다는 의견입니다.#@문장구분# 하지만 연애에 대해 부정적인 측면으로 보거나 자신이 싫다는 결혼을 하면 안되기 때문에 차별적으로 비혼주의 자체를 싫어하는 것은 아니라고 생각하고 저는 지금보다 비혼주의자들을 적극적으로 결혼에 대해 설득하면서 저출산 문제, 일자리 부족 등을 해결해 나가면 좋을거 같다는 바람입니다.#@문장구분#",
      "paragraph_len": 1336,
      "paragraph_id": "001"
    }
  ],
  "score": {
    "paragraph_score": [
      {
        "paragraph_scoreT": [
          3,
          3,
          3
        ],
        "paragraph_scoreT_detail": {
          "paragraph_scoreT_exp": [
            [
              3,
              3,
              3
            ],
            [
              3,
              3,
              3
            ],
            [
              3,
              3,
              3
            ]
          ]
        },
        "paragraph_scoreT_avg": 3,
        "paragraph_id": "001"
      }
    ],
    "essay_scoreT": [
      30,
      28.8,
      24.6
    ],
    "essay_scoreT_avg": 27.800001,
    "essay_scoreT_detail": {
      "essay_scoreT_org": [
        [
          3,
          0,
          3,
          3
        ],
        [
          3,
          0,
          3,
          3
        ],
        [
          2,
          0,
          3,
          3
        ]
      ],
      "essay_scoreT_cont": [
        [
          3,
          3,
          3,
          3
        ],
        [
          3,
          2,
          3,
          3
        ],
        [
          2,
          2,
          3,
          2
        ]
      ],
      "essay_scoreT_exp": [
        [
          3,
          3,
          3
        ],
        [
          3,
          3,
          3
        ],
        [
          3,
          3,
          3
        ]
      ]
    }
  },
  "student": {
    "date": "2021.10.24",
    "student_educated": true,
    "student_grade": "고등_1학년",
    "location": "063",
    "student_grade_group": "고등",
    "student_reading": 2
  },
  "rubric": {
    "essay_grade": "고등_1학년",
    "organization_weight": {
      "org_paragraph": 0,
      "org": 3,
      "org_essay": 6,
      "org_coherence": 3,
      "org_quantity": 1
    },
    "essay_type": "찬성반대",
    "content_weight": {
      "con_clearance": 3,
      "con_novelty": 3,
      "con": 4,
      "con_prompt": 1,
      "con_description": 3
    },
    "essay_main_subject": "비혼주의자에 대한 본인의 의견",
    "expression_weight": {
      "exp_style": 4,
      "exp_grammar": 2,
      "exp_vocab": 4,
      "exp": 3
    }
  },
  "correction": [],
  "info": {
    "essay_id": "ESSAY_43897",
    "essay_prompt": " \"\"연애는 필수, 결혼은 선택! 가슴이 뛰는 대로 가면 돼\"\".\n\n 유명한 유행가의 노래 가사처럼, 청년들에게 결혼은 이제 필수가 아닌 하나의 선택 사항입니다. 연애, 결혼, 출산을 포기한다는 의미의 '3포세대'라는 말이 나오기 무섭게 5포 세대, N포세대까지 등장할 정도로 취업난, 치솟는 부동산 가격 등 여러 사회·경제적 요인들로 청년층을 위축시켰습니다.\n\n 모두가 이러한 이유로 '결혼을 포기'하는 것만은 아닙니다. 개인의 행복을 위해 '비혼을 선택'하는 청년들도 늘고 있습니다. 이처럼 최근 전통적인 가치관에서 벗어나 연애와 동거는 하면서 결혼이라는 제도에 묶여 관계에서 파생되는 책임을 벗어나 자유로운 삶을 추구하는 비혼주의자가 늘고 있습니다.\n\n 다만, 개인의 자유로운 선택에 따라 비혼주의를 하지만 주변에서는 아직 고운 시선으로 바라보지 않는 사람도 많습니다. 결혼이라는 제도에 대해서 선택이 아닌 필수라고 생각하는 사람들도 많지요. 개개인이 모여 사회가 형성되기 때문에 사회의 가장 작은 단위인 가족을 이루는 것도 사회 구성원으로서의 큰 역할이라고 생각하는 사람들도 있습니다.\n\n 여러분은 결혼을 꼭 해야 한다고 생각하시나요? 아니면 결혼은 선택의 문제라고 생각하시나요? 비혼주의에 대해 찬성하는 입장 반대를 선택하여 자신의 의견을 작성해주세요. 그리고 그렇게 생각한 이유에 대해서 작성해주세요.",
    "essay_type": "찬성반대",
    "essay_level": "2",
    "essay_len": 1056,
    "essay_main_subject": "비혼주의자에 대한 본인의 의견"
  }
}