{
  "paragraph": [
    {
      "paragraph_txt": "요즘 들어서 비혼주의자가 늘고 있다.#@문장구분# 비혼주의자란 미혼이라는 단어가 혼인은 반드시 해야 하는 것이나 아직 하지 않은 상태'라는 의미를 담고 있다는 생각에 기반하여 혼인 상태가 아님이라는 보다 주체적인 의미로 여성학계에서 사용하기 시작한 단어이다.#@문장구분# 연애, 결혼, 출산을 포기한다는 의미의 '3포세대'라는 말이 나오기 무섭게 5포 세대, N포세대까지 등장할 정도로 취업난, 치솟는 부동산 가격 등 여러 사회·경제적 요인들로 청년층을 위축시켰습니다.#@문장구분#이것 뿐만 아니라 개인의 행복을 위해 비혼을 선택하는 사람들도 있다.#@문장구분# 내 생각은 결혼을 해야 하지는 않다고 생각한다.#@문장구분# 왜냐하면 결혼을 한다는 것은 자기가 선택하는 것이고, 누가 강제로 할 수도 없기 때문이다.#@문장구분# 하지만 현재 우리나라는 고령화 사회와 저출산 문제를 겪고 있다.#@문장구분# 사람들이 비혼을 할수록 이 문제들은 더욱 심화 될 것이다.#@문장구분# 그러므로 이것을 해결하기 위한 정책이 필요하다.#@문장구분# 일자리를 늘리거나 노인 복지시설을 늘리는 것이다. #@문장구분#그렇게 되면 청년들의 결혼 생각은 바뀔수도 있고, 비혼주의자들이 줄어들 것이다. #@문장구분#모든 사람은 관심과 애정이 필요하다. #@문장구분#정작 말로는 결혼이나 연애를 안 할 것이라고 말하는 사람들은 자신이 그런 것을 할 처지가 안되었거나 경제적으로 힘든 상황일 것이다.#@문장구분#따라서 나는 결혼을 꼭 해야 하지는 않지만 모두가 원하고 있다고 생각한다.#@문장구분# 그래서 결혼을 강제로 여기는 것은 안된다고 생각한다.#@문장구분# 자신도 결혼을 하고 싶은 마음은 있지만 형편상 불가능해 결혼을 하지 않고 있는 사람이 있는데 결혼을 강제로 시켜버리면 안좋은 형편이 더더욱 안좋아질 수 있기 때문이다.#@문장구분#",
      "paragraph_len": 1113,
      "paragraph_id": "001"
    }
  ],
  "score": {
    "paragraph_score": [
      {
        "paragraph_scoreT": [
          2.6,
          2.6,
          2.2
        ],
        "paragraph_scoreT_detail": {
          "paragraph_scoreT_exp": [
            [
              3,
              3,
              2
            ],
            [
              3,
              3,
              2
            ],
            [
              3,
              2,
              2
            ]
          ]
        },
        "paragraph_scoreT_avg": 2.4666665,
        "paragraph_id": "001"
      }
    ],
    "essay_scoreT": [
      25.099998,
      22.7,
      22.099998
    ],
    "essay_scoreT_avg": 23.299997,
    "essay_scoreT_detail": {
      "essay_scoreT_org": [
        [
          2,
          0,
          3,
          2
        ],
        [
          2,
          0,
          2,
          1
        ],
        [
          2,
          0,
          2,
          3
        ]
      ],
      "essay_scoreT_cont": [
        [
          3,
          2,
          2,
          3
        ],
        [
          3,
          2,
          2,
          2
        ],
        [
          2,
          2,
          2,
          3
        ]
      ],
      "essay_scoreT_exp": [
        [
          3,
          3,
          2
        ],
        [
          3,
          3,
          2
        ],
        [
          3,
          2,
          2
        ]
      ]
    }
  },
  "student": {
    "date": "2021.12.06",
    "student_educated": true,
    "student_grade": "고등_1학년",
    "location": "051",
    "student_grade_group": "고등",
    "student_reading": 1
  },
  "rubric": {
    "essay_grade": "고등_1학년",
    "organization_weight": {
      "org_paragraph": 0,
      "org": 3,
      "org_essay": 6,
      "org_coherence": 3,
      "org_quantity": 1
    },
    "essay_type": "찬성반대",
    "content_weight": {
      "con_clearance": 3,
      "con_novelty": 3,
      "con": 4,
      "con_prompt": 1,
      "con_description": 3
    },
    "essay_main_subject": "비혼주의자에 대한 본인의 의견",
    "expression_weight": {
      "exp_style": 4,
      "exp_grammar": 2,
      "exp_vocab": 4,
      "exp": 3
    }
  },
  "correction": [],
  "info": {
    "essay_id": "ESSAY_53634",
    "essay_prompt": " \"\"연애는 필수, 결혼은 선택! 가슴이 뛰는 대로 가면 돼\"\".\n\n 유명한 유행가의 노래 가사처럼, 청년들에게 결혼은 이제 필수가 아닌 하나의 선택 사항입니다. 연애, 결혼, 출산을 포기한다는 의미의 '3포세대'라는 말이 나오기 무섭게 5포 세대, N포세대까지 등장할 정도로 취업난, 치솟는 부동산 가격 등 여러 사회·경제적 요인들로 청년층을 위축시켰습니다.\n\n 모두가 이러한 이유로 '결혼을 포기'하는 것만은 아닙니다. 개인의 행복을 위해 '비혼을 선택'하는 청년들도 늘고 있습니다. 이처럼 최근 전통적인 가치관에서 벗어나 연애와 동거는 하면서 결혼이라는 제도에 묶여 관계에서 파생되는 책임을 벗어나 자유로운 삶을 추구하는 비혼주의자가 늘고 있습니다.\n\n 다만, 개인의 자유로운 선택에 따라 비혼주의를 하지만 주변에서는 아직 고운 시선으로 바라보지 않는 사람도 많습니다. 결혼이라는 제도에 대해서 선택이 아닌 필수라고 생각하는 사람들도 많지요. 개개인이 모여 사회가 형성되기 때문에 사회의 가장 작은 단위인 가족을 이루는 것도 사회 구성원으로서의 큰 역할이라고 생각하는 사람들도 있습니다.\n\n 여러분은 결혼을 꼭 해야 한다고 생각하시나요? 아니면 결혼은 선택의 문제라고 생각하시나요? 비혼주의에 대해 찬성하는 입장 반대를 선택하여 자신의 의견을 작성해주세요. 그리고 그렇게 생각한 이유에 대해서 작성해주세요.",
    "essay_type": "찬성반대",
    "essay_level": "2",
    "essay_len": 795,
    "essay_main_subject": "비혼주의자에 대한 본인의 의견"
  }
}