{
  "paragraph": [
    {
      "paragraph_txt": "나는 비혼에 반대합니다.#@문장구분# 요즘 티비 인기 프로그램중 동상이몽이라는 프로그램이 있습니다.#@문장구분# 그곳은 연예인 부부들이 나와서 가족들이 살아가는 이야기를 다룹니다.#@문장구분# 잉꼬부부도 나오고 신혼부부도 나오고 나이든 부부도 나오곤 했습니다.#@문장구분# 저는 그 프로그램을 보면서 우리 엄마 아빠 사는 거랑 연예인들이랑 별차이 없구나라는 생각을 하게 됩니다.#@문장구분# 경제력이 틀리고 사는 방식은 다르지만 부부가 서로 같은 곳을 바라보며 인생이라는 길을 걸어가고는 있지만 같은곳을 바라보지만 다른 생각을 하면서 싸우기도 하고 풀리기도 하면서 살아가는 인생살이 라는 생각을 하며 나도 저런 인생의 동반자를 찾을수 있을까 라는 의구심이 들기도 합니다.#@문장구분# 과연 엄마 아빠처럼 방금 싸우다가도 아무일 없다는 듯 같이 밥먹고 잠자고 정말 가족이구나 라는 생각이 드는 운명의 상대를 만나게 될까 결혼에 대한 실패 없이 할머니 할아버지가 될 때까지 몇십년을 잘 살수 있을까? 라는 고민도 생기기 마련입니다.#@문장구분# 그런데 고령화시대에 노인들이 대폭 급증하고 비혼주의자들의 증가로 출산률은 바닥이면 우리 후손들은 자신의 부모가 아닌 자신의 인생을 제대로 즐기다 늙은 이기적인 노인들을 복지를 위해 많은 세금을 내야 한다고 생각하니 저는 한숨만 나오고 그렇게 이기적인 행동은 하면 않된다고 생각합니다.#@문장구분# 손하나 까딱하지 않고 주는 혜택만 받으며 본인들이 젊은 시절 저축해 놓은 연금들도 본인들의 노후를 위해 사용할 것인데 그럼 우리 후손들은 어떤 인생을 살라는 말입니까?#@문장구분# 가정에서 돌보지 못하는 노인들을 국가가 돌봐주는 지금의 시스템에서도 노인복지는 완벽하지 않습니다.#@문장구분# 노인들이 경제적 빈곤으로 자살까지 한다는 판국에 비혼을 주장하며 본인의 인생에 저축은 커녕 해외여행과 즐길거리만 찾아다니는 사람들을 정부에서 도와주면 않될 것입니다.#@문장구분# 이런 후세에 사회적 큰 문제가 발생하기 때문에 정부에서는 결혼장려 및 출산장려 등을 정책을 홍보하고 권장하는 것입니다.#@문장구분#",
      "paragraph_len": 1185,
      "paragraph_id": "001"
    }
  ],
  "score": {
    "paragraph_score": [
      {
        "paragraph_scoreT": [
          3,
          2.8,
          2.6
        ],
        "paragraph_scoreT_detail": {
          "paragraph_scoreT_exp": [
            [
              3,
              3,
              3
            ],
            [
              2,
              3,
              3
            ],
            [
              3,
              2,
              3
            ]
          ]
        },
        "paragraph_scoreT_avg": 2.8,
        "paragraph_id": "001"
      }
    ],
    "essay_scoreT": [
      30,
      26.400002,
      25.8
    ],
    "essay_scoreT_avg": 27.4,
    "essay_scoreT_detail": {
      "essay_scoreT_org": [
        [
          3,
          0,
          3,
          3
        ],
        [
          2,
          0,
          3,
          3
        ],
        [
          2,
          0,
          3,
          3
        ]
      ],
      "essay_scoreT_cont": [
        [
          3,
          3,
          3,
          3
        ],
        [
          3,
          2,
          3,
          3
        ],
        [
          3,
          3,
          3,
          2
        ]
      ],
      "essay_scoreT_exp": [
        [
          3,
          3,
          3
        ],
        [
          2,
          3,
          3
        ],
        [
          3,
          2,
          3
        ]
      ]
    }
  },
  "student": {
    "date": "2021.12.20",
    "student_educated": true,
    "student_grade": "고등_1학년",
    "location": "044",
    "student_grade_group": "고등",
    "student_reading": 2
  },
  "rubric": {
    "essay_grade": "고등_1학년",
    "organization_weight": {
      "org_paragraph": 0,
      "org": 3,
      "org_essay": 6,
      "org_coherence": 3,
      "org_quantity": 1
    },
    "essay_type": "찬성반대",
    "content_weight": {
      "con_clearance": 3,
      "con_novelty": 3,
      "con": 4,
      "con_prompt": 1,
      "con_description": 3
    },
    "essay_main_subject": "비혼주의자에 대한 본인의 의견",
    "expression_weight": {
      "exp_style": 4,
      "exp_grammar": 2,
      "exp_vocab": 4,
      "exp": 3
    }
  },
  "correction": [],
  "info": {
    "essay_id": "ESSAY_71291",
    "essay_prompt": " \"\"연애는 필수, 결혼은 선택! 가슴이 뛰는 대로 가면 돼\"\".\n\n 유명한 유행가의 노래 가사처럼, 청년들에게 결혼은 이제 필수가 아닌 하나의 선택 사항입니다. 연애, 결혼, 출산을 포기한다는 의미의 '3포세대'라는 말이 나오기 무섭게 5포 세대, N포세대까지 등장할 정도로 취업난, 치솟는 부동산 가격 등 여러 사회·경제적 요인들로 청년층을 위축시켰습니다.\n\n 모두가 이러한 이유로 '결혼을 포기'하는 것만은 아닙니다. 개인의 행복을 위해 '비혼을 선택'하는 청년들도 늘고 있습니다. 이처럼 최근 전통적인 가치관에서 벗어나 연애와 동거는 하면서 결혼이라는 제도에 묶여 관계에서 파생되는 책임을 벗어나 자유로운 삶을 추구하는 비혼주의자가 늘고 있습니다.\n\n 다만, 개인의 자유로운 선택에 따라 비혼주의를 하지만 주변에서는 아직 고운 시선으로 바라보지 않는 사람도 많습니다. 결혼이라는 제도에 대해서 선택이 아닌 필수라고 생각하는 사람들도 많지요. 개개인이 모여 사회가 형성되기 때문에 사회의 가장 작은 단위인 가족을 이루는 것도 사회 구성원으로서의 큰 역할이라고 생각하는 사람들도 있습니다.\n\n 여러분은 결혼을 꼭 해야 한다고 생각하시나요? 아니면 결혼은 선택의 문제라고 생각하시나요? 비혼주의에 대해 찬성하는 입장 반대를 선택하여 자신의 의견을 작성해주세요. 그리고 그렇게 생각한 이유에 대해서 작성해주세요.",
    "essay_type": "찬성반대",
    "essay_level": "2",
    "essay_len": 945,
    "essay_main_subject": "비혼주의자에 대한 본인의 의견"
  }
}