{
  "paragraph": [
    {
      "paragraph_txt": "지금 현재 사회에서는 비혼주의자가 점점 많아지고 있고 그에 관련된 책, 웹툰 등 매체를 통해서도 다루어진다.#@문장구분# 그리고 비혼을 다짐하고 비혼식을 하는 사람도 있다.#@문장구분# 그럼에도 불구하고 자연의 섭리를 거스르는 것이라며 비혼주의자를 달갑게 보지 않는 사람도 여전히 많다.#@문장구분# 한국 정서적 특성 상 늦게까지 결혼을 하지않으면 따라오는 추측이 난무한다.#@문장구분# 그렇지만 그건 개인의 선택이고 그 누구도 뭐라고 할 수 없는 문제다.#@문장구분#",
      "paragraph_len": 327,
      "paragraph_id": "001"
    },
    {
      "paragraph_txt": " 현실적으로 결혼에 대한 경제적 부담이 크다.#@문장구분# 결혼을 하면 보통 결혼식을 준비하고 신혼여행을 가고, 한 집을 마련해 가정을 합치게 된다.#@문장구분# 청년 취업률이 계속해서 떨어지고 있는 지금, 나 하나 먹고 살기도 바쁜데 굳이 그렇게까지 결혼을 할 필요성을 느끼지 못한다.#@문장구분#",
      "paragraph_len": 206,
      "paragraph_id": "002"
    },
    {
      "paragraph_txt": " 결혼을 했을 때의 사회적으로 얻게 되는 불이익이 있다.#@문장구분# 여성의 경우 결혼을 했을 때 더 잃는 것이 많다고 느낀다.#@문장구분# 만약 임신을 하게 되면 그 사이에 경력이 단절이 될 수 있고, '시월드' 라고 불리는 시댁과의 관계에서도 이해관계가 맞지 않는 경우를 감당하고 싶지 않아 결혼을 더욱 기피한다.#@문장구분# ",
      "paragraph_len": 224,
      "paragraph_id": "003"
    },
    {
      "paragraph_txt": " 자신에게 집중할 수 있다. 결혼을 하게 되면 가정이라는 하나의 집단이 생기기 때문에 나뿐만아니라 내 가정까지 챙겨야 한다. 그렇기 때문에 결혼을 하지 않음으로서 나에게 더 집중하고 개인의 자유를 즐길 수 있다. ",
      "paragraph_len": 119,
      "paragraph_id": "004"
    },
    {
      "paragraph_txt": " 저출산의 문제를 더 심하게 만들지 않는다.#@문장구분# 결혼을 하더라도 딩크족처럼 아이는 갖지 않는 사람들도 있고 정자기증이나 입양을 통해 결혼을 하지 않더라도 아이를 갖는 사람이 있다.#@문장구분# 그렇기 때문에 비혼주의자가 저출산을 더 심각하게 만들진 않는다.#@문장구분#",
      "paragraph_len": 194,
      "paragraph_id": "005"
    },
    {
      "paragraph_txt": " 결혼을 하지 않을 거라는 생각을 가지게 된 데에는 다양한 이유가 있을 것이고, 이제 현대 사회에서 결혼을 더 이상 필수가 아니다.#@문장구분# 비혼주의자들 중에는 연애도 하지 않는 사람도 있고, 같은 비혼주의자들까리 연애를 하는 경우도 있다.#@문장구분# 사람이 사람들과 살아가는 형태 중에 하나일 뿐이고 그 누구도 잘못됐다고 말할 순 없는 문제다.#@문장구분#",
      "paragraph_len": 242,
      "paragraph_id": "006"
    }
  ],
  "score": {
    "paragraph_score": [
      {
        "paragraph_scoreT": [
          3,
          3,
          2.6
        ],
        "paragraph_scoreT_detail": {
          "paragraph_scoreT_exp": [
            [
              3,
              3,
              3
            ],
            [
              3,
              3,
              3
            ],
            [
              3,
              2,
              3
            ]
          ]
        },
        "paragraph_scoreT_avg": 2.8666668,
        "paragraph_id": "001"
      },
      {
        "paragraph_scoreT": [
          3,
          3,
          2
        ],
        "paragraph_scoreT_detail": {
          "paragraph_scoreT_exp": [
            [
              3,
              3,
              3
            ],
            [
              3,
              3,
              3
            ],
            [
              2,
              2,
              2
            ]
          ]
        },
        "paragraph_scoreT_avg": 2.6666667,
        "paragraph_id": "002"
      },
      {
        "paragraph_scoreT": [
          3,
          3,
          2
        ],
        "paragraph_scoreT_detail": {
          "paragraph_scoreT_exp": [
            [
              3,
              3,
              3
            ],
            [
              3,
              3,
              3
            ],
            [
              2,
              2,
              2
            ]
          ]
        },
        "paragraph_scoreT_avg": 2.6666667,
        "paragraph_id": "003"
      },
      {
        "paragraph_scoreT": [
          3,
          3,
          2.6
        ],
        "paragraph_scoreT_detail": {
          "paragraph_scoreT_exp": [
            [
              3,
              3,
              3
            ],
            [
              3,
              3,
              3
            ],
            [
              3,
              3,
              2
            ]
          ]
        },
        "paragraph_scoreT_avg": 2.8666668,
        "paragraph_id": "004"
      },
      {
        "paragraph_scoreT": [
          3,
          3,
          2.4
        ],
        "paragraph_scoreT_detail": {
          "paragraph_scoreT_exp": [
            [
              3,
              3,
              3
            ],
            [
              3,
              3,
              3
            ],
            [
              2,
              3,
              2
            ]
          ]
        },
        "paragraph_scoreT_avg": 2.8,
        "paragraph_id": "005"
      },
      {
        "paragraph_scoreT": [
          3,
          3,
          2.2
        ],
        "paragraph_scoreT_detail": {
          "paragraph_scoreT_exp": [
            [
              3,
              3,
              3
            ],
            [
              3,
              3,
              3
            ],
            [
              3,
              2,
              2
            ]
          ]
        },
        "paragraph_scoreT_avg": 2.7333333,
        "paragraph_id": "006"
      }
    ],
    "essay_scoreT": [
      30,
      30,
      21.5
    ],
    "essay_scoreT_avg": 27.166666,
    "essay_scoreT_detail": {
      "essay_scoreT_org": [
        [
          3,
          0,
          3,
          3
        ],
        [
          3,
          0,
          3,
          3
        ],
        [
          2,
          0,
          2,
          3
        ]
      ],
      "essay_scoreT_cont": [
        [
          3,
          3,
          3,
          3
        ],
        [
          3,
          3,
          3,
          3
        ],
        [
          2,
          2,
          2,
          2
        ]
      ],
      "essay_scoreT_exp": [
        [
          3,
          3,
          3
        ],
        [
          3,
          3,
          3
        ],
        [
          2,
          3,
          2
        ]
      ]
    }
  },
  "student": {
    "date": "2021.09.13",
    "student_educated": true,
    "student_grade": "고등_1학년",
    "location": "051",
    "student_grade_group": "고등",
    "student_reading": 1
  },
  "rubric": {
    "essay_grade": "고등_1학년",
    "organization_weight": {
      "org_paragraph": 0,
      "org": 3,
      "org_essay": 6,
      "org_coherence": 3,
      "org_quantity": 1
    },
    "essay_type": "찬성반대",
    "content_weight": {
      "con_clearance": 3,
      "con_novelty": 3,
      "con": 4,
      "con_prompt": 1,
      "con_description": 3
    },
    "essay_main_subject": "비혼주의자에 대한 본인의 의견",
    "expression_weight": {
      "exp_style": 4,
      "exp_grammar": 2,
      "exp_vocab": 4,
      "exp": 3
    }
  },
  "correction": [],
  "info": {
    "essay_id": "ESSAY_33787",
    "essay_prompt": " \"\"연애는 필수, 결혼은 선택! 가슴이 뛰는 대로 가면 돼\"\".\n\n 유명한 유행가의 노래 가사처럼, 청년들에게 결혼은 이제 필수가 아닌 하나의 선택 사항입니다. 연애, 결혼, 출산을 포기한다는 의미의 '3포세대'라는 말이 나오기 무섭게 5포 세대, N포세대까지 등장할 정도로 취업난, 치솟는 부동산 가격 등 여러 사회·경제적 요인들로 청년층을 위축시켰습니다.\n\n 모두가 이러한 이유로 '결혼을 포기'하는 것만은 아닙니다. 개인의 행복을 위해 '비혼을 선택'하는 청년들도 늘고 있습니다. 이처럼 최근 전통적인 가치관에서 벗어나 연애와 동거는 하면서 결혼이라는 제도에 묶여 관계에서 파생되는 책임을 벗어나 자유로운 삶을 추구하는 비혼주의자가 늘고 있습니다.\n\n 다만, 개인의 자유로운 선택에 따라 비혼주의를 하지만 주변에서는 아직 고운 시선으로 바라보지 않는 사람도 많습니다. 결혼이라는 제도에 대해서 선택이 아닌 필수라고 생각하는 사람들도 많지요. 개개인이 모여 사회가 형성되기 때문에 사회의 가장 작은 단위인 가족을 이루는 것도 사회 구성원으로서의 큰 역할이라고 생각하는 사람들도 있습니다.\n\n 여러분은 결혼을 꼭 해야 한다고 생각하시나요? 아니면 결혼은 선택의 문제라고 생각하시나요? 비혼주의에 대해 찬성하는 입장 반대를 선택하여 자신의 의견을 작성해주세요. 그리고 그렇게 생각한 이유에 대해서 작성해주세요.",
    "essay_type": "찬성반대",
    "essay_level": "2",
    "essay_len": 985,
    "essay_main_subject": "비혼주의자에 대한 본인의 의견"
  }
}