{
  "paragraph": [
    {
      "paragraph_txt": "나는 인터넷의 실명제 도입에 반대한다#@문장구분# 첫째. 실효성이 낮고 역효과를 일으킬 수 있다.#@문장구분# 인터넷 실명제를 실시하면 악성 댓글은 줄어들겠지만 전체 댓글도 줄어들 것이다.#@문장구분# 사람들이 자신의 글을 자신 있게 쓰는 것에 대해서 꺼려하기 때문이다.#@문장구분# 둘째. 표현의 자유를 침해한다.#@문장구분# 정부는 공공을 위해서 개인의 이익을 규제할 수 있다.#@문장구분# 하지만 인터넷상에서 욕설과 비방은 아예 할수 없게 삭제해버리는 사이트의 댓글킹이 대부분이다.#@문장구분# 만약. 이러한 이유 때문에 인터넷 실명제를 도입하게 되면 현 정부에게 실시하고 있는 국민정권, 착한 사회 만들기에 도움되는 공익제도 접수 등의 수는 현저히 줄어들 것이 분명하다.#@문장구분# 따라서 악성댓글 사이버 범죄 때문에 인터넷 실명제가 도입되어야 한다는 의견에 반대한다.#@문장구분# 이떠한 영상을 시청하고 댓글조치규재를 하는 것도 인간의 권리이다.#@문장구분# 이로 인해 기자와 유투버 등의 글쓴이가 피드백을 받아 수정하고 보완하는 것도 그들의 역할이다.#@문장구분#많은 사람들이 익명성에 대해서 비판하고 개선하려 하지만 아직까지 바뀌지 않는데에는 익명성 보장에 찬성하는 사람들이 많아서 일 것이다.#@문장구분# 그럼에도 우리 사회는 바뀌어야 한다.#@문장구분# 최근까지도 유명 연예인들이 악플, 성희롱으로 인해 극단적인 선택을 하는 경우가 많았다.#@문장구분# 또, 사실이 아닌 정보나 사진을 인터넷에 유포하여 오해를 받는 사건도 발생했다.#@문장구분# 이처럼 우리 일상 생활에서 가까이 일어나고 있는 피해들을 줄이기 위해서는 하루 빨리 제도를 바꿔 인터넷 익명성 제도를 바꾸어야 한다.#@문장구분# 국민의 소리를 듣고 이를 수정 보완해야 대한민국의 민주적 질서에 어긋나지 않는다고 상식 절차에 따라서 나는 인터넷 실명제 도입에 반대한다",
      "paragraph_len": 1130,
      "paragraph_id": "001"
    }
  ],
  "score": {
    "paragraph_score": [
      {
        "paragraph_scoreT": [
          2.8,
          3,
          2.4
        ],
        "paragraph_scoreT_detail": {
          "paragraph_scoreT_exp": [
            [
              2,
              3,
              3
            ],
            [
              3,
              3,
              3
            ],
            [
              2,
              2,
              3
            ]
          ]
        },
        "paragraph_scoreT_avg": 2.7333336,
        "paragraph_id": "001"
      }
    ],
    "essay_scoreT": [
      28.2,
      28.8,
      24.900002
    ],
    "essay_scoreT_avg": 27.300001,
    "essay_scoreT_detail": {
      "essay_scoreT_org": [
        [
          3,
          3,
          3,
          3
        ],
        [
          3,
          3,
          3,
          3
        ],
        [
          3,
          2,
          3,
          3
        ]
      ],
      "essay_scoreT_cont": [
        [
          2,
          3,
          3,
          3
        ],
        [
          3,
          2,
          3,
          3
        ],
        [
          3,
          2,
          3,
          2
        ]
      ],
      "essay_scoreT_exp": [
        [
          2,
          3,
          3
        ],
        [
          3,
          3,
          3
        ],
        [
          2,
          2,
          3
        ]
      ]
    }
  },
  "student": {
    "date": "2021.12.18",
    "student_educated": true,
    "student_grade": "고등_2학년",
    "location": "063",
    "student_grade_group": "고등",
    "student_reading": 2
  },
  "rubric": {
    "essay_grade": "고등_2학년",
    "organization_weight": {
      "org_paragraph": 3,
      "org": 3,
      "org_essay": 3,
      "org_coherence": 3,
      "org_quantity": 1
    },
    "essay_type": "찬성반대",
    "content_weight": {
      "con_clearance": 3,
      "con_novelty": 3,
      "con": 4,
      "con_prompt": 1,
      "con_description": 3
    },
    "essay_main_subject": "익명성에 대한 본인의 의견",
    "expression_weight": {
      "exp_style": 4,
      "exp_grammar": 2,
      "exp_vocab": 4,
      "exp": 3
    }
  },
  "correction": [],
  "info": {
    "essay_id": "ESSAY_77274",
    "essay_prompt": " 보편적으로 인터넷에서 사용자는 자기의 본이름을 제외한 ID나 별명을 사용합니다. 즉, 익명을 사용하여 인터넷에서 활동하게 됩니다.\n\n 하지만, 인터넷에서는 이러한 점을 악용하는 사례가 무수히 생겨나고 있습니다. 사이버 세상에서 자신이 외부에 노출되어 있지 않다는 것을 이용해 자신과 다른 의견에 대해 욕설, 인신공격 등을 가하는 것이지요. 이에 대해 인터넷상에서의 규제는 사실상 불가능한 부분이 많습니다.\n\n 그 때문에 최근 인터넷 사이트에 회원가입을 할 때 본인 확인 절차를 거치지 않았으면 글 등을 올릴 때 본인 확인을 할 수 있도록 제한적 인터넷 실명제가 도입되고 있습니다.\n\n 하지만 인터넷의 가장 기본적인 속성인 익명성이 무시될 경우, 인터넷은 무한한 가능성의 공간이 아닌 제한적인 도구로 전락할 수도 있습니다.\n\n 제한적 인터넷 실명제는 필요한지 찬성과 반대를 선택하여 자신의 견해를 작성해주세요.",
    "essay_type": "찬성반대",
    "essay_level": "2",
    "essay_len": 812,
    "essay_main_subject": "익명성에 대한 본인의 의견"
  }
}