{
  "paragraph": [
    {
      "paragraph_txt": "비혼의 장점은 말 그대로 혼자 생활하기 때문에 누구에게도 간섭받지 않고, 내 마음대로 주체적인 생활과 여유를 즐길 수 있다는 것이다.#@문장구분# 무엇보다 근본적으로 책임질 일 자체가 줄어들게 된다.#@문장구분# 신경 써야 할 일이 나 자신 하나로 줄어들게 되면서 정서적이나 신체적으로도 홀가분해지는 느낌을 받는다.#@문장구분#여성의 경우, 출산과 육아에 대한 부담감이 크다.#@문장구분# 예전부터 육아는 여성이 해야 한다는 사회적 암묵적인 룰으로 직장을 포기하는 사람이 많다.#@문장구분# 맞벌이 가정의 경우에도 육아는 남성보다 여성이 더 많이 부담한다.#@문장구분# 여성의 사회 진출이 높아지면서 제 일을 포기할 수 없고, 그렇다고 둘 다 병행하기에는 큰 어려움과 부담감으로 비혼을 선택하게 된 것이다.#@문장구분# 비혼자의 수가 여성이 더 많다고 생각하겠지만 남성 역시 그 수가 많다.#@문장구분# 양성평등으로 여성과 남성의 사이가 좁아졌지만, 아직 우리 사회 전반에 걸쳐 남아 있는 유교적 가부장제의 잔재가 적용되고 있다.#@문장구분# 가장이라는 이름으로 경제적 부담 등 과도한 의무를 강요받고 있기 때문이다.#@문장구분# 이에 대한 부담감이 커 비혼을 선택하는 남성들도 생긴 것이다.#@문장구분# 사실 지금까지도 비혼자에 대한 시선은 아직 부정적이다. #@문장구분#비혼자들에게 '이기적이다.#@문장구분# 자기 혼자만 생각하는 개인주의다'라며 비혼을 비정상적으로 바라보는 사람이 많다.#@문장구분# 기성세대에게는 결혼을 하고 아이를 낳아야 하는 삶이 당연했다.#@문장구분# 하지만 이제 사회는 변화되고 인식은 바뀌어가고 있다.#@문장구분# 사회적 구조의 변화등으로 이제 비혼도 하나의 생활방식으로 인식되고 인정하는 분위기로 바뀌고 있다.#@문장구분# 최근 2030 청년층의 비혼 선택이 증가하면 '비혼식' 문화가 확산되고 있다.#@문장구분# '더 이상 결혼이 의무가 아니다. 이에 동의하십니까?'라는 조사에 56.4%가 '그렇다'고 응답했다. #@문장구분#드라마 '그놈이 그놈이다'도 첫 화에 주인공이 비혼식을 통해 비혼 선언을 한다.#@문장구분# 이는 드라마의 허구적 요소가 아닌, 실제 비혼자 사이에서 생긴 문화다.#@문장구분# 비혼식은 비혼자가 가족과 지인을 불러 비혼 의사를 전달하는 싱글 웨딩이다.#@문장구분# 부부가 결혼식을 통해 영원히 함께하겠다는 언약을 맺듯, 비혼식 역시 웨딩드레스나 턱시도를 입고 자신의 비혼을 공개적으로 선포해 스스로와의 언약을 맺는다.#@문장구분# 비혼식을 하려는 이유는 비혼을 내세웠지만, 가족과 지인들로부터 계속되는 결혼의 압박에서 벗어나고 싶기 때문이었다.#@문장구분# 우리는 이들을 인정하고 결혼에 대한 새로운 개념으로 대두되는 비혼주의에 대해 그들의 선택을 존중할 필요가 있다고 생각한다.#@문장구분#",
      "paragraph_len": 1699,
      "paragraph_id": "001"
    }
  ],
  "score": {
    "paragraph_score": [
      {
        "paragraph_scoreT": [
          3,
          3,
          3
        ],
        "paragraph_scoreT_detail": {
          "paragraph_scoreT_exp": [
            [
              3,
              3,
              3
            ],
            [
              3,
              3,
              3
            ],
            [
              3,
              3,
              3
            ]
          ]
        },
        "paragraph_scoreT_avg": 3,
        "paragraph_id": "001"
      }
    ],
    "essay_scoreT": [
      30,
      30,
      30
    ],
    "essay_scoreT_avg": 30,
    "essay_scoreT_detail": {
      "essay_scoreT_org": [
        [
          3,
          0,
          3,
          3
        ],
        [
          3,
          0,
          3,
          3
        ],
        [
          3,
          0,
          3,
          3
        ]
      ],
      "essay_scoreT_cont": [
        [
          3,
          3,
          3,
          3
        ],
        [
          3,
          3,
          3,
          3
        ],
        [
          3,
          3,
          3,
          3
        ]
      ],
      "essay_scoreT_exp": [
        [
          3,
          3,
          3
        ],
        [
          3,
          3,
          3
        ],
        [
          3,
          3,
          3
        ]
      ]
    }
  },
  "student": {
    "date": "2021.11.25",
    "student_educated": true,
    "student_grade": "고등_1학년",
    "location": "063",
    "student_grade_group": "고등",
    "student_reading": 1
  },
  "rubric": {
    "essay_grade": "고등_1학년",
    "organization_weight": {
      "org_paragraph": 0,
      "org": 3,
      "org_essay": 6,
      "org_coherence": 3,
      "org_quantity": 1
    },
    "essay_type": "찬성반대",
    "content_weight": {
      "con_clearance": 3,
      "con_novelty": 3,
      "con": 4,
      "con_prompt": 1,
      "con_description": 3
    },
    "essay_main_subject": "비혼주의자에 대한 본인의 의견",
    "expression_weight": {
      "exp_style": 4,
      "exp_grammar": 2,
      "exp_vocab": 4,
      "exp": 3
    }
  },
  "correction": [],
  "info": {
    "essay_id": "ESSAY_51862",
    "essay_prompt": " \"\"연애는 필수, 결혼은 선택! 가슴이 뛰는 대로 가면 돼\"\".\n\n 유명한 유행가의 노래 가사처럼, 청년들에게 결혼은 이제 필수가 아닌 하나의 선택 사항입니다. 연애, 결혼, 출산을 포기한다는 의미의 '3포세대'라는 말이 나오기 무섭게 5포 세대, N포세대까지 등장할 정도로 취업난, 치솟는 부동산 가격 등 여러 사회·경제적 요인들로 청년층을 위축시켰습니다.\n\n 모두가 이러한 이유로 '결혼을 포기'하는 것만은 아닙니다. 개인의 행복을 위해 '비혼을 선택'하는 청년들도 늘고 있습니다. 이처럼 최근 전통적인 가치관에서 벗어나 연애와 동거는 하면서 결혼이라는 제도에 묶여 관계에서 파생되는 책임을 벗어나 자유로운 삶을 추구하는 비혼주의자가 늘고 있습니다.\n\n 다만, 개인의 자유로운 선택에 따라 비혼주의를 하지만 주변에서는 아직 고운 시선으로 바라보지 않는 사람도 많습니다. 결혼이라는 제도에 대해서 선택이 아닌 필수라고 생각하는 사람들도 많지요. 개개인이 모여 사회가 형성되기 때문에 사회의 가장 작은 단위인 가족을 이루는 것도 사회 구성원으로서의 큰 역할이라고 생각하는 사람들도 있습니다.\n\n 여러분은 결혼을 꼭 해야 한다고 생각하시나요? 아니면 결혼은 선택의 문제라고 생각하시나요? 비혼주의에 대해 찬성하는 입장 반대를 선택하여 자신의 의견을 작성해주세요. 그리고 그렇게 생각한 이유에 대해서 작성해주세요.",
    "essay_type": "찬성반대",
    "essay_level": "2",
    "essay_len": 1200,
    "essay_main_subject": "비혼주의자에 대한 본인의 의견"
  }
}