{
  "paragraph": [
    {
      "paragraph_txt": "나는 비혼주의에 대한 찬성과 반대에 대한 나의 의견은 찬성이다.#@문장구분#\n그러한 이유에는 몇가지가 있는데 먼저 첫 번쨰는 결혼을 하고 난 후의 생활비 문제이다.#@문장구분# 앞으로 나올 내용들중에서 이 이유가 아마 가장 큰 이유가 된다.#@문장구분#\n일단 남편의 입장으로 적어본다면 한달 동안 열심히 뼈 빠지게 일하여 얻은 돈은 수백만원이지만 먹고 사는데 필요한 생활비를 제외하면 남는 돈은 전체돈중에서 10분의 1밖에 안되는 돈을 얻는다.#@문장구분# 한마디로 자기가 열심히 피땀흘리면서 벌어온 돈인데 양육비와 생활비에 쓰고 얻는 돈은 전체의 10분의 1밖에 얻는 다는 것이다.#@문장구분# 이러한 문제로 몰래 비상금을 숨기다가 걸려서 이혼했다는 사례들도 꽤나 있는걸로 알고 있다.#@문장구분# ",
      "paragraph_len": 470,
      "paragraph_id": "001"
    },
    {
      "paragraph_txt": " 두 번쨰는 여자에게 부담을 주는 육아에 대한 문제이다.#@문장구분#\n위에서는 남자의 결혼 후의 문제를 다루었기에 이번에는 여자가 결혼한 후의 문제를 다루어 보겠다.#@문장구분#\n먼저 아이를 낳던 안 낳던  대부분의 집안일은 거의 여자가 다한다.#@문장구분# 전문기사에서는 남편이 집안일을 하는 것보다 아내가 집안일을 하는 시간이 1시간 더 많다고 입장을 표했다.#@문장구분#\n아마 아내가 남편에게 집안일 좀 하라고 뭐라해도 대부분의 남편들은 밖에서 일해서 피곤해서 못한다고 변명아닌 변명을 하지만 까놓고 말해서 요즘 시대에 일 안하는 여자는 거의 없다.#@문장구분# ",
      "paragraph_len": 383,
      "paragraph_id": "002"
    },
    {
      "paragraph_txt": " 마지막인 이유는 결혼을 하든 안하든 그것을 결정하는 것은 바로 자기 자신이다.#@문장구분#\n물론 세상 밖으로 나오게 해준 것은 부모님이 맞지만 자기의 인생을 결정하는 것은 엄연히 본인의 몫이다.#@문장구분#\n본인이 결혼을 하고 싶다면 그 앞일에 대한 책임을 질 각오로 해야하며 결혼을 안 한다하더라도 그것은 그냥 본인이 그렇게 하고 싶다는 것이고 그 후에 본인이 후회를 하든 말든 우리는 상관을 쓸 이유는 전혀 없으며 또한 우리에게도 그 사람에게 미안해야할 이유도 없다.#@문장구분#",
      "paragraph_len": 310,
      "paragraph_id": "003"
    },
    {
      "paragraph_txt": " 그러므로 나는 결혼을 하느가 마는가에 대한 의견은 그 사람의 결정에 있으므로 찬성이다.#@문장구분#",
      "paragraph_len": 69,
      "paragraph_id": "004"
    }
  ],
  "score": {
    "paragraph_score": [
      {
        "paragraph_scoreT": [
          2.4,
          3,
          3
        ],
        "paragraph_scoreT_detail": {
          "paragraph_scoreT_exp": [
            [
              2,
              2,
              3
            ],
            [
              3,
              3,
              3
            ],
            [
              3,
              3,
              3
            ]
          ]
        },
        "paragraph_scoreT_avg": 2.8,
        "paragraph_id": "001"
      },
      {
        "paragraph_scoreT": [
          2.2,
          3,
          3
        ],
        "paragraph_scoreT_detail": {
          "paragraph_scoreT_exp": [
            [
              3,
              2,
              2
            ],
            [
              3,
              3,
              3
            ],
            [
              3,
              3,
              3
            ]
          ]
        },
        "paragraph_scoreT_avg": 2.7333333,
        "paragraph_id": "002"
      },
      {
        "paragraph_scoreT": [
          2.2,
          3,
          3
        ],
        "paragraph_scoreT_detail": {
          "paragraph_scoreT_exp": [
            [
              3,
              2,
              2
            ],
            [
              3,
              3,
              3
            ],
            [
              3,
              3,
              3
            ]
          ]
        },
        "paragraph_scoreT_avg": 2.7333333,
        "paragraph_id": "003"
      },
      {
        "paragraph_scoreT": [
          3,
          2.8,
          3
        ],
        "paragraph_scoreT_detail": {
          "paragraph_scoreT_exp": [
            [
              3,
              3,
              3
            ],
            [
              2,
              3,
              3
            ],
            [
              3,
              3,
              3
            ]
          ]
        },
        "paragraph_scoreT_avg": 2.9333334,
        "paragraph_id": "004"
      }
    ],
    "essay_scoreT": [
      26.400002,
      29.4,
      27.6
    ],
    "essay_scoreT_avg": 27.800001,
    "essay_scoreT_detail": {
      "essay_scoreT_org": [
        [
          3,
          0,
          3,
          3
        ],
        [
          3,
          0,
          3,
          3
        ],
        [
          3,
          0,
          3,
          3
        ]
      ],
      "essay_scoreT_cont": [
        [
          3,
          2,
          3,
          3
        ],
        [
          3,
          3,
          3,
          3
        ],
        [
          3,
          2,
          3,
          2
        ]
      ],
      "essay_scoreT_exp": [
        [
          3,
          2,
          2
        ],
        [
          2,
          3,
          3
        ],
        [
          3,
          3,
          3
        ]
      ]
    }
  },
  "student": {
    "date": "2021.10.21",
    "student_educated": true,
    "student_grade": "고등_1학년",
    "location": "063",
    "student_grade_group": "고등",
    "student_reading": 2
  },
  "rubric": {
    "essay_grade": "고등_1학년",
    "organization_weight": {
      "org_paragraph": 0,
      "org": 3,
      "org_essay": 6,
      "org_coherence": 3,
      "org_quantity": 1
    },
    "essay_type": "찬성반대",
    "content_weight": {
      "con_clearance": 3,
      "con_novelty": 3,
      "con": 4,
      "con_prompt": 1,
      "con_description": 3
    },
    "essay_main_subject": "비혼주의자에 대한 본인의 의견",
    "expression_weight": {
      "exp_style": 4,
      "exp_grammar": 2,
      "exp_vocab": 4,
      "exp": 3
    }
  },
  "correction": [],
  "info": {
    "essay_id": "ESSAY_43922",
    "essay_prompt": " \"\"연애는 필수, 결혼은 선택! 가슴이 뛰는 대로 가면 돼\"\".\n\n 유명한 유행가의 노래 가사처럼, 청년들에게 결혼은 이제 필수가 아닌 하나의 선택 사항입니다. 연애, 결혼, 출산을 포기한다는 의미의 '3포세대'라는 말이 나오기 무섭게 5포 세대, N포세대까지 등장할 정도로 취업난, 치솟는 부동산 가격 등 여러 사회·경제적 요인들로 청년층을 위축시켰습니다.\n\n 모두가 이러한 이유로 '결혼을 포기'하는 것만은 아닙니다. 개인의 행복을 위해 '비혼을 선택'하는 청년들도 늘고 있습니다. 이처럼 최근 전통적인 가치관에서 벗어나 연애와 동거는 하면서 결혼이라는 제도에 묶여 관계에서 파생되는 책임을 벗어나 자유로운 삶을 추구하는 비혼주의자가 늘고 있습니다.\n\n 다만, 개인의 자유로운 선택에 따라 비혼주의를 하지만 주변에서는 아직 고운 시선으로 바라보지 않는 사람도 많습니다. 결혼이라는 제도에 대해서 선택이 아닌 필수라고 생각하는 사람들도 많지요. 개개인이 모여 사회가 형성되기 때문에 사회의 가장 작은 단위인 가족을 이루는 것도 사회 구성원으로서의 큰 역할이라고 생각하는 사람들도 있습니다.\n\n 여러분은 결혼을 꼭 해야 한다고 생각하시나요? 아니면 결혼은 선택의 문제라고 생각하시나요? 비혼주의에 대해 찬성하는 입장 반대를 선택하여 자신의 의견을 작성해주세요. 그리고 그렇게 생각한 이유에 대해서 작성해주세요.",
    "essay_type": "찬성반대",
    "essay_level": "2",
    "essay_len": 939,
    "essay_main_subject": "비혼주의자에 대한 본인의 의견"
  }
}