{
  "paragraph": [
    {
      "paragraph_txt": "최근 결혼에 대한 사람들의 인식이 변화하면서 비혼을 추구하는 사람들, 비혼주의자가 늘어나고 있다.#@문장구분# 이들에 대한 사람들의 의견은 다양한데 '본인이 비혼주의자라고 주장하는 사람들은 본인의 능력 부족으로 결혼을 못 하는 걸 비혼주의라고 합리화하는 것이다'라는 의견도 있는 반면 본인의 자유를 누리며 혼자 여유롭게 사는 모습이 멋있다는 사람들의 의견도 있다.#@문장구분# 자신의 소신에 대해 제삼자가 왈가왈부할 권리는 없다만 비혼주의자에 대한 본인의 의견은 그들을 지지하는 쪽이다.#@문장구분# 언젠가 비혼주의자 딸과 그를 반대하는 아버지의 대화를 찍은 영상을 본 적이 있다.#@문장구분# 딸은 결혼한 후 자신의 경력이 단절되는 것이 싫다며 자신의 삶은 온전히 자신을 위해 살고 싶다고 주장했다.#@문장구분# 하지만 아버지는 '가족과 나누는 기쁨을 누리는 것이 삶의 행복이다,#@문장구분# 어른이 된다는 것은 자신을 조금씩 포기하는 것이다'라며 딸의 주장에 반박하였다.#@문장구분# 대화 중 비혼주의자는 이기적인 사람이라는 주장을 했는데 도대체 무엇이 이기적인가 생각을 해보니 가정 내 역할에 대한 문제인 것 같기도 하다.#@문장구분# 영상 속 주인공의 가정은 어머니가 청소, 설거지, 요리 모든 것을 하는 전형적인 가부장적인 집안이었다.#@문장구분# 아버지는 딸의 비혼을 반대하지만 어머니는 찬성하는 이유가 여기에 있지 않을까.#@문장구분# 딸은 자신이 결혼하고 맡게 될 역할이 엄마와 다를 게 있을 것 같진 않다며 비혼을 주장한다.#@문장구분# 비혼주의자는 이기적이라는 아버지의 주장은 딸이 결혼하고 집안일을 모두 도맡아 해야 하는 자신의 역할을 져버리는 것과 같다고 말하는 것이다.#@문장구분# 이 주장이 훨씬 이기적이지 않냐는 생각을 해본다.#@문장구분# 끝으로 가부장적인 인식을 가진 이런 사람들의 의견 때문에 자신의 자유와 커리어를 버릴 필요는 없는 것 같다.#@문장구분# 각자 가정이 더 소중한 사람은 결혼을, 자신의 자유가 더 소중한 사람은 비혼을 추구하면 되는 것이다.#@문장구분# 어느 한쪽을 비난하고 욕할 자격이 있는 사람은 아무도 없다.#@문장구분# 그저 모두가 자신만의 가치에 따라 살아가면 되는 것이다.#@문장구분#",
      "paragraph_len": 1310,
      "paragraph_id": "001"
    }
  ],
  "score": {
    "paragraph_score": [
      {
        "paragraph_scoreT": [
          3,
          3,
          2.2
        ],
        "paragraph_scoreT_detail": {
          "paragraph_scoreT_exp": [
            [
              3,
              3,
              3
            ],
            [
              3,
              3,
              3
            ],
            [
              3,
              2,
              2
            ]
          ]
        },
        "paragraph_scoreT_avg": 2.7333333,
        "paragraph_id": "001"
      }
    ],
    "essay_scoreT": [
      30,
      26.7,
      20.9
    ],
    "essay_scoreT_avg": 25.866667,
    "essay_scoreT_detail": {
      "essay_scoreT_org": [
        [
          3,
          0,
          3,
          3
        ],
        [
          2,
          0,
          3,
          2
        ],
        [
          2,
          0,
          2,
          3
        ]
      ],
      "essay_scoreT_cont": [
        [
          3,
          3,
          3,
          3
        ],
        [
          3,
          2,
          3,
          3
        ],
        [
          2,
          2,
          2,
          2
        ]
      ],
      "essay_scoreT_exp": [
        [
          3,
          3,
          3
        ],
        [
          3,
          3,
          3
        ],
        [
          3,
          2,
          2
        ]
      ]
    }
  },
  "student": {
    "date": "2021.09.13",
    "student_educated": true,
    "student_grade": "고등_1학년",
    "location": "051",
    "student_grade_group": "고등",
    "student_reading": 2
  },
  "rubric": {
    "essay_grade": "고등_1학년",
    "organization_weight": {
      "org_paragraph": 0,
      "org": 3,
      "org_essay": 6,
      "org_coherence": 3,
      "org_quantity": 1
    },
    "essay_type": "찬성반대",
    "content_weight": {
      "con_clearance": 3,
      "con_novelty": 3,
      "con": 4,
      "con_prompt": 1,
      "con_description": 3
    },
    "essay_main_subject": "비혼주의자에 대한 본인의 의견",
    "expression_weight": {
      "exp_style": 4,
      "exp_grammar": 2,
      "exp_vocab": 4,
      "exp": 3
    }
  },
  "correction": [],
  "info": {
    "essay_id": "ESSAY_33789",
    "essay_prompt": " \"\"연애는 필수, 결혼은 선택! 가슴이 뛰는 대로 가면 돼\"\".\n\n 유명한 유행가의 노래 가사처럼, 청년들에게 결혼은 이제 필수가 아닌 하나의 선택 사항입니다. 연애, 결혼, 출산을 포기한다는 의미의 '3포세대'라는 말이 나오기 무섭게 5포 세대, N포세대까지 등장할 정도로 취업난, 치솟는 부동산 가격 등 여러 사회·경제적 요인들로 청년층을 위축시켰습니다.\n\n 모두가 이러한 이유로 '결혼을 포기'하는 것만은 아닙니다. 개인의 행복을 위해 '비혼을 선택'하는 청년들도 늘고 있습니다. 이처럼 최근 전통적인 가치관에서 벗어나 연애와 동거는 하면서 결혼이라는 제도에 묶여 관계에서 파생되는 책임을 벗어나 자유로운 삶을 추구하는 비혼주의자가 늘고 있습니다.\n\n 다만, 개인의 자유로운 선택에 따라 비혼주의를 하지만 주변에서는 아직 고운 시선으로 바라보지 않는 사람도 많습니다. 결혼이라는 제도에 대해서 선택이 아닌 필수라고 생각하는 사람들도 많지요. 개개인이 모여 사회가 형성되기 때문에 사회의 가장 작은 단위인 가족을 이루는 것도 사회 구성원으로서의 큰 역할이라고 생각하는 사람들도 있습니다.\n\n 여러분은 결혼을 꼭 해야 한다고 생각하시나요? 아니면 결혼은 선택의 문제라고 생각하시나요? 비혼주의에 대해 찬성하는 입장 반대를 선택하여 자신의 의견을 작성해주세요. 그리고 그렇게 생각한 이유에 대해서 작성해주세요.",
    "essay_type": "찬성반대",
    "essay_level": "2",
    "essay_len": 971,
    "essay_main_subject": "비혼주의자에 대한 본인의 의견"
  }
}