{
  "paragraph": [
    {
      "paragraph_txt": "저는 비혼주의에 찬성합니다.#@문장구분# 결혼을 하지 않으면 제 인생에 간섭하는 사람도 없고, 제 마음대로 자체적인 생활과 소비를 여위할 수 있으며, 무엇보다 혼자 사는 만큼 근본적으로 책임질 일 자체가 줄어들게 됩니다.#@문장구분# 저만의 취미 및 여가를 많이 즐길 수 있게 되어 무엇을 하든 재산, 시간, 권리가 억압받지 않는다는 점이 비혼의 가장 큰 장점이라고 생각합니다.#@문장구분# 가족도 엄연한 인간관계입니다.#@문장구분# 인간관계에 문제가 생겼을 때의 스트레스는 당연히 결혼에도 따라올 것입니다.#@문장구분# 자녀 양육이나 배우자와 삶을 공유하는 데에 있어서 가치관이나 사고방식, 취향 등이 다르면 필연적으로 갈등이 생기게 될 것입니다.#@문장구분# 결혼을 하지 않으면 인간관계에서의 스트레스를 줄일 수가 있습니다.#@문장구분# 또 키울 자녀가 없기 때문에 육아 스트레스를 겪지 않아도 됩니다.#@문장구분#자녀를 키우는 것은 힘든 일입니다.#@문장구분# 당장 저희 부모님을 보아도 저를 키우시며 많은 고생을 해오셨음을 알 수 있습니다.#@문장구분# 금전적인 문제 뿐 아니라 자식을 올바른 길로 이끌어야 한다는 책임감이 부모를 힘들게 만듭니다.#@문장구분# 결혼을 하지 않으면 금전적인 여유도 생길것입니다.#@문장구분# 독신으로 사는 것이 자녀가 있는 가정보다 지출이 적은 것은 명백한 사실입니다.#@문장구분# 식비는 물론 각종 세금, 집세, 여가 생활 등등 전부를 포함한 전반적인 생활비도 혼자 살 때보다 결혼해서 아이가 있을 때 가 배로 듭니다.#@문장구분# 물가는 계속 상승하고 부동산 역시 천장을 뚫을 기세로 상승하는 지금에는 결혼을 해서 안정적인 삶을 유지하는 것이 너무 힘들 것입니다.#@문장구분# 자녀들에게 가난을 물려주기보다는 저 혼자라도 편하게 사는 것이 낫다고 생각되어 비혼주의에 찬성합니다.#@문장구분#",
      "paragraph_len": 1122,
      "paragraph_id": "001"
    }
  ],
  "score": {
    "paragraph_score": [
      {
        "paragraph_scoreT": [
          3,
          3,
          2.8
        ],
        "paragraph_scoreT_detail": {
          "paragraph_scoreT_exp": [
            [
              3,
              3,
              3
            ],
            [
              3,
              3,
              3
            ],
            [
              2,
              3,
              3
            ]
          ]
        },
        "paragraph_scoreT_avg": 2.9333334,
        "paragraph_id": "001"
      }
    ],
    "essay_scoreT": [
      30,
      26.099998,
      26.1
    ],
    "essay_scoreT_avg": 27.4,
    "essay_scoreT_detail": {
      "essay_scoreT_org": [
        [
          3,
          0,
          3,
          3
        ],
        [
          2,
          0,
          3,
          2
        ],
        [
          3,
          0,
          2,
          3
        ]
      ],
      "essay_scoreT_cont": [
        [
          3,
          3,
          3,
          3
        ],
        [
          3,
          2,
          3,
          3
        ],
        [
          3,
          2,
          3,
          2
        ]
      ],
      "essay_scoreT_exp": [
        [
          3,
          3,
          3
        ],
        [
          2,
          3,
          3
        ],
        [
          2,
          3,
          3
        ]
      ]
    }
  },
  "student": {
    "date": "2021.12.21",
    "student_educated": true,
    "student_grade": "고등_1학년",
    "location": "031",
    "student_grade_group": "고등",
    "student_reading": 2
  },
  "rubric": {
    "essay_grade": "고등_1학년",
    "organization_weight": {
      "org_paragraph": 0,
      "org": 3,
      "org_essay": 6,
      "org_coherence": 3,
      "org_quantity": 1
    },
    "essay_type": "찬성반대",
    "content_weight": {
      "con_clearance": 3,
      "con_novelty": 3,
      "con": 4,
      "con_prompt": 1,
      "con_description": 3
    },
    "essay_main_subject": "비혼주의자에 대한 본인의 의견",
    "expression_weight": {
      "exp_style": 4,
      "exp_grammar": 2,
      "exp_vocab": 4,
      "exp": 3
    }
  },
  "correction": [],
  "info": {
    "essay_id": "ESSAY_71315",
    "essay_prompt": " \"\"연애는 필수, 결혼은 선택! 가슴이 뛰는 대로 가면 돼\"\".\n\n 유명한 유행가의 노래 가사처럼, 청년들에게 결혼은 이제 필수가 아닌 하나의 선택 사항입니다. 연애, 결혼, 출산을 포기한다는 의미의 '3포세대'라는 말이 나오기 무섭게 5포 세대, N포세대까지 등장할 정도로 취업난, 치솟는 부동산 가격 등 여러 사회·경제적 요인들로 청년층을 위축시켰습니다.\n\n 모두가 이러한 이유로 '결혼을 포기'하는 것만은 아닙니다. 개인의 행복을 위해 '비혼을 선택'하는 청년들도 늘고 있습니다. 이처럼 최근 전통적인 가치관에서 벗어나 연애와 동거는 하면서 결혼이라는 제도에 묶여 관계에서 파생되는 책임을 벗어나 자유로운 삶을 추구하는 비혼주의자가 늘고 있습니다.\n\n 다만, 개인의 자유로운 선택에 따라 비혼주의를 하지만 주변에서는 아직 고운 시선으로 바라보지 않는 사람도 많습니다. 결혼이라는 제도에 대해서 선택이 아닌 필수라고 생각하는 사람들도 많지요. 개개인이 모여 사회가 형성되기 때문에 사회의 가장 작은 단위인 가족을 이루는 것도 사회 구성원으로서의 큰 역할이라고 생각하는 사람들도 있습니다.\n\n 여러분은 결혼을 꼭 해야 한다고 생각하시나요? 아니면 결혼은 선택의 문제라고 생각하시나요? 비혼주의에 대해 찬성하는 입장 반대를 선택하여 자신의 의견을 작성해주세요. 그리고 그렇게 생각한 이유에 대해서 작성해주세요.",
    "essay_type": "찬성반대",
    "essay_level": "2",
    "essay_len": 803,
    "essay_main_subject": "비혼주의자에 대한 본인의 의견"
  }
}