{
  "paragraph": [
    {
      "paragraph_txt": "결혼이라는 제도에 대해서 선택이 아닌 필수라고 생각하는 사람들이 많은 것 같습니다.#@문장구분# 저는 그 이유에 대해 여러 가지 의문이 들었습니다.#@문장구분# 저조한 출산율을 운운하며 비혼주의자임을 선언한 여성들에게 화살이 향하는 경우를 보았습니다.#@문장구분# 왜 결혼이 출산으로 연결되는걸까요?#@문장구분# 저는 이 맥락에서부터 결혼에 대한 인식이 잘못되었다고 생각합니다.#@문장구분# 결혼은 두 사람의 사랑을 법적으로 인정받아 서로가 서로의 보호자가 될 수 있고자 하는 제도라고 생각합니다.#@문장구분#여성은 아이를 낳는 기계가 아닙니다.#@문장구분# 결혼을 합의하에 하는 것처럼 2세 계획도 두 사람이 함께 세워야하며 여성이 임신 후 출산까지의 과정이 다가 아님을 알아주셔야합니다.#@문장구분# 이러한 관점에서 바라볼 때 결혼 이라는 행위는 근본적으로 서로의 수고에서부터 관게가 유지되는 것 같다.#@문장구분# 결혼을 한다면 남자의 고통은 자신 이외의 존재를 책임져야하는 고통이 몇배가 될것이고 여자는 몸을 망가뜨리며 출산해야하는 상황이 펼쳐진다.#@문장구분# 실제로 출산 전과 후의 여성은 정말 많은 곳이 변하고 망가진다.#@문장구분# 특히 우리나라는 성교육에 대하여 보수적이라서 문제를 덮기만하고 형식적으로만 하는 경우가 대부분이라서 여자의 출산을 그저 아름다운 것으로만 포장하고 있다.#@문장구분# 여자들은 출산의 문제점에 대해 인식하지 못하고 뜻하지 않은 부작용과 그로인한 사후 우울증으로 인해 고생하는 사람들이 굉장히 많다.#@문장구분# 서로간의 인생과 수고를 결혼이라는 틀안에 갈아넣을 것을 강요하는 것은 그 주체가 국가더라도 굉장히 이기적인 행위이다.#@문장구분#수 하겠다는 것은 당사자의 의견이 하나도 반영되지 않은 일방적이고 부당한 행위중에 하나라고 생각해 볼 수 있다.#@문장구분#",
      "paragraph_len": 1095,
      "paragraph_id": "001"
    }
  ],
  "score": {
    "paragraph_score": [
      {
        "paragraph_scoreT": [
          3,
          3,
          2.6
        ],
        "paragraph_scoreT_detail": {
          "paragraph_scoreT_exp": [
            [
              3,
              3,
              3
            ],
            [
              3,
              3,
              3
            ],
            [
              3,
              2,
              3
            ]
          ]
        },
        "paragraph_scoreT_avg": 2.8666668,
        "paragraph_id": "001"
      }
    ],
    "essay_scoreT": [
      30,
      25.099998,
      24.6
    ],
    "essay_scoreT_avg": 26.566666,
    "essay_scoreT_detail": {
      "essay_scoreT_org": [
        [
          3,
          0,
          3,
          3
        ],
        [
          2,
          0,
          3,
          2
        ],
        [
          2,
          0,
          3,
          3
        ]
      ],
      "essay_scoreT_cont": [
        [
          3,
          3,
          3,
          3
        ],
        [
          2,
          2,
          2,
          3
        ],
        [
          2,
          2,
          3,
          3
        ]
      ],
      "essay_scoreT_exp": [
        [
          3,
          3,
          3
        ],
        [
          3,
          3,
          3
        ],
        [
          3,
          2,
          3
        ]
      ]
    }
  },
  "student": {
    "date": "2021.12.20",
    "student_educated": true,
    "student_grade": "고등_1학년",
    "location": "044",
    "student_grade_group": "고등",
    "student_reading": 2
  },
  "rubric": {
    "essay_grade": "고등_1학년",
    "organization_weight": {
      "org_paragraph": 0,
      "org": 3,
      "org_essay": 6,
      "org_coherence": 3,
      "org_quantity": 1
    },
    "essay_type": "찬성반대",
    "content_weight": {
      "con_clearance": 3,
      "con_novelty": 3,
      "con": 4,
      "con_prompt": 1,
      "con_description": 3
    },
    "essay_main_subject": "비혼주의자에 대한 본인의 의견",
    "expression_weight": {
      "exp_style": 4,
      "exp_grammar": 2,
      "exp_vocab": 4,
      "exp": 3
    }
  },
  "correction": [],
  "info": {
    "essay_id": "ESSAY_71272",
    "essay_prompt": " \"\"연애는 필수, 결혼은 선택! 가슴이 뛰는 대로 가면 돼\"\".\n\n 유명한 유행가의 노래 가사처럼, 청년들에게 결혼은 이제 필수가 아닌 하나의 선택 사항입니다. 연애, 결혼, 출산을 포기한다는 의미의 '3포세대'라는 말이 나오기 무섭게 5포 세대, N포세대까지 등장할 정도로 취업난, 치솟는 부동산 가격 등 여러 사회·경제적 요인들로 청년층을 위축시켰습니다.\n\n 모두가 이러한 이유로 '결혼을 포기'하는 것만은 아닙니다. 개인의 행복을 위해 '비혼을 선택'하는 청년들도 늘고 있습니다. 이처럼 최근 전통적인 가치관에서 벗어나 연애와 동거는 하면서 결혼이라는 제도에 묶여 관계에서 파생되는 책임을 벗어나 자유로운 삶을 추구하는 비혼주의자가 늘고 있습니다.\n\n 다만, 개인의 자유로운 선택에 따라 비혼주의를 하지만 주변에서는 아직 고운 시선으로 바라보지 않는 사람도 많습니다. 결혼이라는 제도에 대해서 선택이 아닌 필수라고 생각하는 사람들도 많지요. 개개인이 모여 사회가 형성되기 때문에 사회의 가장 작은 단위인 가족을 이루는 것도 사회 구성원으로서의 큰 역할이라고 생각하는 사람들도 있습니다.\n\n 여러분은 결혼을 꼭 해야 한다고 생각하시나요? 아니면 결혼은 선택의 문제라고 생각하시나요? 비혼주의에 대해 찬성하는 입장 반대를 선택하여 자신의 의견을 작성해주세요. 그리고 그렇게 생각한 이유에 대해서 작성해주세요.",
    "essay_type": "찬성반대",
    "essay_level": "2",
    "essay_len": 795,
    "essay_main_subject": "비혼주의자에 대한 본인의 의견"
  }
}