{
  "paragraph": [
    {
      "paragraph_txt": "나는 전통적인 가치관에서 벗어나 연애와 동거는 하면서 결혼이라는 제도에 묶여 관계에서 파생되는 책임을 벗어나 자유로운 삶을 추구하는 비혼주의자들이 늘고있는데, 나는 이러한 비혼주의에 대해 반대한다.#@문장구분# 왜냐하면 가장 첫 번째로 우리나라는 현재 저출산,고령화 사회인데 비혼주의자들이 늘어날 경우 이 저출산 고령화 사회가 더 심각해지기 때문이다.#@문장구분# 일단 저출산이 심해질 경우 국가 경쟁력이 약화될 수 있으며 도시 집중화 현상이 강화될 수도 있고 사회적으로 다양한 어려움과 문제를 야기할 수 있다.#@문장구분# 그리고 또 고령화 사회가 더욱 더 심해질 경우에는 노동력이 부족할 수도 있고 개인의 세금 부담이 증가할 뿐만 아니라 사회적 부담이 증가한다는 문제점이 있다.#@문장구분# 이러한 문제점이 더욱 더 극심해질 경우 우리나라가 경제적으로 매우 약화 될 것이다.#@문장구분# 또한 두 번째로 비혼주의자들이 많아질 경우 많은 문화들이 사라지게 된다.#@문장구분# 예를들어 남녀가 정식적으로 부부 관계를 맺는다는 결혼을 축하하고 함께 기뻐하는 의식인 결혼식이 만약 비혼주의자들이 많아질 경우 결혼식을 하는 횟수가 줄어들 것이고 또한 더욱더 극심해질 경우 결혼식이란 문화가 아예 사라질 수도 있다.#@문장구분# 이러한 결과가 나타날 경우 사회에서 서로에 대해 무관심하게 되어 이기주의적 문제인 '노비즘 현상'까지 일어날 수도 있다.#@문장구분# 그 뿐만 아니라 인구가 매우 감소할 수도 있다.#@문장구분# 따라서 나는 이러한 이유들과 이로인해 발생하는 여러 문제점 때문에 비혼주의에 대해 반대한다.#@문장구분# 나는 비혼주의를 반대한다고 해서 이러한 비혼주의를 완전히 없애는 것이 아니라 조금은 우리 사회에서 함께 공존하는 것도 나쁘지 않다고 생각한다.#@문장구분#",
      "paragraph_len": 1025,
      "paragraph_id": "001"
    }
  ],
  "score": {
    "paragraph_score": [
      {
        "paragraph_scoreT": [
          3,
          3,
          3
        ],
        "paragraph_scoreT_detail": {
          "paragraph_scoreT_exp": [
            [
              3,
              3,
              3
            ],
            [
              3,
              3,
              3
            ],
            [
              3,
              3,
              3
            ]
          ]
        },
        "paragraph_scoreT_avg": 3,
        "paragraph_id": "001"
      }
    ],
    "essay_scoreT": [
      30,
      28.8,
      27.6
    ],
    "essay_scoreT_avg": 28.800001,
    "essay_scoreT_detail": {
      "essay_scoreT_org": [
        [
          3,
          0,
          3,
          3
        ],
        [
          3,
          0,
          3,
          3
        ],
        [
          3,
          0,
          3,
          3
        ]
      ],
      "essay_scoreT_cont": [
        [
          3,
          3,
          3,
          3
        ],
        [
          3,
          2,
          3,
          3
        ],
        [
          3,
          2,
          3,
          2
        ]
      ],
      "essay_scoreT_exp": [
        [
          3,
          3,
          3
        ],
        [
          3,
          3,
          3
        ],
        [
          3,
          3,
          3
        ]
      ]
    }
  },
  "student": {
    "date": "2021.10.24",
    "student_educated": true,
    "student_grade": "고등_1학년",
    "location": "063",
    "student_grade_group": "고등",
    "student_reading": 2
  },
  "rubric": {
    "essay_grade": "고등_1학년",
    "organization_weight": {
      "org_paragraph": 0,
      "org": 3,
      "org_essay": 6,
      "org_coherence": 3,
      "org_quantity": 1
    },
    "essay_type": "찬성반대",
    "content_weight": {
      "con_clearance": 3,
      "con_novelty": 3,
      "con": 4,
      "con_prompt": 1,
      "con_description": 3
    },
    "essay_main_subject": "비혼주의자에 대한 본인의 의견",
    "expression_weight": {
      "exp_style": 4,
      "exp_grammar": 2,
      "exp_vocab": 4,
      "exp": 3
    }
  },
  "correction": [],
  "info": {
    "essay_id": "ESSAY_43898",
    "essay_prompt": " \"\"연애는 필수, 결혼은 선택! 가슴이 뛰는 대로 가면 돼\"\".\n\n 유명한 유행가의 노래 가사처럼, 청년들에게 결혼은 이제 필수가 아닌 하나의 선택 사항입니다. 연애, 결혼, 출산을 포기한다는 의미의 '3포세대'라는 말이 나오기 무섭게 5포 세대, N포세대까지 등장할 정도로 취업난, 치솟는 부동산 가격 등 여러 사회·경제적 요인들로 청년층을 위축시켰습니다.\n\n 모두가 이러한 이유로 '결혼을 포기'하는 것만은 아닙니다. 개인의 행복을 위해 '비혼을 선택'하는 청년들도 늘고 있습니다. 이처럼 최근 전통적인 가치관에서 벗어나 연애와 동거는 하면서 결혼이라는 제도에 묶여 관계에서 파생되는 책임을 벗어나 자유로운 삶을 추구하는 비혼주의자가 늘고 있습니다.\n\n 다만, 개인의 자유로운 선택에 따라 비혼주의를 하지만 주변에서는 아직 고운 시선으로 바라보지 않는 사람도 많습니다. 결혼이라는 제도에 대해서 선택이 아닌 필수라고 생각하는 사람들도 많지요. 개개인이 모여 사회가 형성되기 때문에 사회의 가장 작은 단위인 가족을 이루는 것도 사회 구성원으로서의 큰 역할이라고 생각하는 사람들도 있습니다.\n\n 여러분은 결혼을 꼭 해야 한다고 생각하시나요? 아니면 결혼은 선택의 문제라고 생각하시나요? 비혼주의에 대해 찬성하는 입장 반대를 선택하여 자신의 의견을 작성해주세요. 그리고 그렇게 생각한 이유에 대해서 작성해주세요.",
    "essay_type": "찬성반대",
    "essay_level": "2",
    "essay_len": 806,
    "essay_main_subject": "비혼주의자에 대한 본인의 의견"
  }
}