{
  "paragraph": [
    {
      "paragraph_txt": "최근 많은 남녀 커플들이 결혼을 선택하는 것 보다 동거 형태의 삶을 선택하는 경향이 있다.#@문장구분# 실제로 통계청의 자료에 따르면 갈수록 결혼율은 떨어지고 있고, 떨어진 만큼 이혼율은 크게 늘었다.#@문장구분# 결혼의 현 실태는 말 그대로 처참하다.#@문장구분# 비록 결혼하는 사람을 줄었으나, 비혼 주의라는 새로운 연애 방법이 생기더니 더 줄어든 것 같다.#@문장구분# 이에 나에게 찬성이냐 반대냐 라고 물으면, 나는 비혼 주의에 찬성을 할 것이다.#@문장구분# 불가 몇 십년 전만 하더라도, 결혼을 하지 않으면 안 된다는 그런 사회적 분위기가 있었다.#@문장구분# 30대가 지나도록 만나는 사람이나 결혼 예정이 없는 사람들을 보면 걱정하거나 이상하게 바라보았다. #@문장구분#그렇기에 당시 원하지 않지만 이 사회적 분위기에 따라 선을 보고 결혼하는 사람들이 있었다. #@문장구분#하지만 시대가 변하고, 세대가 교체되며 결혼은 선택이라는 인식이 생겼다.#@문장구분#이는 정말 좋다고 생각한다. #@문장구분#단순히 사회적 분위기 때문에 남은 5,60년의 삶을 희생하며 살라는 말은 너무 잔인하기 때문이다. #@문장구분#그렇게 잘 흘러가는 줄 알았으나.. #@문장구분#이 분위기는 곧 결혼하면 손해라는 인식이 생기기 시작하였다.#@문장구분# 인터넷 밈(짤)에서는 \"결혼하지 마! 아무튼 하지마!\" 같은 것이 한때 유행하기도 하였다. #@문장구분#현 세대 사람들이 결혼을 기피하는 이유가 무엇일까?#@문장구분# 우선 사회적 영향이 있다고 생각된다.#@문장구분# 가뜩이나 여성의 사회적 진출이 늘어나며 결혼의 필요성을 느낄 때, 이혼하며 불행해지는 사람들이 많아지니 결혼에 부정적인 인식이 생긴 것 같다.#@문장구분# 두번째는 자유의 억압이다. #@문장구분#결혼도 하지 않은 내가 감히 이런 말을 할 수 있을까 싶지만..#@문장구분# 미디어 매체나 주위 경험담을 들어보면 평소에 자유롭게 하던 것들이 결혼을 하고 나면 서로 맞춰주어야 한다는 이유로 못하는 경우가 많다고 한다. #@문장구분#남성의 경우 보통 게임, 낚시, 골프 등이 있다고 하는데.. #@문장구분#시간이 뺏긴다는 이유도 있지만 아무래도 장비 값이 비싼 게 주된 이유인 것 같다.#@문장구분# 자유롭게 취미 생활을 못한다는 것도 결혼을 피하는 이유 중 하나라고 한다. #@문장구분#그렇기에 책임 없는 결혼인 동거를 선택하는 것 같다. #@문장구분#한국에서는 아직 이지만, 프랑스만 하더라도 팍스라는 형태의 동거 형태를 인정하고 많은 커플들이 이 형태의 연애를 하고 있다.#@문장구분# 이유가 어찌 되었든 간에 결혼은 일단 개인의 자유다.#@문장구분# 그렇기에 하든 말든 남이 관여할 것은 아니라고 생각된다.#@문장구분# 하지만 하나 걱정되는 점은 출산율인데...#@문장구분# 혼외 출산이 늘어나고 있다고는 하지만...#@문장구분# 너무 빨리 떨어지고 있다.#@문장구분# 동거로 시작하고 사이가 더 깊어지면 결혼도 하고 아이도 낳는 방향이 되었으면 좋겠다. #@문장구분#그렇다고 결혼과 출산을 강요하는 것은 결코 아니다!#@문장구분#",
      "paragraph_len": 1920,
      "paragraph_id": "001"
    }
  ],
  "score": {
    "paragraph_score": [
      {
        "paragraph_scoreT": [
          3,
          3,
          2
        ],
        "paragraph_scoreT_detail": {
          "paragraph_scoreT_exp": [
            [
              3,
              3,
              3
            ],
            [
              3,
              3,
              3
            ],
            [
              2,
              2,
              2
            ]
          ]
        },
        "paragraph_scoreT_avg": 2.6666667,
        "paragraph_id": "001"
      }
    ],
    "essay_scoreT": [
      26,
      28.8,
      18.4
    ],
    "essay_scoreT_avg": 24.4,
    "essay_scoreT_detail": {
      "essay_scoreT_org": [
        [
          3,
          0,
          3,
          3
        ],
        [
          3,
          0,
          3,
          3
        ],
        [
          2,
          0,
          2,
          2
        ]
      ],
      "essay_scoreT_cont": [
        [
          2,
          3,
          2,
          2
        ],
        [
          3,
          3,
          3,
          3
        ],
        [
          2,
          1,
          1,
          2
        ]
      ],
      "essay_scoreT_exp": [
        [
          3,
          3,
          2
        ],
        [
          3,
          3,
          2
        ],
        [
          2,
          2,
          2
        ]
      ]
    }
  },
  "student": {
    "date": "2021.09.03",
    "student_educated": true,
    "student_grade": "고등_1학년",
    "location": "051",
    "student_grade_group": "고등",
    "student_reading": 1
  },
  "rubric": {
    "essay_grade": "고등_1학년",
    "organization_weight": {
      "org_paragraph": 0,
      "org": 3,
      "org_essay": 6,
      "org_coherence": 3,
      "org_quantity": 1
    },
    "essay_type": "찬성반대",
    "content_weight": {
      "con_clearance": 3,
      "con_novelty": 3,
      "con": 4,
      "con_prompt": 1,
      "con_description": 3
    },
    "essay_main_subject": "비혼주의자에 대한 본인의 의견",
    "expression_weight": {
      "exp_style": 4,
      "exp_grammar": 2,
      "exp_vocab": 4,
      "exp": 3
    }
  },
  "correction": [],
  "info": {
    "essay_id": "ESSAY_34489",
    "essay_prompt": " \"\"연애는 필수, 결혼은 선택! 가슴이 뛰는 대로 가면 돼\"\".\n\n 유명한 유행가의 노래 가사처럼, 청년들에게 결혼은 이제 필수가 아닌 하나의 선택 사항입니다. 연애, 결혼, 출산을 포기한다는 의미의 '3포세대'라는 말이 나오기 무섭게 5포 세대, N포세대까지 등장할 정도로 취업난, 치솟는 부동산 가격 등 여러 사회·경제적 요인들로 청년층을 위축시켰습니다.\n\n 모두가 이러한 이유로 '결혼을 포기'하는 것만은 아닙니다. 개인의 행복을 위해 '비혼을 선택'하는 청년들도 늘고 있습니다. 이처럼 최근 전통적인 가치관에서 벗어나 연애와 동거는 하면서 결혼이라는 제도에 묶여 관계에서 파생되는 책임을 벗어나 자유로운 삶을 추구하는 비혼주의자가 늘고 있습니다.\n\n 다만, 개인의 자유로운 선택에 따라 비혼주의를 하지만 주변에서는 아직 고운 시선으로 바라보지 않는 사람도 많습니다. 결혼이라는 제도에 대해서 선택이 아닌 필수라고 생각하는 사람들도 많지요. 개개인이 모여 사회가 형성되기 때문에 사회의 가장 작은 단위인 가족을 이루는 것도 사회 구성원으로서의 큰 역할이라고 생각하는 사람들도 있습니다.\n\n 여러분은 결혼을 꼭 해야 한다고 생각하시나요? 아니면 결혼은 선택의 문제라고 생각하시나요? 비혼주의에 대해 찬성하는 입장 반대를 선택하여 자신의 의견을 작성해주세요. 그리고 그렇게 생각한 이유에 대해서 작성해주세요.",
    "essay_type": "찬성반대",
    "essay_level": "2",
    "essay_len": 1281,
    "essay_main_subject": "비혼주의자에 대한 본인의 의견"
  }
}