{
  "paragraph": [
    {
      "paragraph_txt": "최근 결혼이라는 관계에서 벗어나 혼자를 택하는 비혼주의자가 늘고 있다.#@문장구분# 단순히 비혼주의자는 결혼에 대한 반대 입장만을 피력하는게 아니라 결혼은 필수가 아닌 선택이며 이는 자신이 선택할 권리가 있다는 입장이기 때문에 나는 일단 찬성이다.#@문장구분# 이들의 비혼주의자적 입장에서 보자면 결혼 전과 후의 수지타산을 생각안해  볼수 없다.#@문장구분# 결혼 직후 결혼의 기쁨과 외로움을 달래 줄 동반자의 존재만으로 결혼은 큰 강점을 갖는다.#@문장구분# 하지만 결혼을 안한다면 결혼에서 발생하는 비용과 후에 아이를 출산한다면 아이의 교육비까지 아낄 수 있다.#@문장구분# 경제적 안정이 된상태라면 동반자의 존재는 플러스 요소가 되겠지만 그렇지 못한 상태라면  경제적으로 발생하는 마이너스 요소는 훨씬 크다는 것이다.#@문장구분# 따라서 자기 혼자 먹고살기도 바쁘기 때문에 피해 주지않고 혼자 살겠다는 것이다. #@문장구분#못한다는 의견의 비혼주의자는 이렇게 대부분 자신의 능력부족에 의한 경제적 이유가 대부분을 차지한다.#@문장구분# 결혼자체가 싫어 안한다는 입장의 비혼주의자들도 존재한다.#@문장구분# 이들은 대부분 남녀갈등에서 발생한 사람들이다.#@문장구분# 남녀교제의 단점이 부각된 어떤 경험에서 이성에 대한 고정관념이 갖춰지게 되었으며 이것이 비혼주의자들로 이끌은 것이다.#@문장구분# 최근 설거지론이라는 단어가 널리 퍼지게되었다.#@문장구분# 설거지 하듯이 문란한 과거를 청산하고 좋은 이성을 만나 결혼한다는 뜻을 가진 것이 \"설거지론\"인데 이런 비 일반적인 상황에 대한 무분별한 일반화가 상대 이성에 대한 고정관념을 싣는것에 주요 이유이며 이런것들이 비혼주의자를 생성하게 되는 것 같다.#@문장구분# 결혼을 정상적으로 여기고 아닌 이들을 비정상적으로 여기는 사회에서 이런 악습을 없애야 한다는 의견의 비혼주의자는 충분히 존재 할 수 있다.#@문장구분# 하지만 이들을 제외한 경제적이나 최근 고조된 남녀갈등 문제로 인한 \"현대의 비혼주의자\"들은 무책임한 쾌락이나 결혼만을 추구하는게 아닌 책임을 느껴 잠시 결혼에서의 도피를 하고 선택을 미루는 보류의 입장이기 때문에 이들의 입장에서 나는 찬성의 의견을 내겠다.#@문장구분#",
      "paragraph_len": 1280,
      "paragraph_id": "001"
    }
  ],
  "score": {
    "paragraph_score": [
      {
        "paragraph_scoreT": [
          2.8,
          3,
          3
        ],
        "paragraph_scoreT_detail": {
          "paragraph_scoreT_exp": [
            [
              2,
              3,
              3
            ],
            [
              3,
              3,
              3
            ],
            [
              3,
              3,
              3
            ]
          ]
        },
        "paragraph_scoreT_avg": 2.9333334,
        "paragraph_id": "001"
      }
    ],
    "essay_scoreT": [
      25.2,
      30,
      30
    ],
    "essay_scoreT_avg": 28.4,
    "essay_scoreT_detail": {
      "essay_scoreT_org": [
        [
          2,
          0,
          3,
          3
        ],
        [
          3,
          0,
          3,
          3
        ],
        [
          3,
          0,
          3,
          3
        ]
      ],
      "essay_scoreT_cont": [
        [
          2,
          2,
          3,
          3
        ],
        [
          3,
          3,
          3,
          3
        ],
        [
          3,
          3,
          3,
          3
        ]
      ],
      "essay_scoreT_exp": [
        [
          2,
          3,
          3
        ],
        [
          3,
          3,
          3
        ],
        [
          3,
          3,
          3
        ]
      ]
    }
  },
  "student": {
    "date": "2021.10.21",
    "student_educated": true,
    "student_grade": "고등_1학년",
    "location": "063",
    "student_grade_group": "고등",
    "student_reading": 2
  },
  "rubric": {
    "essay_grade": "고등_1학년",
    "organization_weight": {
      "org_paragraph": 0,
      "org": 3,
      "org_essay": 6,
      "org_coherence": 3,
      "org_quantity": 1
    },
    "essay_type": "찬성반대",
    "content_weight": {
      "con_clearance": 3,
      "con_novelty": 3,
      "con": 4,
      "con_prompt": 1,
      "con_description": 3
    },
    "essay_main_subject": "비혼주의자에 대한 본인의 의견",
    "expression_weight": {
      "exp_style": 4,
      "exp_grammar": 2,
      "exp_vocab": 4,
      "exp": 3
    }
  },
  "correction": [],
  "info": {
    "essay_id": "ESSAY_44865",
    "essay_prompt": " \"\"연애는 필수, 결혼은 선택! 가슴이 뛰는 대로 가면 돼\"\".\n\n 유명한 유행가의 노래 가사처럼, 청년들에게 결혼은 이제 필수가 아닌 하나의 선택 사항입니다. 연애, 결혼, 출산을 포기한다는 의미의 '3포세대'라는 말이 나오기 무섭게 5포 세대, N포세대까지 등장할 정도로 취업난, 치솟는 부동산 가격 등 여러 사회·경제적 요인들로 청년층을 위축시켰습니다.\n\n 모두가 이러한 이유로 '결혼을 포기'하는 것만은 아닙니다. 개인의 행복을 위해 '비혼을 선택'하는 청년들도 늘고 있습니다. 이처럼 최근 전통적인 가치관에서 벗어나 연애와 동거는 하면서 결혼이라는 제도에 묶여 관계에서 파생되는 책임을 벗어나 자유로운 삶을 추구하는 비혼주의자가 늘고 있습니다.\n\n 다만, 개인의 자유로운 선택에 따라 비혼주의를 하지만 주변에서는 아직 고운 시선으로 바라보지 않는 사람도 많습니다. 결혼이라는 제도에 대해서 선택이 아닌 필수라고 생각하는 사람들도 많지요. 개개인이 모여 사회가 형성되기 때문에 사회의 가장 작은 단위인 가족을 이루는 것도 사회 구성원으로서의 큰 역할이라고 생각하는 사람들도 있습니다.\n\n 여러분은 결혼을 꼭 해야 한다고 생각하시나요? 아니면 결혼은 선택의 문제라고 생각하시나요? 비혼주의에 대해 찬성하는 입장 반대를 선택하여 자신의 의견을 작성해주세요. 그리고 그렇게 생각한 이유에 대해서 작성해주세요.",
    "essay_type": "찬성반대",
    "essay_level": "2",
    "essay_len": 980,
    "essay_main_subject": "비혼주의자에 대한 본인의 의견"
  }
}