{
  "paragraph": [
    {
      "paragraph_txt": "나는 결혼은 선택이지 필수가 아니라고 생각한다.#@문장구분# 하지만 우리할머니 시대에는 결혼을 안하면 어디에 문제가 있거나 못생겼거나 능력이 없어서라고 생각하시는 것같다.#@문장구분# 그래서 나이가 있는 주변인들을 말씀하실때는 시집 못갔어~ 장가못갔어~ 이런 표현을 쓰시는 것같다.#@문장구분# 그리고 사람으로 태어났으면 남들하는대로 하고 살아야한다며 결혼도 해보고 아이도 꼭 낳아야 사람이라고도 하신다.#@문장구분# 그 고정관념이 엄마를 결혼하게 만들고 주부라는 삶을 살아가고,엄마라는 이름으로 살아가게 만드는 것 같지만 엄마 친구분들 보면 결혼전에는 직장을 다니다가 결혼후 주부라는 직업으로 사시는 분이 많다.#@문장구분# 엄마시대도 할머니 시대와 별반 다르지 않게 사는 것같다.#@문장구분# 옛날부터 남자는 하늘,여자는 땅이라고 여자를 낮추고 남자를 높여 여자의 희생만을 요구하는 가정이 많았다.#@문장구분# 실제로 엄마는 남편과 자식들을 위해 희생하며 사셨다.#@문장구분# 여자와 접시는 돌리면 깨진다며 집안에서 살림하며 사는 것만을 요구했다.#@문장구분# 그래서 살림만하며 사는 것을 행복으로 알았다.#@문장구분# 주부의 스트레스,우울증 등이 배부른 자들에게 생기는 병으로 취급당했다.#@문장구분# 엄마들 시대부터 생각이 바뀌기 시작한걸까?#@문장구분# 엄마는 여자도 좋아하는 일하며 살아야 한다고,살림을 남편과 아내가 공평히 나눠해야한다고 하신다.#@문장구분# TV를 봐도 여성정치가,여성전문가들이 많다.#@문장구분# 이제는 배운만큼 본인이 좋아하는 일을 할 수있다.#@문장구분# 그런데 주변에 직장생활하는 이모들을 봐도 직장이 끝나면 부랴부랴 집으로 퇴근해서 자녀들챙기고 살림하느라 정신이 없다.#@문장구분# 남자들은 회식이며 모임이며 하고싶은대로 하는데 여자들은 집을 챙겨야한다.#@문장구분# 아직까지도 여자들의 희생은 누가 시켜서가 아니라 엄마라는 타이틀이 희생시키는 것같다.#@문장구분# 힘들어 보인다.#@문장구분# 그래서 나는 비혼을 찬성한다.#@문장구분#",
      "paragraph_len": 1254,
      "paragraph_id": "001"
    }
  ],
  "score": {
    "paragraph_score": [
      {
        "paragraph_scoreT": [
          2.8,
          2,
          2.4
        ],
        "paragraph_scoreT_detail": {
          "paragraph_scoreT_exp": [
            [
              2,
              3,
              3
            ],
            [
              2,
              2,
              2
            ],
            [
              2,
              2,
              3
            ]
          ]
        },
        "paragraph_scoreT_avg": 2.4,
        "paragraph_id": "001"
      }
    ],
    "essay_scoreT": [
      29.4,
      24,
      27
    ],
    "essay_scoreT_avg": 26.800001,
    "essay_scoreT_detail": {
      "essay_scoreT_org": [
        [
          3,
          0,
          3,
          3
        ],
        [
          2,
          0,
          3,
          3
        ],
        [
          3,
          0,
          3,
          3
        ]
      ],
      "essay_scoreT_cont": [
        [
          3,
          3,
          3,
          3
        ],
        [
          2,
          3,
          3,
          3
        ],
        [
          2,
          3,
          3,
          3
        ]
      ],
      "essay_scoreT_exp": [
        [
          2,
          3,
          3
        ],
        [
          2,
          2,
          2
        ],
        [
          2,
          2,
          3
        ]
      ]
    }
  },
  "student": {
    "date": "2021.12.15",
    "student_educated": true,
    "student_grade": "고등_1학년",
    "location": "044",
    "student_grade_group": "고등",
    "student_reading": 2
  },
  "rubric": {
    "essay_grade": "고등_1학년",
    "organization_weight": {
      "org_paragraph": 0,
      "org": 3,
      "org_essay": 6,
      "org_coherence": 3,
      "org_quantity": 1
    },
    "essay_type": "찬성반대",
    "content_weight": {
      "con_clearance": 3,
      "con_novelty": 3,
      "con": 4,
      "con_prompt": 1,
      "con_description": 3
    },
    "essay_main_subject": "비혼주의자에 대한 본인의 의견",
    "expression_weight": {
      "exp_style": 4,
      "exp_grammar": 2,
      "exp_vocab": 4,
      "exp": 3
    }
  },
  "correction": [],
  "info": {
    "essay_id": "ESSAY_66197",
    "essay_prompt": " \"\"연애는 필수, 결혼은 선택! 가슴이 뛰는 대로 가면 돼\"\".\n\n 유명한 유행가의 노래 가사처럼, 청년들에게 결혼은 이제 필수가 아닌 하나의 선택 사항입니다. 연애, 결혼, 출산을 포기한다는 의미의 '3포세대'라는 말이 나오기 무섭게 5포 세대, N포세대까지 등장할 정도로 취업난, 치솟는 부동산 가격 등 여러 사회·경제적 요인들로 청년층을 위축시켰습니다.\n\n 모두가 이러한 이유로 '결혼을 포기'하는 것만은 아닙니다. 개인의 행복을 위해 '비혼을 선택'하는 청년들도 늘고 있습니다. 이처럼 최근 전통적인 가치관에서 벗어나 연애와 동거는 하면서 결혼이라는 제도에 묶여 관계에서 파생되는 책임을 벗어나 자유로운 삶을 추구하는 비혼주의자가 늘고 있습니다.\n\n 다만, 개인의 자유로운 선택에 따라 비혼주의를 하지만 주변에서는 아직 고운 시선으로 바라보지 않는 사람도 많습니다. 결혼이라는 제도에 대해서 선택이 아닌 필수라고 생각하는 사람들도 많지요. 개개인이 모여 사회가 형성되기 때문에 사회의 가장 작은 단위인 가족을 이루는 것도 사회 구성원으로서의 큰 역할이라고 생각하는 사람들도 있습니다.\n\n 여러분은 결혼을 꼭 해야 한다고 생각하시나요? 아니면 결혼은 선택의 문제라고 생각하시나요? 비혼주의에 대해 찬성하는 입장 반대를 선택하여 자신의 의견을 작성해주세요. 그리고 그렇게 생각한 이유에 대해서 작성해주세요.",
    "essay_type": "찬성반대",
    "essay_level": "2",
    "essay_len": 855,
    "essay_main_subject": "비혼주의자에 대한 본인의 의견"
  }
}