{
  "paragraph": [
    {
      "paragraph_txt": "저는 비혼주의에 대해 적극적으로 찬성하는 편입니다.#@문장구분#아직 고등학생이라 아직 결혼과는 거리가 먼 나이이지만 결혼이라는 제도에 대해서 평소 생각이 많은 편입니다.#@문장구분# 남녀가 평균 서른살에 만나 결혼을 한다면 . 의견의 차이도 있을 것이고 식성의 차이도 있을 것이며 경제적 가치관도 다르며 2세 계획도 다를 것입니다.#@문장구분# 이러한 차이를 맞춰가는게 사랑이라고들 하고 안 맞더라도 이혼이 흠은 아니지만 굳이 경험해야할 필요는 없다고 생각합니다.#@문장구분# 아무리 그 사람을 잘 안다고 생각해도 같이 사는것과는 많이 다를거라고 생각합니다. #@문장구분#그리고 결혼하는데 돈이 많이 들어가는데 일생에 한 번 있을까 말까한 행사를 대충할바엔 안 하는게 낫고 그렇다고 화려하게 하자니 그 돈을 모으는 것도 어린 나이에 부담이라고 생각이듭니다.#@문장구분# 그래서 저는 결혼생활보다는 동거생활을 충분히 해보고 해도 늦지 않다고 생각하고 서로 믿음이 있다면 동거만 하며 지내도 괜찮다는 입장입니다.#@문장구분# 연애기간 동안 한 번도 싸운적 없던 커플이 결혼 후 안 맞는 점이 하나씩 보이기 시작했고 배려에 한계가 생기자 결국 이혼을 결심하게 된 것이죠. #@문장구분# 결혼생활은 로망으로 이뤄갈 수 있는게 아닌 것 같습니다. #@문장구분#그렇기에 신중하고 또 신중해야 할 문제라고 생각하는데 비혼주의를 비난하는 사람들은 결혼을 마냥 로망으로 바라보시는게 아닐까 싶습니다.#@문장구분# 결혼을 해보고 비혼주의가 된 걸수도 있으며 경제적인 여유가 없어 결혼을 하고싶지만 배우자가 될 사람이나 나중에 태어날 아이를 생각해 결혼을 하지 않겠다 다짐할 수도 있습니다.#@문장구분# 비혼주의 법으로 정해야 하는게 아니니 그때생각이 변할수도 있지 않을까 싶습니다.#@문장구분#",
      "paragraph_len": 1038,
      "paragraph_id": "001"
    }
  ],
  "score": {
    "paragraph_score": [
      {
        "paragraph_scoreT": [
          3,
          3,
          3
        ],
        "paragraph_scoreT_detail": {
          "paragraph_scoreT_exp": [
            [
              3,
              3,
              3
            ],
            [
              3,
              3,
              3
            ],
            [
              3,
              3,
              3
            ]
          ]
        },
        "paragraph_scoreT_avg": 3,
        "paragraph_id": "001"
      }
    ],
    "essay_scoreT": [
      30,
      25.099998,
      25.800001
    ],
    "essay_scoreT_avg": 26.966667,
    "essay_scoreT_detail": {
      "essay_scoreT_org": [
        [
          3,
          0,
          3,
          3
        ],
        [
          2,
          0,
          3,
          2
        ],
        [
          2,
          0,
          3,
          3
        ]
      ],
      "essay_scoreT_cont": [
        [
          3,
          3,
          3,
          3
        ],
        [
          3,
          2,
          2,
          2
        ],
        [
          2,
          3,
          3,
          2
        ]
      ],
      "essay_scoreT_exp": [
        [
          3,
          3,
          3
        ],
        [
          3,
          3,
          3
        ],
        [
          3,
          3,
          3
        ]
      ]
    }
  },
  "student": {
    "date": "2021.12.20",
    "student_educated": true,
    "student_grade": "고등_1학년",
    "location": "044",
    "student_grade_group": "고등",
    "student_reading": 2
  },
  "rubric": {
    "essay_grade": "고등_1학년",
    "organization_weight": {
      "org_paragraph": 0,
      "org": 3,
      "org_essay": 6,
      "org_coherence": 3,
      "org_quantity": 1
    },
    "essay_type": "찬성반대",
    "content_weight": {
      "con_clearance": 3,
      "con_novelty": 3,
      "con": 4,
      "con_prompt": 1,
      "con_description": 3
    },
    "essay_main_subject": "비혼주의자에 대한 본인의 의견",
    "expression_weight": {
      "exp_style": 4,
      "exp_grammar": 2,
      "exp_vocab": 4,
      "exp": 3
    }
  },
  "correction": [],
  "info": {
    "essay_id": "ESSAY_71302",
    "essay_prompt": " \"\"연애는 필수, 결혼은 선택! 가슴이 뛰는 대로 가면 돼\"\".\n\n 유명한 유행가의 노래 가사처럼, 청년들에게 결혼은 이제 필수가 아닌 하나의 선택 사항입니다. 연애, 결혼, 출산을 포기한다는 의미의 '3포세대'라는 말이 나오기 무섭게 5포 세대, N포세대까지 등장할 정도로 취업난, 치솟는 부동산 가격 등 여러 사회·경제적 요인들로 청년층을 위축시켰습니다.\n\n 모두가 이러한 이유로 '결혼을 포기'하는 것만은 아닙니다. 개인의 행복을 위해 '비혼을 선택'하는 청년들도 늘고 있습니다. 이처럼 최근 전통적인 가치관에서 벗어나 연애와 동거는 하면서 결혼이라는 제도에 묶여 관계에서 파생되는 책임을 벗어나 자유로운 삶을 추구하는 비혼주의자가 늘고 있습니다.\n\n 다만, 개인의 자유로운 선택에 따라 비혼주의를 하지만 주변에서는 아직 고운 시선으로 바라보지 않는 사람도 많습니다. 결혼이라는 제도에 대해서 선택이 아닌 필수라고 생각하는 사람들도 많지요. 개개인이 모여 사회가 형성되기 때문에 사회의 가장 작은 단위인 가족을 이루는 것도 사회 구성원으로서의 큰 역할이라고 생각하는 사람들도 있습니다.\n\n 여러분은 결혼을 꼭 해야 한다고 생각하시나요? 아니면 결혼은 선택의 문제라고 생각하시나요? 비혼주의에 대해 찬성하는 입장 반대를 선택하여 자신의 의견을 작성해주세요. 그리고 그렇게 생각한 이유에 대해서 작성해주세요.",
    "essay_type": "찬성반대",
    "essay_level": "2",
    "essay_len": 799,
    "essay_main_subject": "비혼주의자에 대한 본인의 의견"
  }
}