{
  "paragraph": [
    {
      "paragraph_txt": "나는 비혼주의에 찬성한다,#@문장구분# 현재 우리 사회에서 비혼주의가 많아진 이유로는 비정규직, 글로벌 경제 위기가 겹치면서, 특히 남자들은 취업난과 함께 주택 마련이라는 힘든 생활고 겪고 있는거같다.#@문장구분# 한편으로 가부장적 가치관 하에서 남성은 경제적 부양을 강요받기 싫어 비혼을 택하는 사람도 많아진거 같다는 생각도 든다.#@문장구분# 매달 수백만원 이상의 월급을 벌어 오면서도 정작 이 급여의 대부분을 배우자에게 모두 가져다 바치 다시피 하고 자신이 벌어온 것의  푼돈을 용돈으로 받아 쓰는 생활에 대해 거부감을 가지는 경우 역시 포함된다.#@문장구분# 당장 기혼 남성이 온갖 기상천외한 방법으로 비상금을 숨겨두고, 이것이 발각돼서 아내에게 폭풍 같은 잔소리를 듣는 장면은 이미 만화나 드라마 같은 각종 매체에서 흔히 볼 수 있다.#@문장구분# 자리 잡았으며,실제로도 이런 경우가 결코 적지 않다.#@문장구분# 심하면 비상금과 같은 경제적 부담에 대한 문제 때문에 불화가 생겨서 이혼까지 가는 경우도 있을 정도.#@문장구분# 이것 역시 가족을 부양하느라 자신이 벌어온 돈의 대부분을 자기 자신을 위해 쓰지 못하기 때문에 벌어지는 일.#@문장구분# 심지어 이유를 막론하고 실직하면 곧바로 재취업하지 않는 이상 바로 가정 해체 단계로 들어가는 일도 비일비재하며, 이 경우 남성 입장에서는 처음부터 결혼을 안한 독신주의자들과 달리 가족 부양에 힘써왔는데 결국 이 꼴이 났다는 자괴감에 빠져버릴 가능성이 높다.#@문장구분#이렇듯 혼자서도 충분히 불편함이나 부족함 없이 생활할 수 있는 환경이 갖춰져 있는데, 감정 소모를 하면서까지 타인과 연애,결혼을 해야 할 필요성을 느끼지 못하는 사람들이 많아진거 같다.#@문장구분# 평생을 함께 하고픈 사람이 생기면 또 결혼을 할수도 있겠지만 꼭 필요성은 못 느끼는거 같다.#@문장구분#",
      "paragraph_len": 1055,
      "paragraph_id": "001"
    }
  ],
  "score": {
    "paragraph_score": [
      {
        "paragraph_scoreT": [
          3,
          3,
          2.8
        ],
        "paragraph_scoreT_detail": {
          "paragraph_scoreT_exp": [
            [
              3,
              3,
              3
            ],
            [
              3,
              3,
              3
            ],
            [
              2,
              3,
              3
            ]
          ]
        },
        "paragraph_scoreT_avg": 2.9333334,
        "paragraph_id": "001"
      }
    ],
    "essay_scoreT": [
      30,
      27,
      25.7
    ],
    "essay_scoreT_avg": 27.566666,
    "essay_scoreT_detail": {
      "essay_scoreT_org": [
        [
          3,
          0,
          3,
          3
        ],
        [
          2,
          0,
          3,
          3
        ],
        [
          3,
          0,
          2,
          3
        ]
      ],
      "essay_scoreT_cont": [
        [
          3,
          3,
          3,
          3
        ],
        [
          3,
          2,
          3,
          3
        ],
        [
          2,
          3,
          2,
          2
        ]
      ],
      "essay_scoreT_exp": [
        [
          3,
          3,
          3
        ],
        [
          3,
          3,
          3
        ],
        [
          2,
          3,
          3
        ]
      ]
    }
  },
  "student": {
    "date": "2021.12.21",
    "student_educated": true,
    "student_grade": "고등_1학년",
    "location": "031",
    "student_grade_group": "고등",
    "student_reading": 2
  },
  "rubric": {
    "essay_grade": "고등_1학년",
    "organization_weight": {
      "org_paragraph": 0,
      "org": 3,
      "org_essay": 6,
      "org_coherence": 3,
      "org_quantity": 1
    },
    "essay_type": "찬성반대",
    "content_weight": {
      "con_clearance": 3,
      "con_novelty": 3,
      "con": 4,
      "con_prompt": 1,
      "con_description": 3
    },
    "essay_main_subject": "비혼주의자에 대한 본인의 의견",
    "expression_weight": {
      "exp_style": 4,
      "exp_grammar": 2,
      "exp_vocab": 4,
      "exp": 3
    }
  },
  "correction": [],
  "info": {
    "essay_id": "ESSAY_71330",
    "essay_prompt": " \"\"연애는 필수, 결혼은 선택! 가슴이 뛰는 대로 가면 돼\"\".\n\n 유명한 유행가의 노래 가사처럼, 청년들에게 결혼은 이제 필수가 아닌 하나의 선택 사항입니다. 연애, 결혼, 출산을 포기한다는 의미의 '3포세대'라는 말이 나오기 무섭게 5포 세대, N포세대까지 등장할 정도로 취업난, 치솟는 부동산 가격 등 여러 사회·경제적 요인들로 청년층을 위축시켰습니다.\n\n 모두가 이러한 이유로 '결혼을 포기'하는 것만은 아닙니다. 개인의 행복을 위해 '비혼을 선택'하는 청년들도 늘고 있습니다. 이처럼 최근 전통적인 가치관에서 벗어나 연애와 동거는 하면서 결혼이라는 제도에 묶여 관계에서 파생되는 책임을 벗어나 자유로운 삶을 추구하는 비혼주의자가 늘고 있습니다.\n\n 다만, 개인의 자유로운 선택에 따라 비혼주의를 하지만 주변에서는 아직 고운 시선으로 바라보지 않는 사람도 많습니다. 결혼이라는 제도에 대해서 선택이 아닌 필수라고 생각하는 사람들도 많지요. 개개인이 모여 사회가 형성되기 때문에 사회의 가장 작은 단위인 가족을 이루는 것도 사회 구성원으로서의 큰 역할이라고 생각하는 사람들도 있습니다.\n\n 여러분은 결혼을 꼭 해야 한다고 생각하시나요? 아니면 결혼은 선택의 문제라고 생각하시나요? 비혼주의에 대해 찬성하는 입장 반대를 선택하여 자신의 의견을 작성해주세요. 그리고 그렇게 생각한 이유에 대해서 작성해주세요.",
    "essay_type": "찬성반대",
    "essay_level": "2",
    "essay_len": 835,
    "essay_main_subject": "비혼주의자에 대한 본인의 의견"
  }
}