{
  "paragraph": [
    {
      "paragraph_txt": "인터넷 실명제를 도입할 경우 사생활이 노출 된다 .#@문장구분#  하지만 인터넷상도 현실세계와 마찬가지로 행동하면 된다.#@문장구분#  현재 상황에서 인터넷 익명성을 활용하여 여러 가지 범죄 등을 저지르고 피해자들이 무수히 생겨나고 있는 것을 보면 현재의 인터넷 실명제는 우리가 바라던 모습이 아니라고 생각하기 때문에 더 이상 이 제도를 이어나가야할 이유는 없다고 생각한다.#@문장구분# 인터넷상도 현실세계와 마찬가지로 행동하면 된다.#@문장구분#   인터넷 실명제를 도입할 경우 인터넷 속에서 여러 가지 악행을 저지르는 사람들을 쉽게 잡을수 있기도 하며 악행을 저지르는 사람이 많이 줄어들 것으로 예상된다.#@문장구분#  많은 사람들이 악플 로 인하여 좋지 않은 선택을 하거나 우울증 등 흔히 볼 수 있는 상황이 되었다.#@문장구분#  하지만 인터넷 실명제를 도입할 경우 이러한 상황이 줄어들 뿐더러 그 사람을 잡기 위한 노력과 시간 또한 줄어들 것으로 예상된다.#@문장구분#  물론 여러 단점들도 있다.#@문장구분#  인터넷이란 공간이 본래의 우리가 원하던 모습이 아니게 되어버리기도 하면서 인터넷 실명제를 도입하면 인터넷이란 공간을 활용하는 사람 또한 줄어들 것으로 예상된다.#@문장구분# 이런 식의 인터넷 공간이라면 역효과를 불러들이기 때문에 사라지는것이 맞다고 생각한다.#@문장구분#  인터넷 실명제가 실시된다면 분명 자기가 아닌 다른 사람의 본인인증을 통하여 자기가 아닌 다른 사람의 계정을 악용하는 사례도 분명히 생길 것이다.#@문장구분#  그러기에 관리자는 본인이 아닌 사람은 사용할 수 없도록 철저한 보안유지를 지켜야 하며 보안유지가 지켜지지 않을 경우 관리자 또한 어느 정도의 책임을 물어야할 것이다.#@문장구분#  자기 인증이 아닌 다른 사람의 인증을 할 경우 그 에대한 법적인 책임을 져야한다고 생각한다.#@문장구분#그래서 난 인터넷 실명제를 도입을 해야된다고 생각한다.#@문장구분# 앞으로는 인터넷 실명제 도입과 함께 성숙한 인터넷 문화가 자리잡았으면 좋겠다.",
      "paragraph_len": 1235,
      "paragraph_id": "001"
    }
  ],
  "score": {
    "paragraph_score": [
      {
        "paragraph_scoreT": [
          2.6,
          3,
          3
        ],
        "paragraph_scoreT_detail": {
          "paragraph_scoreT_exp": [
            [
              3,
              3,
              2
            ],
            [
              3,
              3,
              3
            ],
            [
              3,
              3,
              3
            ]
          ]
        },
        "paragraph_scoreT_avg": 2.8666668,
        "paragraph_id": "001"
      }
    ],
    "essay_scoreT": [
      28.8,
      28.8,
      25.800001
    ],
    "essay_scoreT_avg": 27.800001,
    "essay_scoreT_detail": {
      "essay_scoreT_org": [
        [
          3,
          3,
          3,
          3
        ],
        [
          3,
          3,
          3,
          3
        ],
        [
          2,
          2,
          3,
          3
        ]
      ],
      "essay_scoreT_cont": [
        [
          3,
          3,
          3,
          3
        ],
        [
          3,
          2,
          3,
          3
        ],
        [
          3,
          2,
          3,
          2
        ]
      ],
      "essay_scoreT_exp": [
        [
          3,
          3,
          2
        ],
        [
          3,
          3,
          3
        ],
        [
          3,
          3,
          3
        ]
      ]
    }
  },
  "student": {
    "date": "2021.12.24",
    "student_educated": true,
    "student_grade": "고등_2학년",
    "location": "063",
    "student_grade_group": "고등",
    "student_reading": 1
  },
  "rubric": {
    "essay_grade": "고등_2학년",
    "organization_weight": {
      "org_paragraph": 3,
      "org": 3,
      "org_essay": 3,
      "org_coherence": 3,
      "org_quantity": 1
    },
    "essay_type": "찬성반대",
    "content_weight": {
      "con_clearance": 3,
      "con_novelty": 3,
      "con": 4,
      "con_prompt": 1,
      "con_description": 3
    },
    "essay_main_subject": "익명성에 대한 본인의 의견",
    "expression_weight": {
      "exp_style": 4,
      "exp_grammar": 2,
      "exp_vocab": 4,
      "exp": 3
    }
  },
  "correction": [],
  "info": {
    "essay_id": "ESSAY_77270",
    "essay_prompt": " 보편적으로 인터넷에서 사용자는 자기의 본이름을 제외한 ID나 별명을 사용합니다. 즉, 익명을 사용하여 인터넷에서 활동하게 됩니다.\n\n 하지만, 인터넷에서는 이러한 점을 악용하는 사례가 무수히 생겨나고 있습니다. 사이버 세상에서 자신이 외부에 노출되어 있지 않다는 것을 이용해 자신과 다른 의견에 대해 욕설, 인신공격 등을 가하는 것이지요. 이에 대해 인터넷상에서의 규제는 사실상 불가능한 부분이 많습니다.\n\n 그 때문에 최근 인터넷 사이트에 회원가입을 할 때 본인 확인 절차를 거치지 않았으면 글 등을 올릴 때 본인 확인을 할 수 있도록 제한적 인터넷 실명제가 도입되고 있습니다.\n\n 하지만 인터넷의 가장 기본적인 속성인 익명성이 무시될 경우, 인터넷은 무한한 가능성의 공간이 아닌 제한적인 도구로 전락할 수도 있습니다.\n\n 제한적 인터넷 실명제는 필요한지 찬성과 반대를 선택하여 자신의 견해를 작성해주세요.",
    "essay_type": "찬성반대",
    "essay_level": "2",
    "essay_len": 900,
    "essay_main_subject": "익명성에 대한 본인의 의견"
  }
}