{
  "paragraph": [
    {
      "paragraph_txt": "나는 비혼주의에 찬성하는 쪽이다.#@문장구분# 연예계를 비롯한 예술업계 쪽은 특히 비혼남성 비혼여성이 많이 높은 편이다.#@문장구분# 꽤나 과거부터 비혼. 독신인 사람들이 많이있었다.#@문장구분# 최근에는 실업 등 경제적인 문제로 인해 일반인 중에서도 독신주의자가 많아진거같다.#@문장구분# 주택문데, 혼수 문제 및 결혼자금 등에 대한 갈등이나, 서로 안 맞는 사람이랑 살다가 이혼하느니 처음부터 혼자 살겠다거나, 자신의 사생활을 마음놓고 보내고 싶다는 등 다양한 개인주의 문화가 확산된 것도 이유이다독신에는 개인에 따라 다양한 이유, 사연이 있겠지만 결혼이나 억압, 제도, 규범 등이 성격적으로 맞지 않는 사람, 가정을 꾸리고 아이를 키우는 삶보다 자유롭고 즐거운 삶을 선호하는 사람, 개인주의와 인권의식 향상, 권리에 대한 정보를 쉽게 접하게 된 것, 과거 농경사회나 가부장제시대, 전체주의 문화와는 달리 한쪽이 상대방에게 갑질을 하면 참지 않는 것 등 다양한 원인이 있다.#@문장구분# 일방적으로 참아서 인간관계가 유지되었다.#@문장구분# 하지만 개인주의와 인권의식 향상, 권리에 대한 정보가 향상되면서 그런 갑질과 일방적으로 참는 것에 대한 거부감과 반감이 확산되었다.#@문장구분# 현재 이 시대를 살아가고 있는 이십대 삼십대 남.녀들의 경우 '결혼은효도'라는 말은 통하지 않는다.#@문장구분# 사람이 없다면 굳이 억지로 결혼하려고 하지 말고 차라리 혼자 사는 것도 나쁘지 않다고 권유하거나, 현대사회에 들어서는 개인의 자유와 인권에 대한 의식이 확산되고 또 과거에 비해서 많이 세속화되어, 현재 분위기가 개개인의 가정사에 시시콜콜 간섭하면 눈총을 받는 분위기로 변했으며 이러한 분위기가 되어 가고 있다.#@문장구분#",
      "paragraph_len": 970,
      "paragraph_id": "001"
    }
  ],
  "score": {
    "paragraph_score": [
      {
        "paragraph_scoreT": [
          3,
          3,
          2.8
        ],
        "paragraph_scoreT_detail": {
          "paragraph_scoreT_exp": [
            [
              3,
              3,
              3
            ],
            [
              3,
              3,
              3
            ],
            [
              2,
              3,
              3
            ]
          ]
        },
        "paragraph_scoreT_avg": 2.9333334,
        "paragraph_id": "001"
      }
    ],
    "essay_scoreT": [
      30,
      26.7,
      26
    ],
    "essay_scoreT_avg": 27.566666,
    "essay_scoreT_detail": {
      "essay_scoreT_org": [
        [
          3,
          0,
          3,
          3
        ],
        [
          2,
          0,
          3,
          2
        ],
        [
          2,
          0,
          3,
          3
        ]
      ],
      "essay_scoreT_cont": [
        [
          3,
          3,
          3,
          3
        ],
        [
          3,
          2,
          3,
          3
        ],
        [
          2,
          3,
          2,
          3
        ]
      ],
      "essay_scoreT_exp": [
        [
          3,
          3,
          3
        ],
        [
          3,
          3,
          3
        ],
        [
          2,
          3,
          3
        ]
      ]
    }
  },
  "student": {
    "date": "2021.12.21",
    "student_educated": true,
    "student_grade": "고등_1학년",
    "location": "031",
    "student_grade_group": "고등",
    "student_reading": 2
  },
  "rubric": {
    "essay_grade": "고등_1학년",
    "organization_weight": {
      "org_paragraph": 0,
      "org": 3,
      "org_essay": 6,
      "org_coherence": 3,
      "org_quantity": 1
    },
    "essay_type": "찬성반대",
    "content_weight": {
      "con_clearance": 3,
      "con_novelty": 3,
      "con": 4,
      "con_prompt": 1,
      "con_description": 3
    },
    "essay_main_subject": "비혼주의자에 대한 본인의 의견",
    "expression_weight": {
      "exp_style": 4,
      "exp_grammar": 2,
      "exp_vocab": 4,
      "exp": 3
    }
  },
  "correction": [],
  "info": {
    "essay_id": "ESSAY_71328",
    "essay_prompt": " \"\"연애는 필수, 결혼은 선택! 가슴이 뛰는 대로 가면 돼\"\".\n\n 유명한 유행가의 노래 가사처럼, 청년들에게 결혼은 이제 필수가 아닌 하나의 선택 사항입니다. 연애, 결혼, 출산을 포기한다는 의미의 '3포세대'라는 말이 나오기 무섭게 5포 세대, N포세대까지 등장할 정도로 취업난, 치솟는 부동산 가격 등 여러 사회·경제적 요인들로 청년층을 위축시켰습니다.\n\n 모두가 이러한 이유로 '결혼을 포기'하는 것만은 아닙니다. 개인의 행복을 위해 '비혼을 선택'하는 청년들도 늘고 있습니다. 이처럼 최근 전통적인 가치관에서 벗어나 연애와 동거는 하면서 결혼이라는 제도에 묶여 관계에서 파생되는 책임을 벗어나 자유로운 삶을 추구하는 비혼주의자가 늘고 있습니다.\n\n 다만, 개인의 자유로운 선택에 따라 비혼주의를 하지만 주변에서는 아직 고운 시선으로 바라보지 않는 사람도 많습니다. 결혼이라는 제도에 대해서 선택이 아닌 필수라고 생각하는 사람들도 많지요. 개개인이 모여 사회가 형성되기 때문에 사회의 가장 작은 단위인 가족을 이루는 것도 사회 구성원으로서의 큰 역할이라고 생각하는 사람들도 있습니다.\n\n 여러분은 결혼을 꼭 해야 한다고 생각하시나요? 아니면 결혼은 선택의 문제라고 생각하시나요? 비혼주의에 대해 찬성하는 입장 반대를 선택하여 자신의 의견을 작성해주세요. 그리고 그렇게 생각한 이유에 대해서 작성해주세요.",
    "essay_type": "찬성반대",
    "essay_level": "2",
    "essay_len": 790,
    "essay_main_subject": "비혼주의자에 대한 본인의 의견"
  }
}