{
  "paragraph": [
    {
      "paragraph_txt": "나는 비혼을 반대한다.#@문장구분# 혼자사는 세상이 아니다.#@문장구분# 누군가 내옆에 항상 있어주어야 하고 나에대해 잘알고 나를 이끌어주는 사람이 항상 필요하다.#@문장구분# 지금은 담임선생님,친구들,부모님,친척들과 나의 댕댕이가 늘 나를 지켜주고 있다.#@문장구분# 그래서 든든하다.#@문장구분# 학기초에 처음 만난 친구들과 좋으시고 예쁘신 담임선생님 때문에 즐거웠다.#@문장구분# 고등학생이 되었다는 즐거움으로 하교가는 것이 좋았다.#@문장구분# 미처 친구들과 친해지기도 전에 코로나19가 심해져 온라인 수업으로 집에서 공부해야했다.#@문장구분# 내방에서 컴퓨터를 켜놓고 외롭게 공부한다.#@문장구분# 물론 문자는 주고 받았지만 조용이 수업을 들어야했다.#@문장구분# 외로움,방안에서의 나자신과의 싸움을 해야했다.#@문장구분# 그렇게 온라인 수업이 2주간 계속되었다.#@문장구분# 지루함에 컴퓨터 켜놓고 졸기도 했다.#@문장구분# 앉아만 있었던것 같다.#@문장구분# 그렇게 등교하는 날이 다가왔다.#@문장구분# 학교등교후 오랜만에 만난 친구들과 웃고 떠들었다.#@문장구분# 신나게 말할 수 있어서 좋았다.#@문장구분# 친구 없이는 세상살기가 힘들것 같다.#@문장구분# 친구들과 재잘거리니 스트레스도 풀린다.#@문장구분# 혼자 살아가는건 너무나 외로운 나와의 싸움이 될것같다.#@문장구분# 사랑하는 사람을 만나면 꼭 결혼하고 싶다.#@문장구분# 웃고 떠들고 모든 것을 함게 나누고 싶다.#@문장구분# 결혼을 하지않으면 나는 쓸쓸히 혼자 늙어 갈거같다.#@문장구분# 현재 외할머니는 혼자 사시고 계셔서 엄마가 자주 뵈러 가신다.#@문장구분# 혹시나 엄마가 바뻐서 전화라도 잘안드리면 할머니께서 전화하셔서 심심해서 하셨다고 하신다.#@문장구분# 할머니도 경로당도 못가시니 외로우셨나보다.#@문장구분# 할아버지께서 살아계셨으면 조금 덜 외로우셨을텐데 하는 생각이 든다.#@문장구분# 아직어려서 늙는다는 생각을 깊이 해보진 않았지만 늙어서 자식도 없다면 얼마나 외로울까 하는 생각은든다.#@문장구분#",
      "paragraph_len": 1369,
      "paragraph_id": "001"
    }
  ],
  "score": {
    "paragraph_score": [
      {
        "paragraph_scoreT": [
          3,
          2,
          2.8
        ],
        "paragraph_scoreT_detail": {
          "paragraph_scoreT_exp": [
            [
              3,
              3,
              3
            ],
            [
              2,
              2,
              2
            ],
            [
              2,
              3,
              3
            ]
          ]
        },
        "paragraph_scoreT_avg": 2.6000001,
        "paragraph_id": "001"
      }
    ],
    "essay_scoreT": [
      30,
      27,
      28.2
    ],
    "essay_scoreT_avg": 28.4,
    "essay_scoreT_detail": {
      "essay_scoreT_org": [
        [
          3,
          0,
          3,
          3
        ],
        [
          3,
          0,
          3,
          3
        ],
        [
          3,
          0,
          3,
          3
        ]
      ],
      "essay_scoreT_cont": [
        [
          3,
          3,
          3,
          3
        ],
        [
          3,
          3,
          3,
          3
        ],
        [
          2,
          3,
          3,
          3
        ]
      ],
      "essay_scoreT_exp": [
        [
          3,
          3,
          3
        ],
        [
          2,
          2,
          2
        ],
        [
          2,
          3,
          3
        ]
      ]
    }
  },
  "student": {
    "date": "2021.12.15",
    "student_educated": true,
    "student_grade": "고등_1학년",
    "location": "044",
    "student_grade_group": "고등",
    "student_reading": 1
  },
  "rubric": {
    "essay_grade": "고등_1학년",
    "organization_weight": {
      "org_paragraph": 0,
      "org": 3,
      "org_essay": 6,
      "org_coherence": 3,
      "org_quantity": 1
    },
    "essay_type": "찬성반대",
    "content_weight": {
      "con_clearance": 3,
      "con_novelty": 3,
      "con": 4,
      "con_prompt": 1,
      "con_description": 3
    },
    "essay_main_subject": "비혼주의자에 대한 본인의 의견",
    "expression_weight": {
      "exp_style": 4,
      "exp_grammar": 2,
      "exp_vocab": 4,
      "exp": 3
    }
  },
  "correction": [],
  "info": {
    "essay_id": "ESSAY_66205",
    "essay_prompt": " \"\"연애는 필수, 결혼은 선택! 가슴이 뛰는 대로 가면 돼\"\".\n\n 유명한 유행가의 노래 가사처럼, 청년들에게 결혼은 이제 필수가 아닌 하나의 선택 사항입니다. 연애, 결혼, 출산을 포기한다는 의미의 '3포세대'라는 말이 나오기 무섭게 5포 세대, N포세대까지 등장할 정도로 취업난, 치솟는 부동산 가격 등 여러 사회·경제적 요인들로 청년층을 위축시켰습니다.\n\n 모두가 이러한 이유로 '결혼을 포기'하는 것만은 아닙니다. 개인의 행복을 위해 '비혼을 선택'하는 청년들도 늘고 있습니다. 이처럼 최근 전통적인 가치관에서 벗어나 연애와 동거는 하면서 결혼이라는 제도에 묶여 관계에서 파생되는 책임을 벗어나 자유로운 삶을 추구하는 비혼주의자가 늘고 있습니다.\n\n 다만, 개인의 자유로운 선택에 따라 비혼주의를 하지만 주변에서는 아직 고운 시선으로 바라보지 않는 사람도 많습니다. 결혼이라는 제도에 대해서 선택이 아닌 필수라고 생각하는 사람들도 많지요. 개개인이 모여 사회가 형성되기 때문에 사회의 가장 작은 단위인 가족을 이루는 것도 사회 구성원으로서의 큰 역할이라고 생각하는 사람들도 있습니다.\n\n 여러분은 결혼을 꼭 해야 한다고 생각하시나요? 아니면 결혼은 선택의 문제라고 생각하시나요? 비혼주의에 대해 찬성하는 입장 반대를 선택하여 자신의 의견을 작성해주세요. 그리고 그렇게 생각한 이유에 대해서 작성해주세요.",
    "essay_type": "찬성반대",
    "essay_level": "2",
    "essay_len": 810,
    "essay_main_subject": "비혼주의자에 대한 본인의 의견"
  }
}