{
  "paragraph": [
    {
      "paragraph_txt": "나는 비혼주의에 찬성한다.#@문장구분# 자신의 연인과 결혼하는 문제는 그 연인들 사이의 문제라고 생각한다.#@문장구분#연애를 하게 되면 결혼하는 것이 무조건 그들의 삶을 더 좋게 살수있는 환경이 만들어지는 것이 아니기 때문이다.#@문장구분# 그리고 연인으로 끝나 친구로 지낼수 있지만 결혼한뒤에 이혼을 하는 경우에는 서로에게 결혼생활에 대한 불만족스러웠던 순간들이 계속해서 생겨날 수도 있다.#@문장구분#  또한 너무 성급한 결혼은 서로에 대해 잘 알지 못하는 상황에서 서로의 자유를 억압하고 있다.#@문장구분# 성급한 결혼후에 이혼까지 가게되는 경우 그리고 출산까지 해서 아이를 낳은 경우 그 책임은 과연 누가 질 것인가?#@문장구분# 그에 비해 연인은 서로의 자유를 많이 억압하는 않는다.#@문장구분# 그리고 연인은 결혼보단 무게감이 낮아 편하게 만날수 있고 결혼은 연인 관계보다 스트레스를 더 많이 받을 수 있다.#@문장구분# 커리어를 쌓으면서 혼자사는 사람에게는 그 커리어를 쌓기 위한 노력이 결혼에 들어간 노력과 비례해도 뒤쳐지지 않는다고 생각하고 이렇게 자신만의 커리어를 열심히 쌓는 사람들에게 자꾸만 빨리 결혼하라는 가족이든 친구들은 열심히 커리어를 쌓는 사람들에게 스트레스를 주고 커리어를 쌓는 동안 유지된 집중력도 흐트러놓을수 있다.#@문장구분# 그리고 예전에 비해서 생각하는 것도 많이 달라 졌기 때문에 꼭 결혼해야 한다는 생각을 잊었으면 좋겠다.#@문장구분# 가장 중요한 것은 자신의 생각에 맞게 행동 하는 것이다.#@문장구분# 결혼한 사람의 이야기도 들어보고 비혼주의자의 말도들어 보면서 생각해야하는 것이 중요하고 결혼의 억압되어 자신만의 자유를 잃는 것 보다는 자신의 자유를 갖는것이 더 중요하다고 생각하기 때문에 비혼주의에 대하여 찬성한다.#@문장구분# 사회적으로 비혼주의에 대한 현실적인 부분을 해결해주셨으면 좋겠다.#@문장구분#",
      "paragraph_len": 1096,
      "paragraph_id": "001"
    }
  ],
  "score": {
    "paragraph_score": [
      {
        "paragraph_scoreT": [
          2.4,
          2.8,
          2.6
        ],
        "paragraph_scoreT_detail": {
          "paragraph_scoreT_exp": [
            [
              2,
              3,
              2
            ],
            [
              2,
              3,
              3
            ],
            [
              3,
              3,
              2
            ]
          ]
        },
        "paragraph_scoreT_avg": 2.6,
        "paragraph_id": "001"
      }
    ],
    "essay_scoreT": [
      23.9,
      28.2,
      28.8
    ],
    "essay_scoreT_avg": 26.966665,
    "essay_scoreT_detail": {
      "essay_scoreT_org": [
        [
          2,
          0,
          2,
          3
        ],
        [
          3,
          0,
          3,
          3
        ],
        [
          3,
          0,
          3,
          3
        ]
      ],
      "essay_scoreT_cont": [
        [
          3,
          2,
          2,
          3
        ],
        [
          3,
          2,
          3,
          3
        ],
        [
          3,
          3,
          3,
          3
        ]
      ],
      "essay_scoreT_exp": [
        [
          2,
          3,
          2
        ],
        [
          2,
          3,
          3
        ],
        [
          3,
          3,
          2
        ]
      ]
    }
  },
  "student": {
    "date": "2021.10.24",
    "student_educated": true,
    "student_grade": "고등_1학년",
    "location": "063",
    "student_grade_group": "고등",
    "student_reading": 2
  },
  "rubric": {
    "essay_grade": "고등_1학년",
    "organization_weight": {
      "org_paragraph": 0,
      "org": 3,
      "org_essay": 6,
      "org_coherence": 3,
      "org_quantity": 1
    },
    "essay_type": "찬성반대",
    "content_weight": {
      "con_clearance": 3,
      "con_novelty": 3,
      "con": 4,
      "con_prompt": 1,
      "con_description": 3
    },
    "essay_main_subject": "비혼주의자에 대한 본인의 의견",
    "expression_weight": {
      "exp_style": 4,
      "exp_grammar": 2,
      "exp_vocab": 4,
      "exp": 3
    }
  },
  "correction": [],
  "info": {
    "essay_id": "ESSAY_44868",
    "essay_prompt": " \"\"연애는 필수, 결혼은 선택! 가슴이 뛰는 대로 가면 돼\"\".\n\n 유명한 유행가의 노래 가사처럼, 청년들에게 결혼은 이제 필수가 아닌 하나의 선택 사항입니다. 연애, 결혼, 출산을 포기한다는 의미의 '3포세대'라는 말이 나오기 무섭게 5포 세대, N포세대까지 등장할 정도로 취업난, 치솟는 부동산 가격 등 여러 사회·경제적 요인들로 청년층을 위축시켰습니다.\n\n 모두가 이러한 이유로 '결혼을 포기'하는 것만은 아닙니다. 개인의 행복을 위해 '비혼을 선택'하는 청년들도 늘고 있습니다. 이처럼 최근 전통적인 가치관에서 벗어나 연애와 동거는 하면서 결혼이라는 제도에 묶여 관계에서 파생되는 책임을 벗어나 자유로운 삶을 추구하는 비혼주의자가 늘고 있습니다.\n\n 다만, 개인의 자유로운 선택에 따라 비혼주의를 하지만 주변에서는 아직 고운 시선으로 바라보지 않는 사람도 많습니다. 결혼이라는 제도에 대해서 선택이 아닌 필수라고 생각하는 사람들도 많지요. 개개인이 모여 사회가 형성되기 때문에 사회의 가장 작은 단위인 가족을 이루는 것도 사회 구성원으로서의 큰 역할이라고 생각하는 사람들도 있습니다.\n\n 여러분은 결혼을 꼭 해야 한다고 생각하시나요? 아니면 결혼은 선택의 문제라고 생각하시나요? 비혼주의에 대해 찬성하는 입장 반대를 선택하여 자신의 의견을 작성해주세요. 그리고 그렇게 생각한 이유에 대해서 작성해주세요.",
    "essay_type": "찬성반대",
    "essay_level": "2",
    "essay_len": 836,
    "essay_main_subject": "비혼주의자에 대한 본인의 의견"
  }
}