{
  "paragraph": [
    {
      "paragraph_txt": "최근 뉴스나 SNS를 통해 비혼주의를 선언하는 연예인들을 보곤 한다.#@문장구분# 그래서 비혼주의가 무엇인지 관심을 갖기 시작했고 비혼주의에 대해 알아보던 중 비혼주의를 선언한 연예인이 꽤 있다는 것을 알게 되었다.#@문장구분# 그리고 주변 사람들 혹은 친구들 중에서도 비혼을 하겠다는 사람들도 있었다.#@문장구분# 그러나 비혼을 하겠다고 하는 사람들이 한편으로는 이해가 되지 않았고 비혼에 따른 문제점을 알려주고 싶었다.#@문장구분# 따라서 나는 비혼주의를 반대한다.#@문장구분#",
      "paragraph_len": 334,
      "paragraph_id": "001"
    },
    {
      "paragraph_txt": " 비혼주의를 반대하는 이유 중 첫 번째는 출산율 감소이다.#@문장구분# 왜냐하면 결혼을 하지 않으면 자녀도 낳지 않겠다는 것으로도 이어지기 때문이다.#@문장구분# 현재 우리나라는 출산율이 점점 감소하고 있다.#@문장구분# 이러한 출산율 감소에 따라 발생하는 다양한 문제들이 있다.#@문장구분# 먼저, 초등학교 학생 감소이다.#@문장구분# 초등학생들이 점점 감소하면서 폐교되는 학교들이 늘어나고 학생 수보다 선생님 수가 많은 현상이 발생하기 때문이다.#@문장구분# 다음으로 고령화가 더 심화된다.#@문장구분# 왜냐하면 현재 출산율은 감소하지만 은퇴하는 사람들의 비중은 늘어나고 있기 때문이다.#@문장구분# 통계청에 따르면 베이비붐 세대에 해당하는 1955년생부터 1963년생이 약 710만 명에 해당한다고 한다.#@문장구분# 이들은 약 2025년에 은퇴할 것이라고 하며 이들이 은퇴할 시 초고령 사회로 진입할 것이라고 예상하고 있다.#@문장구분# 이에 따라 노인은 증가하지만 이를 부양할 경제활동을 하는 사람들이 감소하고 있어 힘들게 생계를 유지하는 노인들이 증가할 것이다.#@문장구분# 또한, 저출산이 지속되면 경제활동인구가 감소하여 국가의 성장 잠재력이 감소하게 될 것이다.#@문장구분# ",
      "paragraph_len": 766,
      "paragraph_id": "002"
    },
    {
      "paragraph_txt": " 두 번째로는 공동체의식이 파괴될 수도 있다.#@문장구분# 결혼을 하는 것 자체가 누군가와 함께하는 것으로 공동체의식을 느낄 수 있다.#@문장구분# 그러나 연인이 없는 비혼주의자 같은 경우는 혼자 있는 시간이 많을뿐더러 누군가와 함께 있는 시간이 부족하기 때문에 공동체의식을 많이 느끼지 못할 것이다.#@문장구분# 따라서 이에 따른 이기주의가 늘어나게 될 것이고 사회 통합을 저해할 수도 있어서 비혼주의를 반대한다.#@문장구분# \n 마지막으로는 비혼 출산이 증가할 수도 있다.#@문장구분# 비혼 출산은 결혼은 하지 않았지만 아이를 낳는 것이다.#@문장구분# 비혼 출산을 하면 대한산부인과학회 보조생식술 윤리지침상 시술 대상에서 배제되고 난임 시술비를 지원받지 못하는 등 현실적인 제약이 있다.#@문장구분# 이에 따라 혜택을 받지 못해 제때 아이를 출산하지 못할 수도 있다.#@문장구분#",
      "paragraph_len": 543,
      "paragraph_id": "003"
    },
    {
      "paragraph_txt": " 또한, 여러 전문가들이 낙태가 수월해 질것이고 아이를 키우다 유기하는 경우가 늘어날 것이라고 지적하고 있다.#@문장구분# 따라서 자녀계획이 있으면 결혼을 하는 것이 낫다.#@문장구분# \n 위와 같은 이유로 나는 비혼주의를 반대한다.#@문장구분# 왜냐하면 사회에 부정적인 영향을 끼치고 윤리상 문제가 되는 요인들이 있을 수 있으며 사회에서 지원하는 혜택을 거절하는 행동으로 보이기 때문이다.#@문장구분# 그러나 비혼주의자들에게 결혼을 장려하는 다양한 정책을 현재 검토 중이라고 한다.#@문장구분# 따라서 비혼주의자들이 다양한 결혼 관련 혜택을 수용하여 결혼을 함으로써 사회 발전에 이바지 했으면 좋겠다.#@문장구분#",
      "paragraph_len": 422,
      "paragraph_id": "004"
    }
  ],
  "score": {
    "paragraph_score": [
      {
        "paragraph_scoreT": [
          3,
          3,
          3
        ],
        "paragraph_scoreT_detail": {
          "paragraph_scoreT_exp": [
            [
              3,
              3,
              3
            ],
            [
              3,
              3,
              3
            ],
            [
              3,
              3,
              3
            ]
          ]
        },
        "paragraph_scoreT_avg": 3,
        "paragraph_id": "001"
      },
      {
        "paragraph_scoreT": [
          3,
          3,
          3
        ],
        "paragraph_scoreT_detail": {
          "paragraph_scoreT_exp": [
            [
              3,
              3,
              3
            ],
            [
              3,
              3,
              3
            ],
            [
              3,
              3,
              3
            ]
          ]
        },
        "paragraph_scoreT_avg": 3,
        "paragraph_id": "002"
      },
      {
        "paragraph_scoreT": [
          3,
          3,
          3
        ],
        "paragraph_scoreT_detail": {
          "paragraph_scoreT_exp": [
            [
              3,
              3,
              3
            ],
            [
              3,
              3,
              3
            ],
            [
              3,
              3,
              3
            ]
          ]
        },
        "paragraph_scoreT_avg": 3,
        "paragraph_id": "003"
      },
      {
        "paragraph_scoreT": [
          3,
          3,
          3
        ],
        "paragraph_scoreT_detail": {
          "paragraph_scoreT_exp": [
            [
              3,
              3,
              3
            ],
            [
              3,
              3,
              3
            ],
            [
              3,
              3,
              3
            ]
          ]
        },
        "paragraph_scoreT_avg": 3,
        "paragraph_id": "004"
      }
    ],
    "essay_scoreT": [
      28.8,
      30,
      30
    ],
    "essay_scoreT_avg": 29.6,
    "essay_scoreT_detail": {
      "essay_scoreT_org": [
        [
          3,
          0,
          3,
          3
        ],
        [
          3,
          0,
          3,
          3
        ],
        [
          3,
          0,
          3,
          3
        ]
      ],
      "essay_scoreT_cont": [
        [
          3,
          2,
          3,
          3
        ],
        [
          3,
          3,
          3,
          3
        ],
        [
          3,
          3,
          3,
          3
        ]
      ],
      "essay_scoreT_exp": [
        [
          3,
          3,
          3
        ],
        [
          3,
          3,
          3
        ],
        [
          3,
          3,
          3
        ]
      ]
    }
  },
  "student": {
    "date": "2021.10.23",
    "student_educated": true,
    "student_grade": "고등_1학년",
    "location": "063",
    "student_grade_group": "고등",
    "student_reading": 1
  },
  "rubric": {
    "essay_grade": "고등_1학년",
    "organization_weight": {
      "org_paragraph": 0,
      "org": 3,
      "org_essay": 6,
      "org_coherence": 3,
      "org_quantity": 1
    },
    "essay_type": "찬성반대",
    "content_weight": {
      "con_clearance": 3,
      "con_novelty": 3,
      "con": 4,
      "con_prompt": 1,
      "con_description": 3
    },
    "essay_main_subject": "비혼주의자에 대한 본인의 의견",
    "expression_weight": {
      "exp_style": 4,
      "exp_grammar": 2,
      "exp_vocab": 4,
      "exp": 3
    }
  },
  "correction": [],
  "info": {
    "essay_id": "ESSAY_43921",
    "essay_prompt": " \"\"연애는 필수, 결혼은 선택! 가슴이 뛰는 대로 가면 돼\"\".\n\n 유명한 유행가의 노래 가사처럼, 청년들에게 결혼은 이제 필수가 아닌 하나의 선택 사항입니다. 연애, 결혼, 출산을 포기한다는 의미의 '3포세대'라는 말이 나오기 무섭게 5포 세대, N포세대까지 등장할 정도로 취업난, 치솟는 부동산 가격 등 여러 사회·경제적 요인들로 청년층을 위축시켰습니다.\n\n 모두가 이러한 이유로 '결혼을 포기'하는 것만은 아닙니다. 개인의 행복을 위해 '비혼을 선택'하는 청년들도 늘고 있습니다. 이처럼 최근 전통적인 가치관에서 벗어나 연애와 동거는 하면서 결혼이라는 제도에 묶여 관계에서 파생되는 책임을 벗어나 자유로운 삶을 추구하는 비혼주의자가 늘고 있습니다.\n\n 다만, 개인의 자유로운 선택에 따라 비혼주의를 하지만 주변에서는 아직 고운 시선으로 바라보지 않는 사람도 많습니다. 결혼이라는 제도에 대해서 선택이 아닌 필수라고 생각하는 사람들도 많지요. 개개인이 모여 사회가 형성되기 때문에 사회의 가장 작은 단위인 가족을 이루는 것도 사회 구성원으로서의 큰 역할이라고 생각하는 사람들도 있습니다.\n\n 여러분은 결혼을 꼭 해야 한다고 생각하시나요? 아니면 결혼은 선택의 문제라고 생각하시나요? 비혼주의에 대해 찬성하는 입장 반대를 선택하여 자신의 의견을 작성해주세요. 그리고 그렇게 생각한 이유에 대해서 작성해주세요.",
    "essay_type": "찬성반대",
    "essay_level": "2",
    "essay_len": 1452,
    "essay_main_subject": "비혼주의자에 대한 본인의 의견"
  }
}