{
  "paragraph": [
    {
      "paragraph_txt": "요즘은 비혼을 선택해도 괜찮다고 생각한다.#@문장구분# 정상적인 가정을 유지할 수 있는 사람들이 많지가 않다. #@문장구분#겉은 다들 정상인 같지만 너무 이기적이고 자기중심적이다.#@문장구분# 외동으로 자라거나 돈많은집 아이들은 오냐오냐 커서 정말 속된말로 막돼먹은 성인들이 많아지는거 같다.#@문장구분# 데이트폭력이 많아지고 이혼률이 급증하는것도 모두 참을성없고 자기중심적인 삶에서 이타적인 결혼생활이 힘든 것이다.#@문장구분# 그리고 자녀를 낳는다는 것 희생이 각오된 부모들이어야 한다고 생각한다.#@문장구분# 그러다보니 출산율도 우리나라가 OECD국가중에 가장 저조한 것으로 알고 있다.#@문장구분# 자녀에게 들이는 시간 들이는 돈 들이는 노력으로 희생되는 자신의 삶을 잃고싶지 않다는 이유라고 한다.#@문장구분# 그렇다면 자녀를 원하지 않는데 굳이 결혼을 왜 하려고 하겠는가 노후에 외로워서 결혼해야된다고 어른들은 이야기하지만 이런 이기적인 생각으로 자녀를 낳지않는 사람들이라면 배우자가 아프거나 늙어도 굳이 돌봐주려고 하지 않을 것 같다.#@문장구분# 요즘엔 사람 잘못만나면 집안이 망한다고 한다.#@문장구분#예전엔 남녀가 사귀다 헤어질수도 있었지만 요즘엔 잘못만나 헤어지면 찾아와 가족을 모두 죽이는 세상이 됐기 때문이다. #@문장구분#얼마나 무서운 세상인가 누군가를 만나기도 쉽지않고 좋은사람을 알아보기도 힘들다는데 앞으로 더하면 더했지 덜하지 않을 것 같다.#@문장구분# 사람이 무서운 세상이 되었다.#@문장구분# 결혼을해서 가정을 이루면 남편이 아내를 아내가 남편을 자식이 부모를 부모가 자식을 죽이는 세상이다.#@문장구분# 결혼을 왜 해야하는가 가정이 좋은것이라고 어떻게 말할수 있는가 결혼을 하고서도 독립적인 공간과 시간을 원하고 자신만의 삶을 추구한다면 차라리 결혼하지 않고 혼자사는 삶이 모두에게 유익할거라 생각한다.#@문장구분#",
      "paragraph_len": 1120,
      "paragraph_id": "001"
    }
  ],
  "score": {
    "paragraph_score": [
      {
        "paragraph_scoreT": [
          3,
          3,
          2.2
        ],
        "paragraph_scoreT_detail": {
          "paragraph_scoreT_exp": [
            [
              3,
              3,
              3
            ],
            [
              3,
              3,
              3
            ],
            [
              3,
              2,
              2
            ]
          ]
        },
        "paragraph_scoreT_avg": 2.7333333,
        "paragraph_id": "001"
      }
    ],
    "essay_scoreT": [
      30,
      27,
      25.2
    ],
    "essay_scoreT_avg": 27.4,
    "essay_scoreT_detail": {
      "essay_scoreT_org": [
        [
          3,
          0,
          3,
          3
        ],
        [
          2,
          0,
          3,
          3
        ],
        [
          3,
          0,
          3,
          3
        ]
      ],
      "essay_scoreT_cont": [
        [
          3,
          3,
          3,
          3
        ],
        [
          3,
          2,
          3,
          3
        ],
        [
          2,
          2,
          3,
          3
        ]
      ],
      "essay_scoreT_exp": [
        [
          3,
          3,
          3
        ],
        [
          3,
          3,
          3
        ],
        [
          3,
          2,
          2
        ]
      ]
    }
  },
  "student": {
    "date": "2021.12.20",
    "student_educated": true,
    "student_grade": "고등_1학년",
    "location": "044",
    "student_grade_group": "고등",
    "student_reading": 1
  },
  "rubric": {
    "essay_grade": "고등_1학년",
    "organization_weight": {
      "org_paragraph": 0,
      "org": 3,
      "org_essay": 6,
      "org_coherence": 3,
      "org_quantity": 1
    },
    "essay_type": "찬성반대",
    "content_weight": {
      "con_clearance": 3,
      "con_novelty": 3,
      "con": 4,
      "con_prompt": 1,
      "con_description": 3
    },
    "essay_main_subject": "비혼주의자에 대한 본인의 의견",
    "expression_weight": {
      "exp_style": 4,
      "exp_grammar": 2,
      "exp_vocab": 4,
      "exp": 3
    }
  },
  "correction": [],
  "info": {
    "essay_id": "ESSAY_71255",
    "essay_prompt": " \"\"연애는 필수, 결혼은 선택! 가슴이 뛰는 대로 가면 돼\"\".\n\n 유명한 유행가의 노래 가사처럼, 청년들에게 결혼은 이제 필수가 아닌 하나의 선택 사항입니다. 연애, 결혼, 출산을 포기한다는 의미의 '3포세대'라는 말이 나오기 무섭게 5포 세대, N포세대까지 등장할 정도로 취업난, 치솟는 부동산 가격 등 여러 사회·경제적 요인들로 청년층을 위축시켰습니다.\n\n 모두가 이러한 이유로 '결혼을 포기'하는 것만은 아닙니다. 개인의 행복을 위해 '비혼을 선택'하는 청년들도 늘고 있습니다. 이처럼 최근 전통적인 가치관에서 벗어나 연애와 동거는 하면서 결혼이라는 제도에 묶여 관계에서 파생되는 책임을 벗어나 자유로운 삶을 추구하는 비혼주의자가 늘고 있습니다.\n\n 다만, 개인의 자유로운 선택에 따라 비혼주의를 하지만 주변에서는 아직 고운 시선으로 바라보지 않는 사람도 많습니다. 결혼이라는 제도에 대해서 선택이 아닌 필수라고 생각하는 사람들도 많지요. 개개인이 모여 사회가 형성되기 때문에 사회의 가장 작은 단위인 가족을 이루는 것도 사회 구성원으로서의 큰 역할이라고 생각하는 사람들도 있습니다.\n\n 여러분은 결혼을 꼭 해야 한다고 생각하시나요? 아니면 결혼은 선택의 문제라고 생각하시나요? 비혼주의에 대해 찬성하는 입장 반대를 선택하여 자신의 의견을 작성해주세요. 그리고 그렇게 생각한 이유에 대해서 작성해주세요.",
    "essay_type": "찬성반대",
    "essay_level": "2",
    "essay_len": 821,
    "essay_main_subject": "비혼주의자에 대한 본인의 의견"
  }
}