{
  "paragraph": [
    {
      "paragraph_txt": "비혼주의 찬성#@문장구분#\n 우리의 생활모습은 시대가 변함에 따라 조금씩 변화해 왔다.#@문장구분# 우리나라는 예전부터 결혼을 꼭 해야만 하는 것이라고 인식해왔다.#@문장구분#그러나 최근에는 비혼주의자가 많이 늘고 있다.#@문장구분# 지금도 사람들은 결혼을 하지 않은 사람에게 결혼을 재촉하고 결혼을 살아가는데 있어서 가장 중요한 것 중에 하나라고 말한다.#@문장구분# 하지만 나의 생각은 조금 다르다. #@문장구분#결혼이 중요한건 사실이지만 살아가는데 꼭 필요한 것이라고는 생각하지 않는다.#@문장구분#현대에 와서는 이전보다 가족의 개념이 축소되어 결혼에 대한 인식도 예전과 많이 달라졌다.#@문장구분# 이에 따라 결혼도 꼭 필요한 것에서 할 수도 안할 수도 있는 것으로 사람들의 인식이 바뀌었다.#@문장구분# 이 때문에 사람들에게 여러 인식의 차이가 보인다.#@문장구분#최근에 비혼주의가 확산되는 이유로, 많은 사람이 결혼에 대해 이익을 따지면서 육아, 결혼생활 등 정신적 스트레스와 결혼자금 등에 대한 문제가 부각되며 결혼을 안 하는 게 더욱 나을 것이라고 생각한다.#@문장구분# 만약 자신이 결혼을 하고 싶지 않음에도 결혼을 하게 된다면 오히려 이혼 등으로 더욱 큰 문제로 이어질 수 있다.#@문장구분#그리고 지금은 예전과 달리 취업률이 낮아져 금전적인 문제도 비혼주의의 이유가 될 수 있다.#@문장구분# 또한 자녀에 대한 인식도 바뀌어 예전엔 결혼의 이유를 자녀를 낳아 대를 잇기 위함이 결혼의 큰이유가 됐지만 지금은 결혼을 해도 자녀를 낳지 않는 가정도 많다.#@문장구분# 꼭 자녀를 낳아야 한다는 생각이 없어진 것이다.#@문장구분# 그리고 예전에는 외벌이 가정이 많아 부부 중 한명은 돈을 벌고 한명은 육아를 했지만 최근에는 맞벌이 가정이 많아 가사와 근무를 같이 하게 돼서 부담이 커진 것도 비혼주의의 이유가 된다.#@문장구분# 이처럼 여러 가지 이유로 비혼주의자가 늘어나면서 1인가구가 증가하며 여러 가지 1인가구의 관련 사업들이 활성화 되고 있고 사회적으로도 1인가구에 대한 편견이 줄어들고 있어 비혼주의는 사회적으로 여러 변화를 주고 있다.#@문장구분# 비혼주의는 개인의 자유를 먼저 생각하며 결혼에 대한 불이익을 받지 않으려 한다.#@문장구분# 결혼을 한다고 해도 만약 자신에게 이익보다 불이익이 많으면 결혼을 하는 것은 올바르지 않다.#@문장구분# 이런 이유로 나는 비혼주의에 찬성한다.#@문장구분#",
      "paragraph_len": 1448,
      "paragraph_id": "001"
    }
  ],
  "score": {
    "paragraph_score": [
      {
        "paragraph_scoreT": [
          2.8,
          2.4,
          2
        ],
        "paragraph_scoreT_detail": {
          "paragraph_scoreT_exp": [
            [
              2,
              3,
              3
            ],
            [
              2,
              2,
              3
            ],
            [
              2,
              2,
              2
            ]
          ]
        },
        "paragraph_scoreT_avg": 2.3999999,
        "paragraph_id": "001"
      }
    ],
    "essay_scoreT": [
      29.4,
      26.3,
      24.900002
    ],
    "essay_scoreT_avg": 26.866667,
    "essay_scoreT_detail": {
      "essay_scoreT_org": [
        [
          3,
          0,
          3,
          3
        ],
        [
          2,
          0,
          2,
          3
        ],
        [
          3,
          0,
          2,
          3
        ]
      ],
      "essay_scoreT_cont": [
        [
          3,
          3,
          3,
          3
        ],
        [
          3,
          3,
          2,
          3
        ],
        [
          3,
          2,
          3,
          3
        ]
      ],
      "essay_scoreT_exp": [
        [
          2,
          3,
          3
        ],
        [
          2,
          3,
          3
        ],
        [
          2,
          2,
          2
        ]
      ]
    }
  },
  "student": {
    "date": "2021.10.21",
    "student_educated": true,
    "student_grade": "고등_1학년",
    "location": "054",
    "student_grade_group": "고등",
    "student_reading": 1
  },
  "rubric": {
    "essay_grade": "고등_1학년",
    "organization_weight": {
      "org_paragraph": 0,
      "org": 3,
      "org_essay": 6,
      "org_coherence": 3,
      "org_quantity": 1
    },
    "essay_type": "찬성반대",
    "content_weight": {
      "con_clearance": 3,
      "con_novelty": 3,
      "con": 4,
      "con_prompt": 1,
      "con_description": 3
    },
    "essay_main_subject": "비혼주의자에 대한 본인의 의견",
    "expression_weight": {
      "exp_style": 4,
      "exp_grammar": 2,
      "exp_vocab": 4,
      "exp": 3
    }
  },
  "correction": [],
  "info": {
    "essay_id": "ESSAY_44307",
    "essay_prompt": " \"\"연애는 필수, 결혼은 선택! 가슴이 뛰는 대로 가면 돼\"\".\n\n 유명한 유행가의 노래 가사처럼, 청년들에게 결혼은 이제 필수가 아닌 하나의 선택 사항입니다. 연애, 결혼, 출산을 포기한다는 의미의 '3포세대'라는 말이 나오기 무섭게 5포 세대, N포세대까지 등장할 정도로 취업난, 치솟는 부동산 가격 등 여러 사회·경제적 요인들로 청년층을 위축시켰습니다.\n\n 모두가 이러한 이유로 '결혼을 포기'하는 것만은 아닙니다. 개인의 행복을 위해 '비혼을 선택'하는 청년들도 늘고 있습니다. 이처럼 최근 전통적인 가치관에서 벗어나 연애와 동거는 하면서 결혼이라는 제도에 묶여 관계에서 파생되는 책임을 벗어나 자유로운 삶을 추구하는 비혼주의자가 늘고 있습니다.\n\n 다만, 개인의 자유로운 선택에 따라 비혼주의를 하지만 주변에서는 아직 고운 시선으로 바라보지 않는 사람도 많습니다. 결혼이라는 제도에 대해서 선택이 아닌 필수라고 생각하는 사람들도 많지요. 개개인이 모여 사회가 형성되기 때문에 사회의 가장 작은 단위인 가족을 이루는 것도 사회 구성원으로서의 큰 역할이라고 생각하는 사람들도 있습니다.\n\n 여러분은 결혼을 꼭 해야 한다고 생각하시나요? 아니면 결혼은 선택의 문제라고 생각하시나요? 비혼주의에 대해 찬성하는 입장 반대를 선택하여 자신의 의견을 작성해주세요. 그리고 그렇게 생각한 이유에 대해서 작성해주세요.",
    "essay_type": "찬성반대",
    "essay_level": "2",
    "essay_len": 1052,
    "essay_main_subject": "비혼주의자에 대한 본인의 의견"
  }
}