{
  "paragraph": [
    {
      "paragraph_txt": "나는 비혼주의에 대해 반대한다.#@문장구분# 비혼이란 무엇인가?#@문장구분# 제시문에서도 나와있듯이 '전통적인 가치관에서 벗어나 연애와 동거는 하면서 결혼이라는 제도에 묶여 관계에서 파생되는 책임을 벗어나 자유로운 삶은 추구하는 비혼주의자' 라고 나와있다.#@문장구분# 여기서 주목할점은 '책임을 벗어나 자유로운 삶을 추구' 라는 점이다.#@문장구분#\n난 이 말이 굉장히 부정적으로 나에게 와닿았다.#@문장구분# 위에 말에서는 자녀를 낳지 않는 것으로 들리는데 이러한 점은 사회에 엄청난 악영향이 될 것이다.#@문장구분# 비혼주의가 늘어날수록 또는 비혼에 대한 인식이 긍정적일수록 결국 애를 낳는데 영향을 미쳐 저출산이 악화될 것이다.#@문장구분# 우리나라는 현재도 경제협력 개발기구인 OECD 회원국 39개국중 한국이 유일하게 0명대 인 0.84 명이고 매년 수십조원을 붓고도 출산율이 낮아지고 있다.#@문장구분# 이러한 저출산은 고령화를 이끌어내고 계속해서 고령화가 되면 정년퇴직이 늦어지게 되고 그러면 젊은사람의 일자리 또한 사라지게 될 것이다. #@문장구분#그럼 다시 젊은사람이 결혼하기 힘들어지게 되면서 비혼주의자가 되고 계속해서 악순환이 반복되는 것이다.#@문장구분# 사회적인 관점에서 비혼주의는 나라의 존속을 위협하는 그런 사상인 것이다.#@문장구분# 하지만 요즈음 방송이나 매체, 미디어에서는 비혼이라는 키워드가 많이 보인다.#@문장구분#\n 이러한 현 상황은 비혼에 대해 긍정적인 반응을 이끌어낸다.#@문장구분# 하지만 비혼이 어떤 영향을 가져오는지 또 비혼엔 어떤 단점이 있는지 부정적인 것에 대해 자세하게 알려주지 않고 개인의 편익에만 치중하여 스크린에 비쳐진다.#@문장구분# 물론 우리나라는 자유민주주의 국가로 비혼에 대해 막을 권한이나 권리는 없다.#@문장구분# 하지만 살기힘든 우리만 편하자고 비혼주의를 선언하긴 보단 나라가 힘들 때 금 모금 운동이나 더 옛날로 돌아가서 임진왜란때 아녀자 어린아이 할 거 없이 전쟁을 도와주었던 우리민족의 얼을 바탕으로 공동체의식을 가지고 비혼주의에 대해서 비판하는 자세로 봐야되지 않을까 하는 생각이다.#@문장구분#",
      "paragraph_len": 1257,
      "paragraph_id": "001"
    }
  ],
  "score": {
    "paragraph_score": [
      {
        "paragraph_scoreT": [
          2.4,
          3,
          2.4
        ],
        "paragraph_scoreT_detail": {
          "paragraph_scoreT_exp": [
            [
              2,
              2,
              3
            ],
            [
              3,
              3,
              3
            ],
            [
              2,
              3,
              2
            ]
          ]
        },
        "paragraph_scoreT_avg": 2.6000001,
        "paragraph_id": "001"
      }
    ],
    "essay_scoreT": [
      27.300001,
      30,
      24.900002
    ],
    "essay_scoreT_avg": 27.400002,
    "essay_scoreT_detail": {
      "essay_scoreT_org": [
        [
          3,
          0,
          2,
          3
        ],
        [
          3,
          0,
          3,
          3
        ],
        [
          2,
          0,
          3,
          2
        ]
      ],
      "essay_scoreT_cont": [
        [
          3,
          3,
          3,
          3
        ],
        [
          3,
          3,
          3,
          3
        ],
        [
          3,
          2,
          3,
          3
        ]
      ],
      "essay_scoreT_exp": [
        [
          2,
          2,
          3
        ],
        [
          3,
          3,
          3
        ],
        [
          2,
          3,
          2
        ]
      ]
    }
  },
  "student": {
    "date": "2021.09.02",
    "student_educated": true,
    "student_grade": "고등_1학년",
    "location": "063",
    "student_grade_group": "고등",
    "student_reading": 1
  },
  "rubric": {
    "essay_grade": "고등_1학년",
    "organization_weight": {
      "org_paragraph": 0,
      "org": 3,
      "org_essay": 6,
      "org_coherence": 3,
      "org_quantity": 1
    },
    "essay_type": "찬성반대",
    "content_weight": {
      "con_clearance": 3,
      "con_novelty": 3,
      "con": 4,
      "con_prompt": 1,
      "con_description": 3
    },
    "essay_main_subject": "비혼주의자에 대한 본인의 의견",
    "expression_weight": {
      "exp_style": 4,
      "exp_grammar": 2,
      "exp_vocab": 4,
      "exp": 3
    }
  },
  "correction": [],
  "info": {
    "essay_id": "ESSAY_34864",
    "essay_prompt": " \"\"연애는 필수, 결혼은 선택! 가슴이 뛰는 대로 가면 돼\"\".\n\n 유명한 유행가의 노래 가사처럼, 청년들에게 결혼은 이제 필수가 아닌 하나의 선택 사항입니다. 연애, 결혼, 출산을 포기한다는 의미의 '3포세대'라는 말이 나오기 무섭게 5포 세대, N포세대까지 등장할 정도로 취업난, 치솟는 부동산 가격 등 여러 사회·경제적 요인들로 청년층을 위축시켰습니다.\n\n 모두가 이러한 이유로 '결혼을 포기'하는 것만은 아닙니다. 개인의 행복을 위해 '비혼을 선택'하는 청년들도 늘고 있습니다. 이처럼 최근 전통적인 가치관에서 벗어나 연애와 동거는 하면서 결혼이라는 제도에 묶여 관계에서 파생되는 책임을 벗어나 자유로운 삶을 추구하는 비혼주의자가 늘고 있습니다.\n\n 다만, 개인의 자유로운 선택에 따라 비혼주의를 하지만 주변에서는 아직 고운 시선으로 바라보지 않는 사람도 많습니다. 결혼이라는 제도에 대해서 선택이 아닌 필수라고 생각하는 사람들도 많지요. 개개인이 모여 사회가 형성되기 때문에 사회의 가장 작은 단위인 가족을 이루는 것도 사회 구성원으로서의 큰 역할이라고 생각하는 사람들도 있습니다.\n\n 여러분은 결혼을 꼭 해야 한다고 생각하시나요? 아니면 결혼은 선택의 문제라고 생각하시나요? 비혼주의에 대해 찬성하는 입장 반대를 선택하여 자신의 의견을 작성해주세요. 그리고 그렇게 생각한 이유에 대해서 작성해주세요.",
    "essay_type": "찬성반대",
    "essay_level": "2",
    "essay_len": 937,
    "essay_main_subject": "비혼주의자에 대한 본인의 의견"
  }
}