{
  "paragraph": [
    {
      "paragraph_txt": "가끔 텔레비전을 보면 연예인이 사귀다 헤어지자 본인은 이제 비혼주의라며 결혼하지 않겠다는 의사를 밝히기도 하고 첫 결혼에 실패하여 그 아픔을 극복하지 못해 비혼주의가 되겠다는 사람들도 있다.#@문장구분# 혹은 사회적으로 경제적으로 넉넉하지 못해 비혼주의가 되겠다는 사람도 있고 결혼이라는 제도에 얽매이기 싫어 비혼을 선언하는 사람도 볼 수 있다.#@문장구분# 그런데 가만히 보면 단순히 결혼을 하지 않겠다는 것보다는 결혼이 두려워서 용기가 없어서 하지 못해요 라는 말 대신 그럴싸하게 포장하는 단어로 들린다.#@문장구분# 사귀다 헤어져서 마음이 아프고, 상처받아서 다시는 누구가를 만나지 못할 것 같은 마음에 비혼이라는 단어로 자신을 포장하고, 누군가를 책임질 책임감이 부족하고, 결혼이라는 제도에 희생하고 싶지 않은 마음을 비혼이라는 말로 자신을 포장하는 것이다.#@문장구분# 비혼주의자 라고 말하면서 누군가를 사귀고 그러다 마음이 동하면 이렇게 말한다.#@문장구분# 나는 비혼주의자이지만 너랑 이라면 결혼을 할 수 있을 껏 같다고 말이다.#@문장구분# 결혼과 비혼으로 나누기 보다는 결혼을 한 사람과 하지 못한 사람으로 나누는 것이 더 정확한 표현이라고 생각한다.#@문장구분# 혼기를 넘기 노처녀, 노총각들이 명절에 집에 있기 싫어하는 가장 큰 이유가 친척들이 와서 결혼 얘기를 꺼내는 것 때문이라고 들은 적이 있다.#@문장구분# 그런 말을 들으면 본인이 매력 없는 사람 같고 능력 없는 사람 같아서 자존감이 많이 떨어지기 때문이다.#@문장구분# 무언가 문제 있는 사람이것 같기 때문이다.#@문장구분# 비혼주의를 찬성하지는 않는다.#@문장구분# 하지만 결혼하지 못하는 명문으로 비혼이라고 얘기한다면 기꺼이 그 말을 받아주기는 할 것이다.#@문장구분# 짚신도 짝이 있지 않을까?#@문장구분#",
      "paragraph_len": 1060,
      "paragraph_id": "001"
    }
  ],
  "score": {
    "paragraph_score": [
      {
        "paragraph_scoreT": [
          3,
          3,
          2.4
        ],
        "paragraph_scoreT_detail": {
          "paragraph_scoreT_exp": [
            [
              3,
              3,
              3
            ],
            [
              3,
              3,
              3
            ],
            [
              2,
              3,
              2
            ]
          ]
        },
        "paragraph_scoreT_avg": 2.8,
        "paragraph_id": "001"
      }
    ],
    "essay_scoreT": [
      30,
      24.8,
      26.3
    ],
    "essay_scoreT_avg": 27.033333,
    "essay_scoreT_detail": {
      "essay_scoreT_org": [
        [
          3,
          0,
          3,
          3
        ],
        [
          2,
          0,
          3,
          1
        ],
        [
          3,
          0,
          2,
          3
        ]
      ],
      "essay_scoreT_cont": [
        [
          3,
          3,
          3,
          3
        ],
        [
          3,
          2,
          2,
          2
        ],
        [
          3,
          3,
          2,
          2
        ]
      ],
      "essay_scoreT_exp": [
        [
          3,
          3,
          3
        ],
        [
          3,
          3,
          3
        ],
        [
          1,
          3,
          3
        ]
      ]
    }
  },
  "student": {
    "date": "2021.12.13",
    "student_educated": true,
    "student_grade": "고등_1학년",
    "location": "031",
    "student_grade_group": "고등",
    "student_reading": 2
  },
  "rubric": {
    "essay_grade": "고등_1학년",
    "organization_weight": {
      "org_paragraph": 0,
      "org": 3,
      "org_essay": 6,
      "org_coherence": 3,
      "org_quantity": 1
    },
    "essay_type": "찬성반대",
    "content_weight": {
      "con_clearance": 3,
      "con_novelty": 3,
      "con": 4,
      "con_prompt": 1,
      "con_description": 3
    },
    "essay_main_subject": "비혼주의자에 대한 본인의 의견",
    "expression_weight": {
      "exp_style": 4,
      "exp_grammar": 2,
      "exp_vocab": 4,
      "exp": 3
    }
  },
  "correction": [],
  "info": {
    "essay_id": "ESSAY_71323",
    "essay_prompt": " \"\"연애는 필수, 결혼은 선택! 가슴이 뛰는 대로 가면 돼\"\".\n\n 유명한 유행가의 노래 가사처럼, 청년들에게 결혼은 이제 필수가 아닌 하나의 선택 사항입니다. 연애, 결혼, 출산을 포기한다는 의미의 '3포세대'라는 말이 나오기 무섭게 5포 세대, N포세대까지 등장할 정도로 취업난, 치솟는 부동산 가격 등 여러 사회·경제적 요인들로 청년층을 위축시켰습니다.\n\n 모두가 이러한 이유로 '결혼을 포기'하는 것만은 아닙니다. 개인의 행복을 위해 '비혼을 선택'하는 청년들도 늘고 있습니다. 이처럼 최근 전통적인 가치관에서 벗어나 연애와 동거는 하면서 결혼이라는 제도에 묶여 관계에서 파생되는 책임을 벗어나 자유로운 삶을 추구하는 비혼주의자가 늘고 있습니다.\n\n 다만, 개인의 자유로운 선택에 따라 비혼주의를 하지만 주변에서는 아직 고운 시선으로 바라보지 않는 사람도 많습니다. 결혼이라는 제도에 대해서 선택이 아닌 필수라고 생각하는 사람들도 많지요. 개개인이 모여 사회가 형성되기 때문에 사회의 가장 작은 단위인 가족을 이루는 것도 사회 구성원으로서의 큰 역할이라고 생각하는 사람들도 있습니다.\n\n 여러분은 결혼을 꼭 해야 한다고 생각하시나요? 아니면 결혼은 선택의 문제라고 생각하시나요? 비혼주의에 대해 찬성하는 입장 반대를 선택하여 자신의 의견을 작성해주세요. 그리고 그렇게 생각한 이유에 대해서 작성해주세요.",
    "essay_type": "찬성반대",
    "essay_level": "2",
    "essay_len": 800,
    "essay_main_subject": "비혼주의자에 대한 본인의 의견"
  }
}