{
  "paragraph": [
    {
      "paragraph_txt": "비혼족이 늘어나는 원인 중 하나는 결혼에 대한 인식 변화다.#@문장구분# 결혼을 반드시 해야 한다고 생각하는 사람이 해마다 줄고 있기 때문이다.#@문장구분# 특히 결혼하지 않은 여성일수록 인식 변화가 빠르다.#@문장구분# 통계청과 여성가족부가 발표한 따르면 기준 결혼을 '해야 한다'고 생각하는 미혼 여성은 30% 정도다.#@문장구분# 미혼 여성 열 명 중 세 명은 결혼이 필수가 아니라고 생각하는 것이다.#@문장구분# 같은 답을 한 미혼 남성이 것과 비교하면 결혼에 대한 인식이 성별에 따라 꽤 차이가 난다는 것을 알 수 있다.#@문장구분#혼자서 즐기는 문화도 점차 발전하고 있다.#@문장구분# 혼자라서 힘들거나 외롭다는 생각 대신 혼자라서 즐겁고 편하다고 생각하는 사람들이 늘어난 추세다.#@문장구분# 1인 가구가 증가하면서 혼자 즐길 수 있는 문화의 폭도 넓어졌다.#@문장구분# 미디어에서도 혼자 사는 사람들의 일상을 통해 다양한 삶의 방식들을 보여주는 프로그램들이 인기를 얻고 있다.#@문장구분#비자발적 비혼의 가장 큰 이유는 경제적 부담이다.#@문장구분# 높은 부동산 가격과 결혼 비용, 육아 비용이 취업난, 저성장 등과 맞물려 비자발적 비혼족을 만들고 있다.#@문장구분#결혼 제도에 대한 부담도 비혼을 선택하게 만드는 이유 중 하나다.#@문장구분# 결혼과 함께 따라오는 출산, 육아 문제가 대표적이다.#@문장구분# 결혼을 개인이 아닌 가족 간 결합으로 생각하는 한국 문화도 스트레스를 더하는 요인이다.#@문장구분# 특히 여성이라면 가사노동과 육아 책임이 여성에게 기울어진 현실에서 결혼에 대한 부담을 느끼기 쉽다.#@문장구분# 직장인 여성이라면 출산과 함께 경력이 단절될 가능성도 크다.#@문장구분# 기혼 여성의 경력 단절은 남성에게도 부담으로 작용한다.#@문장구분# 맞벌이가 필요한 상황에서도 외벌이로 경제적 책임을 져야 하기 때문이다.#@문장구분#",
      "paragraph_len": 1177,
      "paragraph_id": "001"
    }
  ],
  "score": {
    "paragraph_score": [
      {
        "paragraph_scoreT": [
          3,
          3,
          2.8
        ],
        "paragraph_scoreT_detail": {
          "paragraph_scoreT_exp": [
            [
              3,
              3,
              3
            ],
            [
              3,
              3,
              3
            ],
            [
              2,
              3,
              3
            ]
          ]
        },
        "paragraph_scoreT_avg": 2.9333334,
        "paragraph_id": "001"
      }
    ],
    "essay_scoreT": [
      30,
      26.3,
      26.9
    ],
    "essay_scoreT_avg": 27.733332,
    "essay_scoreT_detail": {
      "essay_scoreT_org": [
        [
          3,
          0,
          3,
          3
        ],
        [
          2,
          0,
          3,
          2
        ],
        [
          3,
          0,
          2,
          3
        ]
      ],
      "essay_scoreT_cont": [
        [
          3,
          3,
          3,
          3
        ],
        [
          3,
          2,
          2,
          3
        ],
        [
          3,
          3,
          2,
          2
        ]
      ],
      "essay_scoreT_exp": [
        [
          3,
          3,
          3
        ],
        [
          3,
          3,
          3
        ],
        [
          2,
          3,
          3
        ]
      ]
    }
  },
  "student": {
    "date": "2021.12.21",
    "student_educated": true,
    "student_grade": "고등_1학년",
    "location": "031",
    "student_grade_group": "고등",
    "student_reading": 2
  },
  "rubric": {
    "essay_grade": "고등_1학년",
    "organization_weight": {
      "org_paragraph": 0,
      "org": 3,
      "org_essay": 6,
      "org_coherence": 3,
      "org_quantity": 1
    },
    "essay_type": "찬성반대",
    "content_weight": {
      "con_clearance": 3,
      "con_novelty": 3,
      "con": 4,
      "con_prompt": 1,
      "con_description": 3
    },
    "essay_main_subject": "비혼주의자에 대한 본인의 의견",
    "expression_weight": {
      "exp_style": 4,
      "exp_grammar": 2,
      "exp_vocab": 4,
      "exp": 3
    }
  },
  "correction": [],
  "info": {
    "essay_id": "ESSAY_71320",
    "essay_prompt": " \"\"연애는 필수, 결혼은 선택! 가슴이 뛰는 대로 가면 돼\"\".\n\n 유명한 유행가의 노래 가사처럼, 청년들에게 결혼은 이제 필수가 아닌 하나의 선택 사항입니다. 연애, 결혼, 출산을 포기한다는 의미의 '3포세대'라는 말이 나오기 무섭게 5포 세대, N포세대까지 등장할 정도로 취업난, 치솟는 부동산 가격 등 여러 사회·경제적 요인들로 청년층을 위축시켰습니다.\n\n 모두가 이러한 이유로 '결혼을 포기'하는 것만은 아닙니다. 개인의 행복을 위해 '비혼을 선택'하는 청년들도 늘고 있습니다. 이처럼 최근 전통적인 가치관에서 벗어나 연애와 동거는 하면서 결혼이라는 제도에 묶여 관계에서 파생되는 책임을 벗어나 자유로운 삶을 추구하는 비혼주의자가 늘고 있습니다.\n\n 다만, 개인의 자유로운 선택에 따라 비혼주의를 하지만 주변에서는 아직 고운 시선으로 바라보지 않는 사람도 많습니다. 결혼이라는 제도에 대해서 선택이 아닌 필수라고 생각하는 사람들도 많지요. 개개인이 모여 사회가 형성되기 때문에 사회의 가장 작은 단위인 가족을 이루는 것도 사회 구성원으로서의 큰 역할이라고 생각하는 사람들도 있습니다.\n\n 여러분은 결혼을 꼭 해야 한다고 생각하시나요? 아니면 결혼은 선택의 문제라고 생각하시나요? 비혼주의에 대해 찬성하는 입장 반대를 선택하여 자신의 의견을 작성해주세요. 그리고 그렇게 생각한 이유에 대해서 작성해주세요.",
    "essay_type": "찬성반대",
    "essay_level": "2",
    "essay_len": 798,
    "essay_main_subject": "비혼주의자에 대한 본인의 의견"
  }
}