{
  "paragraph": [
    {
      "paragraph_txt": "결혼을 하면 법적으로 두 사람의 관계가 인정됩니다. #@문장구분#그렇게되면 각종 복지 혜택은 물론이고 한 쪽이 죽거나 중태에 빠졌을 때 중대한 결정을 내릴 수 있는 자격이 주어집니다.#@문장구분# 하지만 결혼을 하지 않으면 관계가 인정되지 않기 때문에 각종 혜택은 물론이고 서로 무슨 일이 생겨도 법적으로 어떠한 간섭도 할 수 없기에 법적으로 인정받은 관계라는 건 비혼자와 기혼자의 가장 큰 차이점이자 큰 장점이라고 생각합니다.#@문장구분# 오지랖을 늘어놓는 경우가 있습니다.#@문장구분# 본인의 혐오 정서는 생각의 자유니 존중해 달라면서 정작 자신들은 존중해주지 않는 모습은 어이가 없습니다. #@문장구분#솔로를 존중해 달라면서 정작 커플들한테 온갖 인격 모독을 날리는 것과 유사하다고 봅니다.#@문장구분# 여성의 사회 진출이 늘어나게 되며 이러한 현상은 조금씩 줄어들고 있지만 대신 비혼주의가 늘고있는 것이죠.#@문장구분# 결혼에 대한 좋은 혜택이 많이 나오더라도 사회적인 물가나 인식이 개선되지 않는 이상 비혼주의자는 존재할 것입니다.#@문장구분# 저는 기혼자도 비혼주의자도 아니며 결혼 적령기와는 다소 거리가 먼 학생입니다.#@문장구분# 이런 입장에서 비혼주의를 바라봐보았는데요.#@문장구분# 저는 결혼적령기에 놓인 사람들이 느낄 부담감이 다소 안쓰럽습니다.#@문장구분# 결혼을 할지는 개인의 선택의 자유이지만 사회적인 인식과 사회적 강요 속에 결혼을 포기하는 사례도 많을 것 같았습니다.#@문장구분# 오히려 찬반을 토론하기 보다는 청년층에 대한 복지나 혜택에 대해서 심도깊은 이야기를 나눠보는 것이 좋지 않을까 싶습니다.#@문장구분# 결혼을 하지 않는다고 누군가에게 피해가 가는 상황도 발생하지 않기에 근본적으로 선택의 문제인 것을 놓고 찬성 하냐 반대 하냐라는 주제자체도 적절치 않다.#@문장구분#",
      "paragraph_len": 1082,
      "paragraph_id": "001"
    }
  ],
  "score": {
    "paragraph_score": [
      {
        "paragraph_scoreT": [
          3,
          2.6,
          2.8
        ],
        "paragraph_scoreT_detail": {
          "paragraph_scoreT_exp": [
            [
              3,
              3,
              3
            ],
            [
              3,
              3,
              2
            ],
            [
              2,
              3,
              3
            ]
          ]
        },
        "paragraph_scoreT_avg": 2.8,
        "paragraph_id": "001"
      }
    ],
    "essay_scoreT": [
      30,
      23.899998,
      26.9
    ],
    "essay_scoreT_avg": 26.933332,
    "essay_scoreT_detail": {
      "essay_scoreT_org": [
        [
          3,
          0,
          3,
          3
        ],
        [
          2,
          0,
          3,
          2
        ],
        [
          3,
          0,
          2,
          3
        ]
      ],
      "essay_scoreT_cont": [
        [
          3,
          3,
          3,
          3
        ],
        [
          2,
          2,
          2,
          3
        ],
        [
          3,
          3,
          2,
          2
        ]
      ],
      "essay_scoreT_exp": [
        [
          3,
          3,
          3
        ],
        [
          3,
          3,
          2
        ],
        [
          2,
          3,
          3
        ]
      ]
    }
  },
  "student": {
    "date": "2021.12.20",
    "student_educated": true,
    "student_grade": "고등_1학년",
    "location": "044",
    "student_grade_group": "고등",
    "student_reading": 2
  },
  "rubric": {
    "essay_grade": "고등_1학년",
    "organization_weight": {
      "org_paragraph": 0,
      "org": 3,
      "org_essay": 6,
      "org_coherence": 3,
      "org_quantity": 1
    },
    "essay_type": "찬성반대",
    "content_weight": {
      "con_clearance": 3,
      "con_novelty": 3,
      "con": 4,
      "con_prompt": 1,
      "con_description": 3
    },
    "essay_main_subject": "비혼주의자에 대한 본인의 의견",
    "expression_weight": {
      "exp_style": 4,
      "exp_grammar": 2,
      "exp_vocab": 4,
      "exp": 3
    }
  },
  "correction": [],
  "info": {
    "essay_id": "ESSAY_71298",
    "essay_prompt": " \"\"연애는 필수, 결혼은 선택! 가슴이 뛰는 대로 가면 돼\"\".\n\n 유명한 유행가의 노래 가사처럼, 청년들에게 결혼은 이제 필수가 아닌 하나의 선택 사항입니다. 연애, 결혼, 출산을 포기한다는 의미의 '3포세대'라는 말이 나오기 무섭게 5포 세대, N포세대까지 등장할 정도로 취업난, 치솟는 부동산 가격 등 여러 사회·경제적 요인들로 청년층을 위축시켰습니다.\n\n 모두가 이러한 이유로 '결혼을 포기'하는 것만은 아닙니다. 개인의 행복을 위해 '비혼을 선택'하는 청년들도 늘고 있습니다. 이처럼 최근 전통적인 가치관에서 벗어나 연애와 동거는 하면서 결혼이라는 제도에 묶여 관계에서 파생되는 책임을 벗어나 자유로운 삶을 추구하는 비혼주의자가 늘고 있습니다.\n\n 다만, 개인의 자유로운 선택에 따라 비혼주의를 하지만 주변에서는 아직 고운 시선으로 바라보지 않는 사람도 많습니다. 결혼이라는 제도에 대해서 선택이 아닌 필수라고 생각하는 사람들도 많지요. 개개인이 모여 사회가 형성되기 때문에 사회의 가장 작은 단위인 가족을 이루는 것도 사회 구성원으로서의 큰 역할이라고 생각하는 사람들도 있습니다.\n\n 여러분은 결혼을 꼭 해야 한다고 생각하시나요? 아니면 결혼은 선택의 문제라고 생각하시나요? 비혼주의에 대해 찬성하는 입장 반대를 선택하여 자신의 의견을 작성해주세요. 그리고 그렇게 생각한 이유에 대해서 작성해주세요.",
    "essay_type": "찬성반대",
    "essay_level": "2",
    "essay_len": 802,
    "essay_main_subject": "비혼주의자에 대한 본인의 의견"
  }
}