{
  "paragraph": [
    {
      "paragraph_txt": "대한민국 사회가 변화 하기 때문에 개인주의 성향이 많아지고 있다고 한다.#@문장구분#  이러한 상황 속에서 결혼에 대한 전통적인 가치관에서 벗어나 꼭 결혼을 해야한다는 의무감이 없어지면서 연애를 하고 결혼한 것과 거의 다름없는 생활은 하지만 결혼은 하지 않는 비혼주의자들이 많아지고 있다.#@문장구분# 결혼한다는 것으로부터 오는 책임을 원하지 않는 것이다.#@문장구분# 나는 이 비혼주의에 찬성한다.#@문장구분# 내가 비혼주의에 찬성하는 이유로는 첫째, 시대가 변했다.#@문장구분# 학생들도 단성학교만 나오는 것과 같은 특수한 상황이 아니면 이성간에도 자유롭게 친구도 사귀고, 교제도 하고 있다.#@문장구분# 그리고 이렇게 자유로운 연애사상을 가지고 자라나 성인이 된 사람들이 많아지면서 비혼주의가 늘어나는 것은 어찌 보면 당연하다.#@문장구분# 둘째, 사람들의 자유의식이 계속해서 성장하고 있다.#@문장구분# 왕정 시대가 몰락하고 민주주의 가치관이 확산되면서 사람들은 정치, 경제 등에서의 자유를 강조해왔다.#@문장구분# 그렇게 자라난 자유에 대한 의지는 과거 세대의 사회적 고정관념에 대한 새로운 세대의 저항의식으로 발전했다고 생각한다.#@문장구분# 우월주의를 느끼는 와중에 사람들은 oecd가 올랐네 수출 강국이다 k팝 어쩌고 하며 아직 일반 국민들은 그러한 사실을 뉴스에서만 접하지 직접적으로 체험하는 사람들은 빙산의 일각에 불과하지만 그러한 사실을 매체를 통해 접하게 되면서 대리만족을 느끼면서 마치 자신이, 우리나라가 열등감에서 우월감으로 변화가 되 사람들이 착각에 빠져서 사람들이 바뀌게 될 것이다.#@문장구분# 그렇게 바뀌다보면 앞으로도 더 비혼주의가 늘어나면서 혼자사는 사람들이 더많아지면서 결혼하는 사람들이 귀해질것이라고 예상한다.#@문장구분#",
      "paragraph_len": 1030,
      "paragraph_id": "001"
    }
  ],
  "score": {
    "paragraph_score": [
      {
        "paragraph_scoreT": [
          3,
          3,
          2.6
        ],
        "paragraph_scoreT_detail": {
          "paragraph_scoreT_exp": [
            [
              3,
              3,
              3
            ],
            [
              3,
              3,
              3
            ],
            [
              3,
              2,
              3
            ]
          ]
        },
        "paragraph_scoreT_avg": 2.8666668,
        "paragraph_id": "001"
      }
    ],
    "essay_scoreT": [
      30,
      26.3,
      25.4
    ],
    "essay_scoreT_avg": 27.233332,
    "essay_scoreT_detail": {
      "essay_scoreT_org": [
        [
          3,
          0,
          3,
          3
        ],
        [
          2,
          0,
          3,
          2
        ],
        [
          2,
          0,
          3,
          3
        ]
      ],
      "essay_scoreT_cont": [
        [
          3,
          3,
          3,
          3
        ],
        [
          3,
          2,
          2,
          3
        ],
        [
          3,
          3,
          2,
          2
        ]
      ],
      "essay_scoreT_exp": [
        [
          3,
          3,
          3
        ],
        [
          3,
          3,
          3
        ],
        [
          3,
          2,
          3
        ]
      ]
    }
  },
  "student": {
    "date": "2021.12.20",
    "student_educated": true,
    "student_grade": "고등_1학년",
    "location": "044",
    "student_grade_group": "고등",
    "student_reading": 2
  },
  "rubric": {
    "essay_grade": "고등_1학년",
    "organization_weight": {
      "org_paragraph": 0,
      "org": 3,
      "org_essay": 6,
      "org_coherence": 3,
      "org_quantity": 1
    },
    "essay_type": "찬성반대",
    "content_weight": {
      "con_clearance": 3,
      "con_novelty": 3,
      "con": 4,
      "con_prompt": 1,
      "con_description": 3
    },
    "essay_main_subject": "비혼주의자에 대한 본인의 의견",
    "expression_weight": {
      "exp_style": 4,
      "exp_grammar": 2,
      "exp_vocab": 4,
      "exp": 3
    }
  },
  "correction": [],
  "info": {
    "essay_id": "ESSAY_71270",
    "essay_prompt": " \"\"연애는 필수, 결혼은 선택! 가슴이 뛰는 대로 가면 돼\"\".\n\n 유명한 유행가의 노래 가사처럼, 청년들에게 결혼은 이제 필수가 아닌 하나의 선택 사항입니다. 연애, 결혼, 출산을 포기한다는 의미의 '3포세대'라는 말이 나오기 무섭게 5포 세대, N포세대까지 등장할 정도로 취업난, 치솟는 부동산 가격 등 여러 사회·경제적 요인들로 청년층을 위축시켰습니다.\n\n 모두가 이러한 이유로 '결혼을 포기'하는 것만은 아닙니다. 개인의 행복을 위해 '비혼을 선택'하는 청년들도 늘고 있습니다. 이처럼 최근 전통적인 가치관에서 벗어나 연애와 동거는 하면서 결혼이라는 제도에 묶여 관계에서 파생되는 책임을 벗어나 자유로운 삶을 추구하는 비혼주의자가 늘고 있습니다.\n\n 다만, 개인의 자유로운 선택에 따라 비혼주의를 하지만 주변에서는 아직 고운 시선으로 바라보지 않는 사람도 많습니다. 결혼이라는 제도에 대해서 선택이 아닌 필수라고 생각하는 사람들도 많지요. 개개인이 모여 사회가 형성되기 때문에 사회의 가장 작은 단위인 가족을 이루는 것도 사회 구성원으로서의 큰 역할이라고 생각하는 사람들도 있습니다.\n\n 여러분은 결혼을 꼭 해야 한다고 생각하시나요? 아니면 결혼은 선택의 문제라고 생각하시나요? 비혼주의에 대해 찬성하는 입장 반대를 선택하여 자신의 의견을 작성해주세요. 그리고 그렇게 생각한 이유에 대해서 작성해주세요.",
    "essay_type": "찬성반대",
    "essay_level": "2",
    "essay_len": 790,
    "essay_main_subject": "비혼주의자에 대한 본인의 의견"
  }
}