{
  "paragraph": [
    {
      "paragraph_txt": "먼저 \"비혼주의자란 '결혼은 필수가 아니라, 선택이라고 생각한는 이'를 일컫는 말이다.#@문장구분# 미혼은 혼인상태가 아님을 뜻하지만 비혼은 혼인할 '의지'가 없음을 뜻하는 용어다.#@문장구분# 비혼주의자는 결혼 제도를 거부하는 사람을 의미한다.\"라고 네이버 국어사전에 나와있다.#@문장구분# 비혼주의자의 장점으로는 결혼을 했을 때 받는 억압을 받지 않거나 자신만의 시간과 자유를 느끼며 자신의 취미 생활과 여가 생활 혹은 목표를 향해 나아갈 때 방해 받지 않을 것이다.#@문장구분# 하지만 계속 비혼주의자가 늘어난다면 우리나라의 지금도 심각한 저출산 문제가 더욱 심해질 뿐만 아니라 노인 1인 가구가 늘어 고독사를 하는 비율이 늘어날 것이다.#@문장구분# 또한 결혼을 했을 때에도 그만한 장점이 있다.#@문장구분# 결혼을 했을 때 자신이 사랑하는 남편 혹은 아내와 함께 살게 되어 항상 함께 있을 수 있을 것이고, 재정적으로 힘들 때 서로 돕고 도우며 힘든 시기를 벗어날 수 있다.#@문장구분# 가치관까지 비슷한 사람을 만난다면 자신의 취미 활동이나 목표를 향해 서로 받쳐 주며 함께 나아가는 재미또한 있을것이다.#@문장구분#물론 이런 사람을 만나기는 힘들겠지만 사회 생활을 하다 보면 충분히 만날 수 있다고 생각하기 때문에 비혼주의에 반대한다.#@문장구분#요기서 내 인생의 목표 중 하나를 말한다면 내가 정말 사랑하는 사람을 만나 아이를 잘 키우는 것이다.#@문장구분# 이렇게 나는 결혼을 했을 때의 목표가 있기 때문에 비혼주의를 반대하기도 한다.#@문장구분# 물론 자신이 영원히 함께할 상대를 찾지 못한다거나 다른 사람과 어울리지 못하겠거나 결혼을 하지 않았을 때 자신의 목표가 명확히 있다면 혼자서 사는 것도 맞다는 생각이 든다.#@문장구분# 내가 아는 사람 중에 비혼주의자가 있는데 그분은 자신의 친동생과 함께 세계 여행을 목표로 열심히 돈을 벌고 자기 관리를 하며 살아가고 있다.#@문장구분# 이것처럼 자신의 삶을 위해 노력한다면 비혼주의자도 나쁘지 않기 때문에 나는 찬성과 반대쪽에서 반대 쪽으로 살짝 더 기울어져 있는것 같다.#@문장구분#",
      "paragraph_len": 1219,
      "paragraph_id": "001"
    }
  ],
  "score": {
    "paragraph_score": [
      {
        "paragraph_scoreT": [
          2,
          3,
          1.6
        ],
        "paragraph_scoreT_detail": {
          "paragraph_scoreT_exp": [
            [
              2,
              2,
              2
            ],
            [
              3,
              3,
              3
            ],
            [
              2,
              2,
              1
            ]
          ]
        },
        "paragraph_scoreT_avg": 2.2,
        "paragraph_id": "001"
      }
    ],
    "essay_scoreT": [
      20,
      27.6,
      16.4
    ],
    "essay_scoreT_avg": 21.333334,
    "essay_scoreT_detail": {
      "essay_scoreT_org": [
        [
          2,
          0,
          2,
          2
        ],
        [
          3,
          0,
          3,
          3
        ],
        [
          2,
          0,
          2,
          2
        ]
      ],
      "essay_scoreT_cont": [
        [
          2,
          2,
          2,
          2
        ],
        [
          3,
          2,
          3,
          2
        ],
        [
          2,
          1,
          2,
          1
        ]
      ],
      "essay_scoreT_exp": [
        [
          2,
          2,
          2
        ],
        [
          3,
          3,
          3
        ],
        [
          2,
          2,
          1
        ]
      ]
    }
  },
  "student": {
    "date": "2021.09.02",
    "student_educated": true,
    "student_grade": "고등_1학년",
    "location": "051",
    "student_grade_group": "고등",
    "student_reading": 1
  },
  "rubric": {
    "essay_grade": "고등_1학년",
    "organization_weight": {
      "org_paragraph": 0,
      "org": 3,
      "org_essay": 6,
      "org_coherence": 3,
      "org_quantity": 1
    },
    "essay_type": "찬성반대",
    "content_weight": {
      "con_clearance": 3,
      "con_novelty": 3,
      "con": 4,
      "con_prompt": 1,
      "con_description": 3
    },
    "essay_main_subject": "비혼주의자에 대한 본인의 의견",
    "expression_weight": {
      "exp_style": 4,
      "exp_grammar": 2,
      "exp_vocab": 4,
      "exp": 3
    }
  },
  "correction": [],
  "info": {
    "essay_id": "ESSAY_34046",
    "essay_prompt": " \"\"연애는 필수, 결혼은 선택! 가슴이 뛰는 대로 가면 돼\"\".\n\n 유명한 유행가의 노래 가사처럼, 청년들에게 결혼은 이제 필수가 아닌 하나의 선택 사항입니다. 연애, 결혼, 출산을 포기한다는 의미의 '3포세대'라는 말이 나오기 무섭게 5포 세대, N포세대까지 등장할 정도로 취업난, 치솟는 부동산 가격 등 여러 사회·경제적 요인들로 청년층을 위축시켰습니다.\n\n 모두가 이러한 이유로 '결혼을 포기'하는 것만은 아닙니다. 개인의 행복을 위해 '비혼을 선택'하는 청년들도 늘고 있습니다. 이처럼 최근 전통적인 가치관에서 벗어나 연애와 동거는 하면서 결혼이라는 제도에 묶여 관계에서 파생되는 책임을 벗어나 자유로운 삶을 추구하는 비혼주의자가 늘고 있습니다.\n\n 다만, 개인의 자유로운 선택에 따라 비혼주의를 하지만 주변에서는 아직 고운 시선으로 바라보지 않는 사람도 많습니다. 결혼이라는 제도에 대해서 선택이 아닌 필수라고 생각하는 사람들도 많지요. 개개인이 모여 사회가 형성되기 때문에 사회의 가장 작은 단위인 가족을 이루는 것도 사회 구성원으로서의 큰 역할이라고 생각하는 사람들도 있습니다.\n\n 여러분은 결혼을 꼭 해야 한다고 생각하시나요? 아니면 결혼은 선택의 문제라고 생각하시나요? 비혼주의에 대해 찬성하는 입장 반대를 선택하여 자신의 의견을 작성해주세요. 그리고 그렇게 생각한 이유에 대해서 작성해주세요.",
    "essay_type": "찬성반대",
    "essay_level": "2",
    "essay_len": 940,
    "essay_main_subject": "비혼주의자에 대한 본인의 의견"
  }
}