{
  "paragraph": [
    {
      "paragraph_txt": "저는 비혼주의에 찬성하는데, 이유는 정부 지원해 주는 것이 부족하다고 생각합니다.#@문장구분# 문재인 대통령님이 취임 하셔서 집 값이 전 대통령들 보다 엄청난 금액으로 폭등하셨다고 합니다.#@문장구분#폭등을 하여도 비싼 집은 비쌉니다.#@문장구분# 이 집 값에도 부담감을 느껴서 결혼을 하지 않는 것입니다.#@문장구분# 만약 주택 문제만이라도 해결된다면 결혼을 결심하는 사람이 상당합니다.#@문장구분# 또한 여기서 빠지면 안되는 직장 문제입니다.#@문장구분# 요즈음 젊은 사람들 말로 직장은 하늘에 별 따기 라는 말입니다.#@문장구분# 취업을 준비하는 사람을 증가하나 코로나로 인해 인력은 조금 필요하고 요즘은 AI로 왠만한 일을 기술로 처리 할 수 있기 때문입니다.#@문장구분# 이러한 말을 보았을 때에도 요즘 젊은 사람들은 직장을 얻기 힘들다는 뜻입니다.#@문장구분# 또한 직장이 없으니 들어오는 돈이 없기에 결혼 할 자금이 부족하고 아기를 낳고 키우기 위해서는 육아비가 필요로 한데 이를 감당할 막대한 금액이 없으니 결혼을 하지 않는 사람들이 늘고 있다고 합니다.#@문장구분# 그리고 만약 직장을 다닌다 해도여성들은 출산 후에는 경력이 끊기기에 직장에서 지원하는 육아 제도가 부족하다고 생각하여 직장인 중에서도 비혼주의자인 분들도 많습니다.#@문장구분# 남성과 여성분들에게 비혼인 이유를 물어보자 여성분들은 암묵적인 자녀 출산 요구 등의 이유가 가장 크게 나왔고 남성분들은 경제적 여유 부족 등의 이유가 가장 크게 나온 연구 결과가 나온 글을 보았습니다. #@문장구분#그리고 결혼을 준비하는 그 긴 과정 동안 자신의 꿈을 추구하여 자기 개발을 더 하는 것이 도움이 더 될 수 있습니다.#@문장구분# 그리고 뉴스를 보게 되면 가정폭력, 가족 간 살해 등등 이러한 범죄율이 증가하므로 인해 가정 사이에서 많이 일어나는데 나중에 내가 가정을 꾸려서 이러한 일에 피해자가 '나' 자신이 될 수 있는 가정을 아예 빼놓지 못하므로 결혼을 하지 않을 수 있다.#@문장구분# 이러한 문제를 감수하여 굳이 결혼을 할 필요 없다 생각한다.#@문장구분# 아무리 대한민국이 저출산 문제가 심각하다 해도 정부가 이러한 문제에 제대로 된 해결방안을 내놓지 않으면 비혼주의자는 점점 더 늘어날 것 이다.#@문장구분# 지금의 청년들이 미래에 살기 힘들게 부동산 값을 폭등시켜주거나 다른 제도를 도입한다면 가정을 꾸리기 위해 큰 돈을 들여 작은 집 한 채 살 필요가 없다고 생각합니다.#@문장구분#",
      "paragraph_len": 1437,
      "paragraph_id": "001"
    }
  ],
  "score": {
    "paragraph_score": [
      {
        "paragraph_scoreT": [
          3,
          2.2,
          2.4
        ],
        "paragraph_scoreT_detail": {
          "paragraph_scoreT_exp": [
            [
              3,
              3,
              3
            ],
            [
              3,
              2,
              2
            ],
            [
              2,
              3,
              2
            ]
          ]
        },
        "paragraph_scoreT_avg": 2.5333333,
        "paragraph_id": "001"
      }
    ],
    "essay_scoreT": [
      30,
      24.2,
      25.800001
    ],
    "essay_scoreT_avg": 26.666666,
    "essay_scoreT_detail": {
      "essay_scoreT_org": [
        [
          3,
          0,
          3,
          3
        ],
        [
          2,
          0,
          3,
          3
        ],
        [
          3,
          0,
          3,
          3
        ]
      ],
      "essay_scoreT_cont": [
        [
          3,
          3,
          3,
          3
        ],
        [
          3,
          2,
          2,
          3
        ],
        [
          2,
          3,
          3,
          2
        ]
      ],
      "essay_scoreT_exp": [
        [
          3,
          3,
          3
        ],
        [
          3,
          2,
          2
        ],
        [
          2,
          3,
          2
        ]
      ]
    }
  },
  "student": {
    "date": "2021.12.20",
    "student_educated": true,
    "student_grade": "고등_1학년",
    "location": "044",
    "student_grade_group": "고등",
    "student_reading": 2
  },
  "rubric": {
    "essay_grade": "고등_1학년",
    "organization_weight": {
      "org_paragraph": 0,
      "org": 3,
      "org_essay": 6,
      "org_coherence": 3,
      "org_quantity": 1
    },
    "essay_type": "찬성반대",
    "content_weight": {
      "con_clearance": 3,
      "con_novelty": 3,
      "con": 4,
      "con_prompt": 1,
      "con_description": 3
    },
    "essay_main_subject": "비혼주의자에 대한 본인의 의견",
    "expression_weight": {
      "exp_style": 4,
      "exp_grammar": 2,
      "exp_vocab": 4,
      "exp": 3
    }
  },
  "correction": [],
  "info": {
    "essay_id": "ESSAY_71310",
    "essay_prompt": " \"\"연애는 필수, 결혼은 선택! 가슴이 뛰는 대로 가면 돼\"\".\n\n 유명한 유행가의 노래 가사처럼, 청년들에게 결혼은 이제 필수가 아닌 하나의 선택 사항입니다. 연애, 결혼, 출산을 포기한다는 의미의 '3포세대'라는 말이 나오기 무섭게 5포 세대, N포세대까지 등장할 정도로 취업난, 치솟는 부동산 가격 등 여러 사회·경제적 요인들로 청년층을 위축시켰습니다.\n\n 모두가 이러한 이유로 '결혼을 포기'하는 것만은 아닙니다. 개인의 행복을 위해 '비혼을 선택'하는 청년들도 늘고 있습니다. 이처럼 최근 전통적인 가치관에서 벗어나 연애와 동거는 하면서 결혼이라는 제도에 묶여 관계에서 파생되는 책임을 벗어나 자유로운 삶을 추구하는 비혼주의자가 늘고 있습니다.\n\n 다만, 개인의 자유로운 선택에 따라 비혼주의를 하지만 주변에서는 아직 고운 시선으로 바라보지 않는 사람도 많습니다. 결혼이라는 제도에 대해서 선택이 아닌 필수라고 생각하는 사람들도 많지요. 개개인이 모여 사회가 형성되기 때문에 사회의 가장 작은 단위인 가족을 이루는 것도 사회 구성원으로서의 큰 역할이라고 생각하는 사람들도 있습니다.\n\n 여러분은 결혼을 꼭 해야 한다고 생각하시나요? 아니면 결혼은 선택의 문제라고 생각하시나요? 비혼주의에 대해 찬성하는 입장 반대를 선택하여 자신의 의견을 작성해주세요. 그리고 그렇게 생각한 이유에 대해서 작성해주세요.",
    "essay_type": "찬성반대",
    "essay_level": "2",
    "essay_len": 1098,
    "essay_main_subject": "비혼주의자에 대한 본인의 의견"
  }
}