{
  "paragraph": [
    {
      "paragraph_txt": "안녕하세요#@문장구분#. 저는 #@소속#에 재학 중인 #@소속# 학생 #@이름#입니다.#@문장구분# 저는 비혼 주의에 대해 찬성합니다.#@문장구분# 왜냐하면 일단, 사회가 변화하면서 생활 모습도 변화하기 때문입니다.#@문장구분# 과거에는 농경사회로 농사일을 도울 사람이 많이 필요했기에, 남녀가 결혼하여 자녀도 많이 낳아 농사를 하며 자급자족 생활하던 대가족형태의 사회였습니다.#@문장구분# 하지만 요즘은 여성의 교육 기회가 증가하고, 여성의 사회 진출이 확대되면서, 남녀가 모두 돈을 벌어 필요한 것을 사는 자본주의 형태의 사회로 변화했습니다.#@문장구분# 그러한 사회에선 남녀가 결혼하여 자식을 낳는 것보단 인공지능의 발전으로 많은 직업이 사라지는 가운데, 자신의 직장에서 커리어를 쌓는 게 더 중요시되면서 자연스럽게 결혼을 하는 것보단 자유롭게 커플로 살거나, 비혼으로 혼자 살아가는 것이 늘고 있는 게 아닐까 싶습니다.#@문장구분# 2016년 결혼정보 회사 듀오가 미혼 남녀 1000명을 대상으로 조사한 결과, 결혼을 반드시 해야 한다고 답한 사람은 10명 중 3명밖에 되지 않는다고 하는데요.#@문장구분# 그리고 두 번째는 여성들의 개인의 자유로운 삶을 추구하는 목소리가 커지고 있다고 생각이 드는데요.#@문장구분# 실제로 비혼 선택 이유로는 육아와 직업적 커리어 다음으로 경제적 부담을 꼽았습니다.#@문장구분# 가장 많이 언급된 육아와 직업적 커리어는 출산 시 남성보다 여성이 일을 그만두고 일명 독박 육아·살림하는 현실로 인해 여성이 자신의 커리어를 포기하는 비중이 많기 때문으로 분석됐는데요.#@문장구분# 성별로 보면 비혼을 언급하는 건수는 여성이 73%, 남성이 27%로 여성이 훨씬 압도적이었습니다.#@문장구분# 남성은 고용 불안정 등 경제적 부담으로 '삼포세대(취업·결혼·출산 포기)'를 자처하는 분위기였지만, 여성의 비혼 선택은 개인의 자유로운 삶을 추구하려는 적극적인 선택의 결과인 것으로 분석됐습니다.#@문장구분#\n 이러하여 사회가 변화하면서 생활양식도 변하고, 사람들의 생각도 변화해갔습니다.#@문장구분# 여성들이 사회 진출의 기회가 확대되면서 남녀 모두 결혼을 하며 생활하는 것보다는 요즘 버는 월금으론 자신의 생활을 살아가는 것도 힘들어하는 경제적 부담의 원인과 자신의 자유로운 삶이나 자신의 직장 캐리어 같은 자신을 위한 원인도 있었습니다.#@문장구분# 그렇기 때문에 개인주의가 되며 자유와 권리를 추구하는 현대사회에서 꼭 결혼을 해야 한다보다는 비혼 주의의 사람은 자신의 나름대로 혼자 살고, 결혼해서 살아갈 사람들은 결혼해서 살아가는 그런 자유로운 사회가 좋다고 생각했기 때문에 저는 비혼 주의에 대해 찬성합니다.#@문장구분#",
      "paragraph_len": 1569,
      "paragraph_id": "001"
    }
  ],
  "score": {
    "paragraph_score": [
      {
        "paragraph_scoreT": [
          3,
          3,
          3
        ],
        "paragraph_scoreT_detail": {
          "paragraph_scoreT_exp": [
            [
              3,
              3,
              3
            ],
            [
              3,
              3,
              3
            ],
            [
              3,
              3,
              3
            ]
          ]
        },
        "paragraph_scoreT_avg": 3,
        "paragraph_id": "001"
      }
    ],
    "essay_scoreT": [
      30,
      30,
      25.800001
    ],
    "essay_scoreT_avg": 28.6,
    "essay_scoreT_detail": {
      "essay_scoreT_org": [
        [
          3,
          0,
          3,
          3
        ],
        [
          3,
          0,
          3,
          3
        ],
        [
          2,
          0,
          3,
          3
        ]
      ],
      "essay_scoreT_cont": [
        [
          3,
          3,
          3,
          3
        ],
        [
          3,
          3,
          3,
          3
        ],
        [
          3,
          2,
          3,
          2
        ]
      ],
      "essay_scoreT_exp": [
        [
          3,
          3,
          3
        ],
        [
          3,
          3,
          3
        ],
        [
          3,
          3,
          3
        ]
      ]
    }
  },
  "student": {
    "date": "2021.10.24",
    "student_educated": true,
    "student_grade": "고등_1학년",
    "location": "063",
    "student_grade_group": "고등",
    "student_reading": 2
  },
  "rubric": {
    "essay_grade": "고등_1학년",
    "organization_weight": {
      "org_paragraph": 0,
      "org": 3,
      "org_essay": 6,
      "org_coherence": 3,
      "org_quantity": 1
    },
    "essay_type": "찬성반대",
    "content_weight": {
      "con_clearance": 3,
      "con_novelty": 3,
      "con": 4,
      "con_prompt": 1,
      "con_description": 3
    },
    "essay_main_subject": "비혼주의자에 대한 본인의 의견",
    "expression_weight": {
      "exp_style": 4,
      "exp_grammar": 2,
      "exp_vocab": 4,
      "exp": 3
    }
  },
  "correction": [],
  "info": {
    "essay_id": "ESSAY_43911",
    "essay_prompt": " \"\"연애는 필수, 결혼은 선택! 가슴이 뛰는 대로 가면 돼\"\".\n\n 유명한 유행가의 노래 가사처럼, 청년들에게 결혼은 이제 필수가 아닌 하나의 선택 사항입니다. 연애, 결혼, 출산을 포기한다는 의미의 '3포세대'라는 말이 나오기 무섭게 5포 세대, N포세대까지 등장할 정도로 취업난, 치솟는 부동산 가격 등 여러 사회·경제적 요인들로 청년층을 위축시켰습니다.\n\n 모두가 이러한 이유로 '결혼을 포기'하는 것만은 아닙니다. 개인의 행복을 위해 '비혼을 선택'하는 청년들도 늘고 있습니다. 이처럼 최근 전통적인 가치관에서 벗어나 연애와 동거는 하면서 결혼이라는 제도에 묶여 관계에서 파생되는 책임을 벗어나 자유로운 삶을 추구하는 비혼주의자가 늘고 있습니다.\n\n 다만, 개인의 자유로운 선택에 따라 비혼주의를 하지만 주변에서는 아직 고운 시선으로 바라보지 않는 사람도 많습니다. 결혼이라는 제도에 대해서 선택이 아닌 필수라고 생각하는 사람들도 많지요. 개개인이 모여 사회가 형성되기 때문에 사회의 가장 작은 단위인 가족을 이루는 것도 사회 구성원으로서의 큰 역할이라고 생각하는 사람들도 있습니다.\n\n 여러분은 결혼을 꼭 해야 한다고 생각하시나요? 아니면 결혼은 선택의 문제라고 생각하시나요? 비혼주의에 대해 찬성하는 입장 반대를 선택하여 자신의 의견을 작성해주세요. 그리고 그렇게 생각한 이유에 대해서 작성해주세요.",
    "essay_type": "찬성반대",
    "essay_level": "2",
    "essay_len": 1210,
    "essay_main_subject": "비혼주의자에 대한 본인의 의견"
  }
}