{
  "paragraph": [
    {
      "paragraph_txt": "비혼주의는 '결혼하지 않음.#@문장구분# 또는 그런 사람'의 의미인 '비혼'에 '굳게 지키는 주장이나 방침'의 의미인 '주의'를 쓴 표현이다.#@문장구분# 먼저 비혼은 자신의 의지로 결정하는 것이므로 내가 찬성 또는 반대한다고 무언가 달라지는 게 아니다.#@문장구분# 그래도 찬성과 반대 중 하나를 꼭 선택해야 한다면 찬성을 선택할 것이다.#@문장구분#",
      "paragraph_len": 249,
      "paragraph_id": "001"
    },
    {
      "paragraph_txt": "비혼주의자는 최근 들어 늘어나기 시작했는데, 전통적인 가치관에서 벗어나 연애와 동거는 하면서 결혼이라는 제도에 묶여 파생되는 책임을 벗어나 자유로운 삶을 추구하는 사람들이다.#@문장구분# 비혼주의를 하는 이유는 무엇일까?#@문장구분# 지금 시대에서는 무조건 결혼을 하지 않아도 괜찮다는 생각을 가진 청년들이 늘어나고 있고, 꼭 결혼을 하지 않아도 함께 살 수 있고, 자녀를 가질 수 있기 때문이라는 이유를 가진 사람이 많았다.#@문장구분# 물론 나도 같은 입장이다.#@문장구분# 굳이 결혼을 하지 않고도 동거를 하거나 자녀를 가지는 건 당연히 할 수 있는 일이다.#@문장구분# 그리고 결혼을 하느냐 마느냐는 그 사람들의 선택이지 다른 사람들이 결정할 일이 아니다.#@문장구분# 위의 이유 말고도 혼자 사는 게 더 행복하다, 경제적 부담감 때문에 비혼을 한다, 현실적으로 결혼을 위한 조건을 맞추기 어려울 것이라 생각되어서 라는 사람들도 있었다.#@문장구분#",
      "paragraph_len": 570,
      "paragraph_id": "002"
    },
    {
      "paragraph_txt": "예전에는 무조건 결혼을 해야 한다는 생각이 있었고, 지금도 약간은 그런 생각을 가진 사람도 있지만 점점 줄어들고 있다.#@문장구분# 나는 결혼은 선택이고 하기 싫으면 꼭 안 해도 된다고 생각한다.#@문장구분#",
      "paragraph_len": 142,
      "paragraph_id": "003"
    }
  ],
  "score": {
    "paragraph_score": [
      {
        "paragraph_scoreT": [
          3,
          3,
          3
        ],
        "paragraph_scoreT_detail": {
          "paragraph_scoreT_exp": [
            [
              3,
              3,
              3
            ],
            [
              3,
              3,
              3
            ],
            [
              3,
              3,
              3
            ]
          ]
        },
        "paragraph_scoreT_avg": 3,
        "paragraph_id": "001"
      },
      {
        "paragraph_scoreT": [
          3,
          3,
          3
        ],
        "paragraph_scoreT_detail": {
          "paragraph_scoreT_exp": [
            [
              3,
              3,
              3
            ],
            [
              3,
              3,
              3
            ],
            [
              3,
              3,
              3
            ]
          ]
        },
        "paragraph_scoreT_avg": 3,
        "paragraph_id": "002"
      },
      {
        "paragraph_scoreT": [
          3,
          3,
          2.8
        ],
        "paragraph_scoreT_detail": {
          "paragraph_scoreT_exp": [
            [
              3,
              3,
              3
            ],
            [
              3,
              3,
              3
            ],
            [
              2,
              3,
              3
            ]
          ]
        },
        "paragraph_scoreT_avg": 2.9333334,
        "paragraph_id": "003"
      }
    ],
    "essay_scoreT": [
      25.5,
      24.9,
      23.3
    ],
    "essay_scoreT_avg": 24.566666,
    "essay_scoreT_detail": {
      "essay_scoreT_org": [
        [
          2,
          0,
          3,
          2
        ],
        [
          2,
          0,
          2,
          3
        ],
        [
          2,
          0,
          2,
          3
        ]
      ],
      "essay_scoreT_cont": [
        [
          3,
          2,
          3,
          2
        ],
        [
          3,
          2,
          3,
          2
        ],
        [
          2,
          2,
          2,
          2
        ]
      ],
      "essay_scoreT_exp": [
        [
          3,
          3,
          3
        ],
        [
          3,
          3,
          3
        ],
        [
          3,
          3,
          3
        ]
      ]
    }
  },
  "student": {
    "date": "2021.09.13",
    "student_educated": true,
    "student_grade": "고등_1학년",
    "location": "051",
    "student_grade_group": "고등",
    "student_reading": 1
  },
  "rubric": {
    "essay_grade": "고등_1학년",
    "organization_weight": {
      "org_paragraph": 0,
      "org": 3,
      "org_essay": 6,
      "org_coherence": 3,
      "org_quantity": 1
    },
    "essay_type": "찬성반대",
    "content_weight": {
      "con_clearance": 3,
      "con_novelty": 3,
      "con": 4,
      "con_prompt": 1,
      "con_description": 3
    },
    "essay_main_subject": "비혼주의자에 대한 본인의 의견",
    "expression_weight": {
      "exp_style": 4,
      "exp_grammar": 2,
      "exp_vocab": 4,
      "exp": 3
    }
  },
  "correction": [],
  "info": {
    "essay_id": "ESSAY_33783",
    "essay_prompt": " \"\"연애는 필수, 결혼은 선택! 가슴이 뛰는 대로 가면 돼\"\".\n\n 유명한 유행가의 노래 가사처럼, 청년들에게 결혼은 이제 필수가 아닌 하나의 선택 사항입니다. 연애, 결혼, 출산을 포기한다는 의미의 '3포세대'라는 말이 나오기 무섭게 5포 세대, N포세대까지 등장할 정도로 취업난, 치솟는 부동산 가격 등 여러 사회·경제적 요인들로 청년층을 위축시켰습니다.\n\n 모두가 이러한 이유로 '결혼을 포기'하는 것만은 아닙니다. 개인의 행복을 위해 '비혼을 선택'하는 청년들도 늘고 있습니다. 이처럼 최근 전통적인 가치관에서 벗어나 연애와 동거는 하면서 결혼이라는 제도에 묶여 관계에서 파생되는 책임을 벗어나 자유로운 삶을 추구하는 비혼주의자가 늘고 있습니다.\n\n 다만, 개인의 자유로운 선택에 따라 비혼주의를 하지만 주변에서는 아직 고운 시선으로 바라보지 않는 사람도 많습니다. 결혼이라는 제도에 대해서 선택이 아닌 필수라고 생각하는 사람들도 많지요. 개개인이 모여 사회가 형성되기 때문에 사회의 가장 작은 단위인 가족을 이루는 것도 사회 구성원으로서의 큰 역할이라고 생각하는 사람들도 있습니다.\n\n 여러분은 결혼을 꼭 해야 한다고 생각하시나요? 아니면 결혼은 선택의 문제라고 생각하시나요? 비혼주의에 대해 찬성하는 입장 반대를 선택하여 자신의 의견을 작성해주세요. 그리고 그렇게 생각한 이유에 대해서 작성해주세요.",
    "essay_type": "찬성반대",
    "essay_level": "2",
    "essay_len": 706,
    "essay_main_subject": "비혼주의자에 대한 본인의 의견"
  }
}