{
  "paragraph": [
    {
      "paragraph_txt": "요즘 티비 뉴스나 인터넷 뉴스를 보면 비혼주의가 많다고 뉴스가 나오고 있습니다.#@문장구분# 청년 고독사가 나오기까지 하는 현실에 저는 결혼으로 가정을 이루어서 외로운 인생이 아니라 화목한 인생을 사는 것이 더 행복하지 않을까 생각하기 때문입니다.#@문장구분# 지금은 결혼하지 않고 독신으로 사는 사람들을 비혼주의자 라고 말을 하지만 불과 몇년전만 해도 노처녀 노총각이라고 비하하기도 하고 독신주의자라고 부르기도 하였습니다.#@문장구분# 혹은 골드미스라고 부르기도 하였고 텔레비젼의 예능프로그램에 결혼 적령기가 훨씬 넘은 나이 많은 독신여성들의 삶을 풍요롭고 여유로운 사회적 성공한 삶으로 그려내며 비혼주의를 사회적으로 미화시키는 것들도 많이 방송되곤 하였습니다.#@문장구분# 지금도 나혼자 산다라는 프로그램이 인기를 끌며 30대 연예인들의 혼자사는 삶에 대해 나오는데 정말 나도 저렇게 럭셔리하고 화려하게 혼자살수 있을까 싶을 정도의 삶을 살고 있습니다.#@문장구분# 언제든 관게를 청산 할 수 있는 연애나 동거정도만 하는 것이 편하다는 것이다.#@문장구분# 그리고 자녀를 양육한다고 하면 기본적으로 행복하게 해줄 자신이 있는 사람만이 아이를 키울 수 있다고 생각하는데 아이에게 아무런 삶의 선택권을 주지도 않고 불행한 평균적인 80년의 인생을 더 넘기는 것은 정말 해서는 안되는 행동이라고 생각 합니다.#@문장구분# 그래서 저는 요즘 비혼주의 생활이 나쁘지 않타고 생각 합니다.#@문장구분# 연애를 해도 나만의 시간이 필요 하듯이 결혼을 하면 나만의 시간이 없어지기 때문에 충분한 나만의 시간을 가지고 결혼하는것도 나쁘지않타.#@문장구분# 그렇타고 너무 혼자 나만의 시간을 길게 보내는 것도 아닌거같다.#@문장구분# 적당한게 좋은거같다.#@문장구분#",
      "paragraph_len": 1012,
      "paragraph_id": "001"
    }
  ],
  "score": {
    "paragraph_score": [
      {
        "paragraph_scoreT": [
          3,
          2.8,
          2.8
        ],
        "paragraph_scoreT_detail": {
          "paragraph_scoreT_exp": [
            [
              3,
              3,
              3
            ],
            [
              2,
              3,
              3
            ],
            [
              2,
              3,
              3
            ]
          ]
        },
        "paragraph_scoreT_avg": 2.8666668,
        "paragraph_id": "001"
      }
    ],
    "essay_scoreT": [
      30,
      25.699999,
      25.5
    ],
    "essay_scoreT_avg": 27.066666,
    "essay_scoreT_detail": {
      "essay_scoreT_org": [
        [
          3,
          0,
          3,
          3
        ],
        [
          2,
          0,
          3,
          2
        ],
        [
          2,
          0,
          2,
          3
        ]
      ],
      "essay_scoreT_cont": [
        [
          3,
          3,
          3,
          3
        ],
        [
          3,
          2,
          2,
          3
        ],
        [
          3,
          2,
          3,
          3
        ]
      ],
      "essay_scoreT_exp": [
        [
          3,
          3,
          3
        ],
        [
          2,
          3,
          3
        ],
        [
          2,
          3,
          3
        ]
      ]
    }
  },
  "student": {
    "date": "2021.12.20",
    "student_educated": true,
    "student_grade": "고등_1학년",
    "location": "044",
    "student_grade_group": "고등",
    "student_reading": 2
  },
  "rubric": {
    "essay_grade": "고등_1학년",
    "organization_weight": {
      "org_paragraph": 0,
      "org": 3,
      "org_essay": 6,
      "org_coherence": 3,
      "org_quantity": 1
    },
    "essay_type": "찬성반대",
    "content_weight": {
      "con_clearance": 3,
      "con_novelty": 3,
      "con": 4,
      "con_prompt": 1,
      "con_description": 3
    },
    "essay_main_subject": "비혼주의자에 대한 본인의 의견",
    "expression_weight": {
      "exp_style": 4,
      "exp_grammar": 2,
      "exp_vocab": 4,
      "exp": 3
    }
  },
  "correction": [],
  "info": {
    "essay_id": "ESSAY_71281",
    "essay_prompt": " \"\"연애는 필수, 결혼은 선택! 가슴이 뛰는 대로 가면 돼\"\".\n\n 유명한 유행가의 노래 가사처럼, 청년들에게 결혼은 이제 필수가 아닌 하나의 선택 사항입니다. 연애, 결혼, 출산을 포기한다는 의미의 '3포세대'라는 말이 나오기 무섭게 5포 세대, N포세대까지 등장할 정도로 취업난, 치솟는 부동산 가격 등 여러 사회·경제적 요인들로 청년층을 위축시켰습니다.\n\n 모두가 이러한 이유로 '결혼을 포기'하는 것만은 아닙니다. 개인의 행복을 위해 '비혼을 선택'하는 청년들도 늘고 있습니다. 이처럼 최근 전통적인 가치관에서 벗어나 연애와 동거는 하면서 결혼이라는 제도에 묶여 관계에서 파생되는 책임을 벗어나 자유로운 삶을 추구하는 비혼주의자가 늘고 있습니다.\n\n 다만, 개인의 자유로운 선택에 따라 비혼주의를 하지만 주변에서는 아직 고운 시선으로 바라보지 않는 사람도 많습니다. 결혼이라는 제도에 대해서 선택이 아닌 필수라고 생각하는 사람들도 많지요. 개개인이 모여 사회가 형성되기 때문에 사회의 가장 작은 단위인 가족을 이루는 것도 사회 구성원으로서의 큰 역할이라고 생각하는 사람들도 있습니다.\n\n 여러분은 결혼을 꼭 해야 한다고 생각하시나요? 아니면 결혼은 선택의 문제라고 생각하시나요? 비혼주의에 대해 찬성하는 입장 반대를 선택하여 자신의 의견을 작성해주세요. 그리고 그렇게 생각한 이유에 대해서 작성해주세요.",
    "essay_type": "찬성반대",
    "essay_level": "2",
    "essay_len": 792,
    "essay_main_subject": "비혼주의자에 대한 본인의 의견"
  }
}