{
  "paragraph": [
    {
      "paragraph_txt": "비혼주의자가 점점 늘어나는 추세인데 정말 안타깝고 속상합니다.#@문장구분# 비혼주의에 대해 반대하는 사람이거든요.#@문장구분# 그 이유에 대해 한번 설명해보겠습니다.#@문장구분# 요즘 사회에 흐름이 결혼은 필수가 아니고 선택이며 한번 사는 인생 결혼이라는 거에 얽매이면 안 된다고 하는 사회이기 때문에 비혼주의자들이 점점 더 늘어나고 결혼이 줄어드니 당연히 출산율도 줄어들고, 가족 단위가 없어지다 보니 건물을 지을 때도 아파트보단 오피스텔 위주로 1인 가구 세대로 늘어나고 있는 게 현실입니다.#@문장구분# 이런 게 문제라고 생각합니다.#@문장구분# 이렇게 사회가 계속 흘러가다 보면 고령화 사회는 계속 심해질 거고 여러 가지 일을 이어 나가야 하는데 일할 젊은이들은 출산율이 낮아 저절로 없어지는 추세입니다.#@문장구분# 몇십 년 후면 밖을 나가다 보면 젊은 사람은 없어지고 나이 든 사람만 있을 거 같습니다.#@문장구분# 엄청난 문제죠.#@문장구분# 솔직히 저도 결혼을 막 하라 강요하는 사람은 아닙니다.#@문장구분# 하지만 사랑하는 사람을 만나 이 사람과 일생을 보내고 싶다는 생각이 들었는데 결혼하면 돈 때문에 힘들 거 같다는 생각이 들어 포기하는 행동을 멈춰달라고 하는 것입니다.#@문장구분# 자기 자식을 낳고 한번 길러보면서 부모님이 되어보기도 하고 학부모가 되어보고 자식을 키워 자식이 커가는 하나하나의 장면들이 모여 하나의 추억과 말로 설명할 수 없는 느낌을 느껴보는 것도 일생일대에 필요하지 않을까요.#@문장구분# 우리나라 현실이 경제적인 문제가 가장 크다 보니 결혼을 멀리하고 비혼주의가 생겨나는 건데 정부는 결혼하면 지원해주는 정책들을 다시 개정해야 할 거 같고, 자식을 많이 낳고 기르는 사람들에게 더 많은 혜택을 더 줬으면 하는 바람이 있습니다.#@문장구분# 그렇게 되면 우리 사회도 결혼이 점점 늘어나는 사회가 되지 않을까요?#@문장구분#",
      "paragraph_len": 1101,
      "paragraph_id": "001"
    }
  ],
  "score": {
    "paragraph_score": [
      {
        "paragraph_scoreT": [
          3,
          3,
          2.6
        ],
        "paragraph_scoreT_detail": {
          "paragraph_scoreT_exp": [
            [
              3,
              3,
              3
            ],
            [
              3,
              3,
              3
            ],
            [
              3,
              3,
              2
            ]
          ]
        },
        "paragraph_scoreT_avg": 2.8666668,
        "paragraph_id": "001"
      }
    ],
    "essay_scoreT": [
      30,
      27.9,
      25.5
    ],
    "essay_scoreT_avg": 27.800001,
    "essay_scoreT_detail": {
      "essay_scoreT_org": [
        [
          3,
          0,
          3,
          3
        ],
        [
          2,
          0,
          3,
          2
        ],
        [
          3,
          0,
          2,
          3
        ]
      ],
      "essay_scoreT_cont": [
        [
          3,
          3,
          3,
          3
        ],
        [
          3,
          3,
          3,
          3
        ],
        [
          3,
          2,
          3,
          2
        ]
      ],
      "essay_scoreT_exp": [
        [
          3,
          3,
          3
        ],
        [
          3,
          3,
          3
        ],
        [
          3,
          3,
          2
        ]
      ]
    }
  },
  "student": {
    "date": "2021.12.13",
    "student_educated": true,
    "student_grade": "고등_1학년",
    "location": "031",
    "student_grade_group": "고등",
    "student_reading": 2
  },
  "rubric": {
    "essay_grade": "고등_1학년",
    "organization_weight": {
      "org_paragraph": 0,
      "org": 3,
      "org_essay": 6,
      "org_coherence": 3,
      "org_quantity": 1
    },
    "essay_type": "찬성반대",
    "content_weight": {
      "con_clearance": 3,
      "con_novelty": 3,
      "con": 4,
      "con_prompt": 1,
      "con_description": 3
    },
    "essay_main_subject": "비혼주의자에 대한 본인의 의견",
    "expression_weight": {
      "exp_style": 4,
      "exp_grammar": 2,
      "exp_vocab": 4,
      "exp": 3
    }
  },
  "correction": [],
  "info": {
    "essay_id": "ESSAY_71325",
    "essay_prompt": " \"\"연애는 필수, 결혼은 선택! 가슴이 뛰는 대로 가면 돼\"\".\n\n 유명한 유행가의 노래 가사처럼, 청년들에게 결혼은 이제 필수가 아닌 하나의 선택 사항입니다. 연애, 결혼, 출산을 포기한다는 의미의 '3포세대'라는 말이 나오기 무섭게 5포 세대, N포세대까지 등장할 정도로 취업난, 치솟는 부동산 가격 등 여러 사회·경제적 요인들로 청년층을 위축시켰습니다.\n\n 모두가 이러한 이유로 '결혼을 포기'하는 것만은 아닙니다. 개인의 행복을 위해 '비혼을 선택'하는 청년들도 늘고 있습니다. 이처럼 최근 전통적인 가치관에서 벗어나 연애와 동거는 하면서 결혼이라는 제도에 묶여 관계에서 파생되는 책임을 벗어나 자유로운 삶을 추구하는 비혼주의자가 늘고 있습니다.\n\n 다만, 개인의 자유로운 선택에 따라 비혼주의를 하지만 주변에서는 아직 고운 시선으로 바라보지 않는 사람도 많습니다. 결혼이라는 제도에 대해서 선택이 아닌 필수라고 생각하는 사람들도 많지요. 개개인이 모여 사회가 형성되기 때문에 사회의 가장 작은 단위인 가족을 이루는 것도 사회 구성원으로서의 큰 역할이라고 생각하는 사람들도 있습니다.\n\n 여러분은 결혼을 꼭 해야 한다고 생각하시나요? 아니면 결혼은 선택의 문제라고 생각하시나요? 비혼주의에 대해 찬성하는 입장 반대를 선택하여 자신의 의견을 작성해주세요. 그리고 그렇게 생각한 이유에 대해서 작성해주세요.",
    "essay_type": "찬성반대",
    "essay_level": "2",
    "essay_len": 841,
    "essay_main_subject": "비혼주의자에 대한 본인의 의견"
  }
}