{
  "paragraph": [
    {
      "paragraph_txt": "결혼을 포기하는 것은 아니라 개인의 행복을 위해 비혼을 선택할 수밖에 없는 청년들이 늘고 있다고한다.#@문장구분# 이처럼 최근 전통적인 가치관에서 벗어나 연애와 동거는 하면서 결혼이라는 제도에 묶여 관계에서 파생되는 책임을 벗어나 자유로운 삶을 추구하는 비혼주의자가 늘고 있다.#@문장구분# 왜냐하면 비혼주의를 하냐 안 하냐를 정하는 것은 자기 자신이 하는 것이다.#@문장구분# 하지만 이 결정을 무슨 이유 때문에 필수적으로 해야 한다면 인간존엄성을 침해하는 것이고, 자신의 자율성에 대해 간섭을 거는 것이다.#@문장구분# 그리고 만약 억지로라도 결혼을 하게 되었다해도 아기를 낳아 살 때 아이에 대해 부정적으로 가르치고 안 좋은 모습 또한 많이 보여줄 수가 있다. 그렇게 되면 자기 자신만이 안 좋아지는 것이 아니라 아이에게까지 2차적으로 피해를 보게 된다.#@문장구분# 둘째로 꼭 결혼을 하여서도 좋은 이점이 그렇게 많지 않다.#@문장구분# 아이를 낳아 아이를 키우고 학원을 보내고 학교를 보내는데 까지 억 이상의 돈이 소비가 된다.#@문장구분# 비혼주의에 대한 나의 의견은 나는 비혼주의자는 아니지만 비혼주의에 대해서는 긍정적으로 생각하고 있다.#@문장구분# 앞서 말했듯 결혼은 무조건 해야하는게 아니라 선택적으로 자신과 상대방의 의견이 일치하여 두사람 다 결혼을 원할 경우에 하는 것이므로 자신이 원하지 않는다면 하지않아도 된다고 생각한다. #@문장구분#그래서 나는 비혼주의에 대하여 긍정적으로 생각하고 있다. #@문장구분#만약 비혼주의 였어도 나중에 좋은 남자.여자를 만나서 생각이 바뀔수도 있기 때문이다.#@문장구분# 결혼을 굳이 하지않아도 요즘 사회는 많은 즐길거리가 많고 또한 결혼을 하지 않겠다는 생각인거지 연애를 안하겠다는 것이 아니라 연애는 할것이기 떄문에 혹시 또 연애를 하다가 좋아하는 사람이 생기면 생각이 바뀔수도 있을 것이다.#@문장구분#",
      "paragraph_len": 1088,
      "paragraph_id": "001"
    }
  ],
  "score": {
    "paragraph_score": [
      {
        "paragraph_scoreT": [
          3,
          3,
          2
        ],
        "paragraph_scoreT_detail": {
          "paragraph_scoreT_exp": [
            [
              3,
              3,
              3
            ],
            [
              3,
              3,
              3
            ],
            [
              2,
              3,
              1
            ]
          ]
        },
        "paragraph_scoreT_avg": 2.6666667,
        "paragraph_id": "001"
      }
    ],
    "essay_scoreT": [
      30,
      27,
      25.5
    ],
    "essay_scoreT_avg": 27.5,
    "essay_scoreT_detail": {
      "essay_scoreT_org": [
        [
          3,
          0,
          3,
          3
        ],
        [
          2,
          0,
          3,
          3
        ],
        [
          2,
          0,
          2,
          3
        ]
      ],
      "essay_scoreT_cont": [
        [
          3,
          3,
          3,
          3
        ],
        [
          3,
          2,
          3,
          3
        ],
        [
          3,
          2,
          3,
          3
        ]
      ],
      "essay_scoreT_exp": [
        [
          3,
          3,
          3
        ],
        [
          3,
          3,
          3
        ],
        [
          2,
          3,
          3
        ]
      ]
    }
  },
  "student": {
    "date": "2021.12.20",
    "student_educated": true,
    "student_grade": "고등_1학년",
    "location": "044",
    "student_grade_group": "고등",
    "student_reading": 2
  },
  "rubric": {
    "essay_grade": "고등_1학년",
    "organization_weight": {
      "org_paragraph": 0,
      "org": 3,
      "org_essay": 6,
      "org_coherence": 3,
      "org_quantity": 1
    },
    "essay_type": "찬성반대",
    "content_weight": {
      "con_clearance": 3,
      "con_novelty": 3,
      "con": 4,
      "con_prompt": 1,
      "con_description": 3
    },
    "essay_main_subject": "비혼주의자에 대한 본인의 의견",
    "expression_weight": {
      "exp_style": 4,
      "exp_grammar": 2,
      "exp_vocab": 4,
      "exp": 3
    }
  },
  "correction": [],
  "info": {
    "essay_id": "ESSAY_71256",
    "essay_prompt": " \"\"연애는 필수, 결혼은 선택! 가슴이 뛰는 대로 가면 돼\"\".\n\n 유명한 유행가의 노래 가사처럼, 청년들에게 결혼은 이제 필수가 아닌 하나의 선택 사항입니다. 연애, 결혼, 출산을 포기한다는 의미의 '3포세대'라는 말이 나오기 무섭게 5포 세대, N포세대까지 등장할 정도로 취업난, 치솟는 부동산 가격 등 여러 사회·경제적 요인들로 청년층을 위축시켰습니다.\n\n 모두가 이러한 이유로 '결혼을 포기'하는 것만은 아닙니다. 개인의 행복을 위해 '비혼을 선택'하는 청년들도 늘고 있습니다. 이처럼 최근 전통적인 가치관에서 벗어나 연애와 동거는 하면서 결혼이라는 제도에 묶여 관계에서 파생되는 책임을 벗어나 자유로운 삶을 추구하는 비혼주의자가 늘고 있습니다.\n\n 다만, 개인의 자유로운 선택에 따라 비혼주의를 하지만 주변에서는 아직 고운 시선으로 바라보지 않는 사람도 많습니다. 결혼이라는 제도에 대해서 선택이 아닌 필수라고 생각하는 사람들도 많지요. 개개인이 모여 사회가 형성되기 때문에 사회의 가장 작은 단위인 가족을 이루는 것도 사회 구성원으로서의 큰 역할이라고 생각하는 사람들도 있습니다.\n\n 여러분은 결혼을 꼭 해야 한다고 생각하시나요? 아니면 결혼은 선택의 문제라고 생각하시나요? 비혼주의에 대해 찬성하는 입장 반대를 선택하여 자신의 의견을 작성해주세요. 그리고 그렇게 생각한 이유에 대해서 작성해주세요.",
    "essay_type": "찬성반대",
    "essay_level": "2",
    "essay_len": 848,
    "essay_main_subject": "비혼주의자에 대한 본인의 의견"
  }
}