{
  "paragraph": [
    {
      "paragraph_txt": "저는 비혼주의에 반대합니다.#@문장구분# 결혼은 건강한 삶을 영위하기 위해서 꼭 필요하다고 생각합니다.#@문장구분# 결혼을 하지 않으면 집을 공유하지 않는 이상은 혼자서 살게 됩니다.#@문장구분# 독신으로 살면 혼자서 살아가야 한다는 외로움을 감수해야 합니다.#@문장구분# 친구나 형제자매, 반려동물 등이 외로움을 덜어줄 수는 있겠지만, 배우자가 곁에 있는 것과는 많이 다를 것입니다.#@문장구분# 형제자매나 친구들은 배우자와는 다르게 저와 삼을 공유하는 사람이 아닙니다.#@문장구분# 그들도 그들만의 삶이 있기 때문에 특별한 경우가 아닌 이상 자녀나 배우자만큼 깊은 관계가 되기는 쉽지 않습니다.#@문장구분# 반려동물과의 유대는 외로움을 덜어줄 수는 있겠으나 인간과 정서적 유대를 나누는 것 만큼의 위로가 되기는 어려울 것입니다.#@문장구분# 결혼은 과거 그 제도가 생긴 시점부터 지금까지 삶의 안전성을 보장해주는 일종의 복지 및 사회 안전망 역할을 해왔습니다.#@문장구분# 그렇기 때문에 결혼을 하지 않으면 이 안전망 안에 들어갈 수 없다는 것을 의미합니다.#@문장구분# 대한민국은 현재 일자리가 부족하고, 각종 복지제도도 자녀가 있는 기혼자나 사회 취약 계층에게만 초점이 맞추어져 있습니다.#@문장구분# 독신으로 살아가다 갑작스럽게 해고를 통보받게 되면 당장 일자리를 구할 수도 없을 것이고, 재정난이 찾아올 것입니다.#@문장구분# 이를 방지하기 위해서는 꾸준히 저축을 해야 한다는 결론에 이르는데 그렇게 되면 자유로운 소비 생활을 꿈꾸는 것은 어려운 일이 됩니다.#@문장구분# 마지막으로, 결혼을 하지 않으면 건강관리에 취약하다는 단점이 있습니다.#@문장구분# 항상 옆에서 건강상태를 물어봐주는 배우자가 있는 사람이 혼자 사는 사람보다 건강관리를 잘 할 수 있는 것은 당연한 일입니다.#@문장구분# 이런 이유로 저는 비혼주의에 반대합니다. #@문장구분#",
      "paragraph_len": 1142,
      "paragraph_id": "001"
    }
  ],
  "score": {
    "paragraph_score": [
      {
        "paragraph_scoreT": [
          3,
          3,
          2.8
        ],
        "paragraph_scoreT_detail": {
          "paragraph_scoreT_exp": [
            [
              3,
              3,
              3
            ],
            [
              3,
              3,
              3
            ],
            [
              2,
              3,
              3
            ]
          ]
        },
        "paragraph_scoreT_avg": 2.9333334,
        "paragraph_id": "001"
      }
    ],
    "essay_scoreT": [
      30,
      26.7,
      26
    ],
    "essay_scoreT_avg": 27.566666,
    "essay_scoreT_detail": {
      "essay_scoreT_org": [
        [
          3,
          0,
          3,
          3
        ],
        [
          2,
          0,
          3,
          2
        ],
        [
          2,
          0,
          3,
          3
        ]
      ],
      "essay_scoreT_cont": [
        [
          3,
          3,
          3,
          3
        ],
        [
          3,
          2,
          3,
          3
        ],
        [
          3,
          3,
          2,
          2
        ]
      ],
      "essay_scoreT_exp": [
        [
          3,
          3,
          3
        ],
        [
          3,
          3,
          3
        ],
        [
          2,
          3,
          3
        ]
      ]
    }
  },
  "student": {
    "date": "2021.12.21",
    "student_educated": true,
    "student_grade": "고등_1학년",
    "location": "031",
    "student_grade_group": "고등",
    "student_reading": 2
  },
  "rubric": {
    "essay_grade": "고등_1학년",
    "organization_weight": {
      "org_paragraph": 0,
      "org": 3,
      "org_essay": 6,
      "org_coherence": 3,
      "org_quantity": 1
    },
    "essay_type": "찬성반대",
    "content_weight": {
      "con_clearance": 3,
      "con_novelty": 3,
      "con": 4,
      "con_prompt": 1,
      "con_description": 3
    },
    "essay_main_subject": "비혼주의자에 대한 본인의 의견",
    "expression_weight": {
      "exp_style": 4,
      "exp_grammar": 2,
      "exp_vocab": 4,
      "exp": 3
    }
  },
  "correction": [],
  "info": {
    "essay_id": "ESSAY_71316",
    "essay_prompt": " \"\"연애는 필수, 결혼은 선택! 가슴이 뛰는 대로 가면 돼\"\".\n\n 유명한 유행가의 노래 가사처럼, 청년들에게 결혼은 이제 필수가 아닌 하나의 선택 사항입니다. 연애, 결혼, 출산을 포기한다는 의미의 '3포세대'라는 말이 나오기 무섭게 5포 세대, N포세대까지 등장할 정도로 취업난, 치솟는 부동산 가격 등 여러 사회·경제적 요인들로 청년층을 위축시켰습니다.\n\n 모두가 이러한 이유로 '결혼을 포기'하는 것만은 아닙니다. 개인의 행복을 위해 '비혼을 선택'하는 청년들도 늘고 있습니다. 이처럼 최근 전통적인 가치관에서 벗어나 연애와 동거는 하면서 결혼이라는 제도에 묶여 관계에서 파생되는 책임을 벗어나 자유로운 삶을 추구하는 비혼주의자가 늘고 있습니다.\n\n 다만, 개인의 자유로운 선택에 따라 비혼주의를 하지만 주변에서는 아직 고운 시선으로 바라보지 않는 사람도 많습니다. 결혼이라는 제도에 대해서 선택이 아닌 필수라고 생각하는 사람들도 많지요. 개개인이 모여 사회가 형성되기 때문에 사회의 가장 작은 단위인 가족을 이루는 것도 사회 구성원으로서의 큰 역할이라고 생각하는 사람들도 있습니다.\n\n 여러분은 결혼을 꼭 해야 한다고 생각하시나요? 아니면 결혼은 선택의 문제라고 생각하시나요? 비혼주의에 대해 찬성하는 입장 반대를 선택하여 자신의 의견을 작성해주세요. 그리고 그렇게 생각한 이유에 대해서 작성해주세요.",
    "essay_type": "찬성반대",
    "essay_level": "2",
    "essay_len": 817,
    "essay_main_subject": "비혼주의자에 대한 본인의 의견"
  }
}