{
  "paragraph": [
    {
      "paragraph_txt": "나는 비혼을 찬성한다.#@문장구분# 내가 누구를 돌볼 자신이 없다.#@문장구분# 결혼을 하면 시부모님,남편,친정부모님,형제,자매,자식들을 돌보아야 한다.#@문장구분# 좋은 곳에 취업을 했다고 해도 회사일을 하려면 시간이 없을 것같다.#@문장구분# 엄마는 주부시다.#@문장구분# 그러다보니 직장다니는 이모들과는 다르게 외할머니댁에 반찬이며 과일들을 챙겨서 자주 가신다.#@문장구분# 그리고 외할머니,외할아버지 병원 가시는 날은 어김없이 엄마가 가신다.#@문장구분# 어른들이 병원가시면 복잡하셔서 당황하신다며 직접 엄마가 모시고 가신다.#@문장구분# 또 어른들은 고기를 많이 드셔야 한다며 고기를 많이 사가시거나 외식을 하신다.#@문장구분# 외할머니 할아버지는 엄마가 가시는 날은 고기드시는 날이다.#@문장구분# 또 가끔 친할머니 댁도 가시고 전화도 자주 드린다.#@문장구분# 별로 할말씀이 없어도 안부전화를 드리신다.#@문장구분# 아빠보다 더 자주 전화를 드리시는 것같다.#@문장구분# 또 어른들 생신이나 집안의 행사도 잘챙기신다.#@문장구분# 아빠도 잘챙기신다.#@문장구분# 와이셔츠,양복,화장품,아침식사,영양제까지 잘챙기시고 내교복과 아침밥,우산,옷등등 잘챙기신다.#@문장구분# 내가 아기땐 더 많이 챙기셨을 것이다.#@문장구분# 엄마는 주부라 이렇게 빠짐 없이 잘챙기시지만 이모들은 직장생활을 하시면서도 가정을 잘챙기신다.#@문장구분# 피곤하고 힘드실텐데 여자라서 남자보다 집안의 모든 행사를 기억하고 챙겨야 한다.#@문장구분# 불공평하다.#@문장구분# 여자도 남자도 같이 직장 생활하는데 여자가 챙기는게 더 많은 것같다.#@문장구분# 우리들도 그럴것이다.#@문장구분# 나는 이렇게 누군가를 돌보아야 하는 부담이 싫다.#@문장구분# 나한사람 챙기고 학교가는 것도 힘든데 직장다니면서 많은 가족들과 행사를 챙겨야 하는데 자신이 없다.#@문장구분# 그래서 나는 비혼주의이다.#@문장구분#",
      "paragraph_len": 1269,
      "paragraph_id": "001"
    }
  ],
  "score": {
    "paragraph_score": [
      {
        "paragraph_scoreT": [
          2.8,
          2,
          2.4
        ],
        "paragraph_scoreT_detail": {
          "paragraph_scoreT_exp": [
            [
              2,
              3,
              3
            ],
            [
              2,
              2,
              2
            ],
            [
              2,
              2,
              3
            ]
          ]
        },
        "paragraph_scoreT_avg": 2.4,
        "paragraph_id": "001"
      }
    ],
    "essay_scoreT": [
      29.4,
      24,
      27
    ],
    "essay_scoreT_avg": 26.800001,
    "essay_scoreT_detail": {
      "essay_scoreT_org": [
        [
          3,
          0,
          3,
          3
        ],
        [
          2,
          0,
          3,
          3
        ],
        [
          3,
          0,
          3,
          3
        ]
      ],
      "essay_scoreT_cont": [
        [
          3,
          3,
          3,
          3
        ],
        [
          3,
          3,
          3,
          2
        ],
        [
          2,
          3,
          3,
          3
        ]
      ],
      "essay_scoreT_exp": [
        [
          2,
          3,
          3
        ],
        [
          2,
          2,
          2
        ],
        [
          2,
          2,
          3
        ]
      ]
    }
  },
  "student": {
    "date": "2021.12.20",
    "student_educated": true,
    "student_grade": "고등_1학년",
    "location": "044",
    "student_grade_group": "고등",
    "student_reading": 2
  },
  "rubric": {
    "essay_grade": "고등_1학년",
    "organization_weight": {
      "org_paragraph": 0,
      "org": 3,
      "org_essay": 6,
      "org_coherence": 3,
      "org_quantity": 1
    },
    "essay_type": "찬성반대",
    "content_weight": {
      "con_clearance": 3,
      "con_novelty": 3,
      "con": 4,
      "con_prompt": 1,
      "con_description": 3
    },
    "essay_main_subject": "비혼주의자에 대한 본인의 의견",
    "expression_weight": {
      "exp_style": 4,
      "exp_grammar": 2,
      "exp_vocab": 4,
      "exp": 3
    }
  },
  "correction": [],
  "info": {
    "essay_id": "ESSAY_66208",
    "essay_prompt": " \"\"연애는 필수, 결혼은 선택! 가슴이 뛰는 대로 가면 돼\"\".\n\n 유명한 유행가의 노래 가사처럼, 청년들에게 결혼은 이제 필수가 아닌 하나의 선택 사항입니다. 연애, 결혼, 출산을 포기한다는 의미의 '3포세대'라는 말이 나오기 무섭게 5포 세대, N포세대까지 등장할 정도로 취업난, 치솟는 부동산 가격 등 여러 사회·경제적 요인들로 청년층을 위축시켰습니다.\n\n 모두가 이러한 이유로 '결혼을 포기'하는 것만은 아닙니다. 개인의 행복을 위해 '비혼을 선택'하는 청년들도 늘고 있습니다. 이처럼 최근 전통적인 가치관에서 벗어나 연애와 동거는 하면서 결혼이라는 제도에 묶여 관계에서 파생되는 책임을 벗어나 자유로운 삶을 추구하는 비혼주의자가 늘고 있습니다.\n\n 다만, 개인의 자유로운 선택에 따라 비혼주의를 하지만 주변에서는 아직 고운 시선으로 바라보지 않는 사람도 많습니다. 결혼이라는 제도에 대해서 선택이 아닌 필수라고 생각하는 사람들도 많지요. 개개인이 모여 사회가 형성되기 때문에 사회의 가장 작은 단위인 가족을 이루는 것도 사회 구성원으로서의 큰 역할이라고 생각하는 사람들도 있습니다.\n\n 여러분은 결혼을 꼭 해야 한다고 생각하시나요? 아니면 결혼은 선택의 문제라고 생각하시나요? 비혼주의에 대해 찬성하는 입장 반대를 선택하여 자신의 의견을 작성해주세요. 그리고 그렇게 생각한 이유에 대해서 작성해주세요.",
    "essay_type": "찬성반대",
    "essay_level": "2",
    "essay_len": 769,
    "essay_main_subject": "비혼주의자에 대한 본인의 의견"
  }
}