{
  "paragraph": [
    {
      "paragraph_txt": "안녕하세요.#@문장구분# 제 주변에 비혼주의자로 지내시는 분부터 결혼 생활을 유지중인 분까지 두 사례가 다 있어 이 주제에 대해 이야기를 해보면 좋을 것 같아 글을 쓰게 되었습니다.#@문장구분# 저는 결혼을 하고 싶어하는데요.#@문장구분# 그렇다고 비혼주의가 나쁘다는 말이 아니라는 걸 알려드리고 싶었습니다.#@문장구분# 아직까지 우리 사회는 비혼주의임을 선택한 사람들을 향한 시선이 곱지 못한 것 같습니다.#@문장구분# 저는 그러한 인식이 개선되었으면 하는 마음입니다.#@문장구분# 비혼주의자로 지내는 분들의 이야기를 들어보았습니다.#@문장구분# 왜 비혼이기를 선택한 것인지에 대해서 말이죠.#@문장구분# 이유는 다양했습니다.#@문장구분# \"개인주의적인 성향이 강해 타인과 함께 사는게 불편하다,\",#@문장구분# \"자라며 봐온 부모님의 결혼생활이 행복해 보이지 않았다. 이혼이라는 방법이 있는데 늘 싸우며 사시는게 이해가 가지 않는다. 때문에 결혼에 대한 기대와 로망이 없다,\",#@문장구분# \"결혼은 하고싶지만 그럴 돈이 없다. 로맨틱한 결혼을 꿈꿀 상대방을 위해 비혼이기를 결정했다.\",#@문장구분# \"일이 바빠 내 커리어에 집중하다보니 결혼에 신경 쓸 겨를이 없어졌다. 사회에서 살아남기 위해서는 경력을 필요로 하는데 결혼을 하게 되면 신경써야 할 점이 한 두가지가 아니기 때문에 이는 업무에 방해가 된다.\" 등의 이야기를 들을 수 있었습니다.#@문장구분# 지극히 현실적이고 이해가는 이유들로 이들의 선택이 이해가고 이들의 선택을 존중해야겠다고 생각했습니다.#@문장구분# 솔직한 이유를 들어보니 비혼주의자를 향한 곱지 못한 시선을 조금 줄여주실 마음이 드셨을까요?#@문장구분# 결혼은 의무가 아닙니다.#@문장구분# 더 나은 방법으로 사랑함에 있어 그들의 선택이며 결혼을 하지 않는다고 행복하지 않은게 아닙니다.#@문장구분# 제가 바라본 그들 모두 각자만의 방식으로 사랑하고 행복한 삶을 살아가고 있습니다.#@문장구분# 살아가는데 있어 사랑이 전부가 아니듯 그들만의 우선순위를 지켜 열심히 살아가고 있는 것이기에 우리가 이렇다 저렇다 의논할 문제가 아니라고 생각합니다.#@문장구분# 저와 비슷한 생각이 드셨다면 좋겠는데요.#@문장구분# 모든 선택을 응원해주시길 바라며 글을 마칩니다!#@문장구분#",
      "paragraph_len": 1393,
      "paragraph_id": "001"
    }
  ],
  "score": {
    "paragraph_score": [
      {
        "paragraph_scoreT": [
          3,
          3,
          3
        ],
        "paragraph_scoreT_detail": {
          "paragraph_scoreT_exp": [
            [
              3,
              3,
              3
            ],
            [
              3,
              3,
              3
            ],
            [
              3,
              3,
              3
            ]
          ]
        },
        "paragraph_scoreT_avg": 3,
        "paragraph_id": "001"
      }
    ],
    "essay_scoreT": [
      27,
      26.6,
      26.099998
    ],
    "essay_scoreT_avg": 26.566666,
    "essay_scoreT_detail": {
      "essay_scoreT_org": [
        [
          2,
          0,
          3,
          3
        ],
        [
          2,
          0,
          3,
          3
        ],
        [
          2,
          0,
          2,
          3
        ]
      ],
      "essay_scoreT_cont": [
        [
          3,
          2,
          3,
          3
        ],
        [
          3,
          2,
          2,
          3
        ],
        [
          3,
          3,
          3,
          2
        ]
      ],
      "essay_scoreT_exp": [
        [
          3,
          3,
          3
        ],
        [
          3,
          3,
          3
        ],
        [
          3,
          3,
          3
        ]
      ]
    }
  },
  "student": {
    "date": "2021.12.03",
    "student_educated": true,
    "student_grade": "고등_1학년",
    "location": "063",
    "student_grade_group": "고등",
    "student_reading": 2
  },
  "rubric": {
    "essay_grade": "고등_1학년",
    "organization_weight": {
      "org_paragraph": 0,
      "org": 3,
      "org_essay": 6,
      "org_coherence": 3,
      "org_quantity": 1
    },
    "essay_type": "찬성반대",
    "content_weight": {
      "con_clearance": 3,
      "con_novelty": 3,
      "con": 4,
      "con_prompt": 1,
      "con_description": 3
    },
    "essay_main_subject": "비혼주의자에 대한 본인의 의견",
    "expression_weight": {
      "exp_style": 4,
      "exp_grammar": 2,
      "exp_vocab": 4,
      "exp": 3
    }
  },
  "correction": [],
  "info": {
    "essay_id": "ESSAY_54763",
    "essay_prompt": " \"\"연애는 필수, 결혼은 선택! 가슴이 뛰는 대로 가면 돼\"\".\n\n 유명한 유행가의 노래 가사처럼, 청년들에게 결혼은 이제 필수가 아닌 하나의 선택 사항입니다. 연애, 결혼, 출산을 포기한다는 의미의 '3포세대'라는 말이 나오기 무섭게 5포 세대, N포세대까지 등장할 정도로 취업난, 치솟는 부동산 가격 등 여러 사회·경제적 요인들로 청년층을 위축시켰습니다.\n\n 모두가 이러한 이유로 '결혼을 포기'하는 것만은 아닙니다. 개인의 행복을 위해 '비혼을 선택'하는 청년들도 늘고 있습니다. 이처럼 최근 전통적인 가치관에서 벗어나 연애와 동거는 하면서 결혼이라는 제도에 묶여 관계에서 파생되는 책임을 벗어나 자유로운 삶을 추구하는 비혼주의자가 늘고 있습니다.\n\n 다만, 개인의 자유로운 선택에 따라 비혼주의를 하지만 주변에서는 아직 고운 시선으로 바라보지 않는 사람도 많습니다. 결혼이라는 제도에 대해서 선택이 아닌 필수라고 생각하는 사람들도 많지요. 개개인이 모여 사회가 형성되기 때문에 사회의 가장 작은 단위인 가족을 이루는 것도 사회 구성원으로서의 큰 역할이라고 생각하는 사람들도 있습니다.\n\n 여러분은 결혼을 꼭 해야 한다고 생각하시나요? 아니면 결혼은 선택의 문제라고 생각하시나요? 비혼주의에 대해 찬성하는 입장 반대를 선택하여 자신의 의견을 작성해주세요. 그리고 그렇게 생각한 이유에 대해서 작성해주세요.",
    "essay_type": "찬성반대",
    "essay_level": "2",
    "essay_len": 974,
    "essay_main_subject": "비혼주의자에 대한 본인의 의견"
  }
}