{
  "paragraph": [
    {
      "paragraph_txt": "나는 비혼주의자를 나쁘지 않타고 생각한다. #@문장구분#저 역시나 비혼 주의자이기 때문입니다.#@문장구분# 결혼은 본인의 가치관이며 의견이자 생각입니다.#@문장구분# 또한 현재 사회는 끊임없이 오르는 집값과 내 집 마련이 되지 않는 보유 재산, 비싼 물가, 출산 후 제대로 된 복지조차 부족하며 결혼 후 지원이나 정책 등이 충분하지 않기 때문에 당연히 아이를 갖기 전 하게 되는 사랑하는 사람과의 결혼을 하지 않겠다고 생각하게 됩니다.#@문장구분# 현존하는 결혼 후 지원해 주는 것들이나 출산 후 지원해 주는 것들로는 비싼 물가, 집값, 생활비 등으로 쓰기에는 턱없이 부족합니다.#@문장구분# 결혼을 하지 않아도 사람은 충분히 행복할 수 있습니다.#@문장구분#세상에는 많은 생명 등이 존재하며 인원수가 늘어나 부담해야 하는 경제적 비용 역시 자신에게 쓸 수 있기에 살기에 무척 편합니다.#@문장구분# 반려 동물, 반려 식물 등을 키우며 외로움을 달랠 수도 있고 농촌으로 가서 귀농을 하며 쓸쓸함을 달랠 수 있으니 인생에 꼭 결혼이 필요한 것은 아닙니다. #@문장구분#그사람의 삶대로,나는 나의 삶대로 살아가고 존중해주시면 좋을거같습니다!#@문장구분# 자신의 결혼 생활이 즐거워서 추천하는것일수도 있습니다만, 결혼 생활은 사람마다 다른거잖아요.#@문장구분# 그 결혼이 행복할수도 있지만 정말 안좋을수도 있기에 억지로 하라고 강요를 안했으면 좋겠습니다.#@문장구분# 예전에는 결혼을 하지 않으면 낙오자나 도태된 사람이라고 여겨지기 일쑤였지만, 요즘같이 결혼은 선택인 시대에 결혼을 안 한다고 흠이 아니기 때문에 결혼을 하라고 강요하는 것은 자유주의에 어긋나는 것이라고 생각합니다.#@문장구분#그러므로 남에게 강요를 하지말고 개인의 선택을 존중하면서 조용히 지켜봐 줘야된다.#@문장구분# 그러면 언젠가는 생각이 바뀔수도 있을 것이다.#@문장구분#",
      "paragraph_len": 1100,
      "paragraph_id": "001"
    }
  ],
  "score": {
    "paragraph_score": [
      {
        "paragraph_scoreT": [
          3,
          2.8,
          2.8
        ],
        "paragraph_scoreT_detail": {
          "paragraph_scoreT_exp": [
            [
              3,
              3,
              3
            ],
            [
              2,
              3,
              3
            ],
            [
              2,
              3,
              3
            ]
          ]
        },
        "paragraph_scoreT_avg": 2.8666668,
        "paragraph_id": "001"
      }
    ],
    "essay_scoreT": [
      30,
      26.400002,
      25.5
    ],
    "essay_scoreT_avg": 27.300001,
    "essay_scoreT_detail": {
      "essay_scoreT_org": [
        [
          3,
          0,
          3,
          3
        ],
        [
          2,
          0,
          3,
          3
        ],
        [
          2,
          0,
          2,
          3
        ]
      ],
      "essay_scoreT_cont": [
        [
          3,
          3,
          3,
          3
        ],
        [
          3,
          2,
          3,
          3
        ],
        [
          3,
          2,
          3,
          3
        ]
      ],
      "essay_scoreT_exp": [
        [
          3,
          3,
          3
        ],
        [
          2,
          3,
          3
        ],
        [
          2,
          3,
          3
        ]
      ]
    }
  },
  "student": {
    "date": "2021.12.20",
    "student_educated": true,
    "student_grade": "고등_1학년",
    "location": "044",
    "student_grade_group": "고등",
    "student_reading": 2
  },
  "rubric": {
    "essay_grade": "고등_1학년",
    "organization_weight": {
      "org_paragraph": 0,
      "org": 3,
      "org_essay": 6,
      "org_coherence": 3,
      "org_quantity": 1
    },
    "essay_type": "찬성반대",
    "content_weight": {
      "con_clearance": 3,
      "con_novelty": 3,
      "con": 4,
      "con_prompt": 1,
      "con_description": 3
    },
    "essay_main_subject": "비혼주의자에 대한 본인의 의견",
    "expression_weight": {
      "exp_style": 4,
      "exp_grammar": 2,
      "exp_vocab": 4,
      "exp": 3
    }
  },
  "correction": [],
  "info": {
    "essay_id": "ESSAY_71285",
    "essay_prompt": " \"\"연애는 필수, 결혼은 선택! 가슴이 뛰는 대로 가면 돼\"\".\n\n 유명한 유행가의 노래 가사처럼, 청년들에게 결혼은 이제 필수가 아닌 하나의 선택 사항입니다. 연애, 결혼, 출산을 포기한다는 의미의 '3포세대'라는 말이 나오기 무섭게 5포 세대, N포세대까지 등장할 정도로 취업난, 치솟는 부동산 가격 등 여러 사회·경제적 요인들로 청년층을 위축시켰습니다.\n\n 모두가 이러한 이유로 '결혼을 포기'하는 것만은 아닙니다. 개인의 행복을 위해 '비혼을 선택'하는 청년들도 늘고 있습니다. 이처럼 최근 전통적인 가치관에서 벗어나 연애와 동거는 하면서 결혼이라는 제도에 묶여 관계에서 파생되는 책임을 벗어나 자유로운 삶을 추구하는 비혼주의자가 늘고 있습니다.\n\n 다만, 개인의 자유로운 선택에 따라 비혼주의를 하지만 주변에서는 아직 고운 시선으로 바라보지 않는 사람도 많습니다. 결혼이라는 제도에 대해서 선택이 아닌 필수라고 생각하는 사람들도 많지요. 개개인이 모여 사회가 형성되기 때문에 사회의 가장 작은 단위인 가족을 이루는 것도 사회 구성원으로서의 큰 역할이라고 생각하는 사람들도 있습니다.\n\n 여러분은 결혼을 꼭 해야 한다고 생각하시나요? 아니면 결혼은 선택의 문제라고 생각하시나요? 비혼주의에 대해 찬성하는 입장 반대를 선택하여 자신의 의견을 작성해주세요. 그리고 그렇게 생각한 이유에 대해서 작성해주세요.",
    "essay_type": "찬성반대",
    "essay_level": "2",
    "essay_len": 821,
    "essay_main_subject": "비혼주의자에 대한 본인의 의견"
  }
}