{
  "paragraph": [
    {
      "paragraph_txt": "비혼주의에 대한 나의 견해로는 비혼을 찬성하는 입장이다.#@문장구분# 첫 번째 이유로는 복지의 증가가 있다.#@문장구분# 복지제도가 점차적으로 정비 되어가면서 혼자 살고 생활하는 것에 대한 불편함을 제거해준다.#@문장구분# 노인, 장애인 등에 대한 복지 사각지대 및 취약자에 대한 사회적 관심은 점차 확대되고 있다.#@문장구분# 장기 실업자나 장애인, 부상으로 인한 후천적 장애인 등에 대한 복지 사각지대나 취약자에 대한 관심 및 지원도 점차 확산 중에 있다.#@문장구분# 두번째 이유로는경제적 문제인데 이 이유가 내가 비혼을 찬성하는 큰 이유중 하나이다.#@문장구분# 2000년대 중후반 이후로 고용없는 성장, 비정규직 양산, 글로벌 경제 위기가 겹치면서 남자들은 취업난과 함께 주택 마련이라는 이중고를 겪고 있다.#@문장구분# 한편으로 가부장제 가치관 하에서 남성은 경제적 부양을 강요받기 싫어 비혼을 택하는 사람도 많아졌다.#@문장구분# 매달 수백만원 이상의 월급을 벌어 오면서도 정작 이 급여의 대부분을 배우자에게 모두 가져다 바치다시피 하고 자신이 벌어온 것을 용돈으로 받아 쓰는 생활에 대해 거부감을 가지는 경우 역시 포함된다.#@문장구분# 심하면 비상금과 같은 경제적 부담에 대한 문제 때문에 불화가 생겨서 이혼까지 가는 경우도 있을 정도.#@문장구분# 이것 역시 가족을 부양하느라 자신이 벌어온 돈의 대부분을 자기 자신을 위해 쓰지 못하기 때문에 벌어지는 일.#@문장구분# 심지어 이유를 막론하고 실직하면 곧바로 재취업하지 않는 이상 바로 가정 해체 단계로 들어가는 일도 비일비재하며, 이 경우 남성 입장에서는 처음부터 결혼을 안한 독신주의자들과 달리 가족 부양에 힘써왔는데 결국 이혼을 했다는 자괴감과 허무함에 빠져버릴 가능성이 높다.#@문장구분# 세 번째 이유로는 여성에게 가해지는 육아의 부담이다.#@문장구분# 여성은 여성대로 돈을 벌어오면서도 집안일과 육아의 총책임자는 일단 여자라는 사회의 무언의 압박 때문에 커리어를 포기하던가, 결국 일과 가정 둘 다 온전히 챙기지 못하고 양측에서 욕만 먹는다.#@문장구분# 미디어에서 각광 받고 있는 슈퍼맘 이미지 또한 직업을 가진 결혼적령기의 여성들에게 부담으로 작용한다.#@문장구분# 일과 가사 사이에서 균형을 잘 맞추는 사람은 칭찬 받아 마땅하나 남성은 제외시키고 여성에게만 그런 이미지를 투영하고 압박을 주는 것은 옳지 못하다.#@문장구분#지금 세대의 여성들 사이에선 무조건적 희생으로 자신의 삶이 없다시피 한 어머니의 시댁과의 불편한 관계를 보고 자라오면서 결혼제도에 대한 염증이 있었다.#@문장구분# 서구권에서 처음 페미니즘이 대두하면서 일부 여성 운동가들이 자발적 독신에 긍정적인 태도를 보이며 독신 생활을 고수하였다.#@문장구분# 이들은 결혼을 강요하는 기성 세대와 기득권층에 맞서 주체적 여성성을 지키기 위한 방법으로 독신을 택했다.#@문장구분# 급격히 불고있는 한국 내 급진적 페미니즘 또한 기본적으로 비혼과 비출산을 모토로 한다.#@문장구분# 결혼과 출산으로 여성에게 부과되는 책임감이 여성이 가진 사회적 인정 욕구, 권력 욕구를 빼앗고 있기 때문으로 보인다.#@문장구분#",
      "paragraph_len": 1814,
      "paragraph_id": "001"
    }
  ],
  "score": {
    "paragraph_score": [
      {
        "paragraph_scoreT": [
          3,
          3,
          3
        ],
        "paragraph_scoreT_detail": {
          "paragraph_scoreT_exp": [
            [
              3,
              3,
              3
            ],
            [
              3,
              3,
              3
            ],
            [
              3,
              3,
              3
            ]
          ]
        },
        "paragraph_scoreT_avg": 3,
        "paragraph_id": "001"
      }
    ],
    "essay_scoreT": [
      30,
      26.099998,
      30
    ],
    "essay_scoreT_avg": 28.699999,
    "essay_scoreT_detail": {
      "essay_scoreT_org": [
        [
          3,
          0,
          3,
          3
        ],
        [
          2,
          0,
          2,
          3
        ],
        [
          3,
          0,
          3,
          3
        ]
      ],
      "essay_scoreT_cont": [
        [
          3,
          3,
          3,
          3
        ],
        [
          3,
          2,
          3,
          3
        ],
        [
          3,
          3,
          3,
          3
        ]
      ],
      "essay_scoreT_exp": [
        [
          3,
          3,
          3
        ],
        [
          3,
          3,
          3
        ],
        [
          3,
          3,
          3
        ]
      ]
    }
  },
  "student": {
    "date": "2021.10.24",
    "student_educated": true,
    "student_grade": "고등_1학년",
    "location": "063",
    "student_grade_group": "고등",
    "student_reading": 1
  },
  "rubric": {
    "essay_grade": "고등_1학년",
    "organization_weight": {
      "org_paragraph": 0,
      "org": 3,
      "org_essay": 6,
      "org_coherence": 3,
      "org_quantity": 1
    },
    "essay_type": "찬성반대",
    "content_weight": {
      "con_clearance": 3,
      "con_novelty": 3,
      "con": 4,
      "con_prompt": 1,
      "con_description": 3
    },
    "essay_main_subject": "비혼주의자에 대한 본인의 의견",
    "expression_weight": {
      "exp_style": 4,
      "exp_grammar": 2,
      "exp_vocab": 4,
      "exp": 3
    }
  },
  "correction": [],
  "info": {
    "essay_id": "ESSAY_43913",
    "essay_prompt": " \"\"연애는 필수, 결혼은 선택! 가슴이 뛰는 대로 가면 돼\"\".\n\n 유명한 유행가의 노래 가사처럼, 청년들에게 결혼은 이제 필수가 아닌 하나의 선택 사항입니다. 연애, 결혼, 출산을 포기한다는 의미의 '3포세대'라는 말이 나오기 무섭게 5포 세대, N포세대까지 등장할 정도로 취업난, 치솟는 부동산 가격 등 여러 사회·경제적 요인들로 청년층을 위축시켰습니다.\n\n 모두가 이러한 이유로 '결혼을 포기'하는 것만은 아닙니다. 개인의 행복을 위해 '비혼을 선택'하는 청년들도 늘고 있습니다. 이처럼 최근 전통적인 가치관에서 벗어나 연애와 동거는 하면서 결혼이라는 제도에 묶여 관계에서 파생되는 책임을 벗어나 자유로운 삶을 추구하는 비혼주의자가 늘고 있습니다.\n\n 다만, 개인의 자유로운 선택에 따라 비혼주의를 하지만 주변에서는 아직 고운 시선으로 바라보지 않는 사람도 많습니다. 결혼이라는 제도에 대해서 선택이 아닌 필수라고 생각하는 사람들도 많지요. 개개인이 모여 사회가 형성되기 때문에 사회의 가장 작은 단위인 가족을 이루는 것도 사회 구성원으로서의 큰 역할이라고 생각하는 사람들도 있습니다.\n\n 여러분은 결혼을 꼭 해야 한다고 생각하시나요? 아니면 결혼은 선택의 문제라고 생각하시나요? 비혼주의에 대해 찬성하는 입장 반대를 선택하여 자신의 의견을 작성해주세요. 그리고 그렇게 생각한 이유에 대해서 작성해주세요.",
    "essay_type": "찬성반대",
    "essay_level": "2",
    "essay_len": 1395,
    "essay_main_subject": "비혼주의자에 대한 본인의 의견"
  }
}