{
  "paragraph": [
    {
      "paragraph_txt": "저는 비혼주의에 대해 찬성합니다.#@문장구분# 그 이유는 소속감이나 안정감보다는 개인의 자유와 서로의 영역에 더 무게를 싣는 성향의 사람들에게는 결혼이라는 선택이 적합하지 않기 때문입니다.#@문장구분# \n비혼주의자를 찬성하는 이유 3가지는 먼저 첫 번째로 사람마다 개개인의 가치관이라는게 있는 것이고 그 가치관을 남이 침범하면 안된다고 생각하기 때문입니다.#@문장구분# 만약 침범을 한다면 자신이 사랑하는 사람과 관계가 틀어져 싸움까지 번질 수 있고 이득될게 없기 때문에 침범을 하면 안된다고 생각합니다.#@문장구분#\n두 번째로는 비혼주의를 선호하는 배우를 예시로 들겠습니다.#@문장구분# 배우 문근영씨는 비혼주의를 선호합니다.#@문장구분# 왜냐하면 \"결혼을 하면 가정이라는 울타리에 내가 해를 끼칠 것 같다. 지금 같아서는 결혼하지 않고 혼자서 자유롭게 살고 싶다. 어디에도 얽매이고 싶지 않다. 결혼하게 되면 갇혀 사는 것 같은 느낌일 것 같다\" 라고 말하였는데 제 개인적인 생각으로는 배우 문근영씨의 말에 동의합니다.#@문장구분# 저는 비혼주의가 아니지만 비혼주의를 선호하시는 배우 문근영씨의 말을 들어보니 그만큼 비혼주의를 선호하시는 분들의 입장도 이해가 되고 갇혀사는 것 같은 느낌이 들 것 같다는 생각도 해보았기 때문입니다.#@문장구분# \n세 번째는 시대가 많이 변해 왔다는 것입니다.#@문장구분# 80년대 혹은 90년대 식으로 젊은이들에게 \"너도 이제 나이가 들었으니 결혼을 해라\" 라는 논리가 더이상 통하지 않고 결혼을 하지 않아도 전혀 이상하지 않은 시대가 왔다는 것입니다.#@문장구분# 예전처럼 결혼을 당연시하게 생각을 하고 결혼을 하고나면 당연한 출산과함께 여자들을 경력이 단절되는 경우를 많이 볼 수 있지만 요즘은 그렇지 않다고 생각합니다.#@문장구분# 결론은 저는 비혼주의자를 찬성합니다.#@문장구분#",
      "paragraph_len": 1065,
      "paragraph_id": "001"
    }
  ],
  "score": {
    "paragraph_score": [
      {
        "paragraph_scoreT": [
          3,
          3,
          3
        ],
        "paragraph_scoreT_detail": {
          "paragraph_scoreT_exp": [
            [
              3,
              3,
              3
            ],
            [
              3,
              3,
              3
            ],
            [
              3,
              3,
              3
            ]
          ]
        },
        "paragraph_scoreT_avg": 3,
        "paragraph_id": "001"
      }
    ],
    "essay_scoreT": [
      30,
      30,
      25.5
    ],
    "essay_scoreT_avg": 28.5,
    "essay_scoreT_detail": {
      "essay_scoreT_org": [
        [
          3,
          0,
          3,
          3
        ],
        [
          3,
          0,
          3,
          3
        ],
        [
          2,
          0,
          3,
          2
        ]
      ],
      "essay_scoreT_cont": [
        [
          3,
          3,
          3,
          3
        ],
        [
          3,
          3,
          3,
          3
        ],
        [
          3,
          2,
          3,
          2
        ]
      ],
      "essay_scoreT_exp": [
        [
          3,
          3,
          3
        ],
        [
          3,
          3,
          3
        ],
        [
          3,
          3,
          3
        ]
      ]
    }
  },
  "student": {
    "date": "2021.10.24",
    "student_educated": true,
    "student_grade": "고등_1학년",
    "location": "063",
    "student_grade_group": "고등",
    "student_reading": 1
  },
  "rubric": {
    "essay_grade": "고등_1학년",
    "organization_weight": {
      "org_paragraph": 0,
      "org": 3,
      "org_essay": 6,
      "org_coherence": 3,
      "org_quantity": 1
    },
    "essay_type": "찬성반대",
    "content_weight": {
      "con_clearance": 3,
      "con_novelty": 3,
      "con": 4,
      "con_prompt": 1,
      "con_description": 3
    },
    "essay_main_subject": "비혼주의자에 대한 본인의 의견",
    "expression_weight": {
      "exp_style": 4,
      "exp_grammar": 2,
      "exp_vocab": 4,
      "exp": 3
    }
  },
  "correction": [],
  "info": {
    "essay_id": "ESSAY_43901",
    "essay_prompt": " \"\"연애는 필수, 결혼은 선택! 가슴이 뛰는 대로 가면 돼\"\".\n\n 유명한 유행가의 노래 가사처럼, 청년들에게 결혼은 이제 필수가 아닌 하나의 선택 사항입니다. 연애, 결혼, 출산을 포기한다는 의미의 '3포세대'라는 말이 나오기 무섭게 5포 세대, N포세대까지 등장할 정도로 취업난, 치솟는 부동산 가격 등 여러 사회·경제적 요인들로 청년층을 위축시켰습니다.\n\n 모두가 이러한 이유로 '결혼을 포기'하는 것만은 아닙니다. 개인의 행복을 위해 '비혼을 선택'하는 청년들도 늘고 있습니다. 이처럼 최근 전통적인 가치관에서 벗어나 연애와 동거는 하면서 결혼이라는 제도에 묶여 관계에서 파생되는 책임을 벗어나 자유로운 삶을 추구하는 비혼주의자가 늘고 있습니다.\n\n 다만, 개인의 자유로운 선택에 따라 비혼주의를 하지만 주변에서는 아직 고운 시선으로 바라보지 않는 사람도 많습니다. 결혼이라는 제도에 대해서 선택이 아닌 필수라고 생각하는 사람들도 많지요. 개개인이 모여 사회가 형성되기 때문에 사회의 가장 작은 단위인 가족을 이루는 것도 사회 구성원으로서의 큰 역할이라고 생각하는 사람들도 있습니다.\n\n 여러분은 결혼을 꼭 해야 한다고 생각하시나요? 아니면 결혼은 선택의 문제라고 생각하시나요? 비혼주의에 대해 찬성하는 입장 반대를 선택하여 자신의 의견을 작성해주세요. 그리고 그렇게 생각한 이유에 대해서 작성해주세요.",
    "essay_type": "찬성반대",
    "essay_level": "2",
    "essay_len": 825,
    "essay_main_subject": "비혼주의자에 대한 본인의 의견"
  }
}