{
  "paragraph": [
    {
      "paragraph_txt": "저는 비혼주의 찬성을 하는 주의입니다.#@문장구분# 현재 한국 사회에서는 개인의 노력과 성취만으로는 결혼이 어려워진 상황이 현실이 되어버린 것 같다.#@문장구분# 우연치 않게 비혼주의에 대한 기사를 보았는데 어떤 연구에 따르면 주거형태가 혼인율과 유의미한 관계가 있다는 결과가 나왔다는 기사를 본적이 있다.#@문장구분# 실제 자가 거주자와 전제 거주자의 혼인율의 차이나 나는 것이다.#@문장구분# 이에 월세는 혼인율이 월등히 낮다는 결과가 나왔다.#@문장구분# 월세 거주자들은 결혼이 가장 힘들고 전세역시 자가와 비교했을 때 결혼이 힘들다는 것이다.#@문장구분# 한 가정을 이루고 살아가는게 가장 기본적인 터가 되는 집을 마련하기 위해 여기에서 주거 형태의 종류에 따라 결혼율의 차이라니 참 씁쓸한 뿐이다.#@문장구분# 비혼주의와 상관없이도 직장생활을 해서 내 집 한칸을 마련하기는 기본 몇 년에서 몇 십년까지 걸린다고 한다.#@문장구분# 평생을 돈을 모아서 집을 마련하기까지 아무것도 안하고 살수는 없지 않은가?#@문장구분# 그럼에도 현재 마구 오르는 부동산 가격에 이런 비혼주의에 대한 생각을 가지신 분들 젊은 분들을 더 비혼주의쪽으로 많이 쏠리는 현상이 더 생겨나지 않을까?#@문장구분# 결혼을 자의적으로가 아닌 사회적인 환경, 경제적인 상황 문제들로 하지 못하고 있는게 현실이다.#@문장구분# 실제로 결혼을 하고 싶지 않아서인 이유도 있겠지만, 자의에 의해서 비혼주의를 포기하는 사람들은 과연 몇이나될까?#@문장구분# 이런 힘든 현실앞에서 과연 어느누구가 당당하게 비혼주의가 아니라고 말할 수 있을까?#@문장구분# 내 자의에 의한것보다는 타인에 의해 결혼을 망설이거나 포기하는 젊은이들이 더 많이 늘어나는 일은 더 이상은 없어야 한다고 생각된다.#@문장구분# 그러기에는 국가적으로 부동산 문제의 가장 문제점을 찾아 해결해주어야 하지 않을까?#@문장구분# 부동산 뿐만이 아니더라도 출산 양육에 대한 문제점들도 많겠지만 가장 시급한건 부동산 문제에 대한 끝없이 오르는 집값이 먼저 해결이 되어야 한다고 생각된다.#@문장구분#",
      "paragraph_len": 1231,
      "paragraph_id": "001"
    }
  ],
  "score": {
    "paragraph_score": [
      {
        "paragraph_scoreT": [
          3,
          3,
          3
        ],
        "paragraph_scoreT_detail": {
          "paragraph_scoreT_exp": [
            [
              3,
              3,
              3
            ],
            [
              3,
              3,
              3
            ],
            [
              3,
              3,
              3
            ]
          ]
        },
        "paragraph_scoreT_avg": 3,
        "paragraph_id": "001"
      }
    ],
    "essay_scoreT": [
      30,
      30,
      30
    ],
    "essay_scoreT_avg": 30,
    "essay_scoreT_detail": {
      "essay_scoreT_org": [
        [
          3,
          0,
          3,
          3
        ],
        [
          3,
          0,
          3,
          3
        ],
        [
          3,
          0,
          3,
          3
        ]
      ],
      "essay_scoreT_cont": [
        [
          3,
          3,
          3,
          3
        ],
        [
          3,
          3,
          3,
          3
        ],
        [
          3,
          3,
          3,
          3
        ]
      ],
      "essay_scoreT_exp": [
        [
          3,
          3,
          3
        ],
        [
          3,
          3,
          3
        ],
        [
          3,
          3,
          3
        ]
      ]
    }
  },
  "student": {
    "date": "2021.11.25",
    "student_educated": true,
    "student_grade": "고등_1학년",
    "location": "063",
    "student_grade_group": "고등",
    "student_reading": 2
  },
  "rubric": {
    "essay_grade": "고등_1학년",
    "organization_weight": {
      "org_paragraph": 0,
      "org": 3,
      "org_essay": 6,
      "org_coherence": 3,
      "org_quantity": 1
    },
    "essay_type": "찬성반대",
    "content_weight": {
      "con_clearance": 3,
      "con_novelty": 3,
      "con": 4,
      "con_prompt": 1,
      "con_description": 3
    },
    "essay_main_subject": "비혼주의자에 대한 본인의 의견",
    "expression_weight": {
      "exp_style": 4,
      "exp_grammar": 2,
      "exp_vocab": 4,
      "exp": 3
    }
  },
  "correction": [],
  "info": {
    "essay_id": "ESSAY_51863",
    "essay_prompt": " \"\"연애는 필수, 결혼은 선택! 가슴이 뛰는 대로 가면 돼\"\".\n\n 유명한 유행가의 노래 가사처럼, 청년들에게 결혼은 이제 필수가 아닌 하나의 선택 사항입니다. 연애, 결혼, 출산을 포기한다는 의미의 '3포세대'라는 말이 나오기 무섭게 5포 세대, N포세대까지 등장할 정도로 취업난, 치솟는 부동산 가격 등 여러 사회·경제적 요인들로 청년층을 위축시켰습니다.\n\n 모두가 이러한 이유로 '결혼을 포기'하는 것만은 아닙니다. 개인의 행복을 위해 '비혼을 선택'하는 청년들도 늘고 있습니다. 이처럼 최근 전통적인 가치관에서 벗어나 연애와 동거는 하면서 결혼이라는 제도에 묶여 관계에서 파생되는 책임을 벗어나 자유로운 삶을 추구하는 비혼주의자가 늘고 있습니다.\n\n 다만, 개인의 자유로운 선택에 따라 비혼주의를 하지만 주변에서는 아직 고운 시선으로 바라보지 않는 사람도 많습니다. 결혼이라는 제도에 대해서 선택이 아닌 필수라고 생각하는 사람들도 많지요. 개개인이 모여 사회가 형성되기 때문에 사회의 가장 작은 단위인 가족을 이루는 것도 사회 구성원으로서의 큰 역할이라고 생각하는 사람들도 있습니다.\n\n 여러분은 결혼을 꼭 해야 한다고 생각하시나요? 아니면 결혼은 선택의 문제라고 생각하시나요? 비혼주의에 대해 찬성하는 입장 반대를 선택하여 자신의 의견을 작성해주세요. 그리고 그렇게 생각한 이유에 대해서 작성해주세요.",
    "essay_type": "찬성반대",
    "essay_level": "2",
    "essay_len": 911,
    "essay_main_subject": "비혼주의자에 대한 본인의 의견"
  }
}