{
  "paragraph": [
    {
      "paragraph_txt": "우리 주위에 서로 다른 가치관을 가진 사람들이 많다. #@문장구분#그만큼 비혼주의자도 있을 것이고 결혼이 필수라는 사람들도 그만큼 많다고 생각한다.#@문장구분# 내 주위에도 비혼주의자 친구가 있다.#@문장구분# 그 친구는 공부도 잘하고 나름 얼굴도 예쁘게 생겼다.#@문장구분# 그런데 자기는 비혼주의자라고 하여서 내가 물어보았다.#@문장구분# 친구의 대답은 간단했다.#@문장구분# \"결혼해서 뭐해\" 이처럼 결혼을 별거 아니라는 사람도 있고 결혼은 무조건 해야하는 것이라고 생각하는 사람들도 있을 것이다.#@문장구분# 주위 어른들은 저출산이니 젊은 우리가 나서서 결혼을 하고 아이를 낳아야한다고 한다. #@문장구분#돈은 사라지고 혜택은 평생가는 것이 아니니까.#@문장구분# 어른들은 우리에게 저출산은 우리들의 몫이라 하지만 그렇다고 고령화를 줄이기 위해 노인들의 수를 줄일 순 없지 않은가?#@문장구분# 나는 이렇게 생각한다.#@문장구분# 우리 모두 결혼을 하지 않는다고 하여 주어진 삶을 살지 못하는 것도 아니고 그렇다고 결혼을 한다고 이 세상에서 못 살아간다는 것도 아니다.#@문장구분# 또 가사, 자녀 양육, 생계유지 등은 결혼을 하면 필수적으로 해야 하는데 누구에게나 해당되겠지만 이것들로 스트레스 받지 않는 사람은 없다.#@문장구분# 자신만의 스트레스 해소법이 있다면 다행이기 때문이지만 이것들로 받는 스트레스는 교육용 영상에 나오는 것처럼 가족들에게 직접 털어놓아 해결하기가 쉽지 않다.#@문장구분#세 번째로 책임을 지는 것이 힘들 수 있기 때문이다.#@문장구분# 현실의 결혼은 만화에서처럼 서로 좋다고 바로 하는 것이 아니라 책임감을 가지고 신중히 하는 것이다.#@문장구분# 결혼을 하면 자신이 행복할 점도 분명히 있겠지만 결혼을 하면 내가 책임져야 하는 것들이 생기는데 당연하게도 책임을 지는 것은 누구나 좋아하지 않을 것이다.#@문장구분#",
      "paragraph_len": 1146,
      "paragraph_id": "001"
    }
  ],
  "score": {
    "paragraph_score": [
      {
        "paragraph_scoreT": [
          3,
          3,
          2.6
        ],
        "paragraph_scoreT_detail": {
          "paragraph_scoreT_exp": [
            [
              3,
              3,
              3
            ],
            [
              3,
              3,
              3
            ],
            [
              3,
              2,
              3
            ]
          ]
        },
        "paragraph_scoreT_avg": 2.8666668,
        "paragraph_id": "001"
      }
    ],
    "essay_scoreT": [
      30,
      26.3,
      24.9
    ],
    "essay_scoreT_avg": 27.066666,
    "essay_scoreT_detail": {
      "essay_scoreT_org": [
        [
          3,
          0,
          3,
          3
        ],
        [
          2,
          0,
          3,
          2
        ],
        [
          2,
          0,
          2,
          3
        ]
      ],
      "essay_scoreT_cont": [
        [
          3,
          3,
          3,
          3
        ],
        [
          3,
          2,
          2,
          3
        ],
        [
          3,
          3,
          3,
          2
        ]
      ],
      "essay_scoreT_exp": [
        [
          3,
          3,
          3
        ],
        [
          3,
          3,
          3
        ],
        [
          3,
          2,
          3
        ]
      ]
    }
  },
  "student": {
    "date": "2021.12.20",
    "student_educated": true,
    "student_grade": "고등_1학년",
    "location": "044",
    "student_grade_group": "고등",
    "student_reading": 2
  },
  "rubric": {
    "essay_grade": "고등_1학년",
    "organization_weight": {
      "org_paragraph": 0,
      "org": 3,
      "org_essay": 6,
      "org_coherence": 3,
      "org_quantity": 1
    },
    "essay_type": "찬성반대",
    "content_weight": {
      "con_clearance": 3,
      "con_novelty": 3,
      "con": 4,
      "con_prompt": 1,
      "con_description": 3
    },
    "essay_main_subject": "비혼주의자에 대한 본인의 의견",
    "expression_weight": {
      "exp_style": 4,
      "exp_grammar": 2,
      "exp_vocab": 4,
      "exp": 3
    }
  },
  "correction": [],
  "info": {
    "essay_id": "ESSAY_71275",
    "essay_prompt": " \"\"연애는 필수, 결혼은 선택! 가슴이 뛰는 대로 가면 돼\"\".\n\n 유명한 유행가의 노래 가사처럼, 청년들에게 결혼은 이제 필수가 아닌 하나의 선택 사항입니다. 연애, 결혼, 출산을 포기한다는 의미의 '3포세대'라는 말이 나오기 무섭게 5포 세대, N포세대까지 등장할 정도로 취업난, 치솟는 부동산 가격 등 여러 사회·경제적 요인들로 청년층을 위축시켰습니다.\n\n 모두가 이러한 이유로 '결혼을 포기'하는 것만은 아닙니다. 개인의 행복을 위해 '비혼을 선택'하는 청년들도 늘고 있습니다. 이처럼 최근 전통적인 가치관에서 벗어나 연애와 동거는 하면서 결혼이라는 제도에 묶여 관계에서 파생되는 책임을 벗어나 자유로운 삶을 추구하는 비혼주의자가 늘고 있습니다.\n\n 다만, 개인의 자유로운 선택에 따라 비혼주의를 하지만 주변에서는 아직 고운 시선으로 바라보지 않는 사람도 많습니다. 결혼이라는 제도에 대해서 선택이 아닌 필수라고 생각하는 사람들도 많지요. 개개인이 모여 사회가 형성되기 때문에 사회의 가장 작은 단위인 가족을 이루는 것도 사회 구성원으로서의 큰 역할이라고 생각하는 사람들도 있습니다.\n\n 여러분은 결혼을 꼭 해야 한다고 생각하시나요? 아니면 결혼은 선택의 문제라고 생각하시나요? 비혼주의에 대해 찬성하는 입장 반대를 선택하여 자신의 의견을 작성해주세요. 그리고 그렇게 생각한 이유에 대해서 작성해주세요.",
    "essay_type": "찬성반대",
    "essay_level": "2",
    "essay_len": 807,
    "essay_main_subject": "비혼주의자에 대한 본인의 의견"
  }
}