{
  "paragraph": [
    {
      "paragraph_txt": "나는 비혼주의에 찬성한다.#@문장구분# 여성들의 경우 비혼을 넘어서 독신을 결심하는 경우는 대개 안정된 직장과 경제력을 갖춘 경우이다.#@문장구분# 특히 능력이 좋은 여성일수록, 맞벌이는 당연히 요구되면서도 여성과 남성에게 기대되는 육아, 집안일 기여도가 다르다는 것, 시댁의 부담 등으로 인해 자신이 잃게 될 것들이 크게 다가오므로 독신을 고집한다.#@문장구분# 꼭 고집하진 않더라도 여자의 커리어를 자신의 커리어보다 존중해주거나 혹은 동일하게 취급해줄 남성을 찾지 못하면 자연스럽게 독신으로 살아간다.#@문장구분# 미디어에서 여러 형태의 싱글라이프를 보여주고 여러 비혼 여성 연예인들이 친숙하게 다가오면서 젊은 세대일수록 독신에 대한 편견이 없어지고 있기 때문에 여성 독신자의 수는 계속 늘어날 것으로 예상된다.#@문장구분# 여성은 여성대로 돈을 벌어오면서도 집안일과 육아의 총책임자는 일단 여자라는 사회의 무언의 압박 때문에 커리어를 포기하던가, 결국 일과 가정 둘 다 온전히 챙기지 못하고 양측에서 욕만 먹는다.#@문장구분# 조사에 의하면 맞벌이 가정의 경우에도 집안일과 육아는 남성보다 여성이 더 많이 부담한다고 하고 여성 경제적생활을 하는 경우에도 남자보단 여자의 가사 노동시간이 시간 더 많다고한다.#@문장구분# 최근 티비에서 인기있는 슈퍼맘 이미지 또한 직업을 가진 결혼적령기의 여성들에게 부담으로 작용한다.#@문장구분# 일과 가사 사이에서 균형을 잘 맞추는 사람은 칭찬 받아 마땅하나 남성은 제외시키고 여성에게만 그런 이미지를 투영하고 압박을 주는 것은 옳지 못하다.#@문장구분# 지금 세대의 여성들 사이에선 무조건적 희생으로 자신의 삶이 없다시피 한 어머니의 시댁과의 불편한 관계를 보고 자라오면서 결혼제도에 대한 불신이 생겨난 것일수도 있다..#@문장구분#",
      "paragraph_len": 1012,
      "paragraph_id": "001"
    }
  ],
  "score": {
    "paragraph_score": [
      {
        "paragraph_scoreT": [
          3,
          3,
          2.8
        ],
        "paragraph_scoreT_detail": {
          "paragraph_scoreT_exp": [
            [
              3,
              3,
              3
            ],
            [
              3,
              3,
              3
            ],
            [
              2,
              3,
              3
            ]
          ]
        },
        "paragraph_scoreT_avg": 2.9333334,
        "paragraph_id": "001"
      }
    ],
    "essay_scoreT": [
      30,
      27.9,
      26.1
    ],
    "essay_scoreT_avg": 28,
    "essay_scoreT_detail": {
      "essay_scoreT_org": [
        [
          3,
          0,
          3,
          3
        ],
        [
          2,
          0,
          3,
          2
        ],
        [
          3,
          0,
          2,
          3
        ]
      ],
      "essay_scoreT_cont": [
        [
          3,
          3,
          3,
          3
        ],
        [
          3,
          3,
          3,
          3
        ],
        [
          2,
          2,
          3,
          3
        ]
      ],
      "essay_scoreT_exp": [
        [
          3,
          3,
          3
        ],
        [
          3,
          3,
          3
        ],
        [
          2,
          3,
          3
        ]
      ]
    }
  },
  "student": {
    "date": "2021.12.21",
    "student_educated": true,
    "student_grade": "고등_1학년",
    "location": "031",
    "student_grade_group": "고등",
    "student_reading": 2
  },
  "rubric": {
    "essay_grade": "고등_1학년",
    "organization_weight": {
      "org_paragraph": 0,
      "org": 3,
      "org_essay": 6,
      "org_coherence": 3,
      "org_quantity": 1
    },
    "essay_type": "찬성반대",
    "content_weight": {
      "con_clearance": 3,
      "con_novelty": 3,
      "con": 4,
      "con_prompt": 1,
      "con_description": 3
    },
    "essay_main_subject": "비혼주의자에 대한 본인의 의견",
    "expression_weight": {
      "exp_style": 4,
      "exp_grammar": 2,
      "exp_vocab": 4,
      "exp": 3
    }
  },
  "correction": [],
  "info": {
    "essay_id": "ESSAY_71331",
    "essay_prompt": " \"\"연애는 필수, 결혼은 선택! 가슴이 뛰는 대로 가면 돼\"\".\n\n 유명한 유행가의 노래 가사처럼, 청년들에게 결혼은 이제 필수가 아닌 하나의 선택 사항입니다. 연애, 결혼, 출산을 포기한다는 의미의 '3포세대'라는 말이 나오기 무섭게 5포 세대, N포세대까지 등장할 정도로 취업난, 치솟는 부동산 가격 등 여러 사회·경제적 요인들로 청년층을 위축시켰습니다.\n\n 모두가 이러한 이유로 '결혼을 포기'하는 것만은 아닙니다. 개인의 행복을 위해 '비혼을 선택'하는 청년들도 늘고 있습니다. 이처럼 최근 전통적인 가치관에서 벗어나 연애와 동거는 하면서 결혼이라는 제도에 묶여 관계에서 파생되는 책임을 벗어나 자유로운 삶을 추구하는 비혼주의자가 늘고 있습니다.\n\n 다만, 개인의 자유로운 선택에 따라 비혼주의를 하지만 주변에서는 아직 고운 시선으로 바라보지 않는 사람도 많습니다. 결혼이라는 제도에 대해서 선택이 아닌 필수라고 생각하는 사람들도 많지요. 개개인이 모여 사회가 형성되기 때문에 사회의 가장 작은 단위인 가족을 이루는 것도 사회 구성원으로서의 큰 역할이라고 생각하는 사람들도 있습니다.\n\n 여러분은 결혼을 꼭 해야 한다고 생각하시나요? 아니면 결혼은 선택의 문제라고 생각하시나요? 비혼주의에 대해 찬성하는 입장 반대를 선택하여 자신의 의견을 작성해주세요. 그리고 그렇게 생각한 이유에 대해서 작성해주세요.",
    "essay_type": "찬성반대",
    "essay_level": "2",
    "essay_len": 812,
    "essay_main_subject": "비혼주의자에 대한 본인의 의견"
  }
}