{
  "paragraph": [
    {
      "paragraph_txt": "옛날엔 결혼이라는 것을 필수로 여겨왔지만 지금은 필수가 아닌 선택으로 점점 바뀌어 간다.#@문장구분#\n 우리나라는 저출산 국가인데 결혼마저 안하면 어떻게 되나 싶지만\n 결혼을 마냥 강요할 수는 없다.#@문장구분# 나는 비혼주의를 찬성한다.#@문장구분#\n 내가 결혼을 찬성하든 반대하든 이 선택은 나의 주관적인 선택이고\n 존중받아야 한다고 생각한다.#@문장구분#\n 반드시 결혼을 하라는법은 없으며, 개인의 경제상황에 의해\n 결혼을 하지 않는사람도 있을것이고\n 결혼 자체를 싫어하거나 개인적인 사정에 의해서 비혼주의를 택했을 것이다.#@문장구분#\n 심지어 결혼을 혐오하거나 결혼을 하면 불행해진다는 사람들도 있다.#@문장구분#\n 하지만 그런 부분은 제외하고 생각을 해보면,\n 결혼을 하게되면 집을 구해야 하는데\n 요즘 집값이 많이 올랐기 때문에 주거비용이 들것이고\n 아이를 낳은 뒤 들어가는 양육시간, 비용등을 생각해보면 어느정도 이해는 될 것이다.#@문장구분#\n 거기에 아이를 하나가 아니고 어렷을 낳게되면 부담은 배로 증가할 것이다.#@문장구분#\n 이렇게 여러 가지 이유로 결혼을 반대하거나 꺼려하는 사람들이 존재한다.#@문장구분#\n 이런 부분을 생각해볼 때 결혼이라는 것을 당연하게 생각하면 안된다고 생각한다.#@문장구분#\n 그리고 예전에는 결혼을 못하면 어디 하나 하자있는 인간이라고 생각했지만, 요즘에는 노래가사에도 나오듯이 연애는 필수 결혼은 선택이라는 생각이 강해졌다.#@문장구분# 그리고 아이 한 명을 낳으면 20살 때까지 키우는데 평균 3억이 든다고 한다.#@문장구분# 평균 3억이지 3억이 더 들수 있다는 말이다.#@문장구분# 금전적인 부분만 따져봐도 결혼은 미친짓이라는 결과가 나온다.#@문장구분# 그래서 나는 비혼주의자들의 의견을 존중한다.#@문장구분# 하지만 나는 비혼주의를 찬성하지만 나는 나중에 꼭 결혼하고싶다.#@문장구분#",
      "paragraph_len": 1130,
      "paragraph_id": "001"
    }
  ],
  "score": {
    "paragraph_score": [
      {
        "paragraph_scoreT": [
          3,
          3,
          3
        ],
        "paragraph_scoreT_detail": {
          "paragraph_scoreT_exp": [
            [
              3,
              3,
              3
            ],
            [
              3,
              3,
              3
            ],
            [
              3,
              3,
              3
            ]
          ]
        },
        "paragraph_scoreT_avg": 3,
        "paragraph_id": "001"
      }
    ],
    "essay_scoreT": [
      30,
      28.8,
      30
    ],
    "essay_scoreT_avg": 29.6,
    "essay_scoreT_detail": {
      "essay_scoreT_org": [
        [
          3,
          0,
          3,
          3
        ],
        [
          3,
          0,
          3,
          3
        ],
        [
          3,
          0,
          3,
          3
        ]
      ],
      "essay_scoreT_cont": [
        [
          3,
          3,
          3,
          3
        ],
        [
          3,
          2,
          3,
          3
        ],
        [
          3,
          3,
          3,
          3
        ]
      ],
      "essay_scoreT_exp": [
        [
          3,
          3,
          3
        ],
        [
          3,
          3,
          3
        ],
        [
          3,
          3,
          3
        ]
      ]
    }
  },
  "student": {
    "date": "2021.10.30",
    "student_educated": true,
    "student_grade": "고등_1학년",
    "location": "063",
    "student_grade_group": "고등",
    "student_reading": 2
  },
  "rubric": {
    "essay_grade": "고등_1학년",
    "organization_weight": {
      "org_paragraph": 0,
      "org": 3,
      "org_essay": 6,
      "org_coherence": 3,
      "org_quantity": 1
    },
    "essay_type": "찬성반대",
    "content_weight": {
      "con_clearance": 3,
      "con_novelty": 3,
      "con": 4,
      "con_prompt": 1,
      "con_description": 3
    },
    "essay_main_subject": "비혼주의자에 대한 본인의 의견",
    "expression_weight": {
      "exp_style": 4,
      "exp_grammar": 2,
      "exp_vocab": 4,
      "exp": 3
    }
  },
  "correction": [],
  "info": {
    "essay_id": "ESSAY_43920",
    "essay_prompt": " \"\"연애는 필수, 결혼은 선택! 가슴이 뛰는 대로 가면 돼\"\".\n\n 유명한 유행가의 노래 가사처럼, 청년들에게 결혼은 이제 필수가 아닌 하나의 선택 사항입니다. 연애, 결혼, 출산을 포기한다는 의미의 '3포세대'라는 말이 나오기 무섭게 5포 세대, N포세대까지 등장할 정도로 취업난, 치솟는 부동산 가격 등 여러 사회·경제적 요인들로 청년층을 위축시켰습니다.\n\n 모두가 이러한 이유로 '결혼을 포기'하는 것만은 아닙니다. 개인의 행복을 위해 '비혼을 선택'하는 청년들도 늘고 있습니다. 이처럼 최근 전통적인 가치관에서 벗어나 연애와 동거는 하면서 결혼이라는 제도에 묶여 관계에서 파생되는 책임을 벗어나 자유로운 삶을 추구하는 비혼주의자가 늘고 있습니다.\n\n 다만, 개인의 자유로운 선택에 따라 비혼주의를 하지만 주변에서는 아직 고운 시선으로 바라보지 않는 사람도 많습니다. 결혼이라는 제도에 대해서 선택이 아닌 필수라고 생각하는 사람들도 많지요. 개개인이 모여 사회가 형성되기 때문에 사회의 가장 작은 단위인 가족을 이루는 것도 사회 구성원으로서의 큰 역할이라고 생각하는 사람들도 있습니다.\n\n 여러분은 결혼을 꼭 해야 한다고 생각하시나요? 아니면 결혼은 선택의 문제라고 생각하시나요? 비혼주의에 대해 찬성하는 입장 반대를 선택하여 자신의 의견을 작성해주세요. 그리고 그렇게 생각한 이유에 대해서 작성해주세요.",
    "essay_type": "찬성반대",
    "essay_level": "2",
    "essay_len": 810,
    "essay_main_subject": "비혼주의자에 대한 본인의 의견"
  }
}