{
  "paragraph": [
    {
      "paragraph_txt": "저는 비혼주의에 대해 찬성입니다.#@문장구분# 옛날에는 결혼을 하는 사람이 거의 대부분이었다면 요즘에는 자신의 자유로운 삶을 추구하며 결혼을 안 하는 사람들이 늘고 있습니다.#@문장구분# 그래서 저는 강제적으로 생각되는 결혼보다는 자신의 미래의 삶을 위해 결혼을 하지 않는 방법도 괜찮다고 생각됩니다.#@문장구분# 모든 결혼을 한 가정이 그렇다는 이야기는 아니지만 솔직히 요즘에는 가정폭력이나 결혼을 한 후 나쁜 사례들이 많이 일어나고 있습니다.#@문장구분# 저는 비혼이 그런 안 좋은 사례들을 막는 방법에도 해당된다고 생각합니다.#@문장구분# ",
      "paragraph_len": 370,
      "paragraph_id": "001"
    },
    {
      "paragraph_txt": " 비혼주의가 많이 생기고 있는 이유에는 경제적 문제가 포함되어 있다고 생각합니다.#@문장구분# 남자에게는 경제적 부담이 생기고 여자에게는 아이가 생기게 된다면 육아에 대한 부담감도 생기게 됩니다.#@문장구분# 또 다른 이유로는 자신의 생각에 독신 생활이 편하게 느껴진다면 비혼주의가 될 수 있습니다.#@문장구분# 요즘 마트나 인터넷에도 1인용으로 나오는 것들이 굉장히 다양하고 많기 때문에 혼자 부담 없이 생활이 가능하기 때문에 편한 생활을 할 수 있기 때문에 비혼주의가 많이 생기는 것 같습니다.#@문장구분# ",
      "paragraph_len": 338,
      "paragraph_id": "002"
    },
    {
      "paragraph_txt": " 비혼의 장점도 많이 찾아볼 수 있습니다.#@문장구분# 비혼을 하게 된다면 자신의 자유가 생길 수 있고 남자와 여자 모두가 시댁과 처가에 대한 스트레스가 생기지 않을 것입니다.#@문장구분# 또 혼자 살게 되면 지출이 적어지기 때문에 금전적인 여유가 생깁니다.#@문장구분# 비혼을 한다고 금전적인 여유가 모두 생기는 것은 아니지만 결혼을 한 뒤 나가는 지출에 비하면 엄청나게 적은 비용이 나갈 것입니다.#@문장구분# 또 돈을 모아서자신이 하고 싶은 일들을 할 수도 있습니다.#@문장구분#",
      "paragraph_len": 336,
      "paragraph_id": "003"
    },
    {
      "paragraph_txt": " 비혼을 하게 된다면 곁에서 지켜봐주는 사람이 없어서 자신에게 더 관심을 가져야 하지만 비혼주의의 생활이 편하다면 저는 자신의 삶의 자유를 추구하는 것도 괜찮다고 생각하기 때문에 비혼주의에 대해 찬성합니다.#@문장구분#",
      "paragraph_len": 135,
      "paragraph_id": "004"
    }
  ],
  "score": {
    "paragraph_score": [
      {
        "paragraph_scoreT": [
          3,
          3,
          2.4
        ],
        "paragraph_scoreT_detail": {
          "paragraph_scoreT_exp": [
            [
              3,
              3,
              3
            ],
            [
              3,
              3,
              3
            ],
            [
              2,
              3,
              2
            ]
          ]
        },
        "paragraph_scoreT_avg": 2.8,
        "paragraph_id": "001"
      },
      {
        "paragraph_scoreT": [
          3,
          3,
          2
        ],
        "paragraph_scoreT_detail": {
          "paragraph_scoreT_exp": [
            [
              3,
              3,
              3
            ],
            [
              3,
              3,
              3
            ],
            [
              2,
              2,
              2
            ]
          ]
        },
        "paragraph_scoreT_avg": 2.6666667,
        "paragraph_id": "002"
      },
      {
        "paragraph_scoreT": [
          3,
          3,
          2.2
        ],
        "paragraph_scoreT_detail": {
          "paragraph_scoreT_exp": [
            [
              3,
              3,
              3
            ],
            [
              3,
              3,
              3
            ],
            [
              3,
              2,
              2
            ]
          ]
        },
        "paragraph_scoreT_avg": 2.7333333,
        "paragraph_id": "003"
      },
      {
        "paragraph_scoreT": [
          3,
          3,
          2.4
        ],
        "paragraph_scoreT_detail": {
          "paragraph_scoreT_exp": [
            [
              3,
              3,
              3
            ],
            [
              3,
              3,
              3
            ],
            [
              2,
              3,
              2
            ]
          ]
        },
        "paragraph_scoreT_avg": 2.8,
        "paragraph_id": "004"
      }
    ],
    "essay_scoreT": [
      29.7,
      24.9,
      23.9
    ],
    "essay_scoreT_avg": 26.166666,
    "essay_scoreT_detail": {
      "essay_scoreT_org": [
        [
          3,
          0,
          3,
          2
        ],
        [
          2,
          0,
          2,
          3
        ],
        [
          2,
          0,
          2,
          3
        ]
      ],
      "essay_scoreT_cont": [
        [
          3,
          3,
          3,
          3
        ],
        [
          3,
          2,
          3,
          2
        ],
        [
          3,
          2,
          2,
          3
        ]
      ],
      "essay_scoreT_exp": [
        [
          3,
          3,
          3
        ],
        [
          3,
          3,
          3
        ],
        [
          2,
          3,
          2
        ]
      ]
    }
  },
  "student": {
    "date": "2021.09.13",
    "student_educated": true,
    "student_grade": "고등_1학년",
    "location": "051",
    "student_grade_group": "고등",
    "student_reading": 3
  },
  "rubric": {
    "essay_grade": "고등_1학년",
    "organization_weight": {
      "org_paragraph": 0,
      "org": 3,
      "org_essay": 6,
      "org_coherence": 3,
      "org_quantity": 1
    },
    "essay_type": "찬성반대",
    "content_weight": {
      "con_clearance": 3,
      "con_novelty": 3,
      "con": 4,
      "con_prompt": 1,
      "con_description": 3
    },
    "essay_main_subject": "비혼주의자에 대한 본인의 의견",
    "expression_weight": {
      "exp_style": 4,
      "exp_grammar": 2,
      "exp_vocab": 4,
      "exp": 3
    }
  },
  "correction": [],
  "info": {
    "essay_id": "ESSAY_33784",
    "essay_prompt": " \"\"연애는 필수, 결혼은 선택! 가슴이 뛰는 대로 가면 돼\"\".\n\n 유명한 유행가의 노래 가사처럼, 청년들에게 결혼은 이제 필수가 아닌 하나의 선택 사항입니다. 연애, 결혼, 출산을 포기한다는 의미의 '3포세대'라는 말이 나오기 무섭게 5포 세대, N포세대까지 등장할 정도로 취업난, 치솟는 부동산 가격 등 여러 사회·경제적 요인들로 청년층을 위축시켰습니다.\n\n 모두가 이러한 이유로 '결혼을 포기'하는 것만은 아닙니다. 개인의 행복을 위해 '비혼을 선택'하는 청년들도 늘고 있습니다. 이처럼 최근 전통적인 가치관에서 벗어나 연애와 동거는 하면서 결혼이라는 제도에 묶여 관계에서 파생되는 책임을 벗어나 자유로운 삶을 추구하는 비혼주의자가 늘고 있습니다.\n\n 다만, 개인의 자유로운 선택에 따라 비혼주의를 하지만 주변에서는 아직 고운 시선으로 바라보지 않는 사람도 많습니다. 결혼이라는 제도에 대해서 선택이 아닌 필수라고 생각하는 사람들도 많지요. 개개인이 모여 사회가 형성되기 때문에 사회의 가장 작은 단위인 가족을 이루는 것도 사회 구성원으로서의 큰 역할이라고 생각하는 사람들도 있습니다.\n\n 여러분은 결혼을 꼭 해야 한다고 생각하시나요? 아니면 결혼은 선택의 문제라고 생각하시나요? 비혼주의에 대해 찬성하는 입장 반대를 선택하여 자신의 의견을 작성해주세요. 그리고 그렇게 생각한 이유에 대해서 작성해주세요.",
    "essay_type": "찬성반대",
    "essay_level": "2",
    "essay_len": 886,
    "essay_main_subject": "비혼주의자에 대한 본인의 의견"
  }
}