{
  "paragraph": [
    {
      "paragraph_txt": "저는 비혼주의에 대해 찬성하는 입장입니다.#@문장구분# 가장 큰 이유는 결혼이라는 제도의 필요성을 느끼지 못했기 때문입니다.#@문장구분# 결혼을 하기 위해서는 정말 많은 돈이 듭니다.#@문장구분# 그저 둘만의 약속에 법이 보증을 서주는 것 뿐인데 결혼이라는 제도는 많은 겉치레와 재력을 요구하는 것 같다는 생각이 들어서 결혼이 비합리적인 제도라고 느껴졌습니다.#@문장구분# 서로가 사랑해서 평생을 함께하기 위한 일을 기념하는건 너무 로맨틱하고 사랑스러운 일이고 저도 결혼에 대한 로망이 있었지만 지금의 결혼은 재력을 과시하는 제도라 느껴져서 약간의 이질감이 들었습니다.#@문장구분# 결혼식을 올리기까지 혼수와 집,스튜디오, 드레스, 메이크업을 줄인 단어로 결혼식의 가장 중요한 요소로 여겨지는데 결혼식의 주인공은 신부라는 말이 있듯이 그 날 하루는 가장 아름다운 신부로 빛나길 바라는 마음으로 좋은 뜻에서 시작된 것이지만 다소 높은 가격을 요구하기에 가지고있는 재력에 따라 단촐한 결혼식을 치러야 할 수도 있다는게 누군가에게는 속상한 제도가 될 수 있지 않을까 그런 생각을 해보았습니다.#@문장구분# 혼수 또한 저에게는 이해가 가지 않는 결혼 제도인데요.#@문장구분# 물론 합의 하에 혼수를 배제하고 결혼을 하는 경우도 많지만 특히나 우리나라에서는 결혼이 단순히 둘만의 결혼이 아니라 양가 즉, 집안끼리의 결혼으로 봐야하는 경우가 많아서 둘만의 합의만으로 배제할 수 있는 문화가 아니라는 판단도 들었습니다.#@문장구분# 실제로 고부갈등으로 이혼하는 경우도 허다하죠. 이러한 문제들에서 이질감을 느꼈습니다.#@문장구분# 그렇지 않습니까.#@문장구분# 둘이 사랑해서 배우자가 되는 것에 이렇게나 많은 허례허식이 필요하다면 굳이 결혼을 할 필요성이 있을까요.#@문장구분# 아직 인생의 절반도 채 안살았는데 자신을 위해 돈을 벌고 일하는 것보다 같이 큰 집에서 살기위해. 육아비를 벌기위해 등등 지출 또한 바뀌게 된다.#@문장구분# 나는 이러한 것들이 되게 안타깝다.#@문장구분# 물론 정말 좋은 사람이여서 빨리 결혼하고 싶을 수도 있지만 내 인생을 나를 위해가 아닌 결국에는 남을 위해 산다는것이 쉽지는 않을 것 같다.#@문장구분#",
      "paragraph_len": 1260,
      "paragraph_id": "001"
    }
  ],
  "score": {
    "paragraph_score": [
      {
        "paragraph_scoreT": [
          3,
          2.4,
          2
        ],
        "paragraph_scoreT_detail": {
          "paragraph_scoreT_exp": [
            [
              3,
              3,
              3
            ],
            [
              2,
              2,
              3
            ],
            [
              2,
              2,
              2
            ]
          ]
        },
        "paragraph_scoreT_avg": 2.4666667,
        "paragraph_id": "001"
      }
    ],
    "essay_scoreT": [
      30,
      28.2,
      25.8
    ],
    "essay_scoreT_avg": 28,
    "essay_scoreT_detail": {
      "essay_scoreT_org": [
        [
          3,
          0,
          3,
          3
        ],
        [
          3,
          0,
          3,
          3
        ],
        [
          3,
          0,
          3,
          3
        ]
      ],
      "essay_scoreT_cont": [
        [
          3,
          3,
          3,
          3
        ],
        [
          3,
          3,
          3,
          3
        ],
        [
          2,
          3,
          3,
          3
        ]
      ],
      "essay_scoreT_exp": [
        [
          3,
          3,
          3
        ],
        [
          2,
          2,
          3
        ],
        [
          2,
          2,
          2
        ]
      ]
    }
  },
  "student": {
    "date": "2021.12.17",
    "student_educated": true,
    "student_grade": "고등_1학년",
    "location": "044",
    "student_grade_group": "고등",
    "student_reading": 2
  },
  "rubric": {
    "essay_grade": "고등_1학년",
    "organization_weight": {
      "org_paragraph": 0,
      "org": 3,
      "org_essay": 6,
      "org_coherence": 3,
      "org_quantity": 1
    },
    "essay_type": "찬성반대",
    "content_weight": {
      "con_clearance": 3,
      "con_novelty": 3,
      "con": 4,
      "con_prompt": 1,
      "con_description": 3
    },
    "essay_main_subject": "비혼주의자에 대한 본인의 의견",
    "expression_weight": {
      "exp_style": 4,
      "exp_grammar": 2,
      "exp_vocab": 4,
      "exp": 3
    }
  },
  "correction": [],
  "info": {
    "essay_id": "ESSAY_66195",
    "essay_prompt": " \"\"연애는 필수, 결혼은 선택! 가슴이 뛰는 대로 가면 돼\"\".\n\n 유명한 유행가의 노래 가사처럼, 청년들에게 결혼은 이제 필수가 아닌 하나의 선택 사항입니다. 연애, 결혼, 출산을 포기한다는 의미의 '3포세대'라는 말이 나오기 무섭게 5포 세대, N포세대까지 등장할 정도로 취업난, 치솟는 부동산 가격 등 여러 사회·경제적 요인들로 청년층을 위축시켰습니다.\n\n 모두가 이러한 이유로 '결혼을 포기'하는 것만은 아닙니다. 개인의 행복을 위해 '비혼을 선택'하는 청년들도 늘고 있습니다. 이처럼 최근 전통적인 가치관에서 벗어나 연애와 동거는 하면서 결혼이라는 제도에 묶여 관계에서 파생되는 책임을 벗어나 자유로운 삶을 추구하는 비혼주의자가 늘고 있습니다.\n\n 다만, 개인의 자유로운 선택에 따라 비혼주의를 하지만 주변에서는 아직 고운 시선으로 바라보지 않는 사람도 많습니다. 결혼이라는 제도에 대해서 선택이 아닌 필수라고 생각하는 사람들도 많지요. 개개인이 모여 사회가 형성되기 때문에 사회의 가장 작은 단위인 가족을 이루는 것도 사회 구성원으로서의 큰 역할이라고 생각하는 사람들도 있습니다.\n\n 여러분은 결혼을 꼭 해야 한다고 생각하시나요? 아니면 결혼은 선택의 문제라고 생각하시나요? 비혼주의에 대해 찬성하는 입장 반대를 선택하여 자신의 의견을 작성해주세요. 그리고 그렇게 생각한 이유에 대해서 작성해주세요.",
    "essay_type": "찬성반대",
    "essay_level": "2",
    "essay_len": 980,
    "essay_main_subject": "비혼주의자에 대한 본인의 의견"
  }
}