{
  "paragraph": [
    {
      "paragraph_txt": "요즘 세대가 교체 될수록 증가하고 있는 비혼주의자의 정의이다.#@문장구분# 이 '비혼'에도 여러 종류가 있다.#@문장구분# 단지 결혼을 할 의지가 없는 것을 의미하는 것이 아니라는 것이다.#@문장구분# 결혼을 포기한 'N포 세대, 빙하기 세대, 사토리 세대, 탕핑족', 결혼에 관심이 없는 '초식남, 절식남, 건어물녀'. 결혼이라는 제도 자체를 싫어하는 '혐혼파'로 비혼도 3가지의 종류로 나뉜다.#@문장구분# 이런 비혼의 추세가 증가하는 까닭은 무엇일까 ?#@문장구분# 그리고 비혼에 대한 나의 생각에 대해 말해보고자 한다.#@문장구분#",
      "paragraph_len": 379,
      "paragraph_id": "001"
    },
    {
      "paragraph_txt": " 우선 나는 비혼에 대해 부정적으로 바라보지 않는다. #@문장구분#오히려 긍정적인 의견을 가지고 있다.#@문장구분# 물론 가족 구성원 간의 유대감, 평생의 동반자가 생긴다는 점같이 결혼을 함으로써 얻을 수 있는 것들도 많다. #@문장구분#하지만 그것을 갖느냐 마느냐는 어디까지나 개인의 선택이고, 그 선택에는 타인의 영향이 미쳐서는 안 되는, 즉 결혼의 선택은 자유라는 것이다.#@문장구분# 하지만 과거부터 결혼을 하지 않고 독신을 선택한 사람을 부정적, 이단, 심지어 서양에서는 죄악으로 여겼다.#@문장구분# 장 클로드 볼로뉴의 '독신과 독신자의 역사'를 보면 이 외에도 수많은 차별과 탄압 사례를 소개하고 있다.#@문장구분#\n \n 비혼을 선택하는 이유는 개인마다 다양한 이유가 있겠지만 결혼같은 제도나 규범등이 성격적으로 맞지 않아서, 가정을 꾸리며 공동체 속에서 사는 삶보다 개인의 자유로움을 즐기며 사는 것을 선호해서, 개인주의와 인권 의식이 향상하고 권리에 대한 정보를 쉽게 접할 수 있게 된 것,#@문장구분# 과거 농경 사회나 가부장제 시대, 전체주의 문화와는 달리 한쪽이 상대방에게 갑질을 하면 참지 않는 것.#@문장구분# 또한 독신 생활의 편의, 경제적 문제, 남성에게 강요되는 경제적 부담, 여성에게 강요되는 육아에 대한 부담감 등의 이유가 있다.#@문장구분#\n \n우선 비혼에 대한 사회의 인식을 바꾸어야 한다고 생각한다.#@문장구분# 비혼이 무조건적으로 나쁜 것만은 아니며, 또 그렇다고 장점으로만 가득한 것도 아니다. #@문장구분#하지만 현대 사회의 인식은 '비혼은 나쁜 것' 이라고 여겨지고 있다.#@문장구분# '아모르 파티'라는 유명한 노래 중 '결혼은 선택, 연애는 필수'라는 가사가 있듯 결혼은 선택적인 요소임을 인정하고 포용해준다면 구성원간의 갈등도 줄게 될 것이고, 그 과정에서 몇몇 비혼주의자들의 결혼에 대한 무조건적인 부정적 가치관을 개선할 수도 있다.#@문장구분#",
      "paragraph_len": 1120,
      "paragraph_id": "002"
    }
  ],
  "score": {
    "paragraph_score": [
      {
        "paragraph_scoreT": [
          3,
          3,
          2.2
        ],
        "paragraph_scoreT_detail": {
          "paragraph_scoreT_exp": [
            [
              3,
              3,
              3
            ],
            [
              3,
              3,
              3
            ],
            [
              3,
              2,
              2
            ]
          ]
        },
        "paragraph_scoreT_avg": 2.7333333,
        "paragraph_id": "001"
      },
      {
        "paragraph_scoreT": [
          3,
          3,
          2.2
        ],
        "paragraph_scoreT_detail": {
          "paragraph_scoreT_exp": [
            [
              3,
              3,
              3
            ],
            [
              3,
              3,
              3
            ],
            [
              3,
              2,
              2
            ]
          ]
        },
        "paragraph_scoreT_avg": 2.7333333,
        "paragraph_id": "002"
      }
    ],
    "essay_scoreT": [
      30,
      27,
      23.3
    ],
    "essay_scoreT_avg": 26.766668,
    "essay_scoreT_detail": {
      "essay_scoreT_org": [
        [
          3,
          0,
          3,
          3
        ],
        [
          2,
          0,
          3,
          3
        ],
        [
          2,
          0,
          2,
          3
        ]
      ],
      "essay_scoreT_cont": [
        [
          3,
          3,
          3,
          3
        ],
        [
          3,
          2,
          3,
          3
        ],
        [
          3,
          2,
          2,
          3
        ]
      ],
      "essay_scoreT_exp": [
        [
          3,
          3,
          3
        ],
        [
          3,
          3,
          3
        ],
        [
          3,
          2,
          2
        ]
      ]
    }
  },
  "student": {
    "date": "2021.12.06",
    "student_educated": true,
    "student_grade": "고등_1학년",
    "location": "051",
    "student_grade_group": "고등",
    "student_reading": 2
  },
  "rubric": {
    "essay_grade": "고등_1학년",
    "organization_weight": {
      "org_paragraph": 0,
      "org": 3,
      "org_essay": 6,
      "org_coherence": 3,
      "org_quantity": 1
    },
    "essay_type": "찬성반대",
    "content_weight": {
      "con_clearance": 3,
      "con_novelty": 3,
      "con": 4,
      "con_prompt": 1,
      "con_description": 3
    },
    "essay_main_subject": "비혼주의자에 대한 본인의 의견",
    "expression_weight": {
      "exp_style": 4,
      "exp_grammar": 2,
      "exp_vocab": 4,
      "exp": 3
    }
  },
  "correction": [],
  "info": {
    "essay_id": "ESSAY_53636",
    "essay_prompt": " \"\"연애는 필수, 결혼은 선택! 가슴이 뛰는 대로 가면 돼\"\".\n\n 유명한 유행가의 노래 가사처럼, 청년들에게 결혼은 이제 필수가 아닌 하나의 선택 사항입니다. 연애, 결혼, 출산을 포기한다는 의미의 '3포세대'라는 말이 나오기 무섭게 5포 세대, N포세대까지 등장할 정도로 취업난, 치솟는 부동산 가격 등 여러 사회·경제적 요인들로 청년층을 위축시켰습니다.\n\n 모두가 이러한 이유로 '결혼을 포기'하는 것만은 아닙니다. 개인의 행복을 위해 '비혼을 선택'하는 청년들도 늘고 있습니다. 이처럼 최근 전통적인 가치관에서 벗어나 연애와 동거는 하면서 결혼이라는 제도에 묶여 관계에서 파생되는 책임을 벗어나 자유로운 삶을 추구하는 비혼주의자가 늘고 있습니다.\n\n 다만, 개인의 자유로운 선택에 따라 비혼주의를 하지만 주변에서는 아직 고운 시선으로 바라보지 않는 사람도 많습니다. 결혼이라는 제도에 대해서 선택이 아닌 필수라고 생각하는 사람들도 많지요. 개개인이 모여 사회가 형성되기 때문에 사회의 가장 작은 단위인 가족을 이루는 것도 사회 구성원으로서의 큰 역할이라고 생각하는 사람들도 있습니다.\n\n 여러분은 결혼을 꼭 해야 한다고 생각하시나요? 아니면 결혼은 선택의 문제라고 생각하시나요? 비혼주의에 대해 찬성하는 입장 반대를 선택하여 자신의 의견을 작성해주세요. 그리고 그렇게 생각한 이유에 대해서 작성해주세요.",
    "essay_type": "찬성반대",
    "essay_level": "2",
    "essay_len": 1121,
    "essay_main_subject": "비혼주의자에 대한 본인의 의견"
  }
}