{
  "paragraph": [
    {
      "paragraph_txt": "오늘 제가 이야기 해 볼 주제는 비혼주의자에 대한 본인의 의견입니다.#@문장구분# 저는 비혼주의자에 대하여 반대하는 바입니다.#@문장구분# 첫 번째 이유는 결혼을 하여 가족을 구성하게 되면 사회를 유지하는데 큰 도움이 될 수 있다.#@문장구분# 오늘날 저출산문제로 국가적 위기를 맞고 있는데 결혼을 하여 자녀들을 출산하여 사회 유지에 필요한 다음 세대들이 존재하게 된다면 문제 해결에 큰 도움이 된다.#@문장구분# 두 번째는 서로에게 배후자가 생기게 되면 심리적 안정감을 얻을 수 있다.#@문장구분# 심리적으로 안정되면 행복감을 느끼고 자신의 역할에 충실하게 될 것이다.#@문장구분# 세 번째는 배우자와 함께 서로 상의하여 금전적 계획을 세워서 합리저거인 소비 습관을 가질 수 있다.#@문장구분# 그리고 계획을 세운 것보다 적게 소비를 하였다면 남은 금액을 저축하여 금전적 여유를 만들 수 있다.#@문장구분# 하지만 \"혼자 살면 더 많은 이익이 생기지 않는가?\"라고 생각하시는 분들이 있으실 것입니다.#@문장구분# 하지만 생각해 봅시다.#@문장구분# 우리가 돈을 아무리 좋아하지만 그 또한 하나의 행복이라고 할 수 있습니다.#@문장구분# 그래도 가장 큰 행복은 새로운 생명을 개인의 손으로 키워 그 생명이 커서 여러분들에게 효도를 하고 여러분들을 본받고 여러분들의 거울이 되어 또 다른 생명을 만들어 개개인을 행복하게 만들 것입니다.#@문장구분# 혼자 살아가는 것도 괜찮지만 그래도 혼자보단 둘, 둘보단 셋이 좋지 않을까요?#@문장구분# 가족이 구성되고 그 가족들로부터 사랑을 받으며 살아갑시다.#@문장구분# 그리고 저희 엄마도 처음에 저희 형제를 낳았을 때 너무 힘들고 돈도 많이 들어가 후회했다고 했습니다.#@문장구분# 그런데 지금은 힘들어도 하나 더 낳았을 걸이라고 후회한다고 합니다.#@문장구분# 지금은 우리 형제를 보며 너무 행복하다고 하십니다.#@문장구분# 결혼을 해 아기를 낳는다는 것은 힘든 일이지만, 나중에 가서 보면 그만큼 가치있는 일이라는 것입니다.#@문장구분#",
      "paragraph_len": 1231,
      "paragraph_id": "001"
    }
  ],
  "score": {
    "paragraph_score": [
      {
        "paragraph_scoreT": [
          2.4,
          2.4,
          2.6
        ],
        "paragraph_scoreT_detail": {
          "paragraph_scoreT_exp": [
            [
              2,
              3,
              2
            ],
            [
              2,
              3,
              2
            ],
            [
              3,
              2,
              3
            ]
          ]
        },
        "paragraph_scoreT_avg": 2.4666667,
        "paragraph_id": "001"
      }
    ],
    "essay_scoreT": [
      22.7,
      27.800001,
      25.8
    ],
    "essay_scoreT_avg": 25.433334,
    "essay_scoreT_detail": {
      "essay_scoreT_org": [
        [
          2,
          0,
          2,
          3
        ],
        [
          3,
          0,
          3,
          3
        ],
        [
          2,
          0,
          3,
          3
        ]
      ],
      "essay_scoreT_cont": [
        [
          2,
          2,
          2,
          3
        ],
        [
          3,
          3,
          2,
          3
        ],
        [
          3,
          2,
          3,
          3
        ]
      ],
      "essay_scoreT_exp": [
        [
          2,
          3,
          2
        ],
        [
          2,
          3,
          2
        ],
        [
          3,
          2,
          3
        ]
      ]
    }
  },
  "student": {
    "date": "2021.11.17",
    "student_educated": true,
    "student_grade": "고등_1학년",
    "location": "054",
    "student_grade_group": "고등",
    "student_reading": 2
  },
  "rubric": {
    "essay_grade": "고등_1학년",
    "organization_weight": {
      "org_paragraph": 0,
      "org": 3,
      "org_essay": 6,
      "org_coherence": 3,
      "org_quantity": 1
    },
    "essay_type": "찬성반대",
    "content_weight": {
      "con_clearance": 3,
      "con_novelty": 3,
      "con": 4,
      "con_prompt": 1,
      "con_description": 3
    },
    "essay_main_subject": "비혼주의자에 대한 본인의 의견",
    "expression_weight": {
      "exp_style": 4,
      "exp_grammar": 2,
      "exp_vocab": 4,
      "exp": 3
    }
  },
  "correction": [],
  "info": {
    "essay_id": "ESSAY_47301",
    "essay_prompt": " \"\"연애는 필수, 결혼은 선택! 가슴이 뛰는 대로 가면 돼\"\".\n\n 유명한 유행가의 노래 가사처럼, 청년들에게 결혼은 이제 필수가 아닌 하나의 선택 사항입니다. 연애, 결혼, 출산을 포기한다는 의미의 '3포세대'라는 말이 나오기 무섭게 5포 세대, N포세대까지 등장할 정도로 취업난, 치솟는 부동산 가격 등 여러 사회·경제적 요인들로 청년층을 위축시켰습니다.\n\n 모두가 이러한 이유로 '결혼을 포기'하는 것만은 아닙니다. 개인의 행복을 위해 '비혼을 선택'하는 청년들도 늘고 있습니다. 이처럼 최근 전통적인 가치관에서 벗어나 연애와 동거는 하면서 결혼이라는 제도에 묶여 관계에서 파생되는 책임을 벗어나 자유로운 삶을 추구하는 비혼주의자가 늘고 있습니다.\n\n 다만, 개인의 자유로운 선택에 따라 비혼주의를 하지만 주변에서는 아직 고운 시선으로 바라보지 않는 사람도 많습니다. 결혼이라는 제도에 대해서 선택이 아닌 필수라고 생각하는 사람들도 많지요. 개개인이 모여 사회가 형성되기 때문에 사회의 가장 작은 단위인 가족을 이루는 것도 사회 구성원으로서의 큰 역할이라고 생각하는 사람들도 있습니다.\n\n 여러분은 결혼을 꼭 해야 한다고 생각하시나요? 아니면 결혼은 선택의 문제라고 생각하시나요? 비혼주의에 대해 찬성하는 입장 반대를 선택하여 자신의 의견을 작성해주세요. 그리고 그렇게 생각한 이유에 대해서 작성해주세요.",
    "essay_type": "찬성반대",
    "essay_level": "2",
    "essay_len": 871,
    "essay_main_subject": "비혼주의자에 대한 본인의 의견"
  }
}