{
  "paragraph": [
    {
      "paragraph_txt": "저는 비혼주의를 반대하는 입장입니다.#@문장구분# 대게의 경우 비혼주의를 찬성하는 사람들이 많은 요즘인 것 같습니다.#@문장구분# 사실 저역시 먼 미래에는 비혼주의를 선호하거나 찬성하는 입장으로 바뀔수도 있다라는 생각이 들기는 하지만, 지금 현재로써는 비혼주의를 찬성하는 입장입니다.#@문장구분# 물론 각종 언론들에서 심지어는 드라마상에서도 비혼주의에 대한 언급들을 하는 것을 많이 보았는데 그의 가장 기본적인 것은 결국엔 경제적인 부분들이더라구요.#@문장구분# 아직은 현실감 있게 와 닿는 부분은 아니지만 그래도 건강한 가정을 꾸리고 아이들을 낳고 평범한 일상생활을 하는게 맞다는 생각이 들어서입니다.#@문장구분# 보통 결혼은 깊이하는 이유는 자유롭고 싶고, 전처럼 나의 취미나 혹은 꿈을 위해서 자기계발을 하는 경우에 얽매이고 싶지 않아서인 것 같습니다.#@문장구분# 물론 결혼을 하게 되면 나 혼자가 아니기 때문에 전처럼 자유롭운 생활을 할 수는 없을 것 같습니다.#@문장구분# 하지만 저는 저의 개인보다는 가족이라는 울타리안에서 서로 힘들고 즐거움을 느끼며 사는게 맞다고 생각을 합니다.#@문장구분# 치솟는 집값으로 인해서 내집한칸을 마련하기 위해서 평생을 일해도 그리고 쓰지 않고 모아도 힘들다고는 하는데 그에 걸 맞는 집을 사서 생활을 하면 되지 않을까요?#@문장구분# 돈과 명예를 위한 개인주의적 성향으로 사회적인 분위가그 흘러가다 보니 희생이나 양보따위는 볼 수 없는 그런 삭막한 사회가 되어가고 있는 것 같다.#@문장구분# 그러다 보니 나하나 편해야 하고 귀찮음을 견디기 힘들어하는 시작도 하기전에 두려워하는 그런 반복적인 일들이 자꾸 생기는 것 같다.#@문장구분# 물론 치솟는 부동산에 대한 문제점들은 국가적으로 해결해주지 않는다면 더욱더 비혼주의의 사태는 더욱더 심각해질 것 같다.#@문장구분# 돈이 먼저가 아닌 마음으로 살아가는 그런 세상이 되었으면 좋겠다.#@문장구분#",
      "paragraph_len": 1116,
      "paragraph_id": "001"
    }
  ],
  "score": {
    "paragraph_score": [
      {
        "paragraph_scoreT": [
          2.6,
          3,
          3
        ],
        "paragraph_scoreT_detail": {
          "paragraph_scoreT_exp": [
            [
              3,
              2,
              3
            ],
            [
              3,
              3,
              3
            ],
            [
              3,
              3,
              3
            ]
          ]
        },
        "paragraph_scoreT_avg": 2.8666668,
        "paragraph_id": "001"
      }
    ],
    "essay_scoreT": [
      28.8,
      30,
      30
    ],
    "essay_scoreT_avg": 29.6,
    "essay_scoreT_detail": {
      "essay_scoreT_org": [
        [
          3,
          0,
          3,
          3
        ],
        [
          3,
          0,
          3,
          3
        ],
        [
          3,
          0,
          3,
          3
        ]
      ],
      "essay_scoreT_cont": [
        [
          3,
          3,
          3,
          3
        ],
        [
          3,
          3,
          3,
          3
        ],
        [
          3,
          3,
          3,
          3
        ]
      ],
      "essay_scoreT_exp": [
        [
          3,
          2,
          3
        ],
        [
          3,
          3,
          3
        ],
        [
          3,
          3,
          3
        ]
      ]
    }
  },
  "student": {
    "date": "2021.11.25",
    "student_educated": true,
    "student_grade": "고등_1학년",
    "location": "063",
    "student_grade_group": "고등",
    "student_reading": 2
  },
  "rubric": {
    "essay_grade": "고등_1학년",
    "organization_weight": {
      "org_paragraph": 0,
      "org": 3,
      "org_essay": 6,
      "org_coherence": 3,
      "org_quantity": 1
    },
    "essay_type": "찬성반대",
    "content_weight": {
      "con_clearance": 3,
      "con_novelty": 3,
      "con": 4,
      "con_prompt": 1,
      "con_description": 3
    },
    "essay_main_subject": "비혼주의자에 대한 본인의 의견",
    "expression_weight": {
      "exp_style": 4,
      "exp_grammar": 2,
      "exp_vocab": 4,
      "exp": 3
    }
  },
  "correction": [],
  "info": {
    "essay_id": "ESSAY_51865",
    "essay_prompt": " \"\"연애는 필수, 결혼은 선택! 가슴이 뛰는 대로 가면 돼\"\".\n\n 유명한 유행가의 노래 가사처럼, 청년들에게 결혼은 이제 필수가 아닌 하나의 선택 사항입니다. 연애, 결혼, 출산을 포기한다는 의미의 '3포세대'라는 말이 나오기 무섭게 5포 세대, N포세대까지 등장할 정도로 취업난, 치솟는 부동산 가격 등 여러 사회·경제적 요인들로 청년층을 위축시켰습니다.\n\n 모두가 이러한 이유로 '결혼을 포기'하는 것만은 아닙니다. 개인의 행복을 위해 '비혼을 선택'하는 청년들도 늘고 있습니다. 이처럼 최근 전통적인 가치관에서 벗어나 연애와 동거는 하면서 결혼이라는 제도에 묶여 관계에서 파생되는 책임을 벗어나 자유로운 삶을 추구하는 비혼주의자가 늘고 있습니다.\n\n 다만, 개인의 자유로운 선택에 따라 비혼주의를 하지만 주변에서는 아직 고운 시선으로 바라보지 않는 사람도 많습니다. 결혼이라는 제도에 대해서 선택이 아닌 필수라고 생각하는 사람들도 많지요. 개개인이 모여 사회가 형성되기 때문에 사회의 가장 작은 단위인 가족을 이루는 것도 사회 구성원으로서의 큰 역할이라고 생각하는 사람들도 있습니다.\n\n 여러분은 결혼을 꼭 해야 한다고 생각하시나요? 아니면 결혼은 선택의 문제라고 생각하시나요? 비혼주의에 대해 찬성하는 입장 반대를 선택하여 자신의 의견을 작성해주세요. 그리고 그렇게 생각한 이유에 대해서 작성해주세요.",
    "essay_type": "찬성반대",
    "essay_level": "2",
    "essay_len": 856,
    "essay_main_subject": "비혼주의자에 대한 본인의 의견"
  }
}