{
  "paragraph": [
    {
      "paragraph_txt": " 인터넷에 실명을 강제로 공개시켜 악성 댓글이 줄어든다면, 이는 자신의 실명이 알려진 상태에서 자신의 견해를 표현하는 것에 부담을 느끼는 것에서 큰 영향을 받는다.#@문장구분#  이러한 영향의 결과로 악성 댓글이 줄어들어도, 이는 근본적인 문제가 해결된 것이 아니다.#@문장구분#  결국 누리꾼들은 비판적인 견해를 표출하지만 않은 것이지 여전히 비판적인 견해를 가지고 있고, 오히려 이를 사회에 건강한 방식으로 투영하는 것이 불편해졌기 때문이다.#@문장구분#  이렇게 \"좋은 댓글\"만을 암묵적으로 권유하는 사회 속에서, 개인이 견해를 가지는 것에 있어서도 보편적인 도덕이 개입하게 된다.#@문장구분#  이러한 암묵적인, 도덕적인 목적을 가진 \"견해의 권유\"는 그 근거가 보편적인 도덕에 있다는 점에서, 오히려 권위적이고 명시적인 \"견해의 강제\"보다 개인의 생각에 위험한 영향을 끼친다.#@문장구분#  명시적인 \"견해 제한\"이 존재하는 사회에서 비판적인 시각을 표출하려는 사람은 자신의 행위가 부당한 통제에 저항하는 행동이라는 생각을 가지지만, 암묵적인 \"견해 권유\"가 퍼져 있는 사회에서 개인은 결국 비판적인 시각을 가지려면 자신이 보편적 도덕을 위배한다는 것을 먼저 인정해야 하게 된다.#@문장구분#  이러한 현상은 도덕적 죄책감을 자극하여 결국 특정인에게 우호적인 시각을 가질 것을 강요하는 결과를 낳는다.#@문장구분#  오늘날 우리 사회는 악성 댓글로 인한 피해를 경험함에 따라, 악성 댓글에 대한 반감이 커지게 되어 결국 악성 댓글이 아닌 정당한 비판의 댓글마저 문제 삼는 경향이 생기게 되었다.#@문장구분#  이러한 상황에서의 인터넷 실명제의 도입은 결국 정당한 비판마저 가로막아 특정인 또는 특정 단체가 비판을 기반으로 문제를 개선하고 발전할 가능성을 빼앗아 버리는 비생산적이고 미래 지향적이지 못한, 발전을 가로막는 결점을 도덕이라는 명분으로 두둔하는 사회를 만든다.#@문장구분#  나는 인터넷 실명제가 가져올 자유 사고와 입장 표현의 억압과 그로 인한 사회의 퇴보를 두려워하며, 개인의 의견을 표출할 자유를 존중한다.#@문장구분#  따라서 나는 인터넷 실명제가 필요하지 않다고 생각한다.",
      "paragraph_len": 1249,
      "paragraph_id": "001"
    }
  ],
  "score": {
    "paragraph_score": [
      {
        "paragraph_scoreT": [
          3,
          3,
          2.4
        ],
        "paragraph_scoreT_detail": {
          "paragraph_scoreT_exp": [
            [
              3,
              3,
              3
            ],
            [
              3,
              3,
              3
            ],
            [
              2,
              2,
              3
            ]
          ]
        },
        "paragraph_scoreT_avg": 2.8,
        "paragraph_id": "001"
      }
    ],
    "essay_scoreT": [
      28.8,
      28.8,
      24.900002
    ],
    "essay_scoreT_avg": 27.5,
    "essay_scoreT_detail": {
      "essay_scoreT_org": [
        [
          3,
          3,
          3,
          3
        ],
        [
          3,
          3,
          3,
          3
        ],
        [
          3,
          2,
          3,
          3
        ]
      ],
      "essay_scoreT_cont": [
        [
          2,
          3,
          3,
          3
        ],
        [
          3,
          2,
          3,
          3
        ],
        [
          3,
          2,
          3,
          2
        ]
      ],
      "essay_scoreT_exp": [
        [
          3,
          3,
          3
        ],
        [
          3,
          3,
          3
        ],
        [
          2,
          2,
          3
        ]
      ]
    }
  },
  "student": {
    "date": "2021.12.24",
    "student_educated": true,
    "student_grade": "고등_2학년",
    "location": "063",
    "student_grade_group": "고등",
    "student_reading": 1
  },
  "rubric": {
    "essay_grade": "고등_2학년",
    "organization_weight": {
      "org_paragraph": 3,
      "org": 3,
      "org_essay": 3,
      "org_coherence": 3,
      "org_quantity": 1
    },
    "essay_type": "찬성반대",
    "content_weight": {
      "con_clearance": 3,
      "con_novelty": 3,
      "con": 4,
      "con_prompt": 1,
      "con_description": 3
    },
    "essay_main_subject": "익명성에 대한 본인의 의견",
    "expression_weight": {
      "exp_style": 4,
      "exp_grammar": 2,
      "exp_vocab": 4,
      "exp": 3
    }
  },
  "correction": [],
  "info": {
    "essay_id": "ESSAY_77272",
    "essay_prompt": " 보편적으로 인터넷에서 사용자는 자기의 본이름을 제외한 ID나 별명을 사용합니다. 즉, 익명을 사용하여 인터넷에서 활동하게 됩니다.\n\n 하지만, 인터넷에서는 이러한 점을 악용하는 사례가 무수히 생겨나고 있습니다. 사이버 세상에서 자신이 외부에 노출되어 있지 않다는 것을 이용해 자신과 다른 의견에 대해 욕설, 인신공격 등을 가하는 것이지요. 이에 대해 인터넷상에서의 규제는 사실상 불가능한 부분이 많습니다.\n\n 그 때문에 최근 인터넷 사이트에 회원가입을 할 때 본인 확인 절차를 거치지 않았으면 글 등을 올릴 때 본인 확인을 할 수 있도록 제한적 인터넷 실명제가 도입되고 있습니다.\n\n 하지만 인터넷의 가장 기본적인 속성인 익명성이 무시될 경우, 인터넷은 무한한 가능성의 공간이 아닌 제한적인 도구로 전락할 수도 있습니다.\n\n 제한적 인터넷 실명제는 필요한지 찬성과 반대를 선택하여 자신의 견해를 작성해주세요.",
    "essay_type": "찬성반대",
    "essay_level": "2",
    "essay_len": 997,
    "essay_main_subject": "익명성에 대한 본인의 의견"
  }
}