{
  "paragraph": [
    {
      "paragraph_txt": "유명한 유행가의 노래 가사처럼, 청년들에게 결혼은 이제 필수가 아닌 하나의 선택 사항이라곤 하지만  그렇게 생각하는 이유는 지금 우리나라는 저출산으로 평균 출산율이 소수점에 달합니다.#@문장구분# 1명도 아닌 소수점입니다.#@문장구분# 이 이유는 이러한 비혼주의자분들에 의해 점점 출산율이 줄어들고 있습니다.#@문장구분# 제 의견은 좀 다릅니다.#@문장구분#  어차피 인생 한 번인 거 좀 게을리하게 살지 말고 좀 더 자신에 대해 적극적이고 긍정적으로 생각하며 살아갔으면 좋겠습니다.#@문장구분# 너무 자유에 대해 애착이 강하다 하더라도 결국엔 그게 자유라고 말할 수 있는지 궁금합니다.#@문장구분# 아무리 자유로운 삶을 추구한다고 하더라도 우리나라 행복지수는 세계 꼴등 이 얘기가 나온 이유는 직장생활로 인한 또는 뭐 여러 가지 스트레스로 결국엔 자유롭다 한들 행복하지가 않기 때문입니다.#@문장구분#좀 말도 안 될 수도 있는 자유는 나 자신이 행복 또는 편해지려고 하는 게 아니겠습니까?#@문장구분# 혼자 살기 바쁘다고 비혼을 주장하는 사람, 내가 하고 싶은 일을 하며 살고 싶다고 비혼을 주장하는 사람 등, 비혼을 주장하는 사람들은 여러 부류가 있지만 모두 공통점이 있다.#@문장구분# 그건 바로 자유를 주장하고 있다는 것이다.#@문장구분# 단 한 번뿐인 인생, 나는 내가 이루고 싶은 일을 이루며 자유롭게 살고 싶다.#@문장구분# 누군가의 눈치를 보지 않으며, 누구의 부인, 누구 엄마, 이런 식의 명칭 따위로 우리 부모님이 지어주신 자랑스러운 나의 이름을 잃은 채로 살고 싶지 않다.#@문장구분# 대체 어디의 누가 결혼이 필수라는 소리를 한 것인가. #@문장구분#내 인생의 주체는 바로 나다.#@문장구분# 남들이 하는 말에 휘둘리지 않고, 줏대 있게, 자신있게 자기의 생각을 말하면서 남에게 휘둘리지 말고 자신있게 살았으면 좋겠다.#@문장구분#",
      "paragraph_len": 1120,
      "paragraph_id": "001"
    }
  ],
  "score": {
    "paragraph_score": [
      {
        "paragraph_scoreT": [
          3,
          3,
          2.6
        ],
        "paragraph_scoreT_detail": {
          "paragraph_scoreT_exp": [
            [
              3,
              3,
              3
            ],
            [
              3,
              3,
              3
            ],
            [
              3,
              3,
              2
            ]
          ]
        },
        "paragraph_scoreT_avg": 2.8666668,
        "paragraph_id": "001"
      }
    ],
    "essay_scoreT": [
      30,
      26.7,
      25.4
    ],
    "essay_scoreT_avg": 27.366667,
    "essay_scoreT_detail": {
      "essay_scoreT_org": [
        [
          3,
          0,
          3,
          3
        ],
        [
          2,
          0,
          3,
          2
        ],
        [
          2,
          0,
          3,
          3
        ]
      ],
      "essay_scoreT_cont": [
        [
          3,
          3,
          3,
          3
        ],
        [
          3,
          2,
          3,
          3
        ],
        [
          3,
          3,
          2,
          2
        ]
      ],
      "essay_scoreT_exp": [
        [
          3,
          3,
          3
        ],
        [
          3,
          3,
          3
        ],
        [
          3,
          3,
          2
        ]
      ]
    }
  },
  "student": {
    "date": "2021.12.20",
    "student_educated": true,
    "student_grade": "고등_1학년",
    "location": "044",
    "student_grade_group": "고등",
    "student_reading": 2
  },
  "rubric": {
    "essay_grade": "고등_1학년",
    "organization_weight": {
      "org_paragraph": 0,
      "org": 3,
      "org_essay": 6,
      "org_coherence": 3,
      "org_quantity": 1
    },
    "essay_type": "찬성반대",
    "content_weight": {
      "con_clearance": 3,
      "con_novelty": 3,
      "con": 4,
      "con_prompt": 1,
      "con_description": 3
    },
    "essay_main_subject": "비혼주의자에 대한 본인의 의견",
    "expression_weight": {
      "exp_style": 4,
      "exp_grammar": 2,
      "exp_vocab": 4,
      "exp": 3
    }
  },
  "correction": [],
  "info": {
    "essay_id": "ESSAY_71265",
    "essay_prompt": " \"\"연애는 필수, 결혼은 선택! 가슴이 뛰는 대로 가면 돼\"\".\n\n 유명한 유행가의 노래 가사처럼, 청년들에게 결혼은 이제 필수가 아닌 하나의 선택 사항입니다. 연애, 결혼, 출산을 포기한다는 의미의 '3포세대'라는 말이 나오기 무섭게 5포 세대, N포세대까지 등장할 정도로 취업난, 치솟는 부동산 가격 등 여러 사회·경제적 요인들로 청년층을 위축시켰습니다.\n\n 모두가 이러한 이유로 '결혼을 포기'하는 것만은 아닙니다. 개인의 행복을 위해 '비혼을 선택'하는 청년들도 늘고 있습니다. 이처럼 최근 전통적인 가치관에서 벗어나 연애와 동거는 하면서 결혼이라는 제도에 묶여 관계에서 파생되는 책임을 벗어나 자유로운 삶을 추구하는 비혼주의자가 늘고 있습니다.\n\n 다만, 개인의 자유로운 선택에 따라 비혼주의를 하지만 주변에서는 아직 고운 시선으로 바라보지 않는 사람도 많습니다. 결혼이라는 제도에 대해서 선택이 아닌 필수라고 생각하는 사람들도 많지요. 개개인이 모여 사회가 형성되기 때문에 사회의 가장 작은 단위인 가족을 이루는 것도 사회 구성원으로서의 큰 역할이라고 생각하는 사람들도 있습니다.\n\n 여러분은 결혼을 꼭 해야 한다고 생각하시나요? 아니면 결혼은 선택의 문제라고 생각하시나요? 비혼주의에 대해 찬성하는 입장 반대를 선택하여 자신의 의견을 작성해주세요. 그리고 그렇게 생각한 이유에 대해서 작성해주세요.",
    "essay_type": "찬성반대",
    "essay_level": "2",
    "essay_len": 821,
    "essay_main_subject": "비혼주의자에 대한 본인의 의견"
  }
}