{
  "paragraph": [
    {
      "paragraph_txt": "나는 비혼 주의에 찬성한다.#@문장구분#\n일단 첫 번째 이유는 결혼이라는 건 개인의 자유이기 때문이다.#@문장구분# 최근 저출산 문제로 사회가 떠들썩하는 것은 거의 대부분의 사람들이 알고 있을 것이다.#@문장구분# 하지만 사회적인 문제로 그들을 몰아세우는 것은 좋지 않다고 생각한다.#@문장구분# 우리나라는 자유 민주주의 국가이며 누릴 수 있는 6가지 권리와 5가지 의무가 있다.#@문장구분# 6가지 권리에는 자유권과 행복추구권이 있으며 5가지 의무에는 결혼을 하라는 의무가 있지 않다.#@문장구분# 누군가 하라고 해서 하고 하지 말라고 해서 안 하는 시대는 지났다.#@문장구분# 그리고 두 번째 이유는 결혼하지 않으려는 이유가 모두 개인적으로 있을 것이라고 생각하기 때문이다.#@문장구분# 예를 들자면 이성애자가 아닌 동성애자일 경우 현재 대한민국의 법상 동성끼리는 결혼을 할 수 없기 때문에 결혼을 하고 싶어도 못하는 사람도 있을 것이고, 본인의 삶에 지쳐 결혼을 하지 않는 삶에도 만족하는 사람도 있을 것이다.#@문장구분#  나는 비혼 주의자가 아니지만 비혼 주의자들을 존중한다.#@문장구분# 앞서 말한 개인의 사정이라는 건 대부분 남들이 참견하지 못할 깊고 복잡한 내용일 것이기 때문에 자신과 다른 견해를 가진 사람들이 그분들을 구박하고 면박을 준다 해도 그분들의 생각은 별로 달라지지 않을 것 같다.#@문장구분# 물론 나도 본인이 실수로 저질러 놓은 일을 책임을 회피하며 달아나는 비혼 주의자들은 존중할 수 없다.#@문장구분# 하지만 비혼 주의자들이 모두 그런 이유로 결혼하지 않으려고 하는 게 아니라는 것을 알기 때문에 저런 소수의 잘못된 사람들 때문에 비혼 주의가 반대되지 않았으면 좋겠다.#@문장구분# 또 사회적인 문제들로 비혼 주의를 잘못된 견해처럼 만들지 않았으면 좋겠다.#@문장구분# 비혼 주의를 반대하는 견해의 자유가 있듯이 비혼 주의자에게도 자유를 추구할 수 있는 권리가 있다.#@문장구분#",
      "paragraph_len": 1154,
      "paragraph_id": "001"
    }
  ],
  "score": {
    "paragraph_score": [
      {
        "paragraph_scoreT": [
          2.6,
          2.8,
          2
        ],
        "paragraph_scoreT_detail": {
          "paragraph_scoreT_exp": [
            [
              3,
              3,
              2
            ],
            [
              2,
              3,
              3
            ],
            [
              2,
              2,
              2
            ]
          ]
        },
        "paragraph_scoreT_avg": 2.4666665,
        "paragraph_id": "001"
      }
    ],
    "essay_scoreT": [
      26.3,
      29.4,
      21.6
    ],
    "essay_scoreT_avg": 25.766665,
    "essay_scoreT_detail": {
      "essay_scoreT_org": [
        [
          3,
          0,
          2,
          3
        ],
        [
          3,
          0,
          3,
          3
        ],
        [
          2,
          0,
          2,
          2
        ]
      ],
      "essay_scoreT_cont": [
        [
          3,
          3,
          2,
          2
        ],
        [
          3,
          3,
          3,
          3
        ],
        [
          3,
          2,
          3,
          2
        ]
      ],
      "essay_scoreT_exp": [
        [
          3,
          3,
          2
        ],
        [
          2,
          3,
          3
        ],
        [
          2,
          2,
          2
        ]
      ]
    }
  },
  "student": {
    "date": "2021.10.01",
    "student_educated": true,
    "student_grade": "고등_1학년",
    "location": "051",
    "student_grade_group": "고등",
    "student_reading": 1
  },
  "rubric": {
    "essay_grade": "고등_1학년",
    "organization_weight": {
      "org_paragraph": 0,
      "org": 3,
      "org_essay": 6,
      "org_coherence": 3,
      "org_quantity": 1
    },
    "essay_type": "찬성반대",
    "content_weight": {
      "con_clearance": 3,
      "con_novelty": 3,
      "con": 4,
      "con_prompt": 1,
      "con_description": 3
    },
    "essay_main_subject": "비혼주의자에 대한 본인의 의견",
    "expression_weight": {
      "exp_style": 4,
      "exp_grammar": 2,
      "exp_vocab": 4,
      "exp": 3
    }
  },
  "correction": [],
  "info": {
    "essay_id": "ESSAY_37071",
    "essay_prompt": " \"\"연애는 필수, 결혼은 선택! 가슴이 뛰는 대로 가면 돼\"\".\n\n 유명한 유행가의 노래 가사처럼, 청년들에게 결혼은 이제 필수가 아닌 하나의 선택 사항입니다. 연애, 결혼, 출산을 포기한다는 의미의 '3포세대'라는 말이 나오기 무섭게 5포 세대, N포세대까지 등장할 정도로 취업난, 치솟는 부동산 가격 등 여러 사회·경제적 요인들로 청년층을 위축시켰습니다.\n\n 모두가 이러한 이유로 '결혼을 포기'하는 것만은 아닙니다. 개인의 행복을 위해 '비혼을 선택'하는 청년들도 늘고 있습니다. 이처럼 최근 전통적인 가치관에서 벗어나 연애와 동거는 하면서 결혼이라는 제도에 묶여 관계에서 파생되는 책임을 벗어나 자유로운 삶을 추구하는 비혼주의자가 늘고 있습니다.\n\n 다만, 개인의 자유로운 선택에 따라 비혼주의를 하지만 주변에서는 아직 고운 시선으로 바라보지 않는 사람도 많습니다. 결혼이라는 제도에 대해서 선택이 아닌 필수라고 생각하는 사람들도 많지요. 개개인이 모여 사회가 형성되기 때문에 사회의 가장 작은 단위인 가족을 이루는 것도 사회 구성원으로서의 큰 역할이라고 생각하는 사람들도 있습니다.\n\n 여러분은 결혼을 꼭 해야 한다고 생각하시나요? 아니면 결혼은 선택의 문제라고 생각하시나요? 비혼주의에 대해 찬성하는 입장 반대를 선택하여 자신의 의견을 작성해주세요. 그리고 그렇게 생각한 이유에 대해서 작성해주세요.",
    "essay_type": "찬성반대",
    "essay_level": "2",
    "essay_len": 855,
    "essay_main_subject": "비혼주의자에 대한 본인의 의견"
  }
}