{
  "paragraph": [
    {
      "paragraph_txt": "저는 개인적으로 비혼주의에 딱히 찬성도 반대도 하지 않지만, 굳이 꼽자면 찬성 쪽에 더 가까운 것 같습니다.#@문장구분# 그 이유로는 먼저 우리나라에서 사람들은 자유권을 가지고 있기 때문에 자유롭고 독립적인 삶을 추구할 수 있습니다.#@문장구분# 따라서 저는 지금의 젊은 사람들은 어른들의 등쌀에 떠밀려 \"너는 결혼해야 해!\"라는 말을 더 이상 들을 일이 없으면 좋겠다고 생각합니다.#@문장구분#",
      "paragraph_len": 260,
      "paragraph_id": "001"
    },
    {
      "paragraph_txt": "또한 가끔씩 제가 위에서 말한 것처럼 어른들이 출산율이 낮기 때문에 결혼을 해야 한다고 말씀을 하시는데 제 생각으로는 요즘은 결혼을 하지 않은 사람들도 아기를 낳을 수 있도록 정자은행 같은 것도 어느 정도 대중화가 되었다고 생각합니다.#@문장구분# 그리고 애초에 아이를 낳으려고 결혼한다는 것은 옳지 않다고 생각합니다.#@문장구분# 마지막으로 돈이 많은 사람들은 충분히 같이 살 수 있을지 모르지만, 돈이 충분하지 않은 사람들은 혼자 사는데도 돈이 부족한데 같이 살려면 돈이 훨씬 부족하기 때문입니다.#@문장구분# 요즘에는 집값도 많이 올라서 집을 대출로 사는 경우가 많은데 빚만 갚다가 은퇴할거 같기도 합니다.#@문장구분# 게다가 결혼을 하면 무조건은 아니지만 대부분은 아이를 낳는데 아이를 낳으면 그만큼 또 돈이 들기 때문에 돈이 더 부족해지기 때문에 돈이 부족한 사람들은 무조건 결혼을 한다고 행복할 수 없기 때문입니다.#@문장구분# 물론, 사람마다 입장이 다를 수 있습니다.#@문장구분# 현재 저출산으로 인해서 앞으로 인구 감소가 예상되는데 그 때문에 비혼반대가 있다고 예상을 합니다.#@문장구분# 하지만 저는 시대가 변해서 우리나라의 편견들과 대우들이 다르다면 제 생각이 바뀔 수 있겠지만 지금 저는 위에서 쓴 '자유, 필요성, 우리나라의 상황'과 같은 이유들 때문에 비혼주의에 어느정도 찬성합니다.#@문장구분#",
      "paragraph_len": 787,
      "paragraph_id": "002"
    }
  ],
  "score": {
    "paragraph_score": [
      {
        "paragraph_scoreT": [
          2.6,
          2,
          2
        ],
        "paragraph_scoreT_detail": {
          "paragraph_scoreT_exp": [
            [
              3,
              2,
              3
            ],
            [
              2,
              2,
              2
            ],
            [
              2,
              2,
              2
            ]
          ]
        },
        "paragraph_scoreT_avg": 2.2,
        "paragraph_id": "001"
      },
      {
        "paragraph_scoreT": [
          2,
          2,
          2
        ],
        "paragraph_scoreT_detail": {
          "paragraph_scoreT_exp": [
            [
              2,
              2,
              2
            ],
            [
              2,
              2,
              2
            ],
            [
              2,
              2,
              2
            ]
          ]
        },
        "paragraph_scoreT_avg": 2,
        "paragraph_id": "002"
      }
    ],
    "essay_scoreT": [
      25.7,
      26.7,
      21.2
    ],
    "essay_scoreT_avg": 24.533335,
    "essay_scoreT_detail": {
      "essay_scoreT_org": [
        [
          3,
          0,
          2,
          3
        ],
        [
          3,
          0,
          3,
          2
        ],
        [
          2,
          0,
          2,
          2
        ]
      ],
      "essay_scoreT_cont": [
        [
          3,
          3,
          2,
          2
        ],
        [
          3,
          3,
          3,
          3
        ],
        [
          3,
          2,
          2,
          2
        ]
      ],
      "essay_scoreT_exp": [
        [
          2,
          2,
          3
        ],
        [
          2,
          2,
          2
        ],
        [
          2,
          2,
          2
        ]
      ]
    }
  },
  "student": {
    "date": "2021.10.01",
    "student_educated": true,
    "student_grade": "고등_1학년",
    "location": "051",
    "student_grade_group": "고등",
    "student_reading": 1
  },
  "rubric": {
    "essay_grade": "고등_1학년",
    "organization_weight": {
      "org_paragraph": 0,
      "org": 3,
      "org_essay": 6,
      "org_coherence": 3,
      "org_quantity": 1
    },
    "essay_type": "찬성반대",
    "content_weight": {
      "con_clearance": 3,
      "con_novelty": 3,
      "con": 4,
      "con_prompt": 1,
      "con_description": 3
    },
    "essay_main_subject": "비혼주의자에 대한 본인의 의견",
    "expression_weight": {
      "exp_style": 4,
      "exp_grammar": 2,
      "exp_vocab": 4,
      "exp": 3
    }
  },
  "correction": [],
  "info": {
    "essay_id": "ESSAY_37058",
    "essay_prompt": " \"\"연애는 필수, 결혼은 선택! 가슴이 뛰는 대로 가면 돼\"\".\n\n 유명한 유행가의 노래 가사처럼, 청년들에게 결혼은 이제 필수가 아닌 하나의 선택 사항입니다. 연애, 결혼, 출산을 포기한다는 의미의 '3포세대'라는 말이 나오기 무섭게 5포 세대, N포세대까지 등장할 정도로 취업난, 치솟는 부동산 가격 등 여러 사회·경제적 요인들로 청년층을 위축시켰습니다.\n\n 모두가 이러한 이유로 '결혼을 포기'하는 것만은 아닙니다. 개인의 행복을 위해 '비혼을 선택'하는 청년들도 늘고 있습니다. 이처럼 최근 전통적인 가치관에서 벗어나 연애와 동거는 하면서 결혼이라는 제도에 묶여 관계에서 파생되는 책임을 벗어나 자유로운 삶을 추구하는 비혼주의자가 늘고 있습니다.\n\n 다만, 개인의 자유로운 선택에 따라 비혼주의를 하지만 주변에서는 아직 고운 시선으로 바라보지 않는 사람도 많습니다. 결혼이라는 제도에 대해서 선택이 아닌 필수라고 생각하는 사람들도 많지요. 개개인이 모여 사회가 형성되기 때문에 사회의 가장 작은 단위인 가족을 이루는 것도 사회 구성원으로서의 큰 역할이라고 생각하는 사람들도 있습니다.\n\n 여러분은 결혼을 꼭 해야 한다고 생각하시나요? 아니면 결혼은 선택의 문제라고 생각하시나요? 비혼주의에 대해 찬성하는 입장 반대를 선택하여 자신의 의견을 작성해주세요. 그리고 그렇게 생각한 이유에 대해서 작성해주세요.",
    "essay_type": "찬성반대",
    "essay_level": "2",
    "essay_len": 829,
    "essay_main_subject": "비혼주의자에 대한 본인의 의견"
  }
}