{
  "paragraph": [
    {
      "paragraph_txt": "저는 결혼을 하지 않고 동거나 연애를 하기만 하는 비혼주의에 대하여 찬성합니다.#@문장구분# 보통 결혼을 하는 것은 이러한 사람들의 선택과 관계가 되어있는 것이고 비혼주의자를 비판하면서 까지 결혼을 강제할 필요가 없다고 생각합니다.#@문장구분# 결혼이란 가정의 무게와 책임감을 가지고 하는 것으로 선택하는 것 초차 힘든 경우가 많습니다.#@문장구분# 이러한 결혼은 보통 완벽히 준비된자들이 하고자 하지만 이러한 비혼주의자들은 그러한 무게감을 짊어지기엔 자신이 부족하다고 판단하여 결혼을 하지 않고 연애만 하거나 동거만 하는 경우들이 있습니다.#@문장구분# 또한 준비되지 않은 사람들을 강제적으로 결혼시킬시엔 그러한 가정이 제대로된 가정생활을 할 수 있을 리가 만무하며 또한 그러한 가정이 정말 진심으로 행복해 질 수 있는건지는 모르는 것입니다.#@문장구분#",
      "paragraph_len": 488,
      "paragraph_id": "001"
    },
    {
      "paragraph_txt": " 진심으로 결혼하자고 하는 사람들도 많으며 이러한 것을 막는다고 법을 만드는 것 또한 무모하다는 것이 저의 생각입니다.#@문장구분# 연애를 10년간하는 사람들도 있으며 동거를 하는 것이 무조건 결혼과 이어져야하는 것 또한 아니며 전통적인 가치관역시 현대시대에 맞춰 벗어난다 하더라도 크게 상관이 없다고 생각합니다.#@문장구분# 그리고 사람들이 결혼을 하는 이유는 서로 사랑해서 하는 것이지만 상황에 따라 서로가 생각했던 것과는 달리 그러한 사람이 아니였다는 것을 알고 이혼을 하는 경우엔 서로에게 가장 커다란 상처가 남겨지게 될 수 있습니다.#@문장구분# 그러한 문제점과 공포심에 대한 감정 때문에 그들이 서로를 사랑하지만 결혼을 하지 않고 연애와 동거를 하면서 살아가는 사람 또한 존재할 것입니다.#@문장구분# 이러한 이유로 인해서 저는 결혼은 하지 않는 사람들인 비혼주의에 대하여 찬성하는 바입니다.#@문장구분#",
      "paragraph_len": 521,
      "paragraph_id": "002"
    }
  ],
  "score": {
    "paragraph_score": [
      {
        "paragraph_scoreT": [
          2.6,
          3,
          3
        ],
        "paragraph_scoreT_detail": {
          "paragraph_scoreT_exp": [
            [
              3,
              3,
              2
            ],
            [
              3,
              3,
              3
            ],
            [
              3,
              3,
              3
            ]
          ]
        },
        "paragraph_scoreT_avg": 2.8666668,
        "paragraph_id": "001"
      },
      {
        "paragraph_scoreT": [
          2.6,
          3,
          3
        ],
        "paragraph_scoreT_detail": {
          "paragraph_scoreT_exp": [
            [
              3,
              3,
              2
            ],
            [
              3,
              3,
              3
            ],
            [
              3,
              3,
              3
            ]
          ]
        },
        "paragraph_scoreT_avg": 2.8666668,
        "paragraph_id": "002"
      }
    ],
    "essay_scoreT": [
      27.599998,
      28.8,
      25.5
    ],
    "essay_scoreT_avg": 27.299997,
    "essay_scoreT_detail": {
      "essay_scoreT_org": [
        [
          3,
          0,
          3,
          3
        ],
        [
          3,
          0,
          3,
          3
        ],
        [
          2,
          0,
          3,
          2
        ]
      ],
      "essay_scoreT_cont": [
        [
          3,
          2,
          3,
          3
        ],
        [
          3,
          2,
          3,
          3
        ],
        [
          3,
          2,
          3,
          2
        ]
      ],
      "essay_scoreT_exp": [
        [
          3,
          3,
          2
        ],
        [
          3,
          3,
          3
        ],
        [
          3,
          3,
          3
        ]
      ]
    }
  },
  "student": {
    "date": "2021.10.24",
    "student_educated": true,
    "student_grade": "고등_1학년",
    "location": "063",
    "student_grade_group": "고등",
    "student_reading": 2
  },
  "rubric": {
    "essay_grade": "고등_1학년",
    "organization_weight": {
      "org_paragraph": 0,
      "org": 3,
      "org_essay": 6,
      "org_coherence": 3,
      "org_quantity": 1
    },
    "essay_type": "찬성반대",
    "content_weight": {
      "con_clearance": 3,
      "con_novelty": 3,
      "con": 4,
      "con_prompt": 1,
      "con_description": 3
    },
    "essay_main_subject": "비혼주의자에 대한 본인의 의견",
    "expression_weight": {
      "exp_style": 4,
      "exp_grammar": 2,
      "exp_vocab": 4,
      "exp": 3
    }
  },
  "correction": [],
  "info": {
    "essay_id": "ESSAY_43918",
    "essay_prompt": " \"\"연애는 필수, 결혼은 선택! 가슴이 뛰는 대로 가면 돼\"\".\n\n 유명한 유행가의 노래 가사처럼, 청년들에게 결혼은 이제 필수가 아닌 하나의 선택 사항입니다. 연애, 결혼, 출산을 포기한다는 의미의 '3포세대'라는 말이 나오기 무섭게 5포 세대, N포세대까지 등장할 정도로 취업난, 치솟는 부동산 가격 등 여러 사회·경제적 요인들로 청년층을 위축시켰습니다.\n\n 모두가 이러한 이유로 '결혼을 포기'하는 것만은 아닙니다. 개인의 행복을 위해 '비혼을 선택'하는 청년들도 늘고 있습니다. 이처럼 최근 전통적인 가치관에서 벗어나 연애와 동거는 하면서 결혼이라는 제도에 묶여 관계에서 파생되는 책임을 벗어나 자유로운 삶을 추구하는 비혼주의자가 늘고 있습니다.\n\n 다만, 개인의 자유로운 선택에 따라 비혼주의를 하지만 주변에서는 아직 고운 시선으로 바라보지 않는 사람도 많습니다. 결혼이라는 제도에 대해서 선택이 아닌 필수라고 생각하는 사람들도 많지요. 개개인이 모여 사회가 형성되기 때문에 사회의 가장 작은 단위인 가족을 이루는 것도 사회 구성원으로서의 큰 역할이라고 생각하는 사람들도 있습니다.\n\n 여러분은 결혼을 꼭 해야 한다고 생각하시나요? 아니면 결혼은 선택의 문제라고 생각하시나요? 비혼주의에 대해 찬성하는 입장 반대를 선택하여 자신의 의견을 작성해주세요. 그리고 그렇게 생각한 이유에 대해서 작성해주세요.",
    "essay_type": "찬성반대",
    "essay_level": "2",
    "essay_len": 812,
    "essay_main_subject": "비혼주의자에 대한 본인의 의견"
  }
}