{
  "paragraph": [
    {
      "paragraph_txt": "최근 인터넷상에서 익명의 댓글, 글 등으로 사회에 악이 되는 일들이 많이 발생하고 있다.#@문장구분# 이런 가해자들은 익명성이 보장된다는 이유로 연예인에게 욕설을 하거나 성희롱을 한다.#@문장구분# 외에도 가짜뉴스 등 사실이 확인되지 않은 정보를 인터넷에 익명으로 정보를 유포하는 범죄가 성행하고 있다.#@문장구분# 왜 익명이 보장된다는 것 하나로 범죄가 성행하는 것일까?#@문장구분# 아마 인터넷 상에서는 자신이 어떤 글을 게시했는지, 동의하는지 알 수 없기 때문일 것이다.#@문장구분# 물론 익명성이 보장됨으로써 이득인 부분도 있을것이다.#@문장구분# 하지만 우리가 얻을 이익보다도 현재 드러나고 있는 문제점이 훨씬 더 심각하다.#@문장구분# 유명한 연예인의 기사나 유튜브의 동영상  댓글 또는 게임창 등에서 우리는 흔히 악플을 발견할 수 있다.#@문장구분# 단지 그 사람이나 작품등에 대해 실망을 느껴서 충고, 조언을 위해 단 댓글이 아니라 그것을 끽아내리기 위한 악플이다.#@문장구분# 사람들은 \"표현의 자유\"라는 이름하에 다름 사람들의 명예를 훼손하거나 정신적 피해를 주는 범죄를 행한다.#@문장구분# 과연 표현의 자유를 지기기 위해 다른 사람들에게 해를 끼치는 것은 옳은 일인가?#@문장구분# 또한 익명성은 청소년들에게도 부정적인 영향을 끼친다.#@문장구분# 인터넷 사용 연령이 점차 낮아지며 대다수의 청소년들이 쉽게 악플을 접하게 된다.#@문장구분# 미성숙한 청소년들은 악플의 영향과 그 심각성을 제대로 인지하지 못하기 때문에 가볍게 생각하고 악플을 다룬 경우가 많다.#@문장구분# 나도 모바일 게임을 하면서 초등학생, 중학생 등의 제 연령 학생들이 다른 사람의 사소한 행동에 심함 욕설을 퍼붓는 것을 보았고 또 경험해봤다.#@문장구분# 찰나였지만 너무 상처였던 경험이였다.#@문장구분# 익명성 보장을 이처럼 청소년들이 무의식적으로 범죄를 저지르는 것을 돕는다.#@문장구분# 상대방에게 악플을 달고 아무런 제재를 받지 않는 청소년을 생각해 보자.#@문장구분# 이 청소년들은 자신이 저지를 범죄의 심각성을 깨닫지 못하고 나아가 더 심각한 법죄를 저저를 가능성이 생긴다.#@문장구분# 이렇듯 사회에서 익명성 보장이 깨치는 부정적 영향이 다수 있다.#@문장구분# 악플을 단 사람, 악플을 받은 사람, 양쪽 모두 안좋은 영향을 받게 된다.",
      "paragraph_len": 1404,
      "paragraph_id": "001"
    }
  ],
  "score": {
    "paragraph_score": [
      {
        "paragraph_scoreT": [
          3,
          3,
          2.4
        ],
        "paragraph_scoreT_detail": {
          "paragraph_scoreT_exp": [
            [
              3,
              3,
              3
            ],
            [
              3,
              3,
              3
            ],
            [
              2,
              2,
              3
            ]
          ]
        },
        "paragraph_scoreT_avg": 2.8,
        "paragraph_id": "001"
      }
    ],
    "essay_scoreT": [
      26,
      27.900002,
      24
    ],
    "essay_scoreT_avg": 25.966667,
    "essay_scoreT_detail": {
      "essay_scoreT_org": [
        [
          3,
          3,
          3,
          3
        ],
        [
          2,
          3,
          3,
          3
        ],
        [
          2,
          2,
          3,
          3
        ]
      ],
      "essay_scoreT_cont": [
        [
          2,
          2,
          2,
          2
        ],
        [
          3,
          2,
          3,
          3
        ],
        [
          3,
          2,
          3,
          2
        ]
      ],
      "essay_scoreT_exp": [
        [
          3,
          3,
          3
        ],
        [
          3,
          3,
          3
        ],
        [
          2,
          2,
          3
        ]
      ]
    }
  },
  "student": {
    "date": "2021.12.18",
    "student_educated": true,
    "student_grade": "고등_2학년",
    "location": "063",
    "student_grade_group": "고등",
    "student_reading": 2
  },
  "rubric": {
    "essay_grade": "고등_2학년",
    "organization_weight": {
      "org_paragraph": 3,
      "org": 3,
      "org_essay": 3,
      "org_coherence": 3,
      "org_quantity": 1
    },
    "essay_type": "찬성반대",
    "content_weight": {
      "con_clearance": 3,
      "con_novelty": 3,
      "con": 4,
      "con_prompt": 1,
      "con_description": 3
    },
    "essay_main_subject": "익명성에 대한 본인의 의견",
    "expression_weight": {
      "exp_style": 4,
      "exp_grammar": 2,
      "exp_vocab": 4,
      "exp": 3
    }
  },
  "correction": [],
  "info": {
    "essay_id": "ESSAY_77273",
    "essay_prompt": " 보편적으로 인터넷에서 사용자는 자기의 본이름을 제외한 ID나 별명을 사용합니다. 즉, 익명을 사용하여 인터넷에서 활동하게 됩니다.\n\n 하지만, 인터넷에서는 이러한 점을 악용하는 사례가 무수히 생겨나고 있습니다. 사이버 세상에서 자신이 외부에 노출되어 있지 않다는 것을 이용해 자신과 다른 의견에 대해 욕설, 인신공격 등을 가하는 것이지요. 이에 대해 인터넷상에서의 규제는 사실상 불가능한 부분이 많습니다.\n\n 그 때문에 최근 인터넷 사이트에 회원가입을 할 때 본인 확인 절차를 거치지 않았으면 글 등을 올릴 때 본인 확인을 할 수 있도록 제한적 인터넷 실명제가 도입되고 있습니다.\n\n 하지만 인터넷의 가장 기본적인 속성인 익명성이 무시될 경우, 인터넷은 무한한 가능성의 공간이 아닌 제한적인 도구로 전락할 수도 있습니다.\n\n 제한적 인터넷 실명제는 필요한지 찬성과 반대를 선택하여 자신의 견해를 작성해주세요.",
    "essay_type": "찬성반대",
    "essay_level": "2",
    "essay_len": 1007,
    "essay_main_subject": "익명성에 대한 본인의 의견"
  }
}