{
  "paragraph": [
    {
      "paragraph_txt": "비혼주의에 대하여 저는 찬성하는 입장입니다.#@문장구분#\n첫 번째로 경제적 문제입니다.#@문장구분# 요즘 엄청난 부동산 가격으로 경혼을 한다고 해도 부담되는 집값 때문에 대출을 하거나 아니면 살 엄두조차 안나기 때문입니다.#@문장구분# 두 번째로 마음이 맞는 사람이 없을 수도 있기 때문입니다. #@문장구분#사람이 얼마나 많은데 없을 수가 있겠냐 하겠지만 그렇게 많은 사람들을 만날 일도 없고 이제는 백신도 맞고 위드 코로나로 바뀌면서 전보다 더 사람들을 만날 수 있지만 그래도 바이러스 이기에 잘 나가지도 만나지도 않기에 결혼은커녕 연애도 못하는 시국 이기 때문입니다. #@문장구분#세 번째로 결혼 이라는 제도에서 파생된 책임으로부터 자유로운 삶을 추구하는 사람들이 최근들어 늘어나고 있기 때문입니다.#@문장구분# 결혼이라는 책임감에서 벗어나 평소처럼 자유로운 삶을 원하는 사람들이 있다는 것입니다. 서로의 의견을 맞추지 않아도, 서로의 눈치를 보지 않아도 되는 삶을 원하는 것입니다.#@문장구분# 또 어느 가수의 노래가사를 보면 결혼을 선택이고 연애는 필수이다. 라는 가사가 있는 것처럼 이제는 결혼을 선택 할 수 있는 시기이기 때문입니다.#@문장구분# 마지막으로 주변에서 비혼주의를 고운시선으로 보는 사람들이 많지 않습니다.#@문장구분# 그 이유를 추측해 보자면 저출산 문제와 '대를 이어가야 한다' 라는 의견, 손자를 보고싶어 하는 사람들 등 여러 문제가 있을 것입니다.#@문장구분# 하지만 정작 결혼하라는 소리를 듣는 사람의 의견, 의사는 필요 없는 건가요?#@문장구분# 결혼을 안하는 사람들도 자신의 의견, 의사가 다 있습니다.#@문장구분# 그 사람들의 생각은 다 무시한 채 무조건 결혼해야 한다라고 강요하는 것은 옳지 않다고 봅니다.#@문장구분# 그리고 비혼에 대한 나의 생각은 절대로 바뀔 일이 없을 것 같습니다.#@문장구분#",
      "paragraph_len": 1100,
      "paragraph_id": "001"
    }
  ],
  "score": {
    "paragraph_score": [
      {
        "paragraph_scoreT": [
          2,
          2,
          2
        ],
        "paragraph_scoreT_detail": {
          "paragraph_scoreT_exp": [
            [
              2,
              2,
              2
            ],
            [
              2,
              2,
              2
            ],
            [
              2,
              2,
              2
            ]
          ]
        },
        "paragraph_scoreT_avg": 2,
        "paragraph_id": "001"
      }
    ],
    "essay_scoreT": [
      18.5,
      24.2,
      21.9
    ],
    "essay_scoreT_avg": 21.533333,
    "essay_scoreT_detail": {
      "essay_scoreT_org": [
        [
          2,
          0,
          2,
          1
        ],
        [
          3,
          0,
          3,
          3
        ],
        [
          2,
          0,
          2,
          3
        ]
      ],
      "essay_scoreT_cont": [
        [
          2,
          2,
          2,
          1
        ],
        [
          3,
          2,
          2,
          2
        ],
        [
          3,
          2,
          3,
          2
        ]
      ],
      "essay_scoreT_exp": [
        [
          2,
          2,
          2
        ],
        [
          2,
          2,
          2
        ],
        [
          2,
          2,
          2
        ]
      ]
    }
  },
  "student": {
    "date": "2021.11.17",
    "student_educated": true,
    "student_grade": "고등_1학년",
    "location": "054",
    "student_grade_group": "고등",
    "student_reading": 3
  },
  "rubric": {
    "essay_grade": "고등_1학년",
    "organization_weight": {
      "org_paragraph": 0,
      "org": 3,
      "org_essay": 6,
      "org_coherence": 3,
      "org_quantity": 1
    },
    "essay_type": "찬성반대",
    "content_weight": {
      "con_clearance": 3,
      "con_novelty": 3,
      "con": 4,
      "con_prompt": 1,
      "con_description": 3
    },
    "essay_main_subject": "비혼주의자에 대한 본인의 의견",
    "expression_weight": {
      "exp_style": 4,
      "exp_grammar": 2,
      "exp_vocab": 4,
      "exp": 3
    }
  },
  "correction": [],
  "info": {
    "essay_id": "ESSAY_47299",
    "essay_prompt": " \"\"연애는 필수, 결혼은 선택! 가슴이 뛰는 대로 가면 돼\"\".\n\n 유명한 유행가의 노래 가사처럼, 청년들에게 결혼은 이제 필수가 아닌 하나의 선택 사항입니다. 연애, 결혼, 출산을 포기한다는 의미의 '3포세대'라는 말이 나오기 무섭게 5포 세대, N포세대까지 등장할 정도로 취업난, 치솟는 부동산 가격 등 여러 사회·경제적 요인들로 청년층을 위축시켰습니다.\n\n 모두가 이러한 이유로 '결혼을 포기'하는 것만은 아닙니다. 개인의 행복을 위해 '비혼을 선택'하는 청년들도 늘고 있습니다. 이처럼 최근 전통적인 가치관에서 벗어나 연애와 동거는 하면서 결혼이라는 제도에 묶여 관계에서 파생되는 책임을 벗어나 자유로운 삶을 추구하는 비혼주의자가 늘고 있습니다.\n\n 다만, 개인의 자유로운 선택에 따라 비혼주의를 하지만 주변에서는 아직 고운 시선으로 바라보지 않는 사람도 많습니다. 결혼이라는 제도에 대해서 선택이 아닌 필수라고 생각하는 사람들도 많지요. 개개인이 모여 사회가 형성되기 때문에 사회의 가장 작은 단위인 가족을 이루는 것도 사회 구성원으로서의 큰 역할이라고 생각하는 사람들도 있습니다.\n\n 여러분은 결혼을 꼭 해야 한다고 생각하시나요? 아니면 결혼은 선택의 문제라고 생각하시나요? 비혼주의에 대해 찬성하는 입장 반대를 선택하여 자신의 의견을 작성해주세요. 그리고 그렇게 생각한 이유에 대해서 작성해주세요.",
    "essay_type": "찬성반대",
    "essay_level": "2",
    "essay_len": 820,
    "essay_main_subject": "비혼주의자에 대한 본인의 의견"
  }
}