{
  "paragraph": [
    {
      "paragraph_txt": "나는 비혼에 찬성한다.#@문장구분# 옛날에는 남자들이 여자를 먹여 살려야 했다.#@문장구분# 남아선호사상 때문에 남자는 공부를 많이 시키고 여자는 공부는 필요없고,직장도 필요없고,그저 살림잘하고 아이만 순풍순풍 잘 낳으면 되었다.#@문장구분# 그리고 남편에게 순종하고 시부모님 잘섬기고 아이들 잘키우는 것이 순전히 아내들의 몫이었다.#@문장구분# 그렇지만 현재는 많이 달라졌다.#@문장구분# 여자들도 공부해서 하고싶은 일을 할수있게 되었고 직장 다니면서 남자들만큼 돈도벌수 있는게 되었다.#@문장구분# 그래서 결혼할때도 모든 비용을 똑같이 부담한다.#@문장구분# 남자가 집을 사오고 여자가 살림 장만을 했던시대가 지나고 부모님께서 굳이 돈을 주지 않으셔도 둘이 집도구하고 필요한 가전제품도 똑같이 비용을 부담한다.#@문장구분# 같이 비용부담하며 결혼해서 같이 돈을 모아 생활해야 한다.#@문장구분# 집을 점점 넓혀가야한다.#@문장구분# 오피스텔에서 신혼을 시작해도 내집장만이 신혼부부의 가장 큰 숙제인것같다.#@문장구분# 그래야 예쁘게 꾸며놓고 아이들도 키울수 있으니 말이다.#@문장구분# 혹시 내가 직장을 안다닌다면 집장만은 아주 많이 힘들어진다.#@문장구분# 혼자벌어서 여러명이 먹고 살고 아이들의 교육비도 만만치않고 차도사야하고 발생되는 비용이 엄청난데 비해 수입이 작으니 맞벌이를 해야한다.#@문장구분# 맞벌이를 하면 금전적인 여유는 있겠지만 아이들은 누가 키우고 나의 취미생활 할시간은 있을까?#@문장구분# 차도사고 집도사고 부모님 용돈에 혼자살때보다 두배,세배의 돈이 들어가야한다.#@문장구분# 그냥 작게 벌어서 작게 쓰고 살고싶다.#@문장구분# 부모님 집에서 살면서 집장만 걱정도 않하고 내가벌어서 내가 하고싶을 일하면서 친구들도 만나고 여행도 다니며 편하게 사는 것을 추구한다.#@문장구분#",
      "paragraph_len": 1132,
      "paragraph_id": "001"
    }
  ],
  "score": {
    "paragraph_score": [
      {
        "paragraph_scoreT": [
          3,
          2,
          2
        ],
        "paragraph_scoreT_detail": {
          "paragraph_scoreT_exp": [
            [
              3,
              3,
              3
            ],
            [
              2,
              2,
              2
            ],
            [
              2,
              2,
              2
            ]
          ]
        },
        "paragraph_scoreT_avg": 2.3333333,
        "paragraph_id": "001"
      }
    ],
    "essay_scoreT": [
      30,
      26.400002,
      27
    ],
    "essay_scoreT_avg": 27.800001,
    "essay_scoreT_detail": {
      "essay_scoreT_org": [
        [
          3,
          0,
          3,
          3
        ],
        [
          2,
          0,
          3,
          3
        ],
        [
          3,
          0,
          3,
          3
        ]
      ],
      "essay_scoreT_cont": [
        [
          3,
          3,
          3,
          3
        ],
        [
          3,
          3,
          3,
          3
        ],
        [
          3,
          3,
          3,
          3
        ]
      ],
      "essay_scoreT_exp": [
        [
          3,
          3,
          3
        ],
        [
          2,
          2,
          3
        ],
        [
          2,
          2,
          2
        ]
      ]
    }
  },
  "student": {
    "date": "2021.12.15",
    "student_educated": true,
    "student_grade": "고등_1학년",
    "location": "044",
    "student_grade_group": "고등",
    "student_reading": 2
  },
  "rubric": {
    "essay_grade": "고등_1학년",
    "organization_weight": {
      "org_paragraph": 0,
      "org": 3,
      "org_essay": 6,
      "org_coherence": 3,
      "org_quantity": 1
    },
    "essay_type": "찬성반대",
    "content_weight": {
      "con_clearance": 3,
      "con_novelty": 3,
      "con": 4,
      "con_prompt": 1,
      "con_description": 3
    },
    "essay_main_subject": "비혼주의자에 대한 본인의 의견",
    "expression_weight": {
      "exp_style": 4,
      "exp_grammar": 2,
      "exp_vocab": 4,
      "exp": 3
    }
  },
  "correction": [],
  "info": {
    "essay_id": "ESSAY_66201",
    "essay_prompt": " \"\"연애는 필수, 결혼은 선택! 가슴이 뛰는 대로 가면 돼\"\".\n\n 유명한 유행가의 노래 가사처럼, 청년들에게 결혼은 이제 필수가 아닌 하나의 선택 사항입니다. 연애, 결혼, 출산을 포기한다는 의미의 '3포세대'라는 말이 나오기 무섭게 5포 세대, N포세대까지 등장할 정도로 취업난, 치솟는 부동산 가격 등 여러 사회·경제적 요인들로 청년층을 위축시켰습니다.\n\n 모두가 이러한 이유로 '결혼을 포기'하는 것만은 아닙니다. 개인의 행복을 위해 '비혼을 선택'하는 청년들도 늘고 있습니다. 이처럼 최근 전통적인 가치관에서 벗어나 연애와 동거는 하면서 결혼이라는 제도에 묶여 관계에서 파생되는 책임을 벗어나 자유로운 삶을 추구하는 비혼주의자가 늘고 있습니다.\n\n 다만, 개인의 자유로운 선택에 따라 비혼주의를 하지만 주변에서는 아직 고운 시선으로 바라보지 않는 사람도 많습니다. 결혼이라는 제도에 대해서 선택이 아닌 필수라고 생각하는 사람들도 많지요. 개개인이 모여 사회가 형성되기 때문에 사회의 가장 작은 단위인 가족을 이루는 것도 사회 구성원으로서의 큰 역할이라고 생각하는 사람들도 있습니다.\n\n 여러분은 결혼을 꼭 해야 한다고 생각하시나요? 아니면 결혼은 선택의 문제라고 생각하시나요? 비혼주의에 대해 찬성하는 입장 반대를 선택하여 자신의 의견을 작성해주세요. 그리고 그렇게 생각한 이유에 대해서 작성해주세요.",
    "essay_type": "찬성반대",
    "essay_level": "2",
    "essay_len": 773,
    "essay_main_subject": "비혼주의자에 대한 본인의 의견"
  }
}