{
  "paragraph": [
    {
      "paragraph_txt": "비혼주의자란 결혼을 하지 않는 사람 혹은 그러한 사람을 뜻한다.#@문장구분# 아직 결혼을 하지 않은 상태를 이르는 말인 미혼과 다르게 비혼은 결혼을 할 의지가 없는 것을 뜻한다.#@문장구분# 우리 사회에는 결혼이라는 제도에 대해 성격적으로 맞지 않거나, 가정을 꾸리고 아이를 키우는 삶보다 자유롭고 즐거운 삶을 원하는 등의 이유로 비혼을 하는 사람들이 늘어나고 있다.#@문장구분# 나는 비혼주의에 대해 찬성하는 입장이다.#@문장구분# 여성의 입장에서 비혼주의를 바라보았을 때 비혼주의는 아이를 낳은 뒤 경력단절과 자신의 자유를 포기하는 것에서 벗어날 수 있는 하나의 수단이다.#@문장구분# 지금 우리가 살아가는 사회는 아이를 낳은 후 남녀 둘 중 여성에게 육아의 책임을 물리고 남성에게는 경제적인 부담을 주고 있다.#@문장구분# 둘 중 하나가 선택하는 입장이 아닌 그 역할을 강요하는 것이다.#@문장구분# 이러한 부분에서 비혼주의는 하나의 사회적 문제가 아니라 국가의 체계 속에서 나 자신을 지키고 소중히 할 수 있는 하나의 방법인 것이다.#@문장구분# 따라서 국가는 비혼주의를 비난하기에 앞서 지금의 체계에 어떠한 문제점이 있는지 확인하고 그것을 보완해야할 것이다. #@문장구분#그러다보면 자연스럽게 결혼하고 싶어하는 마음이 생길 수도 있기 때문이다.#@문장구분# 하지만 나는 결혼이란 것은 자신의 선택이기 때문에 국가가 강제로 시키는 것은 말이 안된다고 생각한다.#@문장구분# 즉 결혼은 국가가 간섭할 수 없는 개인의 선택이라는 것이다.#@문장구분# 그리고 나도 나중에 커서 비혼주의를 외칠 것 같다.#@문장구분# 그래서 나는 비혼주의에 대해 찬성하는 입장이다.#@문장구분#",
      "paragraph_len": 1009,
      "paragraph_id": "001"
    }
  ],
  "score": {
    "paragraph_score": [
      {
        "paragraph_scoreT": [
          3,
          2.4,
          2
        ],
        "paragraph_scoreT_detail": {
          "paragraph_scoreT_exp": [
            [
              3,
              3,
              3
            ],
            [
              2,
              2,
              3
            ],
            [
              2,
              2,
              2
            ]
          ]
        },
        "paragraph_scoreT_avg": 2.4666667,
        "paragraph_id": "001"
      }
    ],
    "essay_scoreT": [
      30,
      27,
      25.8
    ],
    "essay_scoreT_avg": 27.6,
    "essay_scoreT_detail": {
      "essay_scoreT_org": [
        [
          3,
          0,
          3,
          3
        ],
        [
          3,
          0,
          3,
          3
        ],
        [
          3,
          0,
          3,
          3
        ]
      ],
      "essay_scoreT_cont": [
        [
          3,
          3,
          3,
          3
        ],
        [
          2,
          3,
          3,
          3
        ],
        [
          2,
          3,
          3,
          3
        ]
      ],
      "essay_scoreT_exp": [
        [
          3,
          3,
          3
        ],
        [
          2,
          2,
          3
        ],
        [
          2,
          2,
          2
        ]
      ]
    }
  },
  "student": {
    "date": "2021.12.07",
    "student_educated": true,
    "student_grade": "고등_1학년",
    "location": "051",
    "student_grade_group": "고등",
    "student_reading": 1
  },
  "rubric": {
    "essay_grade": "고등_1학년",
    "organization_weight": {
      "org_paragraph": 0,
      "org": 3,
      "org_essay": 6,
      "org_coherence": 3,
      "org_quantity": 1
    },
    "essay_type": "찬성반대",
    "content_weight": {
      "con_clearance": 3,
      "con_novelty": 3,
      "con": 4,
      "con_prompt": 1,
      "con_description": 3
    },
    "essay_main_subject": "비혼주의자에 대한 본인의 의견",
    "expression_weight": {
      "exp_style": 4,
      "exp_grammar": 2,
      "exp_vocab": 4,
      "exp": 3
    }
  },
  "correction": [],
  "info": {
    "essay_id": "ESSAY_66462",
    "essay_prompt": " \"\"연애는 필수, 결혼은 선택! 가슴이 뛰는 대로 가면 돼\"\".\n\n 유명한 유행가의 노래 가사처럼, 청년들에게 결혼은 이제 필수가 아닌 하나의 선택 사항입니다. 연애, 결혼, 출산을 포기한다는 의미의 '3포세대'라는 말이 나오기 무섭게 5포 세대, N포세대까지 등장할 정도로 취업난, 치솟는 부동산 가격 등 여러 사회·경제적 요인들로 청년층을 위축시켰습니다.\n\n 모두가 이러한 이유로 '결혼을 포기'하는 것만은 아닙니다. 개인의 행복을 위해 '비혼을 선택'하는 청년들도 늘고 있습니다. 이처럼 최근 전통적인 가치관에서 벗어나 연애와 동거는 하면서 결혼이라는 제도에 묶여 관계에서 파생되는 책임을 벗어나 자유로운 삶을 추구하는 비혼주의자가 늘고 있습니다.\n\n 다만, 개인의 자유로운 선택에 따라 비혼주의를 하지만 주변에서는 아직 고운 시선으로 바라보지 않는 사람도 많습니다. 결혼이라는 제도에 대해서 선택이 아닌 필수라고 생각하는 사람들도 많지요. 개개인이 모여 사회가 형성되기 때문에 사회의 가장 작은 단위인 가족을 이루는 것도 사회 구성원으로서의 큰 역할이라고 생각하는 사람들도 있습니다.\n\n 여러분은 결혼을 꼭 해야 한다고 생각하시나요? 아니면 결혼은 선택의 문제라고 생각하시나요? 비혼주의에 대해 찬성하는 입장 반대를 선택하여 자신의 의견을 작성해주세요. 그리고 그렇게 생각한 이유에 대해서 작성해주세요.",
    "essay_type": "찬성반대",
    "essay_level": "2",
    "essay_len": 729,
    "essay_main_subject": "비혼주의자에 대한 본인의 의견"
  }
}