{
  "paragraph": [
    {
      "paragraph_txt": "좋아하는 사람 두명이 결혼을 선택하는 것 보다 동거를 선택하는 경우가 많다한다.#@문장구분# 실제로 통계청의 자료에 따르면 갈수록 결혼율은 떨어지고 있고, 떨어진 만큼 이혼율은 크게 늘었다. #@문장구분#결혼의 현 실태는 말 그대로 처참하다.#@문장구분# 비록 결혼하는 사람을 줄었으나, 비혼 주의라는 새로운 연애 방법이 생기더니 더 줄어든 것 같다.#@문장구분# 이에 나에게 찬성이냐 반대냐 라고 물으면, 나는 비혼 주의에 찬성을 할 것이다.#@문장구분# 불가 몇 십년 전만 하더라도, 결혼을 하지 않으면 안 된다는 그런 사회적 분위기가 있었다. #@문장구분#그렇기에 당시 원하지 않지만 이 사회적 분위기에 따라 선을 보고 결혼하는 사람들이 있었다.#@문장구분# 하지만 시대가 변하고, 세대가 교체되며 결혼은 선택이라는 인식이 생겼다.#@문장구분# 이는 정말 좋다고 생각한다.#@문장구분# 단순히 사회적 분위기 때문에 남은 5,60년의 삶을 희생하며 살라는 말은 너무 잔인하기 때문이다.#@문장구분# 그렇게 잘 흘러가는 줄 알았으나. 이 분위기는 곧 결혼하면 손해라는 인식이 생기기 시작하였다.#@문장구분# 결혼을 하지않음으로써 경제적 부담이 적어지고 혼자 지낼 수 있다.#@문장구분# 그리고 요즘은 대를 이어가는 것이나 자신을 돌봐줄 아이를 낳지 않아도 괜찮고 혼자 사는 것도 벅차기 때문에 비혼주의를 한다고 해서 손해가 있는 것이 아니고 시간과 돈을 스스로에게만 투자하여 좀 더 자신의 행복을 위해 살 수 있고 그렇게 할 수 있는 권리가 있다고 생각한다.#@문장구분# 하지만 비혼주의가 저출생의 원인이라고 볼 수도 있다.#@문장구분# 실제로 인터넷에서 비혼주의를 선언한 여성들을 비판하는 댓글들을 쉽게 찾아볼 수 있으며 비혼주의에 대한 시선이 좋지 않다.#@문장구분# 하지만 요즘 시대에 비혼주의가 늘어나면서  비혼주의자들을 비판하는것은 안좋은 일이라고 본다.#@문장구분#",
      "paragraph_len": 1147,
      "paragraph_id": "001"
    }
  ],
  "score": {
    "paragraph_score": [
      {
        "paragraph_scoreT": [
          3,
          3,
          2.6
        ],
        "paragraph_scoreT_detail": {
          "paragraph_scoreT_exp": [
            [
              3,
              3,
              3
            ],
            [
              3,
              3,
              3
            ],
            [
              3,
              3,
              2
            ]
          ]
        },
        "paragraph_scoreT_avg": 2.8666668,
        "paragraph_id": "001"
      }
    ],
    "essay_scoreT": [
      30,
      26.3,
      26.7
    ],
    "essay_scoreT_avg": 27.666666,
    "essay_scoreT_detail": {
      "essay_scoreT_org": [
        [
          3,
          0,
          3,
          3
        ],
        [
          2,
          0,
          3,
          2
        ],
        [
          3,
          0,
          2,
          3
        ]
      ],
      "essay_scoreT_cont": [
        [
          3,
          3,
          3,
          3
        ],
        [
          3,
          2,
          2,
          3
        ],
        [
          3,
          2,
          3,
          3
        ]
      ],
      "essay_scoreT_exp": [
        [
          3,
          3,
          3
        ],
        [
          3,
          3,
          3
        ],
        [
          3,
          3,
          2
        ]
      ]
    }
  },
  "student": {
    "date": "2021.12.20",
    "student_educated": true,
    "student_grade": "고등_1학년",
    "location": "044",
    "student_grade_group": "고등",
    "student_reading": 2
  },
  "rubric": {
    "essay_grade": "고등_1학년",
    "organization_weight": {
      "org_paragraph": 0,
      "org": 3,
      "org_essay": 6,
      "org_coherence": 3,
      "org_quantity": 1
    },
    "essay_type": "찬성반대",
    "content_weight": {
      "con_clearance": 3,
      "con_novelty": 3,
      "con": 4,
      "con_prompt": 1,
      "con_description": 3
    },
    "essay_main_subject": "비혼주의자에 대한 본인의 의견",
    "expression_weight": {
      "exp_style": 4,
      "exp_grammar": 2,
      "exp_vocab": 4,
      "exp": 3
    }
  },
  "correction": [],
  "info": {
    "essay_id": "ESSAY_71268",
    "essay_prompt": " \"\"연애는 필수, 결혼은 선택! 가슴이 뛰는 대로 가면 돼\"\".\n\n 유명한 유행가의 노래 가사처럼, 청년들에게 결혼은 이제 필수가 아닌 하나의 선택 사항입니다. 연애, 결혼, 출산을 포기한다는 의미의 '3포세대'라는 말이 나오기 무섭게 5포 세대, N포세대까지 등장할 정도로 취업난, 치솟는 부동산 가격 등 여러 사회·경제적 요인들로 청년층을 위축시켰습니다.\n\n 모두가 이러한 이유로 '결혼을 포기'하는 것만은 아닙니다. 개인의 행복을 위해 '비혼을 선택'하는 청년들도 늘고 있습니다. 이처럼 최근 전통적인 가치관에서 벗어나 연애와 동거는 하면서 결혼이라는 제도에 묶여 관계에서 파생되는 책임을 벗어나 자유로운 삶을 추구하는 비혼주의자가 늘고 있습니다.\n\n 다만, 개인의 자유로운 선택에 따라 비혼주의를 하지만 주변에서는 아직 고운 시선으로 바라보지 않는 사람도 많습니다. 결혼이라는 제도에 대해서 선택이 아닌 필수라고 생각하는 사람들도 많지요. 개개인이 모여 사회가 형성되기 때문에 사회의 가장 작은 단위인 가족을 이루는 것도 사회 구성원으로서의 큰 역할이라고 생각하는 사람들도 있습니다.\n\n 여러분은 결혼을 꼭 해야 한다고 생각하시나요? 아니면 결혼은 선택의 문제라고 생각하시나요? 비혼주의에 대해 찬성하는 입장 반대를 선택하여 자신의 의견을 작성해주세요. 그리고 그렇게 생각한 이유에 대해서 작성해주세요.",
    "essay_type": "찬성반대",
    "essay_level": "2",
    "essay_len": 827,
    "essay_main_subject": "비혼주의자에 대한 본인의 의견"
  }
}