{
  "paragraph": [
    {
      "paragraph_txt": "최근의 우리나라에서는 비혼주의라는 말을 많이 들어볼 수 있습니다.#@문장구분# 저 역시 비혼주의에 찬성하는 입장입니다.#@문장구분# 제가 비혼주의에 찬성하는 첫번째 이유는 인간은 자신이 어떤 삶을 살 지를 스스로 결정할 수 있기 때문입니다.#@문장구분# 이는 헌법에도 명시되어 있습니다.#@문장구분# 한국의 헌법에서는 \"모든 국민은 인간으로서의 존엄과 가치를 가지며, 행복을 추구할 권리를 가진다. 국가는 개인이 가지는 불가침의 기본적 인권을 확인하고 이를 보장할 의무를 진다\"(제10조)고 하였고, \"국민의 자유와 권리는 헌법에 열거되지 아니한 이유로 경시되지 아니한다. ... 자유와 권리의 본질적인 내용을 침해할 수 없다\"(제37조)고 되어 있습니다.#@문장구분# 결혼은 선택이며 누구도 개인에게 결혼을 할 것을 강요할 수 없습니다.#@문장구분# 비혼주의에 찬성하는 두번째 이유로는 결혼을 한다고 해서 무조건 행복해지리라는 보장이 없기 때문입니다.#@문장구분# 통계청에 따르면 현재 우리나라에서는 연간 20만면 정도가 결혼하고있지만 동시에 10만명 정도가 이혼하고 있습니다.#@문장구분# 단순 성격차부터 가정폭력, 금전적인 문제와 양육 문제까지 이혼 사유는 다양합니다.#@문장구분# 결혼하는 사람들의 반절정도 되는 수치가 이혼한다는 것은 결혼을 한다고 해서 무조건 행복해진다는 것이 아님을 보여주는 증거가 될 수 있다고 생각합니다.#@문장구분# 마지막으로 비혼주의에 찬성하는 이유는 비용 때문입니다.#@문장구분# 결혼을 하기 위해서는 결혼식 비용부터 혼수 마련까지 상당한 비용이 필요하고, 이후에도 상상하기 힘들만큼의비용이 필요합니다.#@문장구분# 부동산은 천정부지로 치솟고 있고 물가또한 끊임없이 오르고 있는 상황에서 결혼을 하기는 어렵다고 생각합니다. #@문장구분#",
      "paragraph_len": 1053,
      "paragraph_id": "001"
    }
  ],
  "score": {
    "paragraph_score": [
      {
        "paragraph_scoreT": [
          3,
          2,
          2
        ],
        "paragraph_scoreT_detail": {
          "paragraph_scoreT_exp": [
            [
              3,
              3,
              3
            ],
            [
              2,
              2,
              2
            ],
            [
              2,
              2,
              2
            ]
          ]
        },
        "paragraph_scoreT_avg": 2.3333333,
        "paragraph_id": "001"
      }
    ],
    "essay_scoreT": [
      30,
      22.8,
      25.2
    ],
    "essay_scoreT_avg": 26,
    "essay_scoreT_detail": {
      "essay_scoreT_org": [
        [
          3,
          0,
          3,
          3
        ],
        [
          2,
          0,
          2,
          2
        ],
        [
          2,
          0,
          3,
          3
        ]
      ],
      "essay_scoreT_cont": [
        [
          3,
          3,
          3,
          3
        ],
        [
          2,
          3,
          3,
          3
        ],
        [
          3,
          3,
          3,
          3
        ]
      ],
      "essay_scoreT_exp": [
        [
          3,
          3,
          3
        ],
        [
          2,
          2,
          2
        ],
        [
          2,
          2,
          2
        ]
      ]
    }
  },
  "student": {
    "date": "2021.12.15",
    "student_educated": true,
    "student_grade": "고등_1학년",
    "location": "063",
    "student_grade_group": "고등",
    "student_reading": 2
  },
  "rubric": {
    "essay_grade": "고등_1학년",
    "organization_weight": {
      "org_paragraph": 0,
      "org": 3,
      "org_essay": 6,
      "org_coherence": 3,
      "org_quantity": 1
    },
    "essay_type": "찬성반대",
    "content_weight": {
      "con_clearance": 3,
      "con_novelty": 3,
      "con": 4,
      "con_prompt": 1,
      "con_description": 3
    },
    "essay_main_subject": "비혼주의자에 대한 본인의 의견",
    "expression_weight": {
      "exp_style": 4,
      "exp_grammar": 2,
      "exp_vocab": 4,
      "exp": 3
    }
  },
  "correction": [],
  "info": {
    "essay_id": "ESSAY_66211",
    "essay_prompt": " \"\"연애는 필수, 결혼은 선택! 가슴이 뛰는 대로 가면 돼\"\".\n\n 유명한 유행가의 노래 가사처럼, 청년들에게 결혼은 이제 필수가 아닌 하나의 선택 사항입니다. 연애, 결혼, 출산을 포기한다는 의미의 '3포세대'라는 말이 나오기 무섭게 5포 세대, N포세대까지 등장할 정도로 취업난, 치솟는 부동산 가격 등 여러 사회·경제적 요인들로 청년층을 위축시켰습니다.\n\n 모두가 이러한 이유로 '결혼을 포기'하는 것만은 아닙니다. 개인의 행복을 위해 '비혼을 선택'하는 청년들도 늘고 있습니다. 이처럼 최근 전통적인 가치관에서 벗어나 연애와 동거는 하면서 결혼이라는 제도에 묶여 관계에서 파생되는 책임을 벗어나 자유로운 삶을 추구하는 비혼주의자가 늘고 있습니다.\n\n 다만, 개인의 자유로운 선택에 따라 비혼주의를 하지만 주변에서는 아직 고운 시선으로 바라보지 않는 사람도 많습니다. 결혼이라는 제도에 대해서 선택이 아닌 필수라고 생각하는 사람들도 많지요. 개개인이 모여 사회가 형성되기 때문에 사회의 가장 작은 단위인 가족을 이루는 것도 사회 구성원으로서의 큰 역할이라고 생각하는 사람들도 있습니다.\n\n 여러분은 결혼을 꼭 해야 한다고 생각하시나요? 아니면 결혼은 선택의 문제라고 생각하시나요? 비혼주의에 대해 찬성하는 입장 반대를 선택하여 자신의 의견을 작성해주세요. 그리고 그렇게 생각한 이유에 대해서 작성해주세요.",
    "essay_type": "찬성반대",
    "essay_level": "2",
    "essay_len": 788,
    "essay_main_subject": "비혼주의자에 대한 본인의 의견"
  }
}