{
  "paragraph": [
    {
      "paragraph_txt": "비혼주의자는 결혼하는 삶을 선택하는 것이 아닌 나 혼자 살고 싶어하는 사람들을 말하는 것인데 가끔 보면 비혼주의자에 대해 나쁘게 바라보고 안 좋게 바라보는 경우가 있는데 이것은 잘 못 되었다고 생각한다.#@문장구분# 왜냐하면 일단 자기가 원하는 삶에 결혼이 포함되지 않는 것을 존중해 주어야 부분도 있고 우리는 현재 많은 사회에서 결혼을 하여 좋은 점도 보여주고 있지만 그것보다는 결혼을 하여 생기는 많은 문제가 사회에서 많이 보여서 많은 사람들이 결혼을 다시 한번 생각해 보게 되면서 일부는 결국 비혼주의자를 선택하게 되지만 일부 사란들은 이를 안좋게 바라보고 있다.#@문장구분# 하지만 이 문제는 비혼주의자를 선택한 본인의 문제보다는 이 사회가 문제라고 생각한다.#@문장구분# 결혼을 꺼리게 만든 사람을 결국 결혼한 사람들 중 결혼을 안 좋게 보이게 만든 사람과 결혼을 하면 생기는 문제점을 제대로 볼려고 하지도 않고 결혼을 할 수 있도록 지원을 제대로 하지 않은 정부의 문제라고 생각하기 때문이다.#@문장구분# 하지만 비혼주의자에 대하여 안 좋게 바라보고 비판하는 사람은 주로 어른이거나 정부인데 결국 자신들의 잘못된 행동으로 생긴 문제인데 그런 것을 제대로 보지 않고 그냥 비혼주의자를 비판하는 것은 잘 못 된 행동이라고 생각하기 때문에 비혼주의자를 비판할 자격이 없다고 생각한다.#@문장구분# 앞으로 비혼주의자들이 더더욱 늘 것 같다.#@문장구분# 결혼을 해 자신의 삶을 희생하는 사람보다 결혼을 하지 않고 자신의 삶을 살고 싶어하는 사람이 더욱 많아지고있기 때문이다. #@문장구분#그래서 나는 결혼을 하던 결혼을 하지 않던 그것은 개인의 선택이기 때문에 결국 그 선택을 한 사람이 그 결과를 책임지는 것이기 때문에 개인의 선택에 대해 왈가왈부할 필요가 없다고 생각한다.#@문장구분#",
      "paragraph_len": 995,
      "paragraph_id": "001"
    }
  ],
  "score": {
    "paragraph_score": [
      {
        "paragraph_scoreT": [
          3,
          2.6,
          2.2
        ],
        "paragraph_scoreT_detail": {
          "paragraph_scoreT_exp": [
            [
              3,
              3,
              3
            ],
            [
              3,
              3,
              2
            ],
            [
              3,
              2,
              2
            ]
          ]
        },
        "paragraph_scoreT_avg": 2.6000001,
        "paragraph_id": "001"
      }
    ],
    "essay_scoreT": [
      29.7,
      25.5,
      25.1
    ],
    "essay_scoreT_avg": 26.766668,
    "essay_scoreT_detail": {
      "essay_scoreT_org": [
        [
          3,
          0,
          3,
          2
        ],
        [
          2,
          0,
          3,
          2
        ],
        [
          3,
          0,
          2,
          3
        ]
      ],
      "essay_scoreT_cont": [
        [
          3,
          3,
          3,
          3
        ],
        [
          3,
          2,
          3,
          3
        ],
        [
          3,
          2,
          2,
          3
        ]
      ],
      "essay_scoreT_exp": [
        [
          3,
          3,
          3
        ],
        [
          3,
          3,
          2
        ],
        [
          3,
          2,
          2
        ]
      ]
    }
  },
  "student": {
    "date": "2021.12.06",
    "student_educated": true,
    "student_grade": "고등_1학년",
    "location": "051",
    "student_grade_group": "고등",
    "student_reading": 2
  },
  "rubric": {
    "essay_grade": "고등_1학년",
    "organization_weight": {
      "org_paragraph": 0,
      "org": 3,
      "org_essay": 6,
      "org_coherence": 3,
      "org_quantity": 1
    },
    "essay_type": "찬성반대",
    "content_weight": {
      "con_clearance": 3,
      "con_novelty": 3,
      "con": 4,
      "con_prompt": 1,
      "con_description": 3
    },
    "essay_main_subject": "비혼주의자에 대한 본인의 의견",
    "expression_weight": {
      "exp_style": 4,
      "exp_grammar": 2,
      "exp_vocab": 4,
      "exp": 3
    }
  },
  "correction": [],
  "info": {
    "essay_id": "ESSAY_53635",
    "essay_prompt": " \"\"연애는 필수, 결혼은 선택! 가슴이 뛰는 대로 가면 돼\"\".\n\n 유명한 유행가의 노래 가사처럼, 청년들에게 결혼은 이제 필수가 아닌 하나의 선택 사항입니다. 연애, 결혼, 출산을 포기한다는 의미의 '3포세대'라는 말이 나오기 무섭게 5포 세대, N포세대까지 등장할 정도로 취업난, 치솟는 부동산 가격 등 여러 사회·경제적 요인들로 청년층을 위축시켰습니다.\n\n 모두가 이러한 이유로 '결혼을 포기'하는 것만은 아닙니다. 개인의 행복을 위해 '비혼을 선택'하는 청년들도 늘고 있습니다. 이처럼 최근 전통적인 가치관에서 벗어나 연애와 동거는 하면서 결혼이라는 제도에 묶여 관계에서 파생되는 책임을 벗어나 자유로운 삶을 추구하는 비혼주의자가 늘고 있습니다.\n\n 다만, 개인의 자유로운 선택에 따라 비혼주의를 하지만 주변에서는 아직 고운 시선으로 바라보지 않는 사람도 많습니다. 결혼이라는 제도에 대해서 선택이 아닌 필수라고 생각하는 사람들도 많지요. 개개인이 모여 사회가 형성되기 때문에 사회의 가장 작은 단위인 가족을 이루는 것도 사회 구성원으로서의 큰 역할이라고 생각하는 사람들도 있습니다.\n\n 여러분은 결혼을 꼭 해야 한다고 생각하시나요? 아니면 결혼은 선택의 문제라고 생각하시나요? 비혼주의에 대해 찬성하는 입장 반대를 선택하여 자신의 의견을 작성해주세요. 그리고 그렇게 생각한 이유에 대해서 작성해주세요.",
    "essay_type": "찬성반대",
    "essay_level": "2",
    "essay_len": 835,
    "essay_main_subject": "비혼주의자에 대한 본인의 의견"
  }
}