{
  "paragraph": [
    {
      "paragraph_txt": "저는 비혼주의 대해 찬성을 하는 입장 입니다.#@문장구분# 요즘 비혼주의는 트렌드가 되어가고 있는 것 같습니다.#@문장구분# 결혼 적령기의 20~30대 청년들이 필수가 되었던 결혼이라는 것을 이제는 필수적이지 않은 선택을 통해 결혼을 하지 않을 것이라고 예정짓는 사람들이 많이 늘어나고 있는 것 같다.#@문장구분# 왜 갑자기 비혼주의란 단어가 핫한 이슈가 되고 있는지 생각해 보았다.#@문장구분# 방송에서나 실제로도 생각을 해보는 그럴 것도 같은 생각이든다.#@문장구분# 과연 모든 이들의 이 비혼주의를 자의적으로 거부를 하는 것일까?#@문장구분# 국가적으로 무언가 문제가 있지는 않을까?#@문장구분# 방송에서 우연히 나오는 비혼주의에 통계를 보았다.#@문장구분# 작년 기준으로 몇 년전에 비해 혼인하는 건수가 상당 수 감소했다는 기사를 보았다.#@문장구분# 한 20여 년 전 결혼통계를 기준으로 했을 때 최고로 낮은 통계치라는 기사를 보았다.#@문장구분# 작년 코로나로 인해 인원 제한이 있다보니 그에 결혼이 어려워지면서 미뤄지는 경우도 있긴 했을 것이다.#@문장구분# 그러나 단순 코로나의 영향만은 아닐거라고 생각된다.#@문장구분# 그의 통계치에 따르면 긍적적인 퍼센테이지도 상당히 높은 수준으로 나오기는 하였지만 20대의 경우 무론 반절정도가 결혼에 대한 부정적인 답변이 높았던 것으로 기억된다.#@문장구분# 그 이유는 과연 왜일까?#@문장구분# 뉴스만 보면 나오는 치솟는 집값 문제와 결혼과 동시에 이어지는 출산 그리고 양육 문제까지 해결해야 할 문제가 한두가지나 아닌 것이다.#@문장구분# 우리나라에 살면서 내 집 한 칸을 마련하는데 몇 십년을 기다려 내집을 마련하는데 결혼을 하면서 늘어나는 가족 이게 과연 현명한 일일까?#@문장구분# 평생을 내집을 마련하는데 몇십년이란 시간을 투자하는게 과연 맞는말일까?#@문장구분# 그리고 결혼까지만 하고 과연 출산은 어떻게 해야하는것인지?#@문장구분# 출산후 아이 한명을 키우는데만 몇억이 들어가는데 그것 또한 어려운 일이다.#@문장구분# 결혼과 동시 반복되는 현실적인 부분에 누가 과연 선뜻 결혼이라는 것을 선택을 하게 될지 궁금하다.#@문장구분# 그리고 과연 국가에서는 이런 현실적인 부분들을 어떻게 해결해 나갈지 또한 궁금합니다.#@문장구분# 결혼역시 필수가 아니기는 하지만 결혼을 기피하는 이런 현실적인 부분들을 국가적인 차원에서 하루 빨리 해결해주었으면 좋겠습니다.#@문장구분#",
      "paragraph_len": 1482,
      "paragraph_id": "001"
    }
  ],
  "score": {
    "paragraph_score": [
      {
        "paragraph_scoreT": [
          3,
          3,
          3
        ],
        "paragraph_scoreT_detail": {
          "paragraph_scoreT_exp": [
            [
              3,
              3,
              3
            ],
            [
              3,
              3,
              3
            ],
            [
              3,
              3,
              3
            ]
          ]
        },
        "paragraph_scoreT_avg": 3,
        "paragraph_id": "001"
      }
    ],
    "essay_scoreT": [
      30,
      30,
      30
    ],
    "essay_scoreT_avg": 30,
    "essay_scoreT_detail": {
      "essay_scoreT_org": [
        [
          3,
          0,
          3,
          3
        ],
        [
          3,
          0,
          3,
          3
        ],
        [
          3,
          0,
          3,
          3
        ]
      ],
      "essay_scoreT_cont": [
        [
          3,
          3,
          3,
          3
        ],
        [
          3,
          3,
          3,
          3
        ],
        [
          3,
          3,
          3,
          3
        ]
      ],
      "essay_scoreT_exp": [
        [
          3,
          3,
          3
        ],
        [
          3,
          3,
          3
        ],
        [
          3,
          3,
          3
        ]
      ]
    }
  },
  "student": {
    "date": "2021.11.22",
    "student_educated": true,
    "student_grade": "고등_1학년",
    "location": "063",
    "student_grade_group": "고등",
    "student_reading": 1
  },
  "rubric": {
    "essay_grade": "고등_1학년",
    "organization_weight": {
      "org_paragraph": 0,
      "org": 3,
      "org_essay": 6,
      "org_coherence": 3,
      "org_quantity": 1
    },
    "essay_type": "찬성반대",
    "content_weight": {
      "con_clearance": 3,
      "con_novelty": 3,
      "con": 4,
      "con_prompt": 1,
      "con_description": 3
    },
    "essay_main_subject": "비혼주의자에 대한 본인의 의견",
    "expression_weight": {
      "exp_style": 4,
      "exp_grammar": 2,
      "exp_vocab": 4,
      "exp": 3
    }
  },
  "correction": [],
  "info": {
    "essay_id": "ESSAY_51864",
    "essay_prompt": " \"\"연애는 필수, 결혼은 선택! 가슴이 뛰는 대로 가면 돼\"\".\n\n 유명한 유행가의 노래 가사처럼, 청년들에게 결혼은 이제 필수가 아닌 하나의 선택 사항입니다. 연애, 결혼, 출산을 포기한다는 의미의 '3포세대'라는 말이 나오기 무섭게 5포 세대, N포세대까지 등장할 정도로 취업난, 치솟는 부동산 가격 등 여러 사회·경제적 요인들로 청년층을 위축시켰습니다.\n\n 모두가 이러한 이유로 '결혼을 포기'하는 것만은 아닙니다. 개인의 행복을 위해 '비혼을 선택'하는 청년들도 늘고 있습니다. 이처럼 최근 전통적인 가치관에서 벗어나 연애와 동거는 하면서 결혼이라는 제도에 묶여 관계에서 파생되는 책임을 벗어나 자유로운 삶을 추구하는 비혼주의자가 늘고 있습니다.\n\n 다만, 개인의 자유로운 선택에 따라 비혼주의를 하지만 주변에서는 아직 고운 시선으로 바라보지 않는 사람도 많습니다. 결혼이라는 제도에 대해서 선택이 아닌 필수라고 생각하는 사람들도 많지요. 개개인이 모여 사회가 형성되기 때문에 사회의 가장 작은 단위인 가족을 이루는 것도 사회 구성원으로서의 큰 역할이라고 생각하는 사람들도 있습니다.\n\n 여러분은 결혼을 꼭 해야 한다고 생각하시나요? 아니면 결혼은 선택의 문제라고 생각하시나요? 비혼주의에 대해 찬성하는 입장 반대를 선택하여 자신의 의견을 작성해주세요. 그리고 그렇게 생각한 이유에 대해서 작성해주세요.",
    "essay_type": "찬성반대",
    "essay_level": "2",
    "essay_len": 1043,
    "essay_main_subject": "비혼주의자에 대한 본인의 의견"
  }
}