{
  "paragraph": [
    {
      "paragraph_txt": "나는 비혼주의에 찬성한다.#@문장구분# 말 그대로 내 인생에 누군가를 끌어 들이지 않았기 때문에 아무도 간섭하는 사람이 없고 내 마음대로 자체적인 생활과 소비를 영위할 수 있으며, 무엇보다 혼자 사는 만큼 근본적으로 책임질 일 자체가 줄어든다.#@문장구분# 특히 가난 및 불안정한 수입 문제와 개인의 자유를 중시하는 젊은이들이 많아지고 있는 것도 영향을 미친다.#@문장구분# 자식들이 결혼을 한답시고 집을 비롯한 각종 살림 장만, 손주 케어 등을 도와 달라고 손을 벌리니 차라리 결혼을 안 시키는 게 편하다는 부모들도 간혹 있다.#@문장구분# 자신만의 취미·여가를 많이 즐길 수 있게 되어 무엇을 하든 나의 재산·시간·권리가 억압받지 않고 오롯이 나의 것이 되는 점이 최대의 메리트다.#@문장구분# 부유층이라면 인간관계나 금전적인 부담은 크지 않지만 결혼의 특성상 어느 정도는 본인이 배려·양보해야 하는 건 똑같으며, 특히 평소에 개인생활을 중시하고 여러 이성친구들을 만나거나 혼자 있는 시간이 많다면 헬게이트가 열릴 수도 있다.#@문장구분# 가족도 엄연히 '인간관계'이기에 정신적인 스트레스가 필연적으로 따라올 수 밖에 없다.#@문장구분# 특히 자녀를 양육하거나 배우자와 삶을 공유하는데 있어서 가치관, 사고방식, 성격, 종교, 취향 등이 많이 다르다면 서로 간에 갈등을 피할 수가 없게 된다.#@문장구분# 다들 알다시피 사랑은 두 사람만의 개인사지만 결혼은 본질적으로 양가의 만남과 결합이라, 만약 부모들이 강력하게 반대할 경우 혼인은 성사되기 어려울 것이고 설령 된다고 해도 사랑하는 사람과 새로운 가정을 이루기 위해 더 많은 일을 하고 배우자 식구들까지 챙겨야 하는 등 수많은 경제적·육체적·심리적 노력과 희생이 뒤따른다.#@문장구분# 따라서 이러한 문제점은 피하고 싶은데 자녀는 한 명쯤 갖고 싶으니 입양을 신청하거나 사유리 처럼 혼외출산을 선택하는 경우도 있다.#@문장구분#",
      "paragraph_len": 1073,
      "paragraph_id": "001"
    }
  ],
  "score": {
    "paragraph_score": [
      {
        "paragraph_scoreT": [
          3,
          3,
          2.8
        ],
        "paragraph_scoreT_detail": {
          "paragraph_scoreT_exp": [
            [
              3,
              3,
              3
            ],
            [
              3,
              3,
              3
            ],
            [
              2,
              3,
              3
            ]
          ]
        },
        "paragraph_scoreT_avg": 2.9333334,
        "paragraph_id": "001"
      }
    ],
    "essay_scoreT": [
      30,
      27,
      25.5
    ],
    "essay_scoreT_avg": 27.5,
    "essay_scoreT_detail": {
      "essay_scoreT_org": [
        [
          3,
          0,
          3,
          3
        ],
        [
          2,
          0,
          3,
          3
        ],
        [
          2,
          0,
          2,
          3
        ]
      ],
      "essay_scoreT_cont": [
        [
          3,
          3,
          3,
          3
        ],
        [
          3,
          2,
          3,
          3
        ],
        [
          3,
          3,
          3,
          2
        ]
      ],
      "essay_scoreT_exp": [
        [
          3,
          3,
          3
        ],
        [
          3,
          3,
          3
        ],
        [
          2,
          3,
          3
        ]
      ]
    }
  },
  "student": {
    "date": "2021.12.21",
    "student_educated": true,
    "student_grade": "고등_1학년",
    "location": "031",
    "student_grade_group": "고등",
    "student_reading": 2
  },
  "rubric": {
    "essay_grade": "고등_1학년",
    "organization_weight": {
      "org_paragraph": 0,
      "org": 3,
      "org_essay": 6,
      "org_coherence": 3,
      "org_quantity": 1
    },
    "essay_type": "찬성반대",
    "content_weight": {
      "con_clearance": 3,
      "con_novelty": 3,
      "con": 4,
      "con_prompt": 1,
      "con_description": 3
    },
    "essay_main_subject": "비혼주의자에 대한 본인의 의견",
    "expression_weight": {
      "exp_style": 4,
      "exp_grammar": 2,
      "exp_vocab": 4,
      "exp": 3
    }
  },
  "correction": [],
  "info": {
    "essay_id": "ESSAY_71335",
    "essay_prompt": " \"\"연애는 필수, 결혼은 선택! 가슴이 뛰는 대로 가면 돼\"\".\n\n 유명한 유행가의 노래 가사처럼, 청년들에게 결혼은 이제 필수가 아닌 하나의 선택 사항입니다. 연애, 결혼, 출산을 포기한다는 의미의 '3포세대'라는 말이 나오기 무섭게 5포 세대, N포세대까지 등장할 정도로 취업난, 치솟는 부동산 가격 등 여러 사회·경제적 요인들로 청년층을 위축시켰습니다.\n\n 모두가 이러한 이유로 '결혼을 포기'하는 것만은 아닙니다. 개인의 행복을 위해 '비혼을 선택'하는 청년들도 늘고 있습니다. 이처럼 최근 전통적인 가치관에서 벗어나 연애와 동거는 하면서 결혼이라는 제도에 묶여 관계에서 파생되는 책임을 벗어나 자유로운 삶을 추구하는 비혼주의자가 늘고 있습니다.\n\n 다만, 개인의 자유로운 선택에 따라 비혼주의를 하지만 주변에서는 아직 고운 시선으로 바라보지 않는 사람도 많습니다. 결혼이라는 제도에 대해서 선택이 아닌 필수라고 생각하는 사람들도 많지요. 개개인이 모여 사회가 형성되기 때문에 사회의 가장 작은 단위인 가족을 이루는 것도 사회 구성원으로서의 큰 역할이라고 생각하는 사람들도 있습니다.\n\n 여러분은 결혼을 꼭 해야 한다고 생각하시나요? 아니면 결혼은 선택의 문제라고 생각하시나요? 비혼주의에 대해 찬성하는 입장 반대를 선택하여 자신의 의견을 작성해주세요. 그리고 그렇게 생각한 이유에 대해서 작성해주세요.",
    "essay_type": "찬성반대",
    "essay_level": "2",
    "essay_len": 873,
    "essay_main_subject": "비혼주의자에 대한 본인의 의견"
  }
}