{
  "paragraph": [
    {
      "paragraph_txt": "나는 비혼주의에 찬성한다.#@문장구분# 비혼이란?#@문장구분# 혼하지 않은 상태이거나 결혼하지 않기로 한 사람.#@문장구분# 비혼을 선택한 사람은 비혼주의자라고 한다.#@문장구분# 미혼보다 주체적인 단어로 결혼을 인생에 반드시 거쳐야 할 단계가 아닌 개인 선택에 달린 것으로 생각하는 인식이 담겨 있다.#@문장구분# 결혼에 방점이 찍힌 단어이기 때문에 혼인을 하지 않고 동거를 하는 사람도 비혼 상태라고 볼 수 있으며, 이와 같은 점에서 독신과도 차이가 있다.#@문장구분# 주로 개인 가치관이나 경제적 부담, 결혼 후의 미래에 대한 불확실성 등이 그 요인이 되며, 이유가 자발적이든 비자발적이든 그 추세는 늘어나고 있다.#@문장구분# 이에 따라 혼자 즐길 수 있는 문화 방식이 함께 대두되고 있으며, 비혼을 기념하는 비혼식도 새롭게 떠오르고 있다.#@문장구분#독신은 배우자가 없는 사람이나 상태를 이른다.#@문장구분# 미혼과 비교하면  혼자 임을 강조하는 말이다.#@문장구분# 이와 달리 비혼은 혼자 사는 사람은 물론, 혼인 관계가 아닌 동거 상태 등을 포함한다.#@문장구분# 독신보다 의미상 다양한 삶의 형태를 포괄적으로 설명하기 수월하다.#@문장구분# 독신을 추구하는 경향이나 사람을 독신주의, 독신주의자 등으로 표현하는 것처럼 비혼을 추구하는 경향이나 사람은 비혼주의, 비혼주의자라 일컫는다.#@문장구분# 신문이나 방송 등에서는 비혼인 사람들을 비혼족이라 부르기도 한다.#@문장구분# 비혼을 선택하는 이유는 다양하다.#@문장구분# 개인 가치관에 따라 비혼을 선택하는 사람도 있고 경제적 부담 등으로 인해 비자발적 비혼 상태를 유지하는 사람도 있다.#@문장구분# 때로는 자발적 요인과 비자발적 요인이 뒤섞인 상황일 수도 있다.#@문장구분# 중요한 건 비혼은 하나의 현상이며 앞으로도 늘어날 것이라는 생각이 든다.#@문장구분# 앞으로는 이러한 추세가 계속 될 것이라고 생각되어진다.#@문장구분#",
      "paragraph_len": 1196,
      "paragraph_id": "001"
    }
  ],
  "score": {
    "paragraph_score": [
      {
        "paragraph_scoreT": [
          3,
          3,
          3
        ],
        "paragraph_scoreT_detail": {
          "paragraph_scoreT_exp": [
            [
              3,
              3,
              3
            ],
            [
              3,
              3,
              3
            ],
            [
              3,
              3,
              3
            ]
          ]
        },
        "paragraph_scoreT_avg": 3,
        "paragraph_id": "001"
      }
    ],
    "essay_scoreT": [
      30,
      25.5,
      25.699999
    ],
    "essay_scoreT_avg": 27.066666,
    "essay_scoreT_detail": {
      "essay_scoreT_org": [
        [
          3,
          0,
          3,
          3
        ],
        [
          2,
          0,
          3,
          2
        ],
        [
          2,
          0,
          2,
          3
        ]
      ],
      "essay_scoreT_cont": [
        [
          3,
          3,
          3,
          3
        ],
        [
          3,
          2,
          3,
          2
        ],
        [
          3,
          2,
          2,
          3
        ]
      ],
      "essay_scoreT_exp": [
        [
          3,
          3,
          3
        ],
        [
          3,
          3,
          3
        ],
        [
          3,
          3,
          3
        ]
      ]
    }
  },
  "student": {
    "date": "2021.12.21",
    "student_educated": true,
    "student_grade": "고등_1학년",
    "location": "031",
    "student_grade_group": "고등",
    "student_reading": 2
  },
  "rubric": {
    "essay_grade": "고등_1학년",
    "organization_weight": {
      "org_paragraph": 0,
      "org": 3,
      "org_essay": 6,
      "org_coherence": 3,
      "org_quantity": 1
    },
    "essay_type": "찬성반대",
    "content_weight": {
      "con_clearance": 3,
      "con_novelty": 3,
      "con": 4,
      "con_prompt": 1,
      "con_description": 3
    },
    "essay_main_subject": "비혼주의자에 대한 본인의 의견",
    "expression_weight": {
      "exp_style": 4,
      "exp_grammar": 2,
      "exp_vocab": 4,
      "exp": 3
    }
  },
  "correction": [],
  "info": {
    "essay_id": "ESSAY_71319",
    "essay_prompt": " \"\"연애는 필수, 결혼은 선택! 가슴이 뛰는 대로 가면 돼\"\".\n\n 유명한 유행가의 노래 가사처럼, 청년들에게 결혼은 이제 필수가 아닌 하나의 선택 사항입니다. 연애, 결혼, 출산을 포기한다는 의미의 '3포세대'라는 말이 나오기 무섭게 5포 세대, N포세대까지 등장할 정도로 취업난, 치솟는 부동산 가격 등 여러 사회·경제적 요인들로 청년층을 위축시켰습니다.\n\n 모두가 이러한 이유로 '결혼을 포기'하는 것만은 아닙니다. 개인의 행복을 위해 '비혼을 선택'하는 청년들도 늘고 있습니다. 이처럼 최근 전통적인 가치관에서 벗어나 연애와 동거는 하면서 결혼이라는 제도에 묶여 관계에서 파생되는 책임을 벗어나 자유로운 삶을 추구하는 비혼주의자가 늘고 있습니다.\n\n 다만, 개인의 자유로운 선택에 따라 비혼주의를 하지만 주변에서는 아직 고운 시선으로 바라보지 않는 사람도 많습니다. 결혼이라는 제도에 대해서 선택이 아닌 필수라고 생각하는 사람들도 많지요. 개개인이 모여 사회가 형성되기 때문에 사회의 가장 작은 단위인 가족을 이루는 것도 사회 구성원으로서의 큰 역할이라고 생각하는 사람들도 있습니다.\n\n 여러분은 결혼을 꼭 해야 한다고 생각하시나요? 아니면 결혼은 선택의 문제라고 생각하시나요? 비혼주의에 대해 찬성하는 입장 반대를 선택하여 자신의 의견을 작성해주세요. 그리고 그렇게 생각한 이유에 대해서 작성해주세요.",
    "essay_type": "찬성반대",
    "essay_level": "2",
    "essay_len": 816,
    "essay_main_subject": "비혼주의자에 대한 본인의 의견"
  }
}