{
  "paragraph": [
    {
      "paragraph_txt": "최근 전통적인 가치관에서 벗어나 연애와 동거는 하면서 결혼이라는 제도에 묶여 관계에서 파생되는 책임을 벗어나 자유로운 삶을 추구하는 비혼주의자가 늘고 있다.#@문장구분# 나는 이 비혼주의자에 대하여 찬성하는 견해다.#@문장구분# 옛날에는 꼭 결혼해서 아이를 낳고 가정을 꾸리면서 살아야 한다고 다들 생각했지만 요즘 들어서 그 인식이 바뀌고 있다.#@문장구분# 점점 비혼주의자가 늘어나는 추세인데, 그러면 왜 비혼주의자가 늘어나는 것일까?#@문장구분# 먼저 결혼을 하면 자신의 일상을 억압받고 자유로운 삶을 살기 어려울 수 있다.#@문장구분# 왜냐하면 결혼한 상대의 부모님을 뵈러도 가야 하는데 그런 상황들이 불편할 수가 있고 결혼한 상대로부터 자신을 구속받는 느낌을 싫어할 수가 있기 때문이다.#@문장구분# 결혼이라는 것에 지금까지 누려왔던 청춘과 자유를 구속당하며 살고 싶지 않아서이다.#@문장구분# 또한 아이가 생길 수도 있다.#@문장구분# 물론 아이가 생겨서 가정을 꾸려나가는 것도 좋지만, 그러면 더더욱 나 자신의 삶보다는 아이의 부모로서의 삶을 주되게 살다 보니 자신의 삶을 누리지 못하게 된다.#@문장구분# 그러면 결혼을 하지 않는다면 내가 원하는 일을 그만두지도 않고 자신의 삶을 자유롭게 누리면서 지낼 수 있다.#@문장구분# 하지만 연애를 할 때 결혼을 하고 싶은 사람과 만나서 가치관이 부딪혀서 사이가 멀어질 수 있다.#@문장구분# 그런 부분에서는 일반적으로 결혼주의자가 비혼주의자보다 많으므로 불편할 것 같다.#@문장구분# 가치관이 달라도 서로를 존중해주는 사람을 만나거나 가치관이 같은 사람과 만나는 것이 좋을 것 같다.#@문장구분#",
      "paragraph_len": 982,
      "paragraph_id": "001"
    }
  ],
  "score": {
    "paragraph_score": [
      {
        "paragraph_scoreT": [
          3,
          3,
          2.4
        ],
        "paragraph_scoreT_detail": {
          "paragraph_scoreT_exp": [
            [
              3,
              3,
              3
            ],
            [
              3,
              3,
              3
            ],
            [
              2,
              3,
              2
            ]
          ]
        },
        "paragraph_scoreT_avg": 2.8,
        "paragraph_id": "001"
      }
    ],
    "essay_scoreT": [
      26.3,
      25.5,
      23.6
    ],
    "essay_scoreT_avg": 25.133333,
    "essay_scoreT_detail": {
      "essay_scoreT_org": [
        [
          2,
          0,
          3,
          2
        ],
        [
          2,
          0,
          3,
          2
        ],
        [
          2,
          0,
          3,
          3
        ]
      ],
      "essay_scoreT_cont": [
        [
          3,
          2,
          2,
          3
        ],
        [
          3,
          2,
          3,
          2
        ],
        [
          2,
          2,
          2,
          2
        ]
      ],
      "essay_scoreT_exp": [
        [
          3,
          3,
          3
        ],
        [
          3,
          3,
          3
        ],
        [
          2,
          3,
          3
        ]
      ]
    }
  },
  "student": {
    "date": "2021.09.13",
    "student_educated": true,
    "student_grade": "고등_1학년",
    "location": "051",
    "student_grade_group": "고등",
    "student_reading": 3
  },
  "rubric": {
    "essay_grade": "고등_1학년",
    "organization_weight": {
      "org_paragraph": 0,
      "org": 3,
      "org_essay": 6,
      "org_coherence": 3,
      "org_quantity": 1
    },
    "essay_type": "찬성반대",
    "content_weight": {
      "con_clearance": 3,
      "con_novelty": 3,
      "con": 4,
      "con_prompt": 1,
      "con_description": 3
    },
    "essay_main_subject": "비혼주의자에 대한 본인의 의견",
    "expression_weight": {
      "exp_style": 4,
      "exp_grammar": 2,
      "exp_vocab": 4,
      "exp": 3
    }
  },
  "correction": [],
  "info": {
    "essay_id": "ESSAY_33786",
    "essay_prompt": " \"\"연애는 필수, 결혼은 선택! 가슴이 뛰는 대로 가면 돼\"\".\n\n 유명한 유행가의 노래 가사처럼, 청년들에게 결혼은 이제 필수가 아닌 하나의 선택 사항입니다. 연애, 결혼, 출산을 포기한다는 의미의 '3포세대'라는 말이 나오기 무섭게 5포 세대, N포세대까지 등장할 정도로 취업난, 치솟는 부동산 가격 등 여러 사회·경제적 요인들로 청년층을 위축시켰습니다.\n\n 모두가 이러한 이유로 '결혼을 포기'하는 것만은 아닙니다. 개인의 행복을 위해 '비혼을 선택'하는 청년들도 늘고 있습니다. 이처럼 최근 전통적인 가치관에서 벗어나 연애와 동거는 하면서 결혼이라는 제도에 묶여 관계에서 파생되는 책임을 벗어나 자유로운 삶을 추구하는 비혼주의자가 늘고 있습니다.\n\n 다만, 개인의 자유로운 선택에 따라 비혼주의를 하지만 주변에서는 아직 고운 시선으로 바라보지 않는 사람도 많습니다. 결혼이라는 제도에 대해서 선택이 아닌 필수라고 생각하는 사람들도 많지요. 개개인이 모여 사회가 형성되기 때문에 사회의 가장 작은 단위인 가족을 이루는 것도 사회 구성원으로서의 큰 역할이라고 생각하는 사람들도 있습니다.\n\n 여러분은 결혼을 꼭 해야 한다고 생각하시나요? 아니면 결혼은 선택의 문제라고 생각하시나요? 비혼주의에 대해 찬성하는 입장 반대를 선택하여 자신의 의견을 작성해주세요. 그리고 그렇게 생각한 이유에 대해서 작성해주세요.",
    "essay_type": "찬성반대",
    "essay_level": "2",
    "essay_len": 723,
    "essay_main_subject": "비혼주의자에 대한 본인의 의견"
  }
}