{
  "paragraph": [
    {
      "paragraph_txt": "나는 비혼을 찬성한다.#@문장구분# 공부를 그렇게 잘하지 못하는 나는 좋은 직장에 취직할 수 있을지 의문이다.#@문장구분# 좋은 직장에 가지 못하면 쥐꼬리만한 월급으로 처자식을 먹여 살려야 한다.#@문장구분# 좋은 집에서도 살수 없고 나의 아이들도 흙수저로 살아야한다.#@문장구분# 가난이 되물림 될것이다.#@문장구분# 그래서 나는 결혼을 하지않을 것이다.#@문장구분# 혼자 그냥 즐기면서 살고 싶다.#@문장구분# 꼭 좋은 직장에 취직이 안되어도 요즘에 아르바이트도 많고 한달에 최저임금이 200만원 가량되니 이것만 받아도 혼자 먹고 하고싶은 일하면서 살것이다.#@문장구분# 200만원으로 나혼자 살기에는 적당하지만 여러명이 살기에는 부족하다.#@문장구분# 또 이런 경제적 부담때문에 이혼하는 가정이 많다고 하니 혼자 살것이다.#@문장구분# 잔소리도 않듣고 많이 안벌어온다고 무시도 당하기는 싫다.#@문장구분# 연애는 자유롭게 하고 결혼만 하지 않겠다는 것이다.#@문장구분# 나도 이성에 호기심이 많다.#@문장구분# 고1이고 남자학교니 여자를 만날 기회가 많지 않지만 여자 친구를 사귀고 싶다.#@문장구분# 만약 대학을 가면 많은 여자친구를 사귀고 싶다.#@문장구분# 하지만 결혼은 하고싶지 않다.#@문장구분# 남자로서의 부담감이 크다.#@문장구분# 결혼할때 남자가 집도 장만해야하고 가장의로서 책임도 져야한다.#@문장구분# 용돈도 와이프한테 타서 써야하고 어떤일이나 의논해야하 좋아하는 게임도 잔소리 때문에 마음껏 못할것같다.#@문장구분# 거기다 우리부모님께 물려받을 유산도 없으니 우리부모님을 무시할 수도 있을 것이다.#@문장구분# 부모님 용돈드릴때도 눈치를 봐야할 수도 있겠다.#@문장구분# 결혼은 무섭다.#@문장구분# 능력이 있어야 큰소리 치면서 살수 있는데 능력이 없으니 혼자 조용히 살아야겠다.#@문장구분# 만약 아르바이트 하다가 힘들면 다그만두고 농촌이나 어촌가서 농사일배우고,물고기 잡는 법배워서 혼자살것이다.#@문장구분#",
      "paragraph_len": 1284,
      "paragraph_id": "001"
    }
  ],
  "score": {
    "paragraph_score": [
      {
        "paragraph_scoreT": [
          2.8,
          2,
          2
        ],
        "paragraph_scoreT_detail": {
          "paragraph_scoreT_exp": [
            [
              2,
              3,
              3
            ],
            [
              2,
              2,
              2
            ],
            [
              2,
              2,
              2
            ]
          ]
        },
        "paragraph_scoreT_avg": 2.2666667,
        "paragraph_id": "001"
      }
    ],
    "essay_scoreT": [
      29.4,
      24,
      25.8
    ],
    "essay_scoreT_avg": 26.4,
    "essay_scoreT_detail": {
      "essay_scoreT_org": [
        [
          3,
          0,
          3,
          3
        ],
        [
          2,
          0,
          3,
          3
        ],
        [
          3,
          0,
          3,
          3
        ]
      ],
      "essay_scoreT_cont": [
        [
          3,
          3,
          3,
          3
        ],
        [
          2,
          3,
          3,
          3
        ],
        [
          2,
          3,
          3,
          3
        ]
      ],
      "essay_scoreT_exp": [
        [
          2,
          3,
          3
        ],
        [
          2,
          2,
          2
        ],
        [
          2,
          2,
          2
        ]
      ]
    }
  },
  "student": {
    "date": "2021.12.14",
    "student_educated": true,
    "student_grade": "고등_1학년",
    "location": "044",
    "student_grade_group": "고등",
    "student_reading": 2
  },
  "rubric": {
    "essay_grade": "고등_1학년",
    "organization_weight": {
      "org_paragraph": 0,
      "org": 3,
      "org_essay": 6,
      "org_coherence": 3,
      "org_quantity": 1
    },
    "essay_type": "찬성반대",
    "content_weight": {
      "con_clearance": 3,
      "con_novelty": 3,
      "con": 4,
      "con_prompt": 1,
      "con_description": 3
    },
    "essay_main_subject": "비혼주의자에 대한 본인의 의견",
    "expression_weight": {
      "exp_style": 4,
      "exp_grammar": 2,
      "exp_vocab": 4,
      "exp": 3
    }
  },
  "correction": [],
  "info": {
    "essay_id": "ESSAY_66206",
    "essay_prompt": " \"\"연애는 필수, 결혼은 선택! 가슴이 뛰는 대로 가면 돼\"\".\n\n 유명한 유행가의 노래 가사처럼, 청년들에게 결혼은 이제 필수가 아닌 하나의 선택 사항입니다. 연애, 결혼, 출산을 포기한다는 의미의 '3포세대'라는 말이 나오기 무섭게 5포 세대, N포세대까지 등장할 정도로 취업난, 치솟는 부동산 가격 등 여러 사회·경제적 요인들로 청년층을 위축시켰습니다.\n\n 모두가 이러한 이유로 '결혼을 포기'하는 것만은 아닙니다. 개인의 행복을 위해 '비혼을 선택'하는 청년들도 늘고 있습니다. 이처럼 최근 전통적인 가치관에서 벗어나 연애와 동거는 하면서 결혼이라는 제도에 묶여 관계에서 파생되는 책임을 벗어나 자유로운 삶을 추구하는 비혼주의자가 늘고 있습니다.\n\n 다만, 개인의 자유로운 선택에 따라 비혼주의를 하지만 주변에서는 아직 고운 시선으로 바라보지 않는 사람도 많습니다. 결혼이라는 제도에 대해서 선택이 아닌 필수라고 생각하는 사람들도 많지요. 개개인이 모여 사회가 형성되기 때문에 사회의 가장 작은 단위인 가족을 이루는 것도 사회 구성원으로서의 큰 역할이라고 생각하는 사람들도 있습니다.\n\n 여러분은 결혼을 꼭 해야 한다고 생각하시나요? 아니면 결혼은 선택의 문제라고 생각하시나요? 비혼주의에 대해 찬성하는 입장 반대를 선택하여 자신의 의견을 작성해주세요. 그리고 그렇게 생각한 이유에 대해서 작성해주세요.",
    "essay_type": "찬성반대",
    "essay_level": "2",
    "essay_len": 805,
    "essay_main_subject": "비혼주의자에 대한 본인의 의견"
  }
}