{
  "paragraph": [
    {
      "paragraph_txt": "인종차별에 관한 사회적 이슈를 바꾸고자 최근 들어 다양한 목소리가 높아지고 있습니다.#@문장구분# 오래전부터 꾸준히 이어져 온 목소리지만 시대가 변하고 사람들의 생활 환경이 더 다양해지면서 과거보단 더 당당하게 목소리를 내는 사람들이 느는 추세란 걸 알 수 있습니다.#@문장구분# 그런데 그런 당당한 목소리에도 여전히 급격하게 변하고 해결되지 않는 이유 중 하나는 오랫동안 사회 속에서 뿌리 내려진 인식 때문이라고 생각합니다.#@문장구분# 의도하지 않아도 특정 인종에 대한 안 좋은 모습이나 그들을 서열화시키는 문화를 미디어나 여러 매체에서 접하면서 자신도 모르게 그들을 존중해야 하는 존재가 아닌 어떠한 행동도 정당하게 이루어지는 거란 생각을 하게 되는 경우가 있습니다.#@문장구분# 이런 잘못된 인식을 바꾸는 데 힘을 쓰는 게 가장 먼저 해야 할 일이라고 생각합니다.#@문장구분# 기장 기초적인 방법은 교육을 통해서 이루지는 게 좋다고 생각합니다.#@문장구분# 하지만 교육의 환경이 모두에게 같은 것도 아니고 교육을 하는 지도자가 가지고 있는 기본적인 인식이 다 같지 않아서 주관적인 의견이 섞일 염려도 있습니다.#@문장구분# 그렇다면 교육을 해서 노력해도 고쳐지지 않는 사각지대에서 일어나는 문제에 대해선 어떻게 인종 차별을 당하는 피해자를 보호할 방법에 대해서 생각을 해야 합니다.#@문장구분# 기본적인 국민을 보호하기에 국가가 담당해야 하는 부분은 법입니다.#@문장구분# 단순히 도덕적 책임을 묻는다는 거에 그치는 게 아니라 인종차별 금지법 같은 인종차별에 관한 여러 상황에 적용할 수 있는 법을 제정해 한 사람도 빠짐없이 국민 모두의 안전과 평안을 보호해주는 역할을 국가는 책임져야 하는 의무가 있다고 봅니다.#@문장구분# 앞으로 인종차별이라는 악습이 사라져 서로 사랑하고 아껴주는 그런 세계가 되었으면 좋겠습니다.#@문장구분# 우선 나부터라도 실천하여 행복하고 밝은 사회를 만들기로 악속합니다.",
      "paragraph_len": 1098,
      "paragraph_id": "001"
    }
  ],
  "score": {
    "paragraph_score": [
      {
        "paragraph_scoreT": [
          3,
          3,
          3
        ],
        "paragraph_scoreT_detail": {
          "paragraph_scoreT_exp": [
            [
              3,
              3,
              3
            ],
            [
              3,
              3,
              3
            ],
            [
              3,
              3,
              3
            ]
          ]
        },
        "paragraph_scoreT_avg": 3,
        "paragraph_id": "001"
      }
    ],
    "essay_scoreT": [
      28.8,
      28.8,
      30
    ],
    "essay_scoreT_avg": 29.199999,
    "essay_scoreT_detail": {
      "essay_scoreT_org": [
        [
          3,
          3,
          3,
          3
        ],
        [
          3,
          3,
          3,
          3
        ],
        [
          3,
          3,
          3,
          3
        ]
      ],
      "essay_scoreT_cont": [
        [
          3,
          2,
          3,
          3
        ],
        [
          3,
          2,
          3,
          3
        ],
        [
          3,
          3,
          3,
          3
        ]
      ],
      "essay_scoreT_exp": [
        [
          3,
          3,
          3
        ],
        [
          3,
          3,
          3
        ],
        [
          3,
          3,
          3
        ]
      ]
    }
  },
  "student": {
    "date": "2021.12.16",
    "student_educated": true,
    "student_grade": "고등_2학년",
    "location": "044",
    "student_grade_group": "고등",
    "student_reading": 1
  },
  "rubric": {
    "essay_grade": "고등_2학년",
    "organization_weight": {
      "org_paragraph": 3,
      "org": 3,
      "org_essay": 3,
      "org_coherence": 3,
      "org_quantity": 1
    },
    "essay_type": "주장",
    "content_weight": {
      "con_clearance": 3,
      "con_novelty": 3,
      "con": 4,
      "con_prompt": 1,
      "con_description": 3
    },
    "essay_main_subject": "인종차별에 대한 본인의 생각",
    "expression_weight": {
      "exp_style": 4,
      "exp_grammar": 2,
      "exp_vocab": 4,
      "exp": 3
    }
  },
  "correction": [],
  "info": {
    "essay_id": "ESSAY_64511",
    "essay_prompt": " 최근 중국발 코로나바이러스로 인해 동양인에 대한 혐오감을 나타내는 서양인들이 늘어나고 있습니다. 그로 인해, 매스컴이나 SNS에서 인종차별을 받아 힘들어하는 동양인들을 자주 목격할 수 있습니다.\n\n 하지만, 최근에만 인종차별이 존재했을까요? 아닙니다. 아주 오래전부터 다른 인종에 대한 차별은 있었습니다.\n\n 우리나라에서는 인종차별을 안 하고 있을까요? 아닙니다. 우리나라에서도 알게 모르게 많은 부분에서 다른 국가의 사람들에 대해 인종차별을 하고 있으며 누군가에게 상처를 주고 있습니다.\n\n 즉, 인종차별은 누군가의 문제가 아니라 우리 모두의 문제입니다.\n\n 여러분들은 인종차별을 당해보신 적 있나요? 인종차별을 하는 사람들에 대해 어떻게 생각하시나요? 왜 생겨났다고 생각하나요? 인종차별을 근절하기 위해서는 어떻게 해야 할까요? 인종차별을 하는 사람들에 대해 전 세계적으로 처벌의 강도를 높여야 할까요?\n\n 인종차별을 하는 사람들에 대한 본인의 생각을 작성하고 인종차별은 해결할 수 있는 문제일지 아니면 해결하지 어려운 문제일지 작성해주세요. 또한, 그렇게 생각한 이유와 본인이 생각한 해결방법 혹은 해결할 수 없다면 왜 해결할 수 없다고 생각하는지 작성해주세요.",
    "essay_type": "주장",
    "essay_level": "1",
    "essay_len": 878,
    "essay_main_subject": "인종차별에 대한 본인의 생각"
  }
}