{
  "paragraph": [
    {
      "paragraph_txt": "우리나라에도 인종차별이 많다#@문장구분# 그건 아마 모두 느끼고 있을 것이다.#@문장구분# 인종차별이 존재하고 있음을 느끼게 되는 현장은 바로 외국인 노동자가 있는 곳이 가장 확실할 것이다. #@문장구분#흑인노예제도때의 차별과는 다르지만 외국인을 노동자로서 받아들이고 대하는 현장에서는 백인보다는 흑인들이나 못사는 동남아인들이 대부분이다. #@문장구분#좀 오래된 통계기는 하지만 2018년 통계에 따르면 국내 체류 외국인은 236만7607명으로 10년사이 약 120만명이 늘었다고 한다.#@문장구분#늘어난 인구만큼 그들에 대한 우리 사회의 역할과 그에 대한 인식도 점차 그 면적을 넓혀가고 있다. #@문장구분#덩달아 인종차별적 요소가 담긴 언어적 표현도 늘어나면서 우리사회의 인권 경시풍조가 부끄럽게 민낯을 드러내게 되었다. #@문장구분#미국 또는 유럽권의 여행을 다녀와서 인종차별을 당했다는 경험담을 이야기 했으면서도 정작 자신이 인종차별적인 언어와 행동을 하고있다는걸 인식하지는 못하는것인지 참으로 안타까운 모습이다. #@문장구분#검은피부의 흑인 남성을 의미하는 흑형,파키스탄 출신 이주노동자를 의미하는 파키벌레, 중국동포를 비하하는 표현인 짱께, 외국인 노동자를 줄여서 지칭하는 외노자등  단어에 따라 나름 친근한 의미로 이해하고 사용하는 사람들도 있지만 어디까지나 인종을 폄하하고 인권을 무시한 혐오차별 발언이다. #@문장구분#외국인들을 대상으로 한 혐오차별이 끊이지 않는다는 이야기는 참으로 부끄러운 일이 아닐수 없다. #@문장구분#한때 난민이기도 했던 우리가 독일과 중동으로 나가 외국인 노동자로 살았던 우리가 지금의 외국인 노동자들인 그들에게 비하와 혐오의 차별대우를 한다는 것은 너무 부끄러운 일이다. #@문장구분#무엇보다도 우리나라에 온 외국인 노동자들에 대한 인종차별을 근절하기 위해서는 사회 곳곳의 인식의 개선도 필요하겠지만 노동자를 보호하고 이해할수 있도록 제도적 보완이 필요하다고 생각한다.",
      "paragraph_len": 1102,
      "paragraph_id": "001"
    }
  ],
  "score": {
    "paragraph_score": [
      {
        "paragraph_scoreT": [
          3,
          3,
          2.8
        ],
        "paragraph_scoreT_detail": {
          "paragraph_scoreT_exp": [
            [
              3,
              3,
              3
            ],
            [
              3,
              3,
              3
            ],
            [
              2,
              3,
              3
            ]
          ]
        },
        "paragraph_scoreT_avg": 2.9333334,
        "paragraph_id": "001"
      }
    ],
    "essay_scoreT": [
      25.400002,
      28.8,
      25.4
    ],
    "essay_scoreT_avg": 26.533333,
    "essay_scoreT_detail": {
      "essay_scoreT_org": [
        [
          2,
          3,
          2,
          3
        ],
        [
          3,
          3,
          3,
          3
        ],
        [
          3,
          3,
          3,
          3
        ]
      ],
      "essay_scoreT_cont": [
        [
          2,
          3,
          2,
          2
        ],
        [
          3,
          2,
          3,
          3
        ],
        [
          2,
          2,
          2,
          2
        ]
      ],
      "essay_scoreT_exp": [
        [
          3,
          3,
          3
        ],
        [
          3,
          3,
          3
        ],
        [
          2,
          3,
          3
        ]
      ]
    }
  },
  "student": {
    "date": "2021.12.17",
    "student_educated": true,
    "student_grade": "고등_2학년",
    "location": "044",
    "student_grade_group": "고등",
    "student_reading": 2
  },
  "rubric": {
    "essay_grade": "고등_2학년",
    "organization_weight": {
      "org_paragraph": 3,
      "org": 3,
      "org_essay": 3,
      "org_coherence": 3,
      "org_quantity": 1
    },
    "essay_type": "주장",
    "content_weight": {
      "con_clearance": 3,
      "con_novelty": 3,
      "con": 4,
      "con_prompt": 1,
      "con_description": 3
    },
    "essay_main_subject": "인종차별에 대한 본인의 생각",
    "expression_weight": {
      "exp_style": 4,
      "exp_grammar": 2,
      "exp_vocab": 4,
      "exp": 3
    }
  },
  "correction": [],
  "info": {
    "essay_id": "ESSAY_66945",
    "essay_prompt": " 최근 중국발 코로나바이러스로 인해 동양인에 대한 혐오감을 나타내는 서양인들이 늘어나고 있습니다. 그로 인해, 매스컴이나 SNS에서 인종차별을 받아 힘들어하는 동양인들을 자주 목격할 수 있습니다.\n\n 하지만, 최근에만 인종차별이 존재했을까요? 아닙니다. 아주 오래전부터 다른 인종에 대한 차별은 있었습니다.\n\n 우리나라에서는 인종차별을 안 하고 있을까요? 아닙니다. 우리나라에서도 알게 모르게 많은 부분에서 다른 국가의 사람들에 대해 인종차별을 하고 있으며 누군가에게 상처를 주고 있습니다.\n\n 즉, 인종차별은 누군가의 문제가 아니라 우리 모두의 문제입니다.\n\n 여러분들은 인종차별을 당해보신 적 있나요? 인종차별을 하는 사람들에 대해 어떻게 생각하시나요? 왜 생겨났다고 생각하나요? 인종차별을 근절하기 위해서는 어떻게 해야 할까요? 인종차별을 하는 사람들에 대해 전 세계적으로 처벌의 강도를 높여야 할까요?\n\n 인종차별을 하는 사람들에 대한 본인의 생각을 작성하고 인종차별은 해결할 수 있는 문제일지 아니면 해결하지 어려운 문제일지 작성해주세요. 또한, 그렇게 생각한 이유와 본인이 생각한 해결방법 혹은 해결할 수 없다면 왜 해결할 수 없다고 생각하는지 작성해주세요.",
    "essay_type": "주장",
    "essay_level": "1",
    "essay_len": 882,
    "essay_main_subject": "인종차별에 대한 본인의 생각"
  }
}