{
  "paragraph": [
    {
      "paragraph_txt": "저는 코로나19 백신에 대한 지적재산권을 임시적으로나마 자유롭게 풀어야한다고 생각합니다. #@문장구분#최근 코로나 알약치료제가 나올 것이라는 뉴스를 보신 적 있으신가요?#@문장구분# 백신의 공포감으로부터 벗어나지 못하는 사람들이나 직업, 환경 등의 다양한 이유로 맞지 못한 사람들을 위해 알약 치료제가 나온다는 이야기를 뉴스에서 본 적이 있습니다. #@문장구분#실제로 등장이 임박했다고 하지만 부자 나라들의 사재기 경쟁에 밀려 저소득 국가의 경우 치료제 확보가 뒤처질 수 있다는 우려가가 벌써부터 잇따르고 있습니다.#@문장구분# 특허권 인정은 제약회사 사이의 비밀주의를 강화하여 부정적인 결과를 초래할 수 있습니다.#@문장구분# 특허권을 획득하기 위해 연구과정과 결과를 비밀로 부치는 비밀주의가 강화되면 미래의 과학연구와 혁신이 저해되는 결과가 발생할수있기 때문입니다.#@문장구분# 우리나라가 의료용 면봉에 대한 특허권을 인정하지 않아 코로나 사태속에서 공익이 증진된 사례가 있기 때문에 특허권을 푸는 것이 맞다고 봅니다. #@문장구분#백신 지적재산권은 세계적으로 무역관련지식재산권협정에 의해 보호되고 있어 무단으로 복제품을 생산 할 수 없습니다. #@문장구분#그러나 세계적인 집단 면역을 달성할 때까지 이를 유예해서 다른 나라들이 복제품을 만 들수 없도록 허용하자는 것입니다. #@문장구분#이런 코로나19 상황에서 백신 보급에 힘써야 한다는 것은 백번 동의하지만 개발 성과에 상응하는 보상이 이뤄지지 않으면 제약사의 의지가 꺾여 더 안 좋은 결과를 초래할 수도 있습니다.#@문장구분# 외신들에 따르면 이미 이 치료제 시장은 부자국가들 위주로 계약이 이뤄지고 있다고 합니다. #@문장구분#백신 접종률도 현저히 낮은 아프리카쪽에는 유일한 대책이 될 수 있는데 그것마저 돈있는 곳이 최우선이 된다는 것은 세계적으로 돈없는 곳은 죽어도 된다는 의미와 같게 보일 수 밖에 없습니다.#@문장구분# 한시라도 빠르게 저소득국가에서도 백신이나 치료제를 받을 수 있는 방법을 고민해야 할 타이밍입니다.#@문장구분# 모두가 돈이 우선이 아닌 생명이 우선이라는 생각을 갖으면 좋겠습니다.",
      "paragraph_len": 1214,
      "paragraph_id": "001"
    }
  ],
  "score": {
    "paragraph_score": [
      {
        "paragraph_scoreT": [
          2.4,
          2.4,
          2
        ],
        "paragraph_scoreT_detail": {
          "paragraph_scoreT_exp": [
            [
              2,
              2,
              3
            ],
            [
              2,
              2,
              3
            ],
            [
              2,
              2,
              2
            ]
          ]
        },
        "paragraph_scoreT_avg": 2.2666667,
        "paragraph_id": "001"
      }
    ],
    "essay_scoreT": [
      28.2,
      28.2,
      27
    ],
    "essay_scoreT_avg": 27.800001,
    "essay_scoreT_detail": {
      "essay_scoreT_org": [
        [
          3,
          3,
          3,
          3
        ],
        [
          3,
          3,
          3,
          3
        ],
        [
          3,
          3,
          3,
          3
        ]
      ],
      "essay_scoreT_cont": [
        [
          3,
          3,
          3,
          3
        ],
        [
          3,
          3,
          3,
          3
        ],
        [
          3,
          3,
          3,
          3
        ]
      ],
      "essay_scoreT_exp": [
        [
          2,
          2,
          3
        ],
        [
          2,
          2,
          3
        ],
        [
          2,
          2,
          2
        ]
      ]
    }
  },
  "student": {
    "date": "2021.12.20",
    "student_educated": true,
    "student_grade": "고등_2학년",
    "location": "063",
    "student_grade_group": "고등",
    "student_reading": 1
  },
  "rubric": {
    "essay_grade": "고등_2학년",
    "organization_weight": {
      "org_paragraph": 3,
      "org": 3,
      "org_essay": 3,
      "org_coherence": 3,
      "org_quantity": 1
    },
    "essay_type": "주장",
    "content_weight": {
      "con_clearance": 3,
      "con_novelty": 3,
      "con": 4,
      "con_prompt": 1,
      "con_description": 3
    },
    "essay_main_subject": "지적 재산권에 대한 본인의 생각 작성",
    "expression_weight": {
      "exp_style": 4,
      "exp_grammar": 2,
      "exp_vocab": 4,
      "exp": 3
    }
  },
  "correction": [],
  "info": {
    "essay_id": "ESSAY_69802",
    "essay_prompt": " 지적재산권이란 특허권, 실용신안권, 상표권, 디자인권을 총칭하는 개념으로 지적재산권법은 정보생산자에게 일정기간 동안 시장에서의 배타적 지위를 부여하고 있습니다.\n\n 즉, 지적 재산권은 특정 사람이 생각/창작해낸 것을 다른사람들의 무분별한 이용으로 부터 지켜주는 것입니다. 이러한 지적재산권은 개인 혹은 회사 더 나아가 나라에 귀속될 수 있습니다.\n\n 다만, 코로나 시대인 요즘 전 세계적인 재앙인 코로나를 물리칠 수 있는 백신에 대한 지적재산권을 자유롭게 풀어야한다는 의견이 계속해서 나오고 있습니다. \n\n 지적 재산권이 있는 제약회사가 있는 나라의 경우 백신이 충분하며 백신을 맞는 것이 선택의 문제인 반면, 그렇지 못한 나라는 백신을 맞고 싶어도 맞지 못하는 사람들이 많고 항체가 없어 사망하는 경우도 비교적 많이 때문입니다.\n\n 전 세계의 문제를 해결하기 위해 수 많은 돈을 들여 개발한 백신의 지적재산권을 공유하는 것이 의무화 되어야 할까요? 아니면 회사의 선택에 맡겨야할까요? 보상은 어떻게 해야할까요? \n\n 전 세계에 무상으로 공개 해야 한다는 의견이 있을 수도 있고 무상으로 공개한 회사의 경우 팬더믹 상황이 종결 된 후 따로 보상을 해주어야 한다는 의견도 있을 겁니다. 지적재산권의 변하지 않는 신뢰를 위해서라도 무상 공개는 절대 있어서는 안된다는 의견도 있을 것입니다.\n\n 지금까지도 펜더믹 상황에서 코로나19 백신에 대한 특허권을 보장해야 하느냐 풀어야 하느냐 의견이 분분합니다. 이에 대한 자신의 주장을 작성해주세요. 또한, 그렇게 생각한 이유도 설명해주세요.",
    "essay_type": "주장",
    "essay_level": "1",
    "essay_len": 955,
    "essay_main_subject": "지적 재산권에 대한 본인의 생각 작성"
  }
}