{
  "paragraph": [
    {
      "paragraph_txt": "전 세계가 팬데믹인 상황에서 주요 국가들은 자국 이기주의 논리에서 빠져나오지 못하고 있다 코로나19 위기 초반 K방역으로 세계에 주목을 받은 한국이 코로나상황이 점점 심각해지면서 감염병 대응의 새로운 모델을 제시하기위하여 치료제 개발에 힘을 쏟았다.#@문장구분# 정부는 공공연구개발을 전폭적으로 지원하였으며 결과를 모두에게 투명하게 공개하고 개발한 지적재산은 공유함으로써 연구개발 성과의 공공성이 무엇인지 보여줄 기회라고 강조했다.#@문장구분# 이 이야기는 코로나시국에 접어들면서 셀트리온이 코로나 치료제 개발을 하여렉키로나주를 개발하게 되어 국가와 사회의목소리를 옮긴 것이다.#@문장구분# 셀트리온이 개발사로 되어있지만 이 치료제가 개발되기까지 정부와 여러곳의 협력으로 이뤄낸 성과라고 한다.#@문장구분# 과학기술정보통신부는 영장류기반 연구에 35억원을 지원했고 임상시험 단계에 접어들면서 보건복지부는 1상과 2상의 연구에 필요한 개발비용 중 절반이 넘는 220억원을 지원했으며 앞으로 3상에 대한 개발비용도 지원할 예정이라고 했다. #@문장구분#식약처는 한달이상 걸리는 임상시험계획 승인을 일주일로 단축하기도 했고 기존에 임상시험을 실시할 수 없느 생활치료센터에서 임상시험이 가능하게 하는 등 제도를 최대한 유연하게 적용했고 180이 이상 허가심사단계가 걸리는데 38일만에 신속히 허가가 가능하도록 제도적 지원을 아끼지 않았다.#@문장구분# 이렇게 공공과 민간이 힘을 합쳐서 통상3~10년이 걸린다는 신약개발의 임상시험과 허가단계를 단 6개월 내외로 줄일수 있었다.#@문장구분#그리고 렉키로나주 개발과정에서 조건부허가는 한국 환자들보다 더 많은 외국 환자들의 참여로 일궈낸 성과라고 한다. #@문장구분#그러니 그 혜택을 전세계가 공유하는 것이 정의이며 윤리라는 주장이다.#@문장구분# 이렇게 개발된 치료제는 기업의 이윤을 남길 생각을 하면 안되고 결국 국가자금이 국민세금이기에 공공의 이익을 위해 특허와 기술을 공유해야 한다고 생각한다. #@문장구분#이것은 대한민국이 함께 개발한것이지 셀트리온만의 개발품이 아니라는 뜻이다.",
      "paragraph_len": 1153,
      "paragraph_id": "001"
    }
  ],
  "score": {
    "paragraph_score": [
      {
        "paragraph_scoreT": [
          2,
          2.4,
          2.4
        ],
        "paragraph_scoreT_detail": {
          "paragraph_scoreT_exp": [
            [
              2,
              2,
              2
            ],
            [
              2,
              3,
              2
            ],
            [
              2,
              2,
              3
            ]
          ]
        },
        "paragraph_scoreT_avg": 2.2666667,
        "paragraph_id": "001"
      }
    ],
    "essay_scoreT": [
      26.1,
      26.900002,
      26.100002
    ],
    "essay_scoreT_avg": 26.366669,
    "essay_scoreT_detail": {
      "essay_scoreT_org": [
        [
          2,
          3,
          3,
          3
        ],
        [
          2,
          3,
          3,
          3
        ],
        [
          3,
          3,
          2,
          3
        ]
      ],
      "essay_scoreT_cont": [
        [
          3,
          3,
          3,
          3
        ],
        [
          3,
          3,
          2,
          3
        ],
        [
          3,
          2,
          3,
          3
        ]
      ],
      "essay_scoreT_exp": [
        [
          2,
          2,
          2
        ],
        [
          2,
          3,
          2
        ],
        [
          2,
          2,
          3
        ]
      ]
    }
  },
  "student": {
    "date": "2021.12.13",
    "student_educated": true,
    "student_grade": "고등_2학년",
    "location": "063",
    "student_grade_group": "고등",
    "student_reading": 2
  },
  "rubric": {
    "essay_grade": "고등_2학년",
    "organization_weight": {
      "org_paragraph": 3,
      "org": 3,
      "org_essay": 3,
      "org_coherence": 3,
      "org_quantity": 1
    },
    "essay_type": "주장",
    "content_weight": {
      "con_clearance": 3,
      "con_novelty": 3,
      "con": 4,
      "con_prompt": 1,
      "con_description": 3
    },
    "essay_main_subject": "지적 재산권에 대한 본인의 생각 작성",
    "expression_weight": {
      "exp_style": 4,
      "exp_grammar": 2,
      "exp_vocab": 4,
      "exp": 3
    }
  },
  "correction": [],
  "info": {
    "essay_id": "ESSAY_69795",
    "essay_prompt": " 지적재산권이란 특허권, 실용신안권, 상표권, 디자인권을 총칭하는 개념으로 지적재산권법은 정보생산자에게 일정기간 동안 시장에서의 배타적 지위를 부여하고 있습니다.\n\n 즉, 지적 재산권은 특정 사람이 생각/창작해낸 것을 다른사람들의 무분별한 이용으로 부터 지켜주는 것입니다. 이러한 지적재산권은 개인 혹은 회사 더 나아가 나라에 귀속될 수 있습니다.\n\n 다만, 코로나 시대인 요즘 전 세계적인 재앙인 코로나를 물리칠 수 있는 백신에 대한 지적재산권을 자유롭게 풀어야한다는 의견이 계속해서 나오고 있습니다. \n\n 지적 재산권이 있는 제약회사가 있는 나라의 경우 백신이 충분하며 백신을 맞는 것이 선택의 문제인 반면, 그렇지 못한 나라는 백신을 맞고 싶어도 맞지 못하는 사람들이 많고 항체가 없어 사망하는 경우도 비교적 많이 때문입니다.\n\n 전 세계의 문제를 해결하기 위해 수 많은 돈을 들여 개발한 백신의 지적재산권을 공유하는 것이 의무화 되어야 할까요? 아니면 회사의 선택에 맡겨야할까요? 보상은 어떻게 해야할까요? \n\n 전 세계에 무상으로 공개 해야 한다는 의견이 있을 수도 있고 무상으로 공개한 회사의 경우 팬더믹 상황이 종결 된 후 따로 보상을 해주어야 한다는 의견도 있을 겁니다. 지적재산권의 변하지 않는 신뢰를 위해서라도 무상 공개는 절대 있어서는 안된다는 의견도 있을 것입니다.\n\n 지금까지도 펜더믹 상황에서 코로나19 백신에 대한 특허권을 보장해야 하느냐 풀어야 하느냐 의견이 분분합니다. 이에 대한 자신의 주장을 작성해주세요. 또한, 그렇게 생각한 이유도 설명해주세요.",
    "essay_type": "주장",
    "essay_level": "1",
    "essay_len": 953,
    "essay_main_subject": "지적 재산권에 대한 본인의 생각 작성"
  }
}