{
  "paragraph": [
    {
      "paragraph_txt": "지적재산권이라는 단어 자체가 재산이라는 의미를 담고 있다고 생각합니다. #@문장구분#물질적 재산만 재산이 아니라 무형의 재산도 존중받아야 하고 함부로 할 수 없어야 합니다.#@문장구분# 음악, 영화, 소설 등등 창작물들은 창작한 사람에게는 소중한 재산입니다. #@문장구분#그러나 앞서 말한 문화 지적재산권과는 다른 어쩌면 물질적 재산과 더 가깝게 느껴지는 백신의 지적재산권은 현재 전 인류가 마주친 지구적 위기 앞에서 백신의 특허를 다른 재산권과는 다르게 적용해야하지 않느냐는 주장 앞에서 여러 고민을 해봤습니다. #@문장구분#일단 코로나 백신이 개발되기 까지는 다른 의약품이 개발되는 과정과 다르게 여러 가지 특혜와 지원을 받은 것은 사실입니다. #@문장구분#이는 상황이 너무 시급하고 여느 의약품이 개발되는 과정을 거치게 했을 경우 그 피해가 막심했기 때문에 임상실험도 단기간에 끝내 통상 10년 이상이 걸려야 나오는 신약과 다르게 1년이 채 되지 않은 기간에 나올 수 있었던 점이 가장 큰 특혜입니다. #@문장구분#이런 특혜를 받은 의약품의 특허권을 공유해야한다는 주장에 어느 정도 동의는 하나 좀 더 깊이 생각해보면 특허권을 제공한다고 했을 때 백신을 제조 할 수 있는 저개발 국각가 얼마나 있을지 또 백신의 재료를 그 만큼 확보를 할 수 있을지 현실적인 문제를 인식 해야합니다.#@문장구분#\n백신 제조법을 안다고 해도 제조를 할 수 없으면 그저 안 좋은 선례만 남기기 때문입니다. #@문장구분#또한 이런식으로 특허권을 보장하지 않으면 다음 팬더믹 상황에서 어느 제약회사가 나서서 신약을 개발할지도 의문입니다.#@문장구분# 저는 백신 특허권을 풀기보다는 제약회사들이 나서서 저개발 국가에 무료로 백신을 공급하는 쪽이 더 이롭다고 생각합니다.#@문장구분# 하지만 그들이 현재 어떻게 그 문제를 풀어 나갈지 개개인의 이익을 따를 것인지 세계인류의 도움을 줄거신지 강제성은 없다고 생각 한다",
      "paragraph_len": 1077,
      "paragraph_id": "001"
    }
  ],
  "score": {
    "paragraph_score": [
      {
        "paragraph_scoreT": [
          2.8,
          3,
          2.8
        ],
        "paragraph_scoreT_detail": {
          "paragraph_scoreT_exp": [
            [
              2,
              3,
              3
            ],
            [
              3,
              3,
              3
            ],
            [
              2,
              3,
              3
            ]
          ]
        },
        "paragraph_scoreT_avg": 2.8666668,
        "paragraph_id": "001"
      }
    ],
    "essay_scoreT": [
      27.900002,
      26.6,
      25.4
    ],
    "essay_scoreT_avg": 26.633333,
    "essay_scoreT_detail": {
      "essay_scoreT_org": [
        [
          3,
          3,
          3,
          2
        ],
        [
          2,
          3,
          2,
          3
        ],
        [
          3,
          3,
          3,
          3
        ]
      ],
      "essay_scoreT_cont": [
        [
          3,
          2,
          3,
          3
        ],
        [
          3,
          2,
          2,
          3
        ],
        [
          2,
          2,
          2,
          2
        ]
      ],
      "essay_scoreT_exp": [
        [
          2,
          3,
          3
        ],
        [
          3,
          3,
          3
        ],
        [
          2,
          3,
          3
        ]
      ]
    }
  },
  "student": {
    "date": "2021.11.26",
    "student_educated": true,
    "student_grade": "고등_2학년",
    "location": "044",
    "student_grade_group": "고등",
    "student_reading": 2
  },
  "rubric": {
    "essay_grade": "고등_2학년",
    "organization_weight": {
      "org_paragraph": 3,
      "org": 3,
      "org_essay": 3,
      "org_coherence": 3,
      "org_quantity": 1
    },
    "essay_type": "주장",
    "content_weight": {
      "con_clearance": 3,
      "con_novelty": 3,
      "con": 4,
      "con_prompt": 1,
      "con_description": 3
    },
    "essay_main_subject": "지적 재산권에 대한 본인의 생각 작성",
    "expression_weight": {
      "exp_style": 4,
      "exp_grammar": 2,
      "exp_vocab": 4,
      "exp": 3
    }
  },
  "correction": [],
  "info": {
    "essay_id": "ESSAY_66907",
    "essay_prompt": " 지적재산권이란 특허권, 실용신안권, 상표권, 디자인권을 총칭하는 개념으로 지적재산권법은 정보생산자에게 일정기간 동안 시장에서의 배타적 지위를 부여하고 있습니다.\n\n 즉, 지적 재산권은 특정 사람이 생각/창작해낸 것을 다른사람들의 무분별한 이용으로 부터 지켜주는 것입니다. 이러한 지적재산권은 개인 혹은 회사 더 나아가 나라에 귀속될 수 있습니다.\n\n 다만, 코로나 시대인 요즘 전 세계적인 재앙인 코로나를 물리칠 수 있는 백신에 대한 지적재산권을 자유롭게 풀어야한다는 의견이 계속해서 나오고 있습니다. \n\n 지적 재산권이 있는 제약회사가 있는 나라의 경우 백신이 충분하며 백신을 맞는 것이 선택의 문제인 반면, 그렇지 못한 나라는 백신을 맞고 싶어도 맞지 못하는 사람들이 많고 항체가 없어 사망하는 경우도 비교적 많이 때문입니다.\n\n 전 세계의 문제를 해결하기 위해 수 많은 돈을 들여 개발한 백신의 지적재산권을 공유하는 것이 의무화 되어야 할까요? 아니면 회사의 선택에 맡겨야할까요? 보상은 어떻게 해야할까요? \n\n 전 세계에 무상으로 공개 해야 한다는 의견이 있을 수도 있고 무상으로 공개한 회사의 경우 팬더믹 상황이 종결 된 후 따로 보상을 해주어야 한다는 의견도 있을 겁니다. 지적재산권의 변하지 않는 신뢰를 위해서라도 무상 공개는 절대 있어서는 안된다는 의견도 있을 것입니다.\n\n 지금까지도 펜더믹 상황에서 코로나19 백신에 대한 특허권을 보장해야 하느냐 풀어야 하느냐 의견이 분분합니다. 이에 대한 자신의 주장을 작성해주세요. 또한, 그렇게 생각한 이유도 설명해주세요.",
    "essay_type": "주장",
    "essay_level": "1",
    "essay_len": 881,
    "essay_main_subject": "지적 재산권에 대한 본인의 생각 작성"
  }
}