{
  "paragraph": [
    {
      "paragraph_txt": "2020년 2월부터 유행했던 코로나19가 아직까지도 유행중이다.#@문장구분# 펜더믹 상황에서 코로나19 백신에 대한 특허권을 보장해야 하느냐 풀어야 하느냐에 대한 의견 차이는 자유를 중요시 하느냐 공공의 이득을 중요시 하느냐에 따라 달라진다.#@문장구분# 이러한 상황속 에서 저의 주장은 코로나 백신에 대한 특허권을 보장해야 한다고 생각합니다.#@문장구분# 우리나라 국민들을 비롯하여 많은 사람들이 코로나 이전의 생활로 되올아 가고 싶어 하지만 마땅한 해결책이 없었기에 상황이 지속되고 있는 상황 속에서 이익만을 추구한다는 이유로 특허권을 풀어야 한다는 입장을 가진 사람들은 혹은 반대의 생각을 가진 사람도 이를 비판할 수 있을 것입니다.#@문장구분#\n하지만 비판을 한다고 해서 그들의 자유를 직접적으로 침해 할수는 없다고 어떤 누구에게도 없습니다.#@문장구분# 백신 하나를 개발하는데는 엄청나게 많은 시간과 노력이 있었을 것입니다. #@문장구분#아무리 특수한 상황이지만 코로나 19 가 유행한다고 하든 본인이 시간과 노력을 투자해서 개발한 백신인데 그곳에 특허권을 배정해주지 않는다면 그 사람들의 본인 시간과 노력을 배신당하는 느낌은 생각지도 못할 것입니다. #@문장구분#이에 따른 보상은 이루어 져야 하며 코로나 19 백신의 특허권도 보장해 주어야 한다고 생각 합니다. #@문장구분#혹여나 특허권을 풀어주게 된다면 세계 지식 재산권기구에서 정당한 지불울 해주거나 또는 국제적 단체에서 개발자에게 충분한 보상을 해야합니다. #@문장구분#그에 합당한 대우를 해주기 위해 개발자에게 공동으로 노벨 의학상이나 아니면 시간과 노력을 인정받을수 있는 그런 상이나 명예를 주는 방법도 있을 것입니다.#@문장구분# 현재 우리는 백신이 계속 개발 되고 있으며 많은 사람들이 백신접종을 하고있는 상황이다. #@문장구분#특허권 보장을 해주던 아니면 풀어주던 하루라도 빨리 코로나 19가 끝나기를 바랍니다.",
      "paragraph_len": 1088,
      "paragraph_id": "001"
    }
  ],
  "score": {
    "paragraph_score": [
      {
        "paragraph_scoreT": [
          2.4,
          2.4,
          2.4
        ],
        "paragraph_scoreT_detail": {
          "paragraph_scoreT_exp": [
            [
              2,
              2,
              3
            ],
            [
              2,
              2,
              3
            ],
            [
              2,
              2,
              3
            ]
          ]
        },
        "paragraph_scoreT_avg": 2.4,
        "paragraph_id": "001"
      }
    ],
    "essay_scoreT": [
      28.2,
      27.900002,
      27
    ],
    "essay_scoreT_avg": 27.700003,
    "essay_scoreT_detail": {
      "essay_scoreT_org": [
        [
          3,
          3,
          3,
          3
        ],
        [
          3,
          3,
          3,
          2
        ],
        [
          3,
          3,
          3,
          3
        ]
      ],
      "essay_scoreT_cont": [
        [
          3,
          3,
          3,
          3
        ],
        [
          3,
          3,
          3,
          3
        ],
        [
          3,
          2,
          3,
          3
        ]
      ],
      "essay_scoreT_exp": [
        [
          2,
          2,
          3
        ],
        [
          2,
          2,
          3
        ],
        [
          2,
          2,
          3
        ]
      ]
    }
  },
  "student": {
    "date": "2021.12.15",
    "student_educated": true,
    "student_grade": "고등_2학년",
    "location": "063",
    "student_grade_group": "고등",
    "student_reading": 2
  },
  "rubric": {
    "essay_grade": "고등_2학년",
    "organization_weight": {
      "org_paragraph": 3,
      "org": 3,
      "org_essay": 3,
      "org_coherence": 3,
      "org_quantity": 1
    },
    "essay_type": "주장",
    "content_weight": {
      "con_clearance": 3,
      "con_novelty": 3,
      "con": 4,
      "con_prompt": 1,
      "con_description": 3
    },
    "essay_main_subject": "지적 재산권에 대한 본인의 생각 작성",
    "expression_weight": {
      "exp_style": 4,
      "exp_grammar": 2,
      "exp_vocab": 4,
      "exp": 3
    }
  },
  "correction": [],
  "info": {
    "essay_id": "ESSAY_69807",
    "essay_prompt": " 지적재산권이란 특허권, 실용신안권, 상표권, 디자인권을 총칭하는 개념으로 지적재산권법은 정보생산자에게 일정기간 동안 시장에서의 배타적 지위를 부여하고 있습니다.\n\n 즉, 지적 재산권은 특정 사람이 생각/창작해낸 것을 다른사람들의 무분별한 이용으로 부터 지켜주는 것입니다. 이러한 지적재산권은 개인 혹은 회사 더 나아가 나라에 귀속될 수 있습니다.\n\n 다만, 코로나 시대인 요즘 전 세계적인 재앙인 코로나를 물리칠 수 있는 백신에 대한 지적재산권을 자유롭게 풀어야한다는 의견이 계속해서 나오고 있습니다. \n\n 지적 재산권이 있는 제약회사가 있는 나라의 경우 백신이 충분하며 백신을 맞는 것이 선택의 문제인 반면, 그렇지 못한 나라는 백신을 맞고 싶어도 맞지 못하는 사람들이 많고 항체가 없어 사망하는 경우도 비교적 많이 때문입니다.\n\n 전 세계의 문제를 해결하기 위해 수 많은 돈을 들여 개발한 백신의 지적재산권을 공유하는 것이 의무화 되어야 할까요? 아니면 회사의 선택에 맡겨야할까요? 보상은 어떻게 해야할까요? \n\n 전 세계에 무상으로 공개 해야 한다는 의견이 있을 수도 있고 무상으로 공개한 회사의 경우 팬더믹 상황이 종결 된 후 따로 보상을 해주어야 한다는 의견도 있을 겁니다. 지적재산권의 변하지 않는 신뢰를 위해서라도 무상 공개는 절대 있어서는 안된다는 의견도 있을 것입니다.\n\n 지금까지도 펜더믹 상황에서 코로나19 백신에 대한 특허권을 보장해야 하느냐 풀어야 하느냐 의견이 분분합니다. 이에 대한 자신의 주장을 작성해주세요. 또한, 그렇게 생각한 이유도 설명해주세요.",
    "essay_type": "주장",
    "essay_level": "1",
    "essay_len": 868,
    "essay_main_subject": "지적 재산권에 대한 본인의 생각 작성"
  }
}