{
  "paragraph": [
    {
      "paragraph_txt": "저는 백신에 대한 지적재산권이 보호되어야 한다고 생각합니다.#@문장구분# 비록 전세계가 코로나19 팬데믹 상황이긴 하지만 기존에 지켜져오던 지적 재산권의 권리는 보호되는 것이 맞다고 생각합니다.#@문장구분# 그리고 백신을 모두 공유하기위한 방법은 국가간의 교섭입니다.#@문장구분# 결국 이 제약회사의 개발이 국가 경쟁력이 되는것이고 이것으로 이익을 보는 것은 기업의 당연한 이치입니다.#@문장구분# 이것이 특수한 경우라고 해서 그 개발에대한 특허권을 무효화할 근거는 아무것도 없습니다.#@문장구분# 지금처럼 백신을 약국에서 맞고 쉽게 접종을 받을 수 있는 국가는 코로나 백신을 개발한 회사가 있는 국가입니다.#@문장구분# 우리는 이런 국가들과 긴밀히 회의하고 조율하여 백신을 이용할 수 있습니다.#@문장구분# 코로나가 전세계적인 문제이기에 빨리 종식시키기 위한 노력들은 계속 이어질 것입니다.#@문장구분# 단 세계보건기구와 각국의 정상들이 이에 대한 협의를 하고 특허권을 푸는것에 포커스를 맞추는 것이 아니라 특허권을 인정하면서 모든 국가가 빠르게 백신을 공급받을수 있도록하는 방향을 모색함으로 그에 상응하는 댓가를 지불하고 또한 백신 개발국가의 경우 이 세계적인 팬데믹 상황이 사업의 기회로 삼는것이 아니라 전세계적인 재앙을 빠르게 종식시키는 것이 자국의 이익임을 인식하고 기업의 이윤보다도 세계적 평화와 안정을 우선시 해주기를 기대하고 바라는 것이 맞다고 생각합니다. #@문장구분#그리고 백신 개발국의 경우 막대한 이윤을 취하게 되므로 후진국이나 백신공급이 원활하지 않은 국가나 지역에 무상으로 제공하는 등의 사회공헌을 함으로써 이것이 실제는 이윤을 추구하게 되는 일이고 선진국과 후진국의 격차를 만들어 내는 일이 되는것이지만 그것이 사회적인 표면상으로 드러나지 않도록 전세계적 분위기로 번져가지 않도록 기업의 양보와 배려가 필요한 상황이라고 본다.",
      "paragraph_len": 1042,
      "paragraph_id": "001"
    }
  ],
  "score": {
    "paragraph_score": [
      {
        "paragraph_scoreT": [
          2.4,
          2.4,
          2.4
        ],
        "paragraph_scoreT_detail": {
          "paragraph_scoreT_exp": [
            [
              2,
              2,
              3
            ],
            [
              2,
              3,
              2
            ],
            [
              2,
              2,
              3
            ]
          ]
        },
        "paragraph_scoreT_avg": 2.4,
        "paragraph_id": "001"
      }
    ],
    "essay_scoreT": [
      28.2,
      28.2,
      27.300001
    ],
    "essay_scoreT_avg": 27.900002,
    "essay_scoreT_detail": {
      "essay_scoreT_org": [
        [
          3,
          3,
          3,
          3
        ],
        [
          3,
          3,
          3,
          3
        ],
        [
          3,
          3,
          2,
          3
        ]
      ],
      "essay_scoreT_cont": [
        [
          3,
          3,
          3,
          3
        ],
        [
          3,
          3,
          3,
          3
        ],
        [
          3,
          3,
          3,
          3
        ]
      ],
      "essay_scoreT_exp": [
        [
          2,
          2,
          3
        ],
        [
          2,
          3,
          2
        ],
        [
          2,
          2,
          3
        ]
      ]
    }
  },
  "student": {
    "date": "2021.12.13",
    "student_educated": true,
    "student_grade": "고등_2학년",
    "location": "031",
    "student_grade_group": "고등",
    "student_reading": 2
  },
  "rubric": {
    "essay_grade": "고등_2학년",
    "organization_weight": {
      "org_paragraph": 3,
      "org": 3,
      "org_essay": 3,
      "org_coherence": 3,
      "org_quantity": 1
    },
    "essay_type": "주장",
    "content_weight": {
      "con_clearance": 3,
      "con_novelty": 3,
      "con": 4,
      "con_prompt": 1,
      "con_description": 3
    },
    "essay_main_subject": "지적 재산권에 대한 본인의 생각 작성",
    "expression_weight": {
      "exp_style": 4,
      "exp_grammar": 2,
      "exp_vocab": 4,
      "exp": 3
    }
  },
  "correction": [],
  "info": {
    "essay_id": "ESSAY_69794",
    "essay_prompt": " 지적재산권이란 특허권, 실용신안권, 상표권, 디자인권을 총칭하는 개념으로 지적재산권법은 정보생산자에게 일정기간 동안 시장에서의 배타적 지위를 부여하고 있습니다.\n\n 즉, 지적 재산권은 특정 사람이 생각/창작해낸 것을 다른사람들의 무분별한 이용으로 부터 지켜주는 것입니다. 이러한 지적재산권은 개인 혹은 회사 더 나아가 나라에 귀속될 수 있습니다.\n\n 다만, 코로나 시대인 요즘 전 세계적인 재앙인 코로나를 물리칠 수 있는 백신에 대한 지적재산권을 자유롭게 풀어야한다는 의견이 계속해서 나오고 있습니다. \n\n 지적 재산권이 있는 제약회사가 있는 나라의 경우 백신이 충분하며 백신을 맞는 것이 선택의 문제인 반면, 그렇지 못한 나라는 백신을 맞고 싶어도 맞지 못하는 사람들이 많고 항체가 없어 사망하는 경우도 비교적 많이 때문입니다.\n\n 전 세계의 문제를 해결하기 위해 수 많은 돈을 들여 개발한 백신의 지적재산권을 공유하는 것이 의무화 되어야 할까요? 아니면 회사의 선택에 맡겨야할까요? 보상은 어떻게 해야할까요? \n\n 전 세계에 무상으로 공개 해야 한다는 의견이 있을 수도 있고 무상으로 공개한 회사의 경우 팬더믹 상황이 종결 된 후 따로 보상을 해주어야 한다는 의견도 있을 겁니다. 지적재산권의 변하지 않는 신뢰를 위해서라도 무상 공개는 절대 있어서는 안된다는 의견도 있을 것입니다.\n\n 지금까지도 펜더믹 상황에서 코로나19 백신에 대한 특허권을 보장해야 하느냐 풀어야 하느냐 의견이 분분합니다. 이에 대한 자신의 주장을 작성해주세요. 또한, 그렇게 생각한 이유도 설명해주세요.",
    "essay_type": "주장",
    "essay_level": "1",
    "essay_len": 862,
    "essay_main_subject": "지적 재산권에 대한 본인의 생각 작성"
  }
}