{
  "paragraph": [
    {
      "paragraph_txt": "아브라함 링컨부터 시작해 마틴루터킹까지 다양한 사람들의 흑인 해방 운동으로 현재는 흑인에 대한 인종차별이 많이 사라진 상태이다.#@문장구분#  과거에 프레임으로인한 차별이 있었다면 현재는 프레임으로 희생당한 흑인이라는 집단 사이에서 역차별로 노란피부를 가진 동양인이 차별을 당하는 모습을 볼 수 있다.#@문장구분#  동양인 뿐만 아니라 백인들도 역차별을 당하는 모습을 흔하게 볼 수 있다.#@문장구분#  현대로 와서는 인종차별을 당하면서 자랐던 흑인들이 오히려 다른 인종에게 차별을 하는 것을 볼 수 있다.#@문장구분#  개인적인 주관으로는 그동안 인종차별을 당한것에 대한 보상심리가 발동한 것 일수도 있다.#@문장구분#  '난 그동안 차별 받았으니까 이 정도는 괜찮아' 라며 차별은 가한 백인이나 최근 인식이 안좋아진 동양인에게 차별을 가하는 것이다.#@문장구분#  난 아직까지 외국인과의 교류가 많지않아 인종차별을 받아본적은 없다.#@문장구분#  하지만 미디어에서 인종차별에관한 이야기를 들어봤을 때 과거에는 인종차별을 하는 주된 이유가 사회적 풍조에 의한 인식의 저하로 인종차별이 발생했다면 현재는 보상심리에 의한 되물림 현상으로 인종차별이 발생한다고 생각한다.#@문장구분# 한국계 혼혈인 하인즈 워드의 방한으로 우리는 그 동안 피부색이 다르다는 이유로 해왔던 차별에 대한 반성을 하게 되었다.#@문장구분#  그는 혼혈인에 대한 차별을 하지말기를 바란다며 복지재단 설립에 힘쓰고 있다.#@문장구분#  그의 등장이 우리에게 주는 메시지는 반성 뿐만 아니라 앞으로의 대책까지 생각하게끔 하였다.#@문장구분#  외국인 노동자들의 수가 증가하고 있고 국제 결혼도 늘어나고 있다.#@문장구분#  또 출산율이 낮아 노동력이 부족해져가는 시점에 출산장려도 대책이겠지만, 이민 장려도 대책이 될 것이다.#@문장구분#  이러한 추세가 계속 된다면 우리가 주장하고 있는 단일민족은 더 이상 우리나라를 표현하기에 사용되지 않는 구시대적 개념이 될 것이다.#@문장구분#",
      "paragraph_len": 1163,
      "paragraph_id": "001"
    }
  ],
  "score": {
    "paragraph_score": [
      {
        "paragraph_scoreT": [
          2.6,
          2.6,
          2.8
        ],
        "paragraph_scoreT_detail": {
          "paragraph_scoreT_exp": [
            [
              3,
              3,
              2
            ],
            [
              3,
              3,
              2
            ],
            [
              2,
              3,
              3
            ]
          ]
        },
        "paragraph_scoreT_avg": 2.6666667,
        "paragraph_id": "001"
      }
    ],
    "essay_scoreT": [
      27.3,
      27.599998,
      26.400002
    ],
    "essay_scoreT_avg": 27.1,
    "essay_scoreT_detail": {
      "essay_scoreT_org": [
        [
          3,
          3,
          3,
          2
        ],
        [
          3,
          3,
          3,
          3
        ],
        [
          2,
          3,
          2,
          3
        ]
      ],
      "essay_scoreT_cont": [
        [
          3,
          2,
          3,
          3
        ],
        [
          3,
          2,
          3,
          3
        ],
        [
          3,
          2,
          3,
          3
        ]
      ],
      "essay_scoreT_exp": [
        [
          3,
          3,
          2
        ],
        [
          3,
          3,
          2
        ],
        [
          2,
          3,
          3
        ]
      ]
    }
  },
  "student": {
    "date": "2021.12.18",
    "student_educated": true,
    "student_grade": "고등_2학년",
    "location": "063",
    "student_grade_group": "고등",
    "student_reading": 2
  },
  "rubric": {
    "essay_grade": "고등_2학년",
    "organization_weight": {
      "org_paragraph": 3,
      "org": 3,
      "org_essay": 3,
      "org_coherence": 3,
      "org_quantity": 1
    },
    "essay_type": "주장",
    "content_weight": {
      "con_clearance": 3,
      "con_novelty": 3,
      "con": 4,
      "con_prompt": 1,
      "con_description": 3
    },
    "essay_main_subject": "인종차별에 대한 본인의 생각",
    "expression_weight": {
      "exp_style": 4,
      "exp_grammar": 2,
      "exp_vocab": 4,
      "exp": 3
    }
  },
  "correction": [],
  "info": {
    "essay_id": "ESSAY_70000",
    "essay_prompt": " 최근 중국발 코로나바이러스로 인해 동양인에 대한 혐오감을 나타내는 서양인들이 늘어나고 있습니다. 그로 인해, 매스컴이나 SNS에서 인종차별을 받아 힘들어하는 동양인들을 자주 목격할 수 있습니다.\n\n 하지만, 최근에만 인종차별이 존재했을까요? 아닙니다. 아주 오래전부터 다른 인종에 대한 차별은 있었습니다.\n\n 우리나라에서는 인종차별을 안 하고 있을까요? 아닙니다. 우리나라에서도 알게 모르게 많은 부분에서 다른 국가의 사람들에 대해 인종차별을 하고 있으며 누군가에게 상처를 주고 있습니다.\n\n 즉, 인종차별은 누군가의 문제가 아니라 우리 모두의 문제입니다.\n\n 여러분들은 인종차별을 당해보신 적 있나요? 인종차별을 하는 사람들에 대해 어떻게 생각하시나요? 왜 생겨났다고 생각하나요? 인종차별을 근절하기 위해서는 어떻게 해야 할까요? 인종차별을 하는 사람들에 대해 전 세계적으로 처벌의 강도를 높여야 할까요?\n\n 인종차별을 하는 사람들에 대한 본인의 생각을 작성하고 인종차별은 해결할 수 있는 문제일지 아니면 해결하지 어려운 문제일지 작성해주세요. 또한, 그렇게 생각한 이유와 본인이 생각한 해결방법 혹은 해결할 수 없다면 왜 해결할 수 없다고 생각하는지 작성해주세요.",
    "essay_type": "주장",
    "essay_level": "1",
    "essay_len": 883,
    "essay_main_subject": "인종차별에 대한 본인의 생각"
  }
}