{
  "paragraph": [
    {
      "paragraph_txt": "전세계의 백신 접종 인구 비율은 38.1% 우리나라 접종 인구 비율은 70.9%로 현재 상위권이며 백신은 코로나 팬데믹에 큰 영향을 주고 있다.#@문장구분# 만약 특허권이 유예된다면 백신부족에 대한 문제는 해결될수 있겠지만 모방으로 인한 안정성은 책임지지 않는다는 점을 본다면 특허권을 인정해야 되는 것이 옳다고 생깍한다.#@문장구분# 하지만 현재 상황에서 특허권을 보장하게 된다면 한가지 종류의 백신만 배타적 지위를 보유하게 될 것이고, 독점적 권리를 얻게 되면 이를 악용하는 사례도 발생할수 있다고 생각한다. #@문장구분#우리나라에서 백신은 공공재로 인식되고 있다#@문장구분# 비용을 내지 않아도 쓸 수 있는 비배재성 때문이지만 사회 구성원의 생존과 안전에 필요한 특정 재화나 서비스는 이윤이 없더라도 정부나 공공기관에서 제공하는 것이기 때문에 비용이 나가지 않는다고 생각하게 된다,#@문장구분# 백신 역시 인류의 생존에 꼭 필요한 물품이라고 생각하기 때문에 공공재로 볼 수 있다. #@문장구분#백신이 공공재로 인정되지 않는다면 자연스럽게 가격은 올라가게 디고 개발도상국과 같이 가난한 나라들은 백신 구입이 어려워져 공공재로 인식되는 현재 상황과 맞지 않게 된다. #@문장구분#그래서 나는 백신의 특허권을 보장하지 않아야 펜데믹 상황을 더욱 빨리 끝낼수 있다고 생가한다. #@문장구분#만약 제약회사들이 모더나와 화이자를 모방하여 다른 백신을 만든다면 충분한 임상실험을 거치고 안전성이 보장된다는 전제 등 코로나 펜데믹 상황에 맞는 백신 제공 정책을 실행해야 백신부족의 문제도 줄이고 특허권으로 인한 독점적 시장의 우려도 막을수 있을 것이다. #@문장구분#그 대신 백신에 대한 특허권을 포기한 사람에게 보상을 하는 것이 가장 중요하다고 생각한다.#@문장구분# 많은 시간과 많은 돈을 쏟아부어 백신을 개발했는데 그 개발 방법을 공익이라는 미명하에 전체공개하라고 하면 누가 과연 시간과 돈을 들여 백신을 개발할지 의문이기 때문에 백신을 개발하고 공개한 사람이나 기업에게 그에 마땅한 보상을 해주는 것이 당연하다고 생각한다.",
      "paragraph_len": 1149,
      "paragraph_id": "001"
    }
  ],
  "score": {
    "paragraph_score": [
      {
        "paragraph_scoreT": [
          2.8,
          3,
          2.8
        ],
        "paragraph_scoreT_detail": {
          "paragraph_scoreT_exp": [
            [
              2,
              3,
              3
            ],
            [
              3,
              3,
              3
            ],
            [
              2,
              3,
              3
            ]
          ]
        },
        "paragraph_scoreT_avg": 2.8666668,
        "paragraph_id": "001"
      }
    ],
    "essay_scoreT": [
      26.599998,
      26,
      25.4
    ],
    "essay_scoreT_avg": 26,
    "essay_scoreT_detail": {
      "essay_scoreT_org": [
        [
          3,
          3,
          3,
          3
        ],
        [
          3,
          3,
          3,
          3
        ],
        [
          3,
          3,
          3,
          3
        ]
      ],
      "essay_scoreT_cont": [
        [
          3,
          2,
          2,
          2
        ],
        [
          2,
          2,
          2,
          2
        ],
        [
          2,
          2,
          2,
          2
        ]
      ],
      "essay_scoreT_exp": [
        [
          2,
          3,
          3
        ],
        [
          3,
          3,
          3
        ],
        [
          2,
          3,
          3
        ]
      ]
    }
  },
  "student": {
    "date": "2021.12.16",
    "student_educated": true,
    "student_grade": "고등_2학년",
    "location": "063",
    "student_grade_group": "고등",
    "student_reading": 2
  },
  "rubric": {
    "essay_grade": "고등_2학년",
    "organization_weight": {
      "org_paragraph": 3,
      "org": 3,
      "org_essay": 3,
      "org_coherence": 3,
      "org_quantity": 1
    },
    "essay_type": "주장",
    "content_weight": {
      "con_clearance": 3,
      "con_novelty": 3,
      "con": 4,
      "con_prompt": 1,
      "con_description": 3
    },
    "essay_main_subject": "지적 재산권에 대한 본인의 생각 작성",
    "expression_weight": {
      "exp_style": 4,
      "exp_grammar": 2,
      "exp_vocab": 4,
      "exp": 3
    }
  },
  "correction": [],
  "info": {
    "essay_id": "ESSAY_66906",
    "essay_prompt": " 지적재산권이란 특허권, 실용신안권, 상표권, 디자인권을 총칭하는 개념으로 지적재산권법은 정보생산자에게 일정기간 동안 시장에서의 배타적 지위를 부여하고 있습니다.\n\n 즉, 지적 재산권은 특정 사람이 생각/창작해낸 것을 다른사람들의 무분별한 이용으로 부터 지켜주는 것입니다. 이러한 지적재산권은 개인 혹은 회사 더 나아가 나라에 귀속될 수 있습니다.\n\n 다만, 코로나 시대인 요즘 전 세계적인 재앙인 코로나를 물리칠 수 있는 백신에 대한 지적재산권을 자유롭게 풀어야한다는 의견이 계속해서 나오고 있습니다. \n\n 지적 재산권이 있는 제약회사가 있는 나라의 경우 백신이 충분하며 백신을 맞는 것이 선택의 문제인 반면, 그렇지 못한 나라는 백신을 맞고 싶어도 맞지 못하는 사람들이 많고 항체가 없어 사망하는 경우도 비교적 많이 때문입니다.\n\n 전 세계의 문제를 해결하기 위해 수 많은 돈을 들여 개발한 백신의 지적재산권을 공유하는 것이 의무화 되어야 할까요? 아니면 회사의 선택에 맡겨야할까요? 보상은 어떻게 해야할까요? \n\n 전 세계에 무상으로 공개 해야 한다는 의견이 있을 수도 있고 무상으로 공개한 회사의 경우 팬더믹 상황이 종결 된 후 따로 보상을 해주어야 한다는 의견도 있을 겁니다. 지적재산권의 변하지 않는 신뢰를 위해서라도 무상 공개는 절대 있어서는 안된다는 의견도 있을 것입니다.\n\n 지금까지도 펜더믹 상황에서 코로나19 백신에 대한 특허권을 보장해야 하느냐 풀어야 하느냐 의견이 분분합니다. 이에 대한 자신의 주장을 작성해주세요. 또한, 그렇게 생각한 이유도 설명해주세요.",
    "essay_type": "주장",
    "essay_level": "1",
    "essay_len": 949,
    "essay_main_subject": "지적 재산권에 대한 본인의 생각 작성"
  }
}