{
  "paragraph": [
    {
      "paragraph_txt": "코로나로 인해 미국과 유럽권에 동양인 혐오현상이 나타나고 있다. #@문장구분#뉴욕에서 한국인 여성이 친구와 커피를 마시고 있는데 한 흑인여성이 다가와 뺨을 때리고 당장 너희집으로 가버려 라고 했던 뉴스를 본적이 있다.#@문장구분# 그런데 그 뉴스에 달린 댓글이 더 가관이였다. #@문장구분#우리나라 사람들이 단 댓글중에 이런글이 있었다. #@문장구분#감히 흑인 주제에 라고 댓글을 단것이다.#@문장구분# 누가 잘못했을까 이 댓글을 보고 나도 잠시 생각에 잠겼다.#@문장구분# 이 흑인여성이 한국인 여성을 때리는게 화가 났던 것일까  때린사람이 흑인여성이라서 일까 당연히 때렸기 때문일거다.#@문장구분# 코로나가 한국인 여성의 잘못도 아닌데 화풀이를 받을 이유가 없고 더구나 맞을 이유는 더더욱 없기 때문이다. #@문장구분#그런데 뉴스멘트가 다시한번 되짚어 보게 된다. #@문장구분#\"한국여성이 카페에 앉아 친구와 이야기를 나누고 있습니다.이때 한 흑인여성이 다가와 한국여성의 뺨을 때립니다\" 라는 멘트였다.#@문장구분# 여기서 이 흑인여성은 인종차별을 받은 것이 아닐까? #@문장구분#한국여성의 뺨을 때린 것은 흑인여성이 아니라 미국여성이라고 소개하는 것이 맞을 것이다. #@문장구분#미국인이 한국인을 때렸다가 되어야 할텐데 왜 흑인여성이 한국여성을 때렸다고 한것일까 #@문장구분#어떻게 하면 좀 더 자극적일수 있을까 어떻게 하면 좀더 문제화 할수있을까 하는 의도가 보이는 멘트였다. #@문장구분#그렇게 생각을 하니 언론이 참 못땠다는 생각이 든다. #@문장구분# 때리는 시어머니보다 말리는 시누이가 더 밉다고 오히려 이간질하는 언론이 더 갈등을 조장하는것같아 마음이 불편했다.#@문장구분# 코로나로 인해 세계인이 고통중이다 이것이 어디로부터 시작되었는지도 알아야겠지만 정확히 밝혀지지 않은상황에서 누군가에게 탓을 할수도 없고 이고통은 함께 이겨가야하는 상황이다. #@문장구분#코로나의 문제만해도 머리가 아픈데 이것을 인종차별적 문제로 확대시키는 것은 바람직하지 못하다. #@문장구분#인종차별문제를 언론에서 자극하는 것이 아니라 더 개선되고 협력하는 방향의 프로그램들이 만들어지고 저런 보도도 자극적이지 않게 순화하여 방송할 필요가 있다고 본다. #@문장구분#모든사람들이 미디어에 많은시간을 할애하고 그들의 정보를 신뢰한다. #@문장구분#그런만큼 더 화합하고 존중할수있도록 중간자역할을 잘 해야할 것이다.",
      "paragraph_len": 1438,
      "paragraph_id": "001"
    }
  ],
  "score": {
    "paragraph_score": [
      {
        "paragraph_scoreT": [
          2.6,
          3,
          2.8
        ],
        "paragraph_scoreT_detail": {
          "paragraph_scoreT_exp": [
            [
              3,
              3,
              2
            ],
            [
              3,
              3,
              3
            ],
            [
              2,
              3,
              3
            ]
          ]
        },
        "paragraph_scoreT_avg": 2.8,
        "paragraph_id": "001"
      }
    ],
    "essay_scoreT": [
      26.4,
      27.5,
      29.4
    ],
    "essay_scoreT_avg": 27.766668,
    "essay_scoreT_detail": {
      "essay_scoreT_org": [
        [
          3,
          3,
          3,
          3
        ],
        [
          2,
          3,
          3,
          3
        ],
        [
          3,
          3,
          3,
          3
        ]
      ],
      "essay_scoreT_cont": [
        [
          2,
          2,
          3,
          3
        ],
        [
          3,
          2,
          2,
          3
        ],
        [
          3,
          3,
          3,
          3
        ]
      ],
      "essay_scoreT_exp": [
        [
          3,
          3,
          2
        ],
        [
          3,
          3,
          3
        ],
        [
          2,
          3,
          3
        ]
      ]
    }
  },
  "student": {
    "date": "2021.12.17",
    "student_educated": true,
    "student_grade": "고등_2학년",
    "location": "044",
    "student_grade_group": "고등",
    "student_reading": 2
  },
  "rubric": {
    "essay_grade": "고등_2학년",
    "organization_weight": {
      "org_paragraph": 3,
      "org": 3,
      "org_essay": 3,
      "org_coherence": 3,
      "org_quantity": 1
    },
    "essay_type": "주장",
    "content_weight": {
      "con_clearance": 3,
      "con_novelty": 3,
      "con": 4,
      "con_prompt": 1,
      "con_description": 3
    },
    "essay_main_subject": "인종차별에 대한 본인의 생각",
    "expression_weight": {
      "exp_style": 4,
      "exp_grammar": 2,
      "exp_vocab": 4,
      "exp": 3
    }
  },
  "correction": [],
  "info": {
    "essay_id": "ESSAY_66942",
    "essay_prompt": " 최근 중국발 코로나바이러스로 인해 동양인에 대한 혐오감을 나타내는 서양인들이 늘어나고 있습니다. 그로 인해, 매스컴이나 SNS에서 인종차별을 받아 힘들어하는 동양인들을 자주 목격할 수 있습니다.\n\n 하지만, 최근에만 인종차별이 존재했을까요? 아닙니다. 아주 오래전부터 다른 인종에 대한 차별은 있었습니다.\n\n 우리나라에서는 인종차별을 안 하고 있을까요? 아닙니다. 우리나라에서도 알게 모르게 많은 부분에서 다른 국가의 사람들에 대해 인종차별을 하고 있으며 누군가에게 상처를 주고 있습니다.\n\n 즉, 인종차별은 누군가의 문제가 아니라 우리 모두의 문제입니다.\n\n 여러분들은 인종차별을 당해보신 적 있나요? 인종차별을 하는 사람들에 대해 어떻게 생각하시나요? 왜 생겨났다고 생각하나요? 인종차별을 근절하기 위해서는 어떻게 해야 할까요? 인종차별을 하는 사람들에 대해 전 세계적으로 처벌의 강도를 높여야 할까요?\n\n 인종차별을 하는 사람들에 대한 본인의 생각을 작성하고 인종차별은 해결할 수 있는 문제일지 아니면 해결하지 어려운 문제일지 작성해주세요. 또한, 그렇게 생각한 이유와 본인이 생각한 해결방법 혹은 해결할 수 없다면 왜 해결할 수 없다고 생각하는지 작성해주세요.",
    "essay_type": "주장",
    "essay_level": "1",
    "essay_len": 1048,
    "essay_main_subject": "인종차별에 대한 본인의 생각"
  }
}