{
  "paragraph": [
    {
      "paragraph_txt": "전 세계가 코로나라는 바이러스에 위험을 느끼며 하루하루를 살아가는 시대입니다.#@문장구분# 예고되지 않은 세계적 위기를 통해 장기화로 이어지고 있는 바이러스와의 싸움은 단순히 질병과 관련된 문제가 아니란 걸 알아야 합니다.#@문장구분# 질병의 문제로만 그치는 게 아니라 여러 분야의 경제 활동에 피해로 우리의 생계와 직결되는 문제 생활 영역까지 범위는 확대된 상태입니다.#@문장구분# 이런 국가적 위기를 넘어 세계적 위기라 말할 수 있는 상황에서 조금이라도 아니 어쩌면 점점 늘어나고 있는 연구 결과를 기반으로 백신은 이 위기를 하루라도 빨리 종식 시킬 수 있는 가장 강력한 도구라 말할 수 있습니다.#@문장구분# 이런 백신을 생산하는 데는 많은 인력과 시간과 자본이 투자되었습니다.#@문장구분# 세계 각국 전문가들이 백신을 만들기 위해 무단히 노력했고 그 결과로 우린 백신을 1차를 넘어 2차 더 나아가 3차를 맞을 수 있는 세상이 되었습니다.#@문장구분# 하지만 이렇게 여러 번 접종하는 건 선진국과 일부 개도국에만 포함되는 얘기입니다.#@문장구분# 상당한 전문가와 자본을 기반으로 만들어진 결과물로 처음 백신을 생산 완료한 나라는 현재 선진국입니다.#@문장구분# 그리고 국가에서 이런 백신을 사서 국민에게 무상으로 나눠주는 걸 담당할 수 있는 거 또한 선진국입니다.#@문장구분# 국가 자본 능력이 좋지 못한 국가의 경우엔 백신을 사는 원가가 부담스러워 자국민에게 백신을 수급하지 못해 코로나로부터 위협받는 생활에서 전혀 도움을 받지 못하고 있습니다.#@문장구분# 이런 상황을 전체적으로 고려했을 때 백신을 개발한 나라에서 백신에 대한 특허권을 양보하고 우선 전 세계적으로 이어지는 위기 상황을 하루라도 빨리 끝내길 도와주는 게 후에 그 나라가 백신을 종식하고 다시 활성화되는 경제 상황에서도 더 이득을 취하며 보상을 받을 수 있을 거로 생각합니다.#@문장구분# 앞으로 좋은 해결책으로 이러한 코로나 상황을 잘 해결해 나갔으면 좋겠습니다.",
      "paragraph_len": 1118,
      "paragraph_id": "001"
    }
  ],
  "score": {
    "paragraph_score": [
      {
        "paragraph_scoreT": [
          3,
          3,
          3
        ],
        "paragraph_scoreT_detail": {
          "paragraph_scoreT_exp": [
            [
              3,
              3,
              3
            ],
            [
              3,
              3,
              3
            ],
            [
              3,
              3,
              3
            ]
          ]
        },
        "paragraph_scoreT_avg": 3,
        "paragraph_id": "001"
      }
    ],
    "essay_scoreT": [
      28.8,
      25.1,
      27.2
    ],
    "essay_scoreT_avg": 27.033335,
    "essay_scoreT_detail": {
      "essay_scoreT_org": [
        [
          3,
          3,
          3,
          3
        ],
        [
          2,
          3,
          3,
          3
        ],
        [
          3,
          3,
          3,
          3
        ]
      ],
      "essay_scoreT_cont": [
        [
          3,
          2,
          3,
          3
        ],
        [
          3,
          1,
          2,
          2
        ],
        [
          2,
          2,
          2,
          3
        ]
      ],
      "essay_scoreT_exp": [
        [
          3,
          3,
          3
        ],
        [
          3,
          3,
          3
        ],
        [
          3,
          3,
          3
        ]
      ]
    }
  },
  "student": {
    "date": "2021.12.16",
    "student_educated": true,
    "student_grade": "고등_2학년",
    "location": "044",
    "student_grade_group": "고등",
    "student_reading": 2
  },
  "rubric": {
    "essay_grade": "고등_2학년",
    "organization_weight": {
      "org_paragraph": 3,
      "org": 3,
      "org_essay": 3,
      "org_coherence": 3,
      "org_quantity": 1
    },
    "essay_type": "주장",
    "content_weight": {
      "con_clearance": 3,
      "con_novelty": 3,
      "con": 4,
      "con_prompt": 1,
      "con_description": 3
    },
    "essay_main_subject": "지적 재산권에 대한 본인의 생각 작성",
    "expression_weight": {
      "exp_style": 4,
      "exp_grammar": 2,
      "exp_vocab": 4,
      "exp": 3
    }
  },
  "correction": [],
  "info": {
    "essay_id": "ESSAY_64456",
    "essay_prompt": " 지적재산권이란 특허권, 실용신안권, 상표권, 디자인권을 총칭하는 개념으로 지적재산권법은 정보생산자에게 일정기간 동안 시장에서의 배타적 지위를 부여하고 있습니다.\n\n 즉, 지적 재산권은 특정 사람이 생각/창작해낸 것을 다른사람들의 무분별한 이용으로 부터 지켜주는 것입니다. 이러한 지적재산권은 개인 혹은 회사 더 나아가 나라에 귀속될 수 있습니다.\n\n 다만, 코로나 시대인 요즘 전 세계적인 재앙인 코로나를 물리칠 수 있는 백신에 대한 지적재산권을 자유롭게 풀어야한다는 의견이 계속해서 나오고 있습니다. \n\n 지적 재산권이 있는 제약회사가 있는 나라의 경우 백신이 충분하며 백신을 맞는 것이 선택의 문제인 반면, 그렇지 못한 나라는 백신을 맞고 싶어도 맞지 못하는 사람들이 많고 항체가 없어 사망하는 경우도 비교적 많이 때문입니다.\n\n 전 세계의 문제를 해결하기 위해 수 많은 돈을 들여 개발한 백신의 지적재산권을 공유하는 것이 의무화 되어야 할까요? 아니면 회사의 선택에 맡겨야할까요? 보상은 어떻게 해야할까요? \n\n 전 세계에 무상으로 공개 해야 한다는 의견이 있을 수도 있고 무상으로 공개한 회사의 경우 팬더믹 상황이 종결 된 후 따로 보상을 해주어야 한다는 의견도 있을 겁니다. 지적재산권의 변하지 않는 신뢰를 위해서라도 무상 공개는 절대 있어서는 안된다는 의견도 있을 것입니다.\n\n 지금까지도 펜더믹 상황에서 코로나19 백신에 대한 특허권을 보장해야 하느냐 풀어야 하느냐 의견이 분분합니다. 이에 대한 자신의 주장을 작성해주세요. 또한, 그렇게 생각한 이유도 설명해주세요.",
    "essay_type": "주장",
    "essay_level": "1",
    "essay_len": 898,
    "essay_main_subject": "지적 재산권에 대한 본인의 생각 작성"
  }
}