{
  "paragraph": [
    {
      "paragraph_txt": "마틴 루터 킹은 비폭력 운동을 내세웠고 말코 맥스의 의견은 폭력 운동이었다.#@문장구분# 또 우리사회에서 볼 수 있는 차별의 예를 들어보자.#@문장구분# 또 인종차별의 근원은 무엇일까?#@문장구분#마틴 루터 킹과 말코 맥스의 의견은 어떻게 달랐을까?#@문장구분# 우선 킹 목사의 의견은 평화적이고 맥스의 의견은 폭력적이다.#@문장구분# 내가 지지하는 사람은 킹 목사이다.#@문장구분# 그 이유는 내가 킹 목사에 대해 아는 것이 맥스보다 많고 비폭력이 옳다고 보기 때문이다.#@문장구분# 우리 나라서는인종차별이 없어 보이지만 우리 나라에 오면 돈을 많이 벌수 있다고 생각하고 불법 채류한 불법 채류자를 대상으로 임금도 우리 나라 노동자보다 반도 않되는 임금도 잘 주지 않는다.#@문장구분# 그들이 어쩌다. 항의를 하면 불법 채류자라는 꼬투리를 잡는다.#@문장구분# 그리고 그들은 일을 하다가 크게 다쳐도 보험금등을 받지 못한다. #@문장구분#이런 문제를 해결하기 위한 방법은 모든 사람은 똑같다는 생각을 하고 정부에서 불법 채류자들에게 해택을 주어야 한다.#@문장구분# 인종 차별은 왜 생겼을까?#@문장구분# 바로 흑인노예로부터 생겨났다. #@문장구분#유럽인들이 돈을 많이 벌기 위해서 식민지나 아프리카로부터 끌고 오거나 교류하여 사온 노예들을 부려먹기 시작하여 미국으로 넘어간 영국사람등이 따뜻한 남쪽에서 노예로 돈을 벌면서 더욱 심해졌다. #@문장구분#북부가 남부를 멸망시키고 노예를 해방한 뒤로는 KKK단이 만들어져 흑인들을 차별하였다.#@문장구분# 심지여 아직도 KKK단이 있다고 한다.#@문장구분#미국의 어떤 숙박업소는 흑인들은 받아 주지 않아 벌금을 내기도 하고 또 작물을 받았다고 어떤 경찰소들이 흑인 부부를 고문시켜 남편이 죽어 부인이 재판을 신청해 보상금 4만1000불을 받았다. #@문장구분#하지만 그녀의 마음의 상처는 심했을 것이다.#@문장구분#\n우리는 차별을 받아본적이 있다 #@문장구분#그런데도 다른 사람들을 차별한다.#@문장구분# 우리는 그들으 고통을 아니 그들을 차별하지 말자.",
      "paragraph_len": 1269,
      "paragraph_id": "001"
    }
  ],
  "score": {
    "paragraph_score": [
      {
        "paragraph_scoreT": [
          2.4,
          3,
          3
        ],
        "paragraph_scoreT_detail": {
          "paragraph_scoreT_exp": [
            [
              2,
              2,
              3
            ],
            [
              3,
              3,
              3
            ],
            [
              3,
              3,
              3
            ]
          ]
        },
        "paragraph_scoreT_avg": 2.8,
        "paragraph_id": "001"
      }
    ],
    "essay_scoreT": [
      28.2,
      30,
      30
    ],
    "essay_scoreT_avg": 29.4,
    "essay_scoreT_detail": {
      "essay_scoreT_org": [
        [
          3,
          3,
          3,
          3
        ],
        [
          3,
          3,
          3,
          3
        ],
        [
          3,
          3,
          3,
          3
        ]
      ],
      "essay_scoreT_cont": [
        [
          3,
          3,
          3,
          3
        ],
        [
          3,
          3,
          3,
          3
        ],
        [
          3,
          3,
          3,
          3
        ]
      ],
      "essay_scoreT_exp": [
        [
          2,
          2,
          3
        ],
        [
          3,
          3,
          3
        ],
        [
          3,
          3,
          3
        ]
      ]
    }
  },
  "student": {
    "date": "2021.12.08",
    "student_educated": true,
    "student_grade": "고등_2학년",
    "location": "063",
    "student_grade_group": "고등",
    "student_reading": 1
  },
  "rubric": {
    "essay_grade": "고등_2학년",
    "organization_weight": {
      "org_paragraph": 3,
      "org": 3,
      "org_essay": 3,
      "org_coherence": 3,
      "org_quantity": 1
    },
    "essay_type": "주장",
    "content_weight": {
      "con_clearance": 3,
      "con_novelty": 3,
      "con": 4,
      "con_prompt": 1,
      "con_description": 3
    },
    "essay_main_subject": "인종차별에 대한 본인의 생각",
    "expression_weight": {
      "exp_style": 4,
      "exp_grammar": 2,
      "exp_vocab": 4,
      "exp": 3
    }
  },
  "correction": [],
  "info": {
    "essay_id": "ESSAY_57424",
    "essay_prompt": " 최근 중국발 코로나바이러스로 인해 동양인에 대한 혐오감을 나타내는 서양인들이 늘어나고 있습니다. 그로 인해, 매스컴이나 SNS에서 인종차별을 받아 힘들어하는 동양인들을 자주 목격할 수 있습니다.\n\n 하지만, 최근에만 인종차별이 존재했을까요? 아닙니다. 아주 오래전부터 다른 인종에 대한 차별은 있었습니다.\n\n 우리나라에서는 인종차별을 안 하고 있을까요? 아닙니다. 우리나라에서도 알게 모르게 많은 부분에서 다른 국가의 사람들에 대해 인종차별을 하고 있으며 누군가에게 상처를 주고 있습니다.\n\n 즉, 인종차별은 누군가의 문제가 아니라 우리 모두의 문제입니다.\n\n 여러분들은 인종차별을 당해보신 적 있나요? 인종차별을 하는 사람들에 대해 어떻게 생각하시나요? 왜 생겨났다고 생각하나요? 인종차별을 근절하기 위해서는 어떻게 해야 할까요? 인종차별을 하는 사람들에 대해 전 세계적으로 처벌의 강도를 높여야 할까요?\n\n 인종차별을 하는 사람들에 대한 본인의 생각을 작성하고 인종차별은 해결할 수 있는 문제일지 아니면 해결하지 어려운 문제일지 작성해주세요. 또한, 그렇게 생각한 이유와 본인이 생각한 해결방법 혹은 해결할 수 없다면 왜 해결할 수 없다고 생각하는지 작성해주세요.",
    "essay_type": "주장",
    "essay_level": "1",
    "essay_len": 870,
    "essay_main_subject": "인종차별에 대한 본인의 생각"
  }
}