{
  "paragraph": [
    {
      "paragraph_txt": "코로나 바이러스는 전세계적으로 약 500만명의 목숨을 앗아간 질병입니다.#@문장구분# 뿐만 아니라 강한 전염성으로 일상생활에 지장을 주었고 소상공인들에게도 큰 경제적 피해를 안겨준 질명이기도 합니다. #@문장구분#최근 다시 확산되기 시작한 코로나 바이러스 때문에 백신의 중요성이 대두되고 있습니다. #@문장구분#그 와중에 백신의 지적재산권을 인정해야 하는 지에 대한 갑론을박 역시 벌어지고 있습니다. #@문장구분#저는 백신의 지적 재산권을 인정해야 한다고 생각합니다.#@문장구분# 백신의 지적재산권을 인정하지 않아야 한다는 주장이 나온 배경은 백신의 고급이 원활하지 않기 때문입니다.#@문장구분# 하지만 이 문제는 백신의 특허권을 푼다고 해결 될 문제가 아닙니다.#@문장구분# 백신 공급 부족의 근본적인 문제는 특허가 아닌 생산력  및 수출 규제입니다.#@문장구분# 현재 인도를 비롯해 세계적으로 가장 시급한 문제는 수백만 명을 위한 백신을 빠르게 공급하는 것으로, 이를 우선적으로 해결해야 합니다.#@문장구분# 하지만 지금 백신 생산 공장은 백신을 최대치로 만들어 내는 상황입니다.#@문장구분# 또 특허를 포기해도 각국이 백신 생산 노하우와 생산기술, 시설 등을 갖추기까지 상당한 시간이 걸린다는 분석이 주류입니다. #@문장구분#무작정 특허를 풀 것이 아니라 현실적이고 효율적으로 문제를 해결하기 위한 방안이 필요합니다.#@문장구분# 현 백신 제조 회사들의 공급 물량 확대를 위해 수출 규제 제거, 제조 능력 증대 투자, 백신 부족 국가에 공급 의지를 개선해야 한다고 생각합니다.#@문장구분# 백신의 지적 재산권을 인정하지 않게 되면, 백신을 제조하기 위해 많은 기업들이 원료를 찾아다니게 될 것입니다.#@문장구분# 원료 탱탈전이 일어나게 된다면 오히려 백신의 공급을 저하시킬 수도 있습니다.#@문장구분# 또, 백신 제조 경험이 부족했을 때에는 백신의 품질과 안전성은 물론 효과에도 악영향을 줄 수 도 있습니다.#@문장구분# 이런 이유로 저는 백신의 지적재산권이 보장되어야 한다고 생각합니다.  ",
      "paragraph_len": 1229,
      "paragraph_id": "001"
    }
  ],
  "score": {
    "paragraph_score": [
      {
        "paragraph_scoreT": [
          2,
          2,
          2
        ],
        "paragraph_scoreT_detail": {
          "paragraph_scoreT_exp": [
            [
              2,
              2,
              2
            ],
            [
              2,
              2,
              2
            ],
            [
              2,
              2,
              2
            ]
          ]
        },
        "paragraph_scoreT_avg": 2,
        "paragraph_id": "001"
      }
    ],
    "essay_scoreT": [
      27,
      27,
      27
    ],
    "essay_scoreT_avg": 27,
    "essay_scoreT_detail": {
      "essay_scoreT_org": [
        [
          3,
          3,
          3,
          3
        ],
        [
          3,
          3,
          3,
          3
        ],
        [
          3,
          3,
          3,
          3
        ]
      ],
      "essay_scoreT_cont": [
        [
          3,
          3,
          3,
          3
        ],
        [
          3,
          3,
          3,
          3
        ],
        [
          3,
          3,
          3,
          3
        ]
      ],
      "essay_scoreT_exp": [
        [
          2,
          2,
          2
        ],
        [
          2,
          2,
          2
        ],
        [
          2,
          2,
          2
        ]
      ]
    }
  },
  "student": {
    "date": "2021.12.21",
    "student_educated": true,
    "student_grade": "고등_2학년",
    "location": "031",
    "student_grade_group": "고등",
    "student_reading": 2
  },
  "rubric": {
    "essay_grade": "고등_2학년",
    "organization_weight": {
      "org_paragraph": 3,
      "org": 3,
      "org_essay": 3,
      "org_coherence": 3,
      "org_quantity": 1
    },
    "essay_type": "주장",
    "content_weight": {
      "con_clearance": 3,
      "con_novelty": 3,
      "con": 4,
      "con_prompt": 1,
      "con_description": 3
    },
    "essay_main_subject": "지적 재산권에 대한 본인의 생각 작성",
    "expression_weight": {
      "exp_style": 4,
      "exp_grammar": 2,
      "exp_vocab": 4,
      "exp": 3
    }
  },
  "correction": [],
  "info": {
    "essay_id": "ESSAY_69790",
    "essay_prompt": " 지적재산권이란 특허권, 실용신안권, 상표권, 디자인권을 총칭하는 개념으로 지적재산권법은 정보생산자에게 일정기간 동안 시장에서의 배타적 지위를 부여하고 있습니다.\n\n 즉, 지적 재산권은 특정 사람이 생각/창작해낸 것을 다른사람들의 무분별한 이용으로 부터 지켜주는 것입니다. 이러한 지적재산권은 개인 혹은 회사 더 나아가 나라에 귀속될 수 있습니다.\n\n 다만, 코로나 시대인 요즘 전 세계적인 재앙인 코로나를 물리칠 수 있는 백신에 대한 지적재산권을 자유롭게 풀어야한다는 의견이 계속해서 나오고 있습니다. \n\n 지적 재산권이 있는 제약회사가 있는 나라의 경우 백신이 충분하며 백신을 맞는 것이 선택의 문제인 반면, 그렇지 못한 나라는 백신을 맞고 싶어도 맞지 못하는 사람들이 많고 항체가 없어 사망하는 경우도 비교적 많이 때문입니다.\n\n 전 세계의 문제를 해결하기 위해 수 많은 돈을 들여 개발한 백신의 지적재산권을 공유하는 것이 의무화 되어야 할까요? 아니면 회사의 선택에 맡겨야할까요? 보상은 어떻게 해야할까요? \n\n 전 세계에 무상으로 공개 해야 한다는 의견이 있을 수도 있고 무상으로 공개한 회사의 경우 팬더믹 상황이 종결 된 후 따로 보상을 해주어야 한다는 의견도 있을 겁니다. 지적재산권의 변하지 않는 신뢰를 위해서라도 무상 공개는 절대 있어서는 안된다는 의견도 있을 것입니다.\n\n 지금까지도 펜더믹 상황에서 코로나19 백신에 대한 특허권을 보장해야 하느냐 풀어야 하느냐 의견이 분분합니다. 이에 대한 자신의 주장을 작성해주세요. 또한, 그렇게 생각한 이유도 설명해주세요.",
    "essay_type": "주장",
    "essay_level": "1",
    "essay_len": 899,
    "essay_main_subject": "지적 재산권에 대한 본인의 생각 작성"
  }
}