{
  "paragraph": [
    {
      "paragraph_txt": "다양한 인종. 문화가 존재하는 미국은 백인우월주의가 가장 심하다.#@문장구분# 링컨 대통령이 흑인해방을 외쳤지만 현실은 달랐다 #@문장구분#사람들 머릿속에 뿌리 박힌 노예라는 단어가 아마도 흑인 인종차별을 쉽게 없애진 못한거 같다. #@문장구분#흑인 인권 문제가 여러차레 사회적 이슈로 대두되고 있었다.#@문장구분# 하지만 비단 인종차별은 백인이 행하는 것만은 아닌거 같다,. #@문장구분#코로나19로 인해 불특정 다수 동양인에 대한 차별과 혐오가 미국뿐만 아니라 서구 문화권에 팽배하다.#@문장구분# 또 흑인들에 의해 폭행당한 동양인들의 얘기를 심심찮게 볼 수 있다. #@문장구분#동양인뿐만 아니라 유색 인종에 대한 어떠한 형태의 차별도 용인되어서는 안 되며, 그러한 차별과 혐오 현상은 사회문화적, 윤리적 차원에서 비판받아야 마땅하다.#@문장구분# 산업화와 정보화로 인해 21세기 인류 문명의 교통과 통신기술은 전례 없는 진보를 이룩했다. #@문장구분#그로 인해 국가 간의 경계가 퇴색되고 국경의 의미는 약화하는 세계화와 문화적 다원화 시대가 도래했다. #@문장구분#따라서 국가 간 상호의존성은 어느 때보다도 높다.#@문장구분# 성숙한 자세로 다양성과 공존의 가치를 추구하며 세계인과 더불어 살아가기 위해서는 세계시민 의식이 매우 중요한데, 동양인에 대한 차별과 혐오는 사회통합을 심각하게 저하한다.#@문장구분# 가령 차별과 혐오로 인한 인종 사이의 일종의 계급화가 이루어지면 이는 동양인으로 대표되는 하층 계급이 차별을 받는다는 의식을 가지게 만들어 갈등과 사회 혼란을 야기한다. #@문장구분#그리고 미국이나 서구 문화권으로의 영구적, 일시적 이동을 한 동양인들의 심각한 공포를 유발하여 그들의 정신건강에 해악을 가져다주기도 하며, 그들이 자유롭게 문화적 활동이나 정치적 활동에 적극적으로 참여하는 것을 어렵게 한다. #@문장구분#따라서 동양인에 대한 차별과 혐오는 동양의 문화에 대한 배척을 야기하고 자연스럽게 백인으로 대표되는 상층 계급의 문화 자본만 축적되고 확산하게 된다.",
      "paragraph_len": 1182,
      "paragraph_id": "001"
    }
  ],
  "score": {
    "paragraph_score": [
      {
        "paragraph_scoreT": [
          3,
          2.8,
          2.8
        ],
        "paragraph_scoreT_detail": {
          "paragraph_scoreT_exp": [
            [
              3,
              3,
              3
            ],
            [
              2,
              3,
              3
            ],
            [
              2,
              3,
              3
            ]
          ]
        },
        "paragraph_scoreT_avg": 2.8666668,
        "paragraph_id": "001"
      }
    ],
    "essay_scoreT": [
      30,
      25.5,
      27.3
    ],
    "essay_scoreT_avg": 27.6,
    "essay_scoreT_detail": {
      "essay_scoreT_org": [
        [
          3,
          3,
          3,
          3
        ],
        [
          2,
          2,
          2,
          3
        ],
        [
          3,
          3,
          2,
          3
        ]
      ],
      "essay_scoreT_cont": [
        [
          3,
          3,
          3,
          3
        ],
        [
          2,
          3,
          3,
          3
        ],
        [
          2,
          3,
          3,
          3
        ]
      ],
      "essay_scoreT_exp": [
        [
          3,
          3,
          3
        ],
        [
          2,
          3,
          3
        ],
        [
          2,
          3,
          3
        ]
      ]
    }
  },
  "student": {
    "date": "2021.12.10",
    "student_educated": true,
    "student_grade": "고등_2학년",
    "location": "063",
    "student_grade_group": "고등",
    "student_reading": 1
  },
  "rubric": {
    "essay_grade": "고등_2학년",
    "organization_weight": {
      "org_paragraph": 3,
      "org": 3,
      "org_essay": 3,
      "org_coherence": 3,
      "org_quantity": 1
    },
    "essay_type": "주장",
    "content_weight": {
      "con_clearance": 3,
      "con_novelty": 3,
      "con": 4,
      "con_prompt": 1,
      "con_description": 3
    },
    "essay_main_subject": "인종차별에 대한 본인의 생각",
    "expression_weight": {
      "exp_style": 4,
      "exp_grammar": 2,
      "exp_vocab": 4,
      "exp": 3
    }
  },
  "correction": [],
  "info": {
    "essay_id": "ESSAY_57393",
    "essay_prompt": " 최근 중국발 코로나바이러스로 인해 동양인에 대한 혐오감을 나타내는 서양인들이 늘어나고 있습니다. 그로 인해, 매스컴이나 SNS에서 인종차별을 받아 힘들어하는 동양인들을 자주 목격할 수 있습니다.\n\n 하지만, 최근에만 인종차별이 존재했을까요? 아닙니다. 아주 오래전부터 다른 인종에 대한 차별은 있었습니다.\n\n 우리나라에서는 인종차별을 안 하고 있을까요? 아닙니다. 우리나라에서도 알게 모르게 많은 부분에서 다른 국가의 사람들에 대해 인종차별을 하고 있으며 누군가에게 상처를 주고 있습니다.\n\n 즉, 인종차별은 누군가의 문제가 아니라 우리 모두의 문제입니다.\n\n 여러분들은 인종차별을 당해보신 적 있나요? 인종차별을 하는 사람들에 대해 어떻게 생각하시나요? 왜 생겨났다고 생각하나요? 인종차별을 근절하기 위해서는 어떻게 해야 할까요? 인종차별을 하는 사람들에 대해 전 세계적으로 처벌의 강도를 높여야 할까요?\n\n 인종차별을 하는 사람들에 대한 본인의 생각을 작성하고 인종차별은 해결할 수 있는 문제일지 아니면 해결하지 어려운 문제일지 작성해주세요. 또한, 그렇게 생각한 이유와 본인이 생각한 해결방법 혹은 해결할 수 없다면 왜 해결할 수 없다고 생각하는지 작성해주세요.",
    "essay_type": "주장",
    "essay_level": "1",
    "essay_len": 904,
    "essay_main_subject": "인종차별에 대한 본인의 생각"
  }
}