{
  "paragraph": [
    {
      "paragraph_txt": "나는 지금 코로나19로 인한 펜데믹 상황에서 백신에 대한 특허권을 자유롭게 풀어야 한다고 생각한다.#@문장구분# 비록 코로나 바이러스는 처음에는 어느 한 곳에서 시작되었지만, 지금은 전 세계로 퍼져 사람들의 자유를 억압하고 공포에 떨게 하고 있다.#@문장구분# 이러한 상황에서, 백신을 통해 이익을 벌고자 하는 것은 세계 시민 의식에 맞지 않는다고 생각한다. #@문장구분#물론 어느 회사에서 공들여 개발해냈다는 것은 대단하고, 충분히 인정해야 한다. #@문장구분#그러나 그 기술을 독점해 회사의 이익만을 생각하는 것은 윤리적으로 옳지 않다. #@문장구분#지금의 코로나 사태는 전 세계인이 힘을 합쳐 극복해내야 하는 아주 중대한 상황이다. #@문장구분#이러한 상황에서 백신에 대한 지적 재산권을 독점한다면 그 기업 만에 대한 의존도가 지나치게 높아져 다른 기업에 큰 타격을 줄 수 있고, 백신을 둘러싼 논쟁 때문에 나라와 나라, 사람과 사람 간의 신뢰도가 급격히 떨어질 것이다.#@문장구분# 개발자에게 공동으로 노벨 의학상이나 아니면 시간과 노력을 인정받을수 있는 그런 상이나 명예를 주는 방법도 있다.#@문장구분# 특허권으로 돈을 받는거보다 당장에 금전적인 이득은 적을수도 있지만 이름값이 유명해지다보면 돈을 벌거나 자신의 연구를 더 잘할 수 있는 환경에 모셔지거나 할수도 있는 기댓값이 높아지므로 유명한 상을 주는거도 나쁘지 않다고 생각한다. #@문장구분#회사에서 얻는 수익 보다도 나는 코로나 종식이 먼저 라고 생각하기 때문이다.#@문장구분#그 이유는 2019년 12월에 시작하여 아직까 지도 많은 확진자들이 나오고 있기 때문에 여기서 더욱 시간이 지체되면 지체 될수록 많은 자영업자나 여러 가게를 운영 하시는 사람들이나 소상공인이 받는 피해가 점점 더 커질 것 이 라고 생각하기 때문이다.#@문장구분#위와 같은 이유 때문에 코로나19 백신에 대하여 특허권이 풀린다면 백신의 생산이 가속화 되어 코로나19를 극복을 촉진 시키고 백신의 분배를 공평하게 할수 있을 것이라고 생각 한다. #@문장구분#어쩌면 우리는 평생 코로나19와 함께 살아가야 할지도 모른다. #@문장구분#그렇기 때문에 코로나19를 예방하고, 감염되더라도 그 감염 증상을 최소화할 수 있는 백신은 정말이지 중요하고 필요하다.",
      "paragraph_len": 1284,
      "paragraph_id": "001"
    }
  ],
  "score": {
    "paragraph_score": [
      {
        "paragraph_scoreT": [
          2,
          2,
          2
        ],
        "paragraph_scoreT_detail": {
          "paragraph_scoreT_exp": [
            [
              2,
              2,
              2
            ],
            [
              2,
              2,
              2
            ],
            [
              2,
              2,
              2
            ]
          ]
        },
        "paragraph_scoreT_avg": 2,
        "paragraph_id": "001"
      }
    ],
    "essay_scoreT": [
      24.3,
      23.9,
      23.099998
    ],
    "essay_scoreT_avg": 23.766665,
    "essay_scoreT_detail": {
      "essay_scoreT_org": [
        [
          2,
          2,
          2,
          3
        ],
        [
          2,
          2,
          2,
          3
        ],
        [
          2,
          2,
          2,
          3
        ]
      ],
      "essay_scoreT_cont": [
        [
          3,
          3,
          3,
          3
        ],
        [
          3,
          3,
          2,
          3
        ],
        [
          3,
          2,
          3,
          3
        ]
      ],
      "essay_scoreT_exp": [
        [
          2,
          2,
          2
        ],
        [
          2,
          2,
          2
        ],
        [
          2,
          2,
          2
        ]
      ]
    }
  },
  "student": {
    "date": "2021.12.20",
    "student_educated": true,
    "student_grade": "고등_2학년",
    "location": "063",
    "student_grade_group": "고등",
    "student_reading": 1
  },
  "rubric": {
    "essay_grade": "고등_2학년",
    "organization_weight": {
      "org_paragraph": 3,
      "org": 3,
      "org_essay": 3,
      "org_coherence": 3,
      "org_quantity": 1
    },
    "essay_type": "주장",
    "content_weight": {
      "con_clearance": 3,
      "con_novelty": 3,
      "con": 4,
      "con_prompt": 1,
      "con_description": 3
    },
    "essay_main_subject": "지적 재산권에 대한 본인의 생각 작성",
    "expression_weight": {
      "exp_style": 4,
      "exp_grammar": 2,
      "exp_vocab": 4,
      "exp": 3
    }
  },
  "correction": [],
  "info": {
    "essay_id": "ESSAY_69800",
    "essay_prompt": " 지적재산권이란 특허권, 실용신안권, 상표권, 디자인권을 총칭하는 개념으로 지적재산권법은 정보생산자에게 일정기간 동안 시장에서의 배타적 지위를 부여하고 있습니다.\n\n 즉, 지적 재산권은 특정 사람이 생각/창작해낸 것을 다른사람들의 무분별한 이용으로 부터 지켜주는 것입니다. 이러한 지적재산권은 개인 혹은 회사 더 나아가 나라에 귀속될 수 있습니다.\n\n 다만, 코로나 시대인 요즘 전 세계적인 재앙인 코로나를 물리칠 수 있는 백신에 대한 지적재산권을 자유롭게 풀어야한다는 의견이 계속해서 나오고 있습니다. \n\n 지적 재산권이 있는 제약회사가 있는 나라의 경우 백신이 충분하며 백신을 맞는 것이 선택의 문제인 반면, 그렇지 못한 나라는 백신을 맞고 싶어도 맞지 못하는 사람들이 많고 항체가 없어 사망하는 경우도 비교적 많이 때문입니다.\n\n 전 세계의 문제를 해결하기 위해 수 많은 돈을 들여 개발한 백신의 지적재산권을 공유하는 것이 의무화 되어야 할까요? 아니면 회사의 선택에 맡겨야할까요? 보상은 어떻게 해야할까요? \n\n 전 세계에 무상으로 공개 해야 한다는 의견이 있을 수도 있고 무상으로 공개한 회사의 경우 팬더믹 상황이 종결 된 후 따로 보상을 해주어야 한다는 의견도 있을 겁니다. 지적재산권의 변하지 않는 신뢰를 위해서라도 무상 공개는 절대 있어서는 안된다는 의견도 있을 것입니다.\n\n 지금까지도 펜더믹 상황에서 코로나19 백신에 대한 특허권을 보장해야 하느냐 풀어야 하느냐 의견이 분분합니다. 이에 대한 자신의 주장을 작성해주세요. 또한, 그렇게 생각한 이유도 설명해주세요.",
    "essay_type": "주장",
    "essay_level": "1",
    "essay_len": 1026,
    "essay_main_subject": "지적 재산권에 대한 본인의 생각 작성"
  }
}