{
  "paragraph": [
    {
      "paragraph_txt": "이미 흑인 노예제도가 없어진지 언제인지 생각이 나지 않을 정도로 오래된 이야기이지만 아직도 현실에서도 현재 진행형의 이야기이다.#@문장구분#  그런데 누가 이렇게 차이를 차별로 심판할 자격이 있는가?#@문장구분# 흑인을 차별하려는 KKK단과 흑인을 도와주는 사람들의 갈등도 약간이나마 있다.#@문장구분#  KKK단은 단지 흑인이라는 이유로 재판에서 지라고 협박을 한다. #@문장구분# 이 협박에 굴하지 않자 KKK단은 테러를 하기 시작한다.#@문장구분#  백인들의 저지른 죄는 생각도 하지 않고 백인이라는 이유로 흑인보다 더 우월해야 한다는 것은 인정 할 수 없다.#@문장구분#  그러나 왜 이들은 이러한 생각을 가졌는지 이해가 되지 않는다.#@문장구분#  흑인의 변호사는 백인이다.#@문장구분#  또한 검사는 백인 우월주의에 푹 빠져있는 배태랑이다.#@문장구분#  변호사는 KKK단에 집중 타겟이 된다.#@문장구분#  위험을 느낀 변호사는 자신의 아내와 딸을 친정으로 보낸다.#@문장구분#  영화를 보면 '우리 딸이 흑인 옹호자라고 학교에서 따돌림을 당하고 있는데도 당신은 그저 인터뷰 하나라도 더 하겠다고 발버둥치는 모습을 보니 울화통이 치밀어서 참을 수가 없었어요.' 라는 말을 들을 수 있다.#@문장구분#  흑인 옹호자라고 해서 따돌림(왕따)를 당한다는 것이 이해가 되지 않았다.#@문장구분#  마지막 변론에서 변호사는 '모두들 눈을 감아 주십시오. 여기 한 어린 소녀가 있었습니다.#@문장구분# 그녀는 식료품 점에서 물건들을 사고 집으로 돌아가고 있는 중이었죠.#@문장구분# 저기 트럭 한 대가 보입니다.#@문장구분# 그 트럭에 탄 남자들은 술에 취해있었고, 그들은 그 소녀의 앞을 가로막고는...#@문장구분#그 소녀는 그들의 땀에..#@문장구분#그들의 오줌에..#@문장구분#그들의 정액에 젖어..#@문장구분#처참히 짓밟히고 맙니다.#@문장구분# 제...#@문장구분#그 소녀를...#@문장구분#백인이라고 생각하십시오.'#@문장구분# 라는 말로 이 재판을 승리로 이끌어낸다.#@문장구분#  이 말에서도 '백인이라고 생각하십시오.' 부분에서는 왜 백인이라고 했을까 라는 의문이 생긴다.#@문장구분#  흑인이라고 하면 재판에서 지는가.#@문장구분#",
      "paragraph_len": 1443,
      "paragraph_id": "001"
    }
  ],
  "score": {
    "paragraph_score": [
      {
        "paragraph_scoreT": [
          1.4,
          2.2,
          2.4
        ],
        "paragraph_scoreT_detail": {
          "paragraph_scoreT_exp": [
            [
              1,
              2,
              1
            ],
            [
              3,
              2,
              2
            ],
            [
              2,
              2,
              3
            ]
          ]
        },
        "paragraph_scoreT_avg": 2,
        "paragraph_id": "001"
      }
    ],
    "essay_scoreT": [
      11.8,
      20.9,
      26.1
    ],
    "essay_scoreT_avg": 19.6,
    "essay_scoreT_detail": {
      "essay_scoreT_org": [
        [
          1,
          1,
          1,
          3
        ],
        [
          2,
          2,
          2,
          3
        ],
        [
          2,
          2,
          3,
          2
        ]
      ],
      "essay_scoreT_cont": [
        [
          1,
          1,
          1,
          1
        ],
        [
          2,
          2,
          2,
          2
        ],
        [
          3,
          3,
          3,
          3
        ]
      ],
      "essay_scoreT_exp": [
        [
          1,
          2,
          1
        ],
        [
          3,
          2,
          2
        ],
        [
          2,
          2,
          3
        ]
      ]
    }
  },
  "student": {
    "date": "2021.12.18",
    "student_educated": true,
    "student_grade": "고등_2학년",
    "location": "063",
    "student_grade_group": "고등",
    "student_reading": 2
  },
  "rubric": {
    "essay_grade": "고등_2학년",
    "organization_weight": {
      "org_paragraph": 3,
      "org": 3,
      "org_essay": 3,
      "org_coherence": 3,
      "org_quantity": 1
    },
    "essay_type": "주장",
    "content_weight": {
      "con_clearance": 3,
      "con_novelty": 3,
      "con": 4,
      "con_prompt": 1,
      "con_description": 3
    },
    "essay_main_subject": "인종차별에 대한 본인의 생각",
    "expression_weight": {
      "exp_style": 4,
      "exp_grammar": 2,
      "exp_vocab": 4,
      "exp": 3
    }
  },
  "correction": [],
  "info": {
    "essay_id": "ESSAY_70004",
    "essay_prompt": " 최근 중국발 코로나바이러스로 인해 동양인에 대한 혐오감을 나타내는 서양인들이 늘어나고 있습니다. 그로 인해, 매스컴이나 SNS에서 인종차별을 받아 힘들어하는 동양인들을 자주 목격할 수 있습니다.\n\n 하지만, 최근에만 인종차별이 존재했을까요? 아닙니다. 아주 오래전부터 다른 인종에 대한 차별은 있었습니다.\n\n 우리나라에서는 인종차별을 안 하고 있을까요? 아닙니다. 우리나라에서도 알게 모르게 많은 부분에서 다른 국가의 사람들에 대해 인종차별을 하고 있으며 누군가에게 상처를 주고 있습니다.\n\n 즉, 인종차별은 누군가의 문제가 아니라 우리 모두의 문제입니다.\n\n 여러분들은 인종차별을 당해보신 적 있나요? 인종차별을 하는 사람들에 대해 어떻게 생각하시나요? 왜 생겨났다고 생각하나요? 인종차별을 근절하기 위해서는 어떻게 해야 할까요? 인종차별을 하는 사람들에 대해 전 세계적으로 처벌의 강도를 높여야 할까요?\n\n 인종차별을 하는 사람들에 대한 본인의 생각을 작성하고 인종차별은 해결할 수 있는 문제일지 아니면 해결하지 어려운 문제일지 작성해주세요. 또한, 그렇게 생각한 이유와 본인이 생각한 해결방법 혹은 해결할 수 없다면 왜 해결할 수 없다고 생각하는지 작성해주세요.",
    "essay_type": "주장",
    "essay_level": "1",
    "essay_len": 905,
    "essay_main_subject": "인종차별에 대한 본인의 생각"
  }
}