{
  "paragraph": [
    {
      "paragraph_txt": "세계에는 다양한 인종이 있다 이 많은 인종이 다같이 공존하고 잘 살아가기 위해선 평등한 관계가 되어야 한다#@문장구분# 하지만 몇며의 사람들은 인종을 차별하고 다른 인종을 자신의 인종보다 못났다고 생각한다 #@문장구분#그래서 인종차별에 대한 범죄 등이 아직도 벌어지고 있다. #@문장구분#이러한 문제가 요즘 사회에 들어선 줄어들긴 했지만 아직 남아있다는 사실을 버리지 못한다.#@문장구분#우리 사회가 더 발전하고 더 좋은 사회를 만들기 위해선 인종차별은 사라져야 된다#@문장구분# 아주 예전에 흑인이 백인의 노예일때부터 지금까지 많은 시간도 지나고 인식도 바뀌어서 다행이다#@문장구분# 요즘엔 인종차별을 하면 인종을 불문하고 다같이 비난을 하고 인종차별이 나쁘다고 말해주고 있다#@문장구분# 인종차별이 사라지고 있는 지금 얼마전에 인종차별같아 보이는 사건이 발생했다.#@문장구분# 백인 경찰이 흑인 용의자를 과잉진압으로 죽인 것이다. #@문장구분#이 사건으로 시위가 일어났고 인종차별을 멈추라는 시위가 일어났다#@문장구분# 그래서 그 백인 경찰은 해고되었다.#@문장구분# 하지만 알아보니 그 흑인은 전과자에 마약에 찌들어 있었다#@문장구분# 과잉진압으로 죽인 것은 잘못이지만 인종차별이 사라지면서 민감해진 요즘 사회에 백인 경찰이 흑인을 과잉진압으로 죽였다 라는 것만 보고 또 백인 경찰만 비난하는 것이 과연 평등해진 사회일까 싶다#@문장구분# 그래서 인종차별을 무조건 사라져야 된다고 생각하지만 그렇다고 흑인이 피해자가 됬을 때 인종 차별이라고만 말하지 말고 정확한 정보로 행동해야 된다고 생각한다. #@문장구분#앞으로는 제발 인종차별이 없어졌으면 좋겠고 사람들이 상처받지 않았으면 좋겠다.#@문장구분# 앞으로의 미래에는 인종차별로 인해 상처받고 고통 받는 사람들이 줄어들었으면 좋겠다.#@문장구분# 그러기 위해서는 우리 먼저 인종차별을 하지 않는 태도를 보여주어야 할 것으로 생각한다. #@문장구분#그러다 보면 언젠가는 인종차별이 사라질 수 있을 것이라고 나는 믿어 의심치 않는다. #@문장구분#꼭 인종차별은 사라져야할 악습이다라고 생각한다.",
      "paragraph_len": 1267,
      "paragraph_id": "001"
    }
  ],
  "score": {
    "paragraph_score": [
      {
        "paragraph_scoreT": [
          3,
          3,
          2.8
        ],
        "paragraph_scoreT_detail": {
          "paragraph_scoreT_exp": [
            [
              3,
              3,
              3
            ],
            [
              3,
              3,
              3
            ],
            [
              2,
              3,
              3
            ]
          ]
        },
        "paragraph_scoreT_avg": 2.9333334,
        "paragraph_id": "001"
      }
    ],
    "essay_scoreT": [
      30,
      30,
      25.4
    ],
    "essay_scoreT_avg": 28.466667,
    "essay_scoreT_detail": {
      "essay_scoreT_org": [
        [
          3,
          3,
          3,
          3
        ],
        [
          3,
          3,
          3,
          3
        ],
        [
          3,
          3,
          3,
          3
        ]
      ],
      "essay_scoreT_cont": [
        [
          3,
          3,
          3,
          3
        ],
        [
          3,
          3,
          3,
          3
        ],
        [
          2,
          2,
          2,
          2
        ]
      ],
      "essay_scoreT_exp": [
        [
          3,
          3,
          3
        ],
        [
          3,
          3,
          3
        ],
        [
          2,
          3,
          3
        ]
      ]
    }
  },
  "student": {
    "date": "2021.12.16",
    "student_educated": true,
    "student_grade": "고등_2학년",
    "location": "063",
    "student_grade_group": "고등",
    "student_reading": 1
  },
  "rubric": {
    "essay_grade": "고등_2학년",
    "organization_weight": {
      "org_paragraph": 3,
      "org": 3,
      "org_essay": 3,
      "org_coherence": 3,
      "org_quantity": 1
    },
    "essay_type": "주장",
    "content_weight": {
      "con_clearance": 3,
      "con_novelty": 3,
      "con": 4,
      "con_prompt": 1,
      "con_description": 3
    },
    "essay_main_subject": "인종차별에 대한 본인의 생각",
    "expression_weight": {
      "exp_style": 4,
      "exp_grammar": 2,
      "exp_vocab": 4,
      "exp": 3
    }
  },
  "correction": [],
  "info": {
    "essay_id": "ESSAY_66936",
    "essay_prompt": " 최근 중국발 코로나바이러스로 인해 동양인에 대한 혐오감을 나타내는 서양인들이 늘어나고 있습니다. 그로 인해, 매스컴이나 SNS에서 인종차별을 받아 힘들어하는 동양인들을 자주 목격할 수 있습니다.\n\n 하지만, 최근에만 인종차별이 존재했을까요? 아닙니다. 아주 오래전부터 다른 인종에 대한 차별은 있었습니다.\n\n 우리나라에서는 인종차별을 안 하고 있을까요? 아닙니다. 우리나라에서도 알게 모르게 많은 부분에서 다른 국가의 사람들에 대해 인종차별을 하고 있으며 누군가에게 상처를 주고 있습니다.\n\n 즉, 인종차별은 누군가의 문제가 아니라 우리 모두의 문제입니다.\n\n 여러분들은 인종차별을 당해보신 적 있나요? 인종차별을 하는 사람들에 대해 어떻게 생각하시나요? 왜 생겨났다고 생각하나요? 인종차별을 근절하기 위해서는 어떻게 해야 할까요? 인종차별을 하는 사람들에 대해 전 세계적으로 처벌의 강도를 높여야 할까요?\n\n 인종차별을 하는 사람들에 대한 본인의 생각을 작성하고 인종차별은 해결할 수 있는 문제일지 아니면 해결하지 어려운 문제일지 작성해주세요. 또한, 그렇게 생각한 이유와 본인이 생각한 해결방법 혹은 해결할 수 없다면 왜 해결할 수 없다고 생각하는지 작성해주세요.",
    "essay_type": "주장",
    "essay_level": "1",
    "essay_len": 908,
    "essay_main_subject": "인종차별에 대한 본인의 생각"
  }
}