{
  "paragraph": [
    {
      "paragraph_txt": "어린시절 인종차별을 하는 부모님 아래서 커온 사람이라면 나도모르게 인종차별을 하고 편견을 가지고 사람들을 바라보게 될것이지만 사람들의 다름을 인정하고 배려하는 부모 밑에서 자란 사람들은 눈높이 자체가 완젼 다른 사람으로 자라나게 되는 것입니다.#@문장구분#  어린시절부터 인종차별에 대한 교육을 받는다면 이런 일이 발생하지도 않았을 것입니다.#@문장구분#  요즘은 다문화 가정도 많이 생겨나 주변에서 피부색이 다른 친구들도 종종 볼 수 있다#@문장구분#전세계적으로 인기를 끌었던 넷플릭스 드라마 오징어게임에 출연한 필리핀 출신 배우 크리스찬 라가힐이 자신의 유튜브 채널을 통해 한국에서 인종차별을 경험했다고 말했습니다.#@문장구분#  그에 말에 따르면 '마을버스에서 50대 여성이 노려봤다', '얼굴에 양배추를 맞은 적이 있다'며 자신의 경험을 밝혔습니다.#@문장구분#  그리고 그는 그가 당한 인종차별에 대해 반백해 보았지만 소용없었다고 합니다.#@문장구분#  더욱 안타까운 점은 아무도 도와준 사람이 없었다는 것입니다.#@문장구분#  인종차별을 하는 사람들은 잘못된 인식을 가지고 살아가는 거 같다.#@문장구분#  피부색이 다르다고 머리색이 다르다고 사람이 아닌건 아닌데 말이다.#@문장구분#  우리도 유럽 혹은 북미에 가면 차별을 경험한 만큼 우리는 그러지 말아야하는데 안타까움을 느꼈습니다.#@문장구분#자신과 다르다는 이유로 인해 혐오감이나 낯설음을 느껴 인종차별이 발생한다고 생각한다.#@문장구분#  나는 이 문제를 해결하기 위해 많은 고민을 해봤다.#@문장구분#  우선 나는 인종차별이 낯설음 때문에 발생한다고 생각한다.#@문장구분#  태어나서부터 클 때까지 다른 인종을 보지 못하고 경험해 보지 못했기 때문에 인종차별이 발생한다고 생각한다.#@문장구분#  그래서 나는 이 문제를 해결하기 위해서 어렸을 때 바로 유치원 때부터 다양한 인종에 대해 배우고 공부하는 시간을 가졌으면 좋겠다.#@문장구분#그러면 어렸을 때부터 다양한 인종을 경험하면서 낯설음이 조금이나마 사라져 다른 인종을 본다고 해도 혐오감이 사라질 수 있다고 생각한다.#@문장구분#",
      "paragraph_len": 1247,
      "paragraph_id": "001"
    }
  ],
  "score": {
    "paragraph_score": [
      {
        "paragraph_scoreT": [
          2.4,
          2.4,
          2.4
        ],
        "paragraph_scoreT_detail": {
          "paragraph_scoreT_exp": [
            [
              2,
              3,
              2
            ],
            [
              2,
              3,
              2
            ],
            [
              2,
              3,
              2
            ]
          ]
        },
        "paragraph_scoreT_avg": 2.4,
        "paragraph_id": "001"
      }
    ],
    "essay_scoreT": [
      22.7,
      24,
      25.2
    ],
    "essay_scoreT_avg": 23.966667,
    "essay_scoreT_detail": {
      "essay_scoreT_org": [
        [
          2,
          2,
          2,
          3
        ],
        [
          3,
          2,
          2,
          3
        ],
        [
          2,
          2,
          3,
          3
        ]
      ],
      "essay_scoreT_cont": [
        [
          2,
          2,
          2,
          3
        ],
        [
          3,
          2,
          3,
          2
        ],
        [
          3,
          2,
          3,
          3
        ]
      ],
      "essay_scoreT_exp": [
        [
          2,
          3,
          2
        ],
        [
          2,
          3,
          2
        ],
        [
          2,
          3,
          2
        ]
      ]
    }
  },
  "student": {
    "date": "2021.12.18",
    "student_educated": true,
    "student_grade": "고등_2학년",
    "location": "063",
    "student_grade_group": "고등",
    "student_reading": 2
  },
  "rubric": {
    "essay_grade": "고등_2학년",
    "organization_weight": {
      "org_paragraph": 3,
      "org": 3,
      "org_essay": 3,
      "org_coherence": 3,
      "org_quantity": 1
    },
    "essay_type": "주장",
    "content_weight": {
      "con_clearance": 3,
      "con_novelty": 3,
      "con": 4,
      "con_prompt": 1,
      "con_description": 3
    },
    "essay_main_subject": "인종차별에 대한 본인의 생각",
    "expression_weight": {
      "exp_style": 4,
      "exp_grammar": 2,
      "exp_vocab": 4,
      "exp": 3
    }
  },
  "correction": [],
  "info": {
    "essay_id": "ESSAY_70023",
    "essay_prompt": " 최근 중국발 코로나바이러스로 인해 동양인에 대한 혐오감을 나타내는 서양인들이 늘어나고 있습니다. 그로 인해, 매스컴이나 SNS에서 인종차별을 받아 힘들어하는 동양인들을 자주 목격할 수 있습니다.\n\n 하지만, 최근에만 인종차별이 존재했을까요? 아닙니다. 아주 오래전부터 다른 인종에 대한 차별은 있었습니다.\n\n 우리나라에서는 인종차별을 안 하고 있을까요? 아닙니다. 우리나라에서도 알게 모르게 많은 부분에서 다른 국가의 사람들에 대해 인종차별을 하고 있으며 누군가에게 상처를 주고 있습니다.\n\n 즉, 인종차별은 누군가의 문제가 아니라 우리 모두의 문제입니다.\n\n 여러분들은 인종차별을 당해보신 적 있나요? 인종차별을 하는 사람들에 대해 어떻게 생각하시나요? 왜 생겨났다고 생각하나요? 인종차별을 근절하기 위해서는 어떻게 해야 할까요? 인종차별을 하는 사람들에 대해 전 세계적으로 처벌의 강도를 높여야 할까요?\n\n 인종차별을 하는 사람들에 대한 본인의 생각을 작성하고 인종차별은 해결할 수 있는 문제일지 아니면 해결하지 어려운 문제일지 작성해주세요. 또한, 그렇게 생각한 이유와 본인이 생각한 해결방법 혹은 해결할 수 없다면 왜 해결할 수 없다고 생각하는지 작성해주세요.",
    "essay_type": "주장",
    "essay_level": "1",
    "essay_len": 927,
    "essay_main_subject": "인종차별에 대한 본인의 생각"
  }
}