{
  "paragraph": [
    {
      "paragraph_txt": "최근 세계화의 발달로 나라간의 교류가 활발해짐에 따라 국제결혼이 증가하고 있는 추세이다.#@문장구분#  이에 따라 자연히 혼혈아가 늘어나게 되었다.#@문장구분#  그런데 문제는 이렇게 늘어난 혼혈인 중에서 특히 동남아 계통의 혼혈인들은 한국사회에서 설 자리를 잡지 못하고 소외되어간다는 것이다.#@문장구분#  급속히 진행되고 있는 세계화의 물결과 달리 세계인의 혼혈아에 대한 인식은 거기에 발맞추지 못하고 있는 실정이다.#@문장구분#  물론 과거에 비해 그들을 바라보는 시선이 부드러워 진 것은 사실이다.#@문장구분#  하지만 강대국의 혼혈인에 비해 약소국의 혼혈인에 대한 차별은 존재하며 차별이 공공연히 일어나고 있는 것이 문제다.#@문장구분# 서양의 우월주의가 약소국의 혼혈인에 대한 차별을 더 확대시킨다고 생각한다.#@문장구분#  서양의 부유한 이미지는 서양 혼혈아 또한 잘사는 사람이고 긍정적으로 받아들이게 하는 반면 약소국의 가난한 이미지가 흑인이나 약소국의 혼혈아들에 대해 부정적인 선입견을 갖게 한다.#@문장구분#  이러한 사고는 분명 같은 한국인임에도 불구하고 우리와는 다른 못사는 나라의 사람이라고 인식하여 우리가 그들보다 더 우월하다고 착각을 하게 만들고 결과적으로 그들을 우리 사회로부터 밀어내고 있는 것이다.#@문장구분#  우리는 이러한 차별을 해결하기 위해서 몇 가지 노력을 해야 한다.#@문장구분#  우선, 인식의 전환이 필요하며 정부의 정책 또한 뒷받침 되어야 할 것이다.#@문장구분#  약소국의 혼혈인이라고 해서 이들이 우리보다 미개하지도 않고 물론 서양 혼혈인이라고 해서 우리보다 우월하지도 않다.#@문장구분#  우리는 이들의 차이점을 인정해야 하며 이 차이점이 차별의 근거가 되서는 안 됨을 기억해야 한다.#@문장구분#  하지만 현실은 아직까지 동남아 계통의 혼혈인에게 냉정하다.#@문장구분#  따라서 정부의 지원이 요구된다.#@문장구분#  경제적으로 불우한 혼혈인에 대하여 생활보호 대상자에 준하는 정책이 필요하다.#@문장구분#  혼혈아동이 있는 가정의 경우 학비를 지원해 주고 혼혈인을 대상으로 전문 기술을 가르치는 등의 구체적인 방법이 모색되어야 한다#@문장구분#",
      "paragraph_len": 1285,
      "paragraph_id": "001"
    }
  ],
  "score": {
    "paragraph_score": [
      {
        "paragraph_scoreT": [
          2.8,
          2.8,
          2.4
        ],
        "paragraph_scoreT_detail": {
          "paragraph_scoreT_exp": [
            [
              2,
              3,
              3
            ],
            [
              2,
              3,
              3
            ],
            [
              2,
              3,
              2
            ]
          ]
        },
        "paragraph_scoreT_avg": 2.6666667,
        "paragraph_id": "001"
      }
    ],
    "essay_scoreT": [
      24.8,
      26.400002,
      27.300001
    ],
    "essay_scoreT_avg": 26.166666,
    "essay_scoreT_detail": {
      "essay_scoreT_org": [
        [
          2,
          2,
          3,
          3
        ],
        [
          2,
          3,
          2,
          3
        ],
        [
          3,
          3,
          2,
          3
        ]
      ],
      "essay_scoreT_cont": [
        [
          2,
          2,
          2,
          3
        ],
        [
          3,
          2,
          3,
          3
        ],
        [
          3,
          3,
          3,
          3
        ]
      ],
      "essay_scoreT_exp": [
        [
          2,
          3,
          3
        ],
        [
          2,
          3,
          3
        ],
        [
          2,
          3,
          2
        ]
      ]
    }
  },
  "student": {
    "date": "2021.12.18",
    "student_educated": true,
    "student_grade": "고등_2학년",
    "location": "063",
    "student_grade_group": "고등",
    "student_reading": 2
  },
  "rubric": {
    "essay_grade": "고등_2학년",
    "organization_weight": {
      "org_paragraph": 3,
      "org": 3,
      "org_essay": 3,
      "org_coherence": 3,
      "org_quantity": 1
    },
    "essay_type": "주장",
    "content_weight": {
      "con_clearance": 3,
      "con_novelty": 3,
      "con": 4,
      "con_prompt": 1,
      "con_description": 3
    },
    "essay_main_subject": "인종차별에 대한 본인의 생각",
    "expression_weight": {
      "exp_style": 4,
      "exp_grammar": 2,
      "exp_vocab": 4,
      "exp": 3
    }
  },
  "correction": [],
  "info": {
    "essay_id": "ESSAY_70009",
    "essay_prompt": " 최근 중국발 코로나바이러스로 인해 동양인에 대한 혐오감을 나타내는 서양인들이 늘어나고 있습니다. 그로 인해, 매스컴이나 SNS에서 인종차별을 받아 힘들어하는 동양인들을 자주 목격할 수 있습니다.\n\n 하지만, 최근에만 인종차별이 존재했을까요? 아닙니다. 아주 오래전부터 다른 인종에 대한 차별은 있었습니다.\n\n 우리나라에서는 인종차별을 안 하고 있을까요? 아닙니다. 우리나라에서도 알게 모르게 많은 부분에서 다른 국가의 사람들에 대해 인종차별을 하고 있으며 누군가에게 상처를 주고 있습니다.\n\n 즉, 인종차별은 누군가의 문제가 아니라 우리 모두의 문제입니다.\n\n 여러분들은 인종차별을 당해보신 적 있나요? 인종차별을 하는 사람들에 대해 어떻게 생각하시나요? 왜 생겨났다고 생각하나요? 인종차별을 근절하기 위해서는 어떻게 해야 할까요? 인종차별을 하는 사람들에 대해 전 세계적으로 처벌의 강도를 높여야 할까요?\n\n 인종차별을 하는 사람들에 대한 본인의 생각을 작성하고 인종차별은 해결할 수 있는 문제일지 아니면 해결하지 어려운 문제일지 작성해주세요. 또한, 그렇게 생각한 이유와 본인이 생각한 해결방법 혹은 해결할 수 없다면 왜 해결할 수 없다고 생각하는지 작성해주세요.",
    "essay_type": "주장",
    "essay_level": "1",
    "essay_len": 945,
    "essay_main_subject": "인종차별에 대한 본인의 생각"
  }
}