{
  "paragraph": [
    {
      "paragraph_txt": "인종차별은 예술을 행하는 곳에서 까지 벌어지고 있다. #@문장구분#예술은 그 행위 자체가 겉모양이 아닌 마음을 봐야하는 것인데 예술 분야에서도 인종차별은 빈번히 일어나고 있다.#@문장구분# 최근 이슈가된 베를린 슈타츠 발레단에서 고전발레 명작 '호두까지 인형'을 크리스마스 공연에서 배제하기고 했다고 합니다.#@문장구분# 일부 연출 중 인종차별적 요소가 있다는 이유 때문이라고 뉴스에서 나왔습니다.#@문장구분# 이 기사의 내용은 이렇습니다.#@문장구분# 발레단의 예술감독 대행인 크리스티나 테오발트는 호두까기 인형의 공연에 포함된 중국과 동양의 무용파트에 인종적인 고정관념을 지닌 요소가 있다고 밝혔다고 합니다. #@문장구분#문제의 연출부분은 극중 과자를 의인화해 각국의 민속품으로 표현하는 막에서 나옵니다.#@문장구분# 특히 중국무용파트에서 우스꽝스러운 분장과 과장된 무용을 선보이거나 노란색 피부색으로 분장하는 등 인종차별적 요소가 다분이 있다는 것입니다.#@문장구분# 그리고 일각에서는 이러한 표현이 불편하다는 지적이 나왔습니다. #@문장구분#이에 전 세계의 발레단에서는 달라진 의식 흐름에 발 맞추어 공연을 검토하거나 수정하려는 움직임을 나타내고 있다고 합니다.#@문장구분# 하지만 슈타츠발레단의 결정이후 현지 언론에서는 세계의 여러 발레단과 상반된 반응을 보이고 있었습니다. #@문장구분#보수성향의 신문매체에서는 \"그런 이유로 공연하지 않는 것은 오만하다\", \"모든 중국인이 프티파의 발레 버전에 나타난 것처럼 곡예가이거나 기교가는 아니다\"고 지적하였다고 합니다.#@문장구분# 반면 독일의 모 일간지는 작품이 만들어진 문화나 역사적 맥락과 더불어 오늘날의 어떤 요소가  이런 사회적 흐름에 따라 유럽의 발레단들에서는 극중 피부색 분장을 폐지하였으며 미국과 캐나다, 영국 등지에서도 고전 작품을 반인종주의와 다양성을 기준에 두고 개선하고 있다고 합니다.",
      "paragraph_len": 1085,
      "paragraph_id": "001"
    }
  ],
  "score": {
    "paragraph_score": [
      {
        "paragraph_scoreT": [
          2.8,
          2.4,
          2.4
        ],
        "paragraph_scoreT_detail": {
          "paragraph_scoreT_exp": [
            [
              2,
              3,
              3
            ],
            [
              2,
              2,
              3
            ],
            [
              2,
              2,
              3
            ]
          ]
        },
        "paragraph_scoreT_avg": 2.5333333,
        "paragraph_id": "001"
      }
    ],
    "essay_scoreT": [
      29.4,
      26.400002,
      27.300001
    ],
    "essay_scoreT_avg": 27.700003,
    "essay_scoreT_detail": {
      "essay_scoreT_org": [
        [
          3,
          3,
          3,
          3
        ],
        [
          2,
          2,
          3,
          3
        ],
        [
          3,
          2,
          3,
          3
        ]
      ],
      "essay_scoreT_cont": [
        [
          3,
          3,
          3,
          3
        ],
        [
          3,
          3,
          3,
          3
        ],
        [
          3,
          3,
          3,
          3
        ]
      ],
      "essay_scoreT_exp": [
        [
          2,
          3,
          3
        ],
        [
          2,
          2,
          3
        ],
        [
          2,
          2,
          3
        ]
      ]
    }
  },
  "student": {
    "date": "2021.12.10",
    "student_educated": true,
    "student_grade": "고등_2학년",
    "location": "063",
    "student_grade_group": "고등",
    "student_reading": 1
  },
  "rubric": {
    "essay_grade": "고등_2학년",
    "organization_weight": {
      "org_paragraph": 3,
      "org": 3,
      "org_essay": 3,
      "org_coherence": 3,
      "org_quantity": 1
    },
    "essay_type": "주장",
    "content_weight": {
      "con_clearance": 3,
      "con_novelty": 3,
      "con": 4,
      "con_prompt": 1,
      "con_description": 3
    },
    "essay_main_subject": "인종차별에 대한 본인의 생각",
    "expression_weight": {
      "exp_style": 4,
      "exp_grammar": 2,
      "exp_vocab": 4,
      "exp": 3
    }
  },
  "correction": [],
  "info": {
    "essay_id": "ESSAY_57403",
    "essay_prompt": " 최근 중국발 코로나바이러스로 인해 동양인에 대한 혐오감을 나타내는 서양인들이 늘어나고 있습니다. 그로 인해, 매스컴이나 SNS에서 인종차별을 받아 힘들어하는 동양인들을 자주 목격할 수 있습니다.\n\n 하지만, 최근에만 인종차별이 존재했을까요? 아닙니다. 아주 오래전부터 다른 인종에 대한 차별은 있었습니다.\n\n 우리나라에서는 인종차별을 안 하고 있을까요? 아닙니다. 우리나라에서도 알게 모르게 많은 부분에서 다른 국가의 사람들에 대해 인종차별을 하고 있으며 누군가에게 상처를 주고 있습니다.\n\n 즉, 인종차별은 누군가의 문제가 아니라 우리 모두의 문제입니다.\n\n 여러분들은 인종차별을 당해보신 적 있나요? 인종차별을 하는 사람들에 대해 어떻게 생각하시나요? 왜 생겨났다고 생각하나요? 인종차별을 근절하기 위해서는 어떻게 해야 할까요? 인종차별을 하는 사람들에 대해 전 세계적으로 처벌의 강도를 높여야 할까요?\n\n 인종차별을 하는 사람들에 대한 본인의 생각을 작성하고 인종차별은 해결할 수 있는 문제일지 아니면 해결하지 어려운 문제일지 작성해주세요. 또한, 그렇게 생각한 이유와 본인이 생각한 해결방법 혹은 해결할 수 없다면 왜 해결할 수 없다고 생각하는지 작성해주세요.",
    "essay_type": "주장",
    "essay_level": "1",
    "essay_len": 846,
    "essay_main_subject": "인종차별에 대한 본인의 생각"
  }
}