{
  "paragraph": [
    {
      "paragraph_txt": "사전에서는 인종 차별을 인종적 편견 때문에 특정한 인종에게 사회적, 경제적,  법적 불평등을 강요하는 일이라고 규정하고 있습니다.#@문장구분# 백인들이 아프리카의 흑인들을 잡아다 노예로 부려먹은 일과 남아프리카 공화국의 아파르트헤이트 정책이 인종차별의 대표적인 예시로 뽑힙니다.#@문장구분#하지만 지금에 이르러서는 인종차별의 양상도 많이 달라졌다고 생각합니다.#@문장구분# 과거 인종차별이 백인을 우대하고 동양인과 흑인을 깔보는 경향이 있었다면 지금에서는 자신의 인종으로 차별하는 것이 아니고 문화차이로 인해 생기는 문제로 다른 인종을 욕하고 있습니다.#@문장구분# 우리나라 같은 경우는 길거리에서 쉽게 볼 수 있는 동남아시아 출신의 외국인 노동자들을 하대하는 경향이 있습니다.#@문장구분# 순전히 피부색이 다르다는 이유만 있는 것이 아니고 그들이 일자리를 뺐어간다고 생각하기 때문입니다.#@문장구분# 다문화 가정의 아이들도 차별의 대상 중 하나입니다.#@문장구분# 저 또한 어머니가 일본 출신이신 다문화가정이지만 피부색의 차이가 없어 차별을 받은 경험은 없습니다.#@문장구분# 하지만 초등학교 4학년 때 담임선생님께서 제 부모님께 저는 다문화가정 학생답지 않게 아이들과 잘 어울린다는 말씀을 하셨다는 것을 듣고 어느 정도의 선입견은 다들 갖고 있다는 것을 알게 되었습니다.#@문장구분# 2021년 지금은 출생아 100명 중 6명이 다문화가정인 시대가 되었습니다.#@문장구분# 피부색이 달라서, 또는 말이 어눌해서 학교에서 어울리지 못한다면 사회에서도 적응할 수 없게 될 가능성이 크다고 생각합니다.#@문장구분# 이런 현상은 이민자 출신과 한국 태생 구성원들 간에 극심한 차이를 만들어낼 것입니다.#@문장구분# 다문화 가정에게 한국사회에 적응할 수 있도록 지원을 해주고 다문화 교육을 통해 서로가 가진 문화적 차이를 이해하도록 만드는 것이 인종차별 해결을 위한 국가의 역할이라고 생각합니다.",
      "paragraph_len": 1107,
      "paragraph_id": "001"
    }
  ],
  "score": {
    "paragraph_score": [
      {
        "paragraph_scoreT": [
          3,
          3,
          3
        ],
        "paragraph_scoreT_detail": {
          "paragraph_scoreT_exp": [
            [
              3,
              3,
              3
            ],
            [
              3,
              3,
              3
            ],
            [
              3,
              3,
              3
            ]
          ]
        },
        "paragraph_scoreT_avg": 3,
        "paragraph_id": "001"
      }
    ],
    "essay_scoreT": [
      28.8,
      28.8,
      30
    ],
    "essay_scoreT_avg": 29.199999,
    "essay_scoreT_detail": {
      "essay_scoreT_org": [
        [
          3,
          3,
          3,
          3
        ],
        [
          3,
          3,
          3,
          3
        ],
        [
          3,
          3,
          3,
          3
        ]
      ],
      "essay_scoreT_cont": [
        [
          3,
          2,
          3,
          3
        ],
        [
          3,
          2,
          3,
          3
        ],
        [
          3,
          3,
          3,
          3
        ]
      ],
      "essay_scoreT_exp": [
        [
          3,
          3,
          3
        ],
        [
          3,
          3,
          3
        ],
        [
          3,
          3,
          3
        ]
      ]
    }
  },
  "student": {
    "date": "2021.12.15",
    "student_educated": true,
    "student_grade": "고등_2학년",
    "location": "063",
    "student_grade_group": "고등",
    "student_reading": 2
  },
  "rubric": {
    "essay_grade": "고등_2학년",
    "organization_weight": {
      "org_paragraph": 3,
      "org": 3,
      "org_essay": 3,
      "org_coherence": 3,
      "org_quantity": 1
    },
    "essay_type": "주장",
    "content_weight": {
      "con_clearance": 3,
      "con_novelty": 3,
      "con": 4,
      "con_prompt": 1,
      "con_description": 3
    },
    "essay_main_subject": "인종차별에 대한 본인의 생각",
    "expression_weight": {
      "exp_style": 4,
      "exp_grammar": 2,
      "exp_vocab": 4,
      "exp": 3
    }
  },
  "correction": [],
  "info": {
    "essay_id": "ESSAY_64515",
    "essay_prompt": " 최근 중국발 코로나바이러스로 인해 동양인에 대한 혐오감을 나타내는 서양인들이 늘어나고 있습니다. 그로 인해, 매스컴이나 SNS에서 인종차별을 받아 힘들어하는 동양인들을 자주 목격할 수 있습니다.\n\n 하지만, 최근에만 인종차별이 존재했을까요? 아닙니다. 아주 오래전부터 다른 인종에 대한 차별은 있었습니다.\n\n 우리나라에서는 인종차별을 안 하고 있을까요? 아닙니다. 우리나라에서도 알게 모르게 많은 부분에서 다른 국가의 사람들에 대해 인종차별을 하고 있으며 누군가에게 상처를 주고 있습니다.\n\n 즉, 인종차별은 누군가의 문제가 아니라 우리 모두의 문제입니다.\n\n 여러분들은 인종차별을 당해보신 적 있나요? 인종차별을 하는 사람들에 대해 어떻게 생각하시나요? 왜 생겨났다고 생각하나요? 인종차별을 근절하기 위해서는 어떻게 해야 할까요? 인종차별을 하는 사람들에 대해 전 세계적으로 처벌의 강도를 높여야 할까요?\n\n 인종차별을 하는 사람들에 대한 본인의 생각을 작성하고 인종차별은 해결할 수 있는 문제일지 아니면 해결하지 어려운 문제일지 작성해주세요. 또한, 그렇게 생각한 이유와 본인이 생각한 해결방법 혹은 해결할 수 없다면 왜 해결할 수 없다고 생각하는지 작성해주세요.",
    "essay_type": "주장",
    "essay_level": "1",
    "essay_len": 863,
    "essay_main_subject": "인종차별에 대한 본인의 생각"
  }
}