{
  "paragraph": [
    {
      "paragraph_txt": "현재 살아가는 세상에선 과거부터 이어져 온 인종차별에 대해 얼마나 많은 관심과 잘못된 모습을 바꾸려 노력하고 있는지 진지하게 한 번이라도 생각해보신 적이 얼마나 있나요?#@문장구분# 과거보다 많이 좋아졌다고 말하고 인종 차별에 관련된 사건들을 숨기지 않고 사람들에게 알리는 횟수가 늘어났다고 하지만 여전히 인종 차별로 피해를 보는 사람들의 아픔이나 생각을 들어볼 기회는 많이 없는 게 현실입니다.#@문장구분# 개인적으로 관심을 가지고 찾아보지 않는 한 그들의 목소리를 흔히 접하는 다른 사회적 문제처럼 미디어 매체에서 접할 수 있는 소통의 장은 부족합니다.#@문장구분# 인종 차별로 누군가가 상처를 받고 고통을 느끼며 또 다른 사회적 문제로 이어지기 전에 그들의 목소리를 들어 그 문제를 해결하려고 하는 경우가 잘 없습니다.#@문장구분# 이런 문제점에 대해 우리가 깊이 있게 생각하고 그동안 부족함을 채워주지 못한 부분을 지금이라도 채우기 위해 노력해야 하는 자세가 필요합니다.#@문장구분# 누가 잘못했고 잘했는지를 가르며 편을 나누는 게 아니라 인종차별을 당하는 사람들이 어떠한 질타도 받지 않고 그들이 말하는 걸 있는 그대로 받아들여 주는 분위기가 기반인 소통의 장을 많이 만들어야 합니다.#@문장구분# 그들이 인종차별에 당당하게 소리치고 그들이 또 다른 차별의 눈빛이 무서워 침묵하는 일이 반복되는 걸 막아야 합니다.#@문장구분# 만약 이런 자세가 앞으로도 바뀌지 않는다면 인류가 살아가는 시간 속에서 인종차별은 늘 중대하고 끊이지 않는 사회적 문제로 남아있을 것입니다.#@문장구분# 우선 나 하나 쯤이야라는 생각을 버리고 나 부터 라는 생각을 가지고 실천한다면 모두가 장애인분들을 배려하고 아껴주는 그런 사회가 올 것이라고 믿어 의심치 않습니다.#@문장구분# 우리는 태어날 때부터 장애인과 비장애인으로 나뉘어진 것이 아닌 살다보니 장애를 얻었다는 것을 잊지 말아야 한다고 생각합니다.",
      "paragraph_len": 1063,
      "paragraph_id": "001"
    }
  ],
  "score": {
    "paragraph_score": [
      {
        "paragraph_scoreT": [
          3,
          3,
          3
        ],
        "paragraph_scoreT_detail": {
          "paragraph_scoreT_exp": [
            [
              3,
              3,
              3
            ],
            [
              3,
              3,
              3
            ],
            [
              3,
              3,
              3
            ]
          ]
        },
        "paragraph_scoreT_avg": 3,
        "paragraph_id": "001"
      }
    ],
    "essay_scoreT": [
      28.8,
      28.8,
      27.2
    ],
    "essay_scoreT_avg": 28.266668,
    "essay_scoreT_detail": {
      "essay_scoreT_org": [
        [
          3,
          3,
          3,
          3
        ],
        [
          3,
          3,
          3,
          3
        ],
        [
          3,
          3,
          3,
          3
        ]
      ],
      "essay_scoreT_cont": [
        [
          3,
          2,
          3,
          3
        ],
        [
          3,
          2,
          3,
          3
        ],
        [
          3,
          2,
          2,
          2
        ]
      ],
      "essay_scoreT_exp": [
        [
          3,
          3,
          3
        ],
        [
          3,
          3,
          3
        ],
        [
          3,
          3,
          3
        ]
      ]
    }
  },
  "student": {
    "date": "2021.12.16",
    "student_educated": true,
    "student_grade": "고등_2학년",
    "location": "044",
    "student_grade_group": "고등",
    "student_reading": 1
  },
  "rubric": {
    "essay_grade": "고등_2학년",
    "organization_weight": {
      "org_paragraph": 3,
      "org": 3,
      "org_essay": 3,
      "org_coherence": 3,
      "org_quantity": 1
    },
    "essay_type": "주장",
    "content_weight": {
      "con_clearance": 3,
      "con_novelty": 3,
      "con": 4,
      "con_prompt": 1,
      "con_description": 3
    },
    "essay_main_subject": "인종차별에 대한 본인의 생각",
    "expression_weight": {
      "exp_style": 4,
      "exp_grammar": 2,
      "exp_vocab": 4,
      "exp": 3
    }
  },
  "correction": [],
  "info": {
    "essay_id": "ESSAY_64512",
    "essay_prompt": " 최근 중국발 코로나바이러스로 인해 동양인에 대한 혐오감을 나타내는 서양인들이 늘어나고 있습니다. 그로 인해, 매스컴이나 SNS에서 인종차별을 받아 힘들어하는 동양인들을 자주 목격할 수 있습니다.\n\n 하지만, 최근에만 인종차별이 존재했을까요? 아닙니다. 아주 오래전부터 다른 인종에 대한 차별은 있었습니다.\n\n 우리나라에서는 인종차별을 안 하고 있을까요? 아닙니다. 우리나라에서도 알게 모르게 많은 부분에서 다른 국가의 사람들에 대해 인종차별을 하고 있으며 누군가에게 상처를 주고 있습니다.\n\n 즉, 인종차별은 누군가의 문제가 아니라 우리 모두의 문제입니다.\n\n 여러분들은 인종차별을 당해보신 적 있나요? 인종차별을 하는 사람들에 대해 어떻게 생각하시나요? 왜 생겨났다고 생각하나요? 인종차별을 근절하기 위해서는 어떻게 해야 할까요? 인종차별을 하는 사람들에 대해 전 세계적으로 처벌의 강도를 높여야 할까요?\n\n 인종차별을 하는 사람들에 대한 본인의 생각을 작성하고 인종차별은 해결할 수 있는 문제일지 아니면 해결하지 어려운 문제일지 작성해주세요. 또한, 그렇게 생각한 이유와 본인이 생각한 해결방법 혹은 해결할 수 없다면 왜 해결할 수 없다고 생각하는지 작성해주세요.",
    "essay_type": "주장",
    "essay_level": "1",
    "essay_len": 886,
    "essay_main_subject": "인종차별에 대한 본인의 생각"
  }
}