{
  "paragraph": [
    {
      "paragraph_txt": "코로나19 백신의 특허권은 보장 된지 않아야 한다고 생각합니다.#@문장구분# 코로나 바이러스는 부유한 국가나 빈곤한 국가를 가리지 않고 전 세계적으로 확산된 질병입니다. #@문장구분#변이가 쉬운 RNA바이러스의 특성 때문에 코로나 바이러스는 변이를 거듭해 수많은 감염자들을 만들어냈습니다.#@문장구분# 다행히도 백신의 개발에는 성공했지만 미국과 같은 선진국이 백신을 독점한 형태이기 때문에 개발도상국에서는 백신을 맞아보지도 못하고 죽는 경우가 많다고 합니다.#@문장구분# 코로나 바이러스는 더이상 한 국가만의 문제가 아니라 전 세계적인 문제입니다.#@문장구분# 강력한 전염성을 가진 코로나 바이러스의 특성상 감염자가 한 명이라도 존재한다면 코로나 바이러스는 다시 세계를 누비며 질병을 퍼뜨릴 것입니다.#@문장구분# 그렇기 때문에 이 질병을 막기 위해서는 전 국가가 협력해야 합니다.#@문장구분# 저는 그런 이유로 백신을 공유해야 한다고 생각합니다. #@문장구분#특허권을 포기한다면 직접 백신을 개발할 자본이나 기술력이 없는 국가들도 제조법을 이용해 백신을 자가 수급 할 수 있게 될 것이고 그렇게 된다면 코로나 바이러스의 박멸에 한 발짝 더 다가갈 수 읶게 되는 것입니다. #@문장구분#이와 비슷한 사례로는 소아마비 백신을 만든 소크 박사가 있습니다. #@문장구분#소아의 전신을 공격해 소아의 몸에 마비를 일으키는 소아마비 바이러스는 당시 가장 무서운 바이러스들 중 하나였습니다. #@문장구분#소아마비 바이러스의 백신을 개발하는 데 성공한 소크 박사는 태양에 특허를 낼 수 없는 것처럼 자신도 소아마비 백신에 특허를 낼 수 없다고 하였고, 그는 정말로 백신에 대한 특허권을 주장하지 않았습니다.#@문장구분# 약을 제조하는 이들의 목적은 사람들을 살리고 치료에 도움이 되는 것이어야지, 돈을 벌기위해서가 목적이 되어서는 안 된다고 생각합니다.#@문장구분# 질병 앞에서 만인은 평등해야 한다는 것이 제 견해입니다.#@문장구분#",
      "paragraph_len": 1151,
      "paragraph_id": "001"
    }
  ],
  "score": {
    "paragraph_score": [
      {
        "paragraph_scoreT": [
          3,
          3,
          3
        ],
        "paragraph_scoreT_detail": {
          "paragraph_scoreT_exp": [
            [
              3,
              3,
              3
            ],
            [
              3,
              3,
              3
            ],
            [
              3,
              3,
              3
            ]
          ]
        },
        "paragraph_scoreT_avg": 3,
        "paragraph_id": "001"
      }
    ],
    "essay_scoreT": [
      28.8,
      28.8,
      30
    ],
    "essay_scoreT_avg": 29.199999,
    "essay_scoreT_detail": {
      "essay_scoreT_org": [
        [
          3,
          3,
          3,
          3
        ],
        [
          3,
          3,
          3,
          3
        ],
        [
          3,
          3,
          3,
          3
        ]
      ],
      "essay_scoreT_cont": [
        [
          3,
          2,
          3,
          3
        ],
        [
          3,
          2,
          3,
          3
        ],
        [
          3,
          3,
          3,
          3
        ]
      ],
      "essay_scoreT_exp": [
        [
          3,
          3,
          3
        ],
        [
          3,
          3,
          3
        ],
        [
          3,
          3,
          3
        ]
      ]
    }
  },
  "student": {
    "date": "2021.12.11",
    "student_educated": true,
    "student_grade": "고등_2학년",
    "location": "063",
    "student_grade_group": "고등",
    "student_reading": 2
  },
  "rubric": {
    "essay_grade": "고등_2학년",
    "organization_weight": {
      "org_paragraph": 3,
      "org": 3,
      "org_essay": 3,
      "org_coherence": 3,
      "org_quantity": 1
    },
    "essay_type": "주장",
    "content_weight": {
      "con_clearance": 3,
      "con_novelty": 3,
      "con": 4,
      "con_prompt": 1,
      "con_description": 3
    },
    "essay_main_subject": "지적 재산권에 대한 본인의 생각 작성",
    "expression_weight": {
      "exp_style": 4,
      "exp_grammar": 2,
      "exp_vocab": 4,
      "exp": 3
    }
  },
  "correction": [],
  "info": {
    "essay_id": "ESSAY_63657",
    "essay_prompt": " 지적재산권이란 특허권, 실용신안권, 상표권, 디자인권을 총칭하는 개념으로 지적재산권법은 정보생산자에게 일정기간 동안 시장에서의 배타적 지위를 부여하고 있습니다.\n\n 즉, 지적 재산권은 특정 사람이 생각/창작해낸 것을 다른사람들의 무분별한 이용으로 부터 지켜주는 것입니다. 이러한 지적재산권은 개인 혹은 회사 더 나아가 나라에 귀속될 수 있습니다.\n\n 다만, 코로나 시대인 요즘 전 세계적인 재앙인 코로나를 물리칠 수 있는 백신에 대한 지적재산권을 자유롭게 풀어야한다는 의견이 계속해서 나오고 있습니다. \n\n 지적 재산권이 있는 제약회사가 있는 나라의 경우 백신이 충분하며 백신을 맞는 것이 선택의 문제인 반면, 그렇지 못한 나라는 백신을 맞고 싶어도 맞지 못하는 사람들이 많고 항체가 없어 사망하는 경우도 비교적 많이 때문입니다.\n\n 전 세계의 문제를 해결하기 위해 수 많은 돈을 들여 개발한 백신의 지적재산권을 공유하는 것이 의무화 되어야 할까요? 아니면 회사의 선택에 맡겨야할까요? 보상은 어떻게 해야할까요? \n\n 전 세계에 무상으로 공개 해야 한다는 의견이 있을 수도 있고 무상으로 공개한 회사의 경우 팬더믹 상황이 종결 된 후 따로 보상을 해주어야 한다는 의견도 있을 겁니다. 지적재산권의 변하지 않는 신뢰를 위해서라도 무상 공개는 절대 있어서는 안된다는 의견도 있을 것입니다.\n\n 지금까지도 펜더믹 상황에서 코로나19 백신에 대한 특허권을 보장해야 하느냐 풀어야 하느냐 의견이 분분합니다. 이에 대한 자신의 주장을 작성해주세요. 또한, 그렇게 생각한 이유도 설명해주세요.",
    "essay_type": "주장",
    "essay_level": "1",
    "essay_len": 866,
    "essay_main_subject": "지적 재산권에 대한 본인의 생각 작성"
  }
}