{
  "paragraph": [
    {
      "paragraph_txt": "인종차별은 영국에서 신대륙을 발견하고 거기에 흑인들을 노예로 잡아가 일을 시키면서 시작되었다.#@문장구분# 사람을 돈으로 사고, 팔고 사람을 사람으로 생각하지 않고 소유물, 또는 소모품으로 사용하여 쓰다 병이 들면 버렸다.#@문장구분# 흑인들은 백인들의 노예로 농장에서 가정에서 그들의 자식도 그 자식의 자식도 노예로 되물림 되며 살았다.#@문장구분# 그렇게 시작된 인종차별은 백인 우월주의로 그들의 인식 깊숙이 박혀 있는 듯하다.#@문장구분# 뉴스에서 종종 보듯이 흑인에 대한 과잉 진압, 동양인 무차별 폭행 등이 그 예이다.#@문장구분# 가만히 생각해보면 백인들의 문명이 가장 먼저 발전했다. #@문장구분#영국을 중심으로 유럽, 그리고 미국, 그들이 귀족생활로 잘 살고 있을 때 흑인들은 노예 였고 동양인들은 못살고 가난했다. #@문장구분#그래서 백인들은 자신을 제외한 인종들을 미개하다고 생각하고 있다.#@문장구분# 하지만 21세기가 된 지금 미국에서는 흑인인 버락 오바마가 대통령이 되었었고 세계적인 명품 샤넬에서는 우리나라 모델을 뮤즈로 선택하고 다른 명품들도 우리나라의 모델들을 다 수 선택하고 있다. #@문장구분#싸이나 BTS 같은 K-POP 스타들이 전 세계에서 활동하며 주목을 받으면서 우리나라의 위상이 크게 올라가고 있다.#@문장구분# 외국에서 한국어를 배우고 싶어 하는 사람들이 늘어나며 우리나라 화장품이며 음식에도 큰 관심을 보이고 드라마, 성형수술 등 모든 분야에서 선망의 대상이 되고 있다.#@문장구분# 과거 외국에서 받는 무시와 멸시는 많이 줄어들었다고 본다.#@문장구분# 근본적인 해결책은 아닐지 모르지만 그 인종의 위상을 높이고 세계적으로 주목 받고 인정을 받아야 인종차별이 줄어든다고 생각한다. #@문장구분#차별받는다고 움츠러들지 말고 우리는 우리의 할 일을 하고 목소리를 내며 우리의 갈 길을 간다면 인종차별이 줄어들 것이라 생각된다.#@문장구분# 차별 없는 아름다운 세상이 오길 바래본다.#@문장구분#",
      "paragraph_len": 1167,
      "paragraph_id": "001"
    }
  ],
  "score": {
    "paragraph_score": [
      {
        "paragraph_scoreT": [
          3,
          3,
          3
        ],
        "paragraph_scoreT_detail": {
          "paragraph_scoreT_exp": [
            [
              3,
              3,
              3
            ],
            [
              3,
              3,
              3
            ],
            [
              3,
              3,
              3
            ]
          ]
        },
        "paragraph_scoreT_avg": 3,
        "paragraph_id": "001"
      }
    ],
    "essay_scoreT": [
      28.8,
      28.8,
      30
    ],
    "essay_scoreT_avg": 29.199999,
    "essay_scoreT_detail": {
      "essay_scoreT_org": [
        [
          3,
          3,
          3,
          3
        ],
        [
          3,
          3,
          3,
          3
        ],
        [
          3,
          3,
          3,
          3
        ]
      ],
      "essay_scoreT_cont": [
        [
          3,
          2,
          3,
          3
        ],
        [
          3,
          2,
          3,
          3
        ],
        [
          3,
          3,
          3,
          3
        ]
      ],
      "essay_scoreT_exp": [
        [
          3,
          3,
          3
        ],
        [
          3,
          3,
          3
        ],
        [
          3,
          3,
          3
        ]
      ]
    }
  },
  "student": {
    "date": "2021.12.14",
    "student_educated": true,
    "student_grade": "고등_2학년",
    "location": "053",
    "student_grade_group": "고등",
    "student_reading": 2
  },
  "rubric": {
    "essay_grade": "고등_2학년",
    "organization_weight": {
      "org_paragraph": 3,
      "org": 3,
      "org_essay": 3,
      "org_coherence": 3,
      "org_quantity": 1
    },
    "essay_type": "주장",
    "content_weight": {
      "con_clearance": 3,
      "con_novelty": 3,
      "con": 4,
      "con_prompt": 1,
      "con_description": 3
    },
    "essay_main_subject": "인종차별에 대한 본인의 생각",
    "expression_weight": {
      "exp_style": 4,
      "exp_grammar": 2,
      "exp_vocab": 4,
      "exp": 3
    }
  },
  "correction": [],
  "info": {
    "essay_id": "ESSAY_63659",
    "essay_prompt": " 최근 중국발 코로나바이러스로 인해 동양인에 대한 혐오감을 나타내는 서양인들이 늘어나고 있습니다. 그로 인해, 매스컴이나 SNS에서 인종차별을 받아 힘들어하는 동양인들을 자주 목격할 수 있습니다.\n\n 하지만, 최근에만 인종차별이 존재했을까요? 아닙니다. 아주 오래전부터 다른 인종에 대한 차별은 있었습니다.\n\n 우리나라에서는 인종차별을 안 하고 있을까요? 아닙니다. 우리나라에서도 알게 모르게 많은 부분에서 다른 국가의 사람들에 대해 인종차별을 하고 있으며 누군가에게 상처를 주고 있습니다.\n\n 즉, 인종차별은 누군가의 문제가 아니라 우리 모두의 문제입니다.\n\n 여러분들은 인종차별을 당해보신 적 있나요? 인종차별을 하는 사람들에 대해 어떻게 생각하시나요? 왜 생겨났다고 생각하나요? 인종차별을 근절하기 위해서는 어떻게 해야 할까요? 인종차별을 하는 사람들에 대해 전 세계적으로 처벌의 강도를 높여야 할까요?\n\n 인종차별을 하는 사람들에 대한 본인의 생각을 작성하고 인종차별은 해결할 수 있는 문제일지 아니면 해결하지 어려운 문제일지 작성해주세요. 또한, 그렇게 생각한 이유와 본인이 생각한 해결방법 혹은 해결할 수 없다면 왜 해결할 수 없다고 생각하는지 작성해주세요.",
    "essay_type": "주장",
    "essay_level": "1",
    "essay_len": 869,
    "essay_main_subject": "인종차별에 대한 본인의 생각"
  }
}