{
  "paragraph": [
    {
      "paragraph_txt": "나는 인종차별이 낯설음 때문에 발생한다고 생각한다.#@문장구분#  태어나서부터 클 때까지 다른 인종을 보지 못하고 경험해 보지 못했기 때문에 인종차별이 발생한다고 생각한다.#@문장구분#  그래서 나는 이 문제를 해결하기 위해서 어렸을 때 바로 유치원 때부터 다양한 인종에 대해 배우고 공부하는 시간을 가졌으면 좋겠다.#@문장구분#  그러면 어렸을 때부터 다양한 인종을 경험하면서 낯설음이 조금이나마 사라져 다른 인종을 본다고 해도 혐오감이 사라질 수 있다고 생각한다.#@문장구분#  그리고 또 다른 방법은 다양한 인종을 가진 친구들을 사귀는 것이다.#@문장구분#  지금 대한민국에서는 사실 어려운 방법이긴하다.#@문장구분#  왜냐하면 대한민국은 대부분의 국민들이 한국사람이기 때문에 다른 나라의 인종을 접한다는 것이 쉽지 않다.#@문장구분#  하지만 요즘 국제결혼의 활성화로 인해 동남아지역 사람들이 한국으로의 대거 이동으로 인해 심심치않게 동남아 사람들을 볼 수 있다.#@문장구분#  한 10년 전에는 대한민국 내의 외국인의 수가 적고 국제결혼 한 사람도 적어서 나 역시도 외국인을 보면 조금 무섭고 두렵고 혐오감이 생겼었다.#@문장구분# 종차별을 하는 사람들은 잘못된 인식을 가지고 살아가는 거 같다.#@문장구분#  피부색이 다르다고 머리색이 다르다고 사람이 아닌건 아닌데 말이다.#@문장구분#  우리도 유럽 혹은 북미에 가면 차별을 경험한 만큼 우리는 그러지 말아야하는데 안타까움을 느꼈습니다.#@문장구분#  하지만 인기있는 콘텐츠에 출연한 배우가 자신의 경험을 밝히면서 사회적으로 이슈화되는 것이 긍정적이라고 생각합니다.#@문장구분#  이런 이슈화 과정에서 해결방안과 자정작용을 통해 우리사회가 더 발전할 수 있다고 생각하기 때문입니다.#@문장구분#  그리고 우리는 우리의 차이에 대해 받아들어야 합니다.#@문장구분#  인종, 문화, 피부색만 다를 뿐 누가 잘나고 못나고의 차이도 아니고 그런 결정은 누구도 내릴수 없는 결정임을 잘 알아야 합니다.#@문장구분#  그리고 부모님의 인식이 매우 중요하다고 생각합니다.#@문장구분#",
      "paragraph_len": 1247,
      "paragraph_id": "001"
    }
  ],
  "score": {
    "paragraph_score": [
      {
        "paragraph_scoreT": [
          2,
          2.8,
          2.8
        ],
        "paragraph_scoreT_detail": {
          "paragraph_scoreT_exp": [
            [
              2,
              2,
              2
            ],
            [
              2,
              3,
              3
            ],
            [
              2,
              3,
              3
            ]
          ]
        },
        "paragraph_scoreT_avg": 2.5333335,
        "paragraph_id": "001"
      }
    ],
    "essay_scoreT": [
      21.5,
      26.1,
      28.2
    ],
    "essay_scoreT_avg": 25.266668,
    "essay_scoreT_detail": {
      "essay_scoreT_org": [
        [
          2,
          2,
          2,
          3
        ],
        [
          3,
          3,
          2,
          3
        ],
        [
          3,
          3,
          3,
          3
        ]
      ],
      "essay_scoreT_cont": [
        [
          2,
          2,
          2,
          3
        ],
        [
          3,
          2,
          3,
          2
        ],
        [
          3,
          2,
          3,
          3
        ]
      ],
      "essay_scoreT_exp": [
        [
          2,
          2,
          2
        ],
        [
          2,
          3,
          3
        ],
        [
          2,
          3,
          3
        ]
      ]
    }
  },
  "student": {
    "date": "2021.12.18",
    "student_educated": true,
    "student_grade": "고등_2학년",
    "location": "063",
    "student_grade_group": "고등",
    "student_reading": 2
  },
  "rubric": {
    "essay_grade": "고등_2학년",
    "organization_weight": {
      "org_paragraph": 3,
      "org": 3,
      "org_essay": 3,
      "org_coherence": 3,
      "org_quantity": 1
    },
    "essay_type": "주장",
    "content_weight": {
      "con_clearance": 3,
      "con_novelty": 3,
      "con": 4,
      "con_prompt": 1,
      "con_description": 3
    },
    "essay_main_subject": "인종차별에 대한 본인의 생각",
    "expression_weight": {
      "exp_style": 4,
      "exp_grammar": 2,
      "exp_vocab": 4,
      "exp": 3
    }
  },
  "correction": [],
  "info": {
    "essay_id": "ESSAY_70022",
    "essay_prompt": " 최근 중국발 코로나바이러스로 인해 동양인에 대한 혐오감을 나타내는 서양인들이 늘어나고 있습니다. 그로 인해, 매스컴이나 SNS에서 인종차별을 받아 힘들어하는 동양인들을 자주 목격할 수 있습니다.\n\n 하지만, 최근에만 인종차별이 존재했을까요? 아닙니다. 아주 오래전부터 다른 인종에 대한 차별은 있었습니다.\n\n 우리나라에서는 인종차별을 안 하고 있을까요? 아닙니다. 우리나라에서도 알게 모르게 많은 부분에서 다른 국가의 사람들에 대해 인종차별을 하고 있으며 누군가에게 상처를 주고 있습니다.\n\n 즉, 인종차별은 누군가의 문제가 아니라 우리 모두의 문제입니다.\n\n 여러분들은 인종차별을 당해보신 적 있나요? 인종차별을 하는 사람들에 대해 어떻게 생각하시나요? 왜 생겨났다고 생각하나요? 인종차별을 근절하기 위해서는 어떻게 해야 할까요? 인종차별을 하는 사람들에 대해 전 세계적으로 처벌의 강도를 높여야 할까요?\n\n 인종차별을 하는 사람들에 대한 본인의 생각을 작성하고 인종차별은 해결할 수 있는 문제일지 아니면 해결하지 어려운 문제일지 작성해주세요. 또한, 그렇게 생각한 이유와 본인이 생각한 해결방법 혹은 해결할 수 없다면 왜 해결할 수 없다고 생각하는지 작성해주세요.",
    "essay_type": "주장",
    "essay_level": "1",
    "essay_len": 907,
    "essay_main_subject": "인종차별에 대한 본인의 생각"
  }
}