{
  "paragraph": [
    {
      "paragraph_txt": "백신이라는 약을 하나 만들기 위해서는 한 회사가 최소 10년의 기간동안 수많은 사람의 노력과 천문학적인 금액이 들어가는 일이라고 합니다.#@문장구분# 이번에 개발된 코로나 백신같은 경우에는 단기간에 개발 되었기 때문에 엄청난 돈이 들어갔다고 합니다.#@문장구분# 수많은 노력과 금액이 들어갔지만 그만큼 그 회사의 주가도 올라갔을 것이고 앞으로 더 많은 이득을 취할수 있다고 생각합니다.#@문장구분# 그렇기 때문에 이번 코로나 19백신에 대한 지적재산권 보호만은 반대 합니다. #@문장구분#이유를 말하자면 지금의 코로나 19같이 특수한 상황에서 수많은 사람들이 고통받고 있습니다.#@문장구분# 코로나에 걸려 사망하는 사람들도 있지만 코로나에 상황 때문에 고통 받는 이들도 많이 있습니다.#@문장구분# 하지만 이런 상황을 전혀 생각 하지 않고 이런 점들을 이용해 돈을 벌려고 하는 것이라면 이 문제애 있어서는 보호 받지 않아야 한다고 생각 합니다.#@문장구분# 그리고 후진국 같은경우 백신이 비싸 구매를 하지못하여 수많은 사람들이 백신을 맞지 못하고 죽어가고 있습니다. #@문장구분#이러한 상황속에서 이제는 변이 바이러스 까지 생기고 있습니다.#@문장구분# 단백질 가시의 수가 18개에서 36개 즉 2배 많고 전파율은 500배 더 높은 바이러스 까지 나오는 현 시점에서 자신의 이득만 생각하는 것은 말도 안되는 일입니다.#@문장구분# 우리는 지적재산권을 포기함으로써 이러한 변이바이러스를 막고 빠른 코로나 종식을 위해 다같이 힘써야 한다고 생각 합니다. #@문장구분#미국의 한 제약사는 먹는 코로나 치료제를 개발해 지적재산권을 포기하고 전 세계에 자신들이 개발한 약을 원가에 납품한다고 합니다.#@문장구분# 이러한 기업을 본받아 지적제산권에 대해 신경쓰지 않고 과학자와 기업들, 국가들 간에 활발한 공유가 필수적으로 이루어져서 더 많은 치료제를 개발하여 전세계 코로나 19가 종식 되기를 바랍니다.",
      "paragraph_len": 1104,
      "paragraph_id": "001"
    }
  ],
  "score": {
    "paragraph_score": [
      {
        "paragraph_scoreT": [
          2,
          2,
          2
        ],
        "paragraph_scoreT_detail": {
          "paragraph_scoreT_exp": [
            [
              2,
              2,
              2
            ],
            [
              2,
              2,
              2
            ],
            [
              2,
              2,
              2
            ]
          ]
        },
        "paragraph_scoreT_avg": 2,
        "paragraph_id": "001"
      }
    ],
    "essay_scoreT": [
      27,
      26.7,
      27
    ],
    "essay_scoreT_avg": 26.9,
    "essay_scoreT_detail": {
      "essay_scoreT_org": [
        [
          3,
          3,
          3,
          3
        ],
        [
          3,
          3,
          3,
          2
        ],
        [
          3,
          3,
          3,
          3
        ]
      ],
      "essay_scoreT_cont": [
        [
          3,
          3,
          3,
          3
        ],
        [
          3,
          3,
          3,
          3
        ],
        [
          3,
          3,
          3,
          3
        ]
      ],
      "essay_scoreT_exp": [
        [
          2,
          2,
          2
        ],
        [
          2,
          2,
          2
        ],
        [
          2,
          2,
          2
        ]
      ]
    }
  },
  "student": {
    "date": "2021.12.15",
    "student_educated": true,
    "student_grade": "고등_2학년",
    "location": "063",
    "student_grade_group": "고등",
    "student_reading": 2
  },
  "rubric": {
    "essay_grade": "고등_2학년",
    "organization_weight": {
      "org_paragraph": 3,
      "org": 3,
      "org_essay": 3,
      "org_coherence": 3,
      "org_quantity": 1
    },
    "essay_type": "주장",
    "content_weight": {
      "con_clearance": 3,
      "con_novelty": 3,
      "con": 4,
      "con_prompt": 1,
      "con_description": 3
    },
    "essay_main_subject": "지적 재산권에 대한 본인의 생각 작성",
    "expression_weight": {
      "exp_style": 4,
      "exp_grammar": 2,
      "exp_vocab": 4,
      "exp": 3
    }
  },
  "correction": [],
  "info": {
    "essay_id": "ESSAY_69809",
    "essay_prompt": " 지적재산권이란 특허권, 실용신안권, 상표권, 디자인권을 총칭하는 개념으로 지적재산권법은 정보생산자에게 일정기간 동안 시장에서의 배타적 지위를 부여하고 있습니다.\n\n 즉, 지적 재산권은 특정 사람이 생각/창작해낸 것을 다른사람들의 무분별한 이용으로 부터 지켜주는 것입니다. 이러한 지적재산권은 개인 혹은 회사 더 나아가 나라에 귀속될 수 있습니다.\n\n 다만, 코로나 시대인 요즘 전 세계적인 재앙인 코로나를 물리칠 수 있는 백신에 대한 지적재산권을 자유롭게 풀어야한다는 의견이 계속해서 나오고 있습니다. \n\n 지적 재산권이 있는 제약회사가 있는 나라의 경우 백신이 충분하며 백신을 맞는 것이 선택의 문제인 반면, 그렇지 못한 나라는 백신을 맞고 싶어도 맞지 못하는 사람들이 많고 항체가 없어 사망하는 경우도 비교적 많이 때문입니다.\n\n 전 세계의 문제를 해결하기 위해 수 많은 돈을 들여 개발한 백신의 지적재산권을 공유하는 것이 의무화 되어야 할까요? 아니면 회사의 선택에 맡겨야할까요? 보상은 어떻게 해야할까요? \n\n 전 세계에 무상으로 공개 해야 한다는 의견이 있을 수도 있고 무상으로 공개한 회사의 경우 팬더믹 상황이 종결 된 후 따로 보상을 해주어야 한다는 의견도 있을 겁니다. 지적재산권의 변하지 않는 신뢰를 위해서라도 무상 공개는 절대 있어서는 안된다는 의견도 있을 것입니다.\n\n 지금까지도 펜더믹 상황에서 코로나19 백신에 대한 특허권을 보장해야 하느냐 풀어야 하느냐 의견이 분분합니다. 이에 대한 자신의 주장을 작성해주세요. 또한, 그렇게 생각한 이유도 설명해주세요.",
    "essay_type": "주장",
    "essay_level": "1",
    "essay_len": 864,
    "essay_main_subject": "지적 재산권에 대한 본인의 생각 작성"
  }
}