{
  "paragraph": [
    {
      "paragraph_txt": "코로나19 백신에 대한 지적재산권 보장을 풀어주는 것이 알맞지 않다고 생각합니다. #@문장구분#현재 현격히 부족한 코로나 19 백신의 필요를 빠른시일내에 충족시키고 세계 각 나라에서 장기적인 백신을 자급자족 할 수 있는 환경을 구성하여야 한다는 측면에서 코로나19 백신의 지적재산권을 한시적 풀어주라는 요청이 있다고 한다.#@문장구분# 하지만 이것은 제약회사의 영업비밀보호와 노하우에 까지 접근을 하여야 한다면서 제약회사들은 이 요청에 합의할 수 없다는 입장을 보이고 협상이 성공되어 영업비밀을 이전하더라도 시간이 많이 소요될것으로 보인다.#@문장구분# WTO에서는 제약회사 특허권 일시적 면제 및 개발도상국들의 아무런 제약 없는 백산 생산 허용을 중심으로 많은 논의가 계속적으로 진행되고 있다고 한다.#@문장구분# 하지만 코로나 19 백신은 기존의 의약품보다 훨씬 복잡하고 복제 의약품인 동등생물의약품으로 이 백신을 만드는 과정은 일반 복제약의 제조과정처럼 직관적이지 않기 때문에 복제약의 효능이 제조 방법에 따라 달라진다고 전문가들이 말한다. #@문장구분#따라서 개발도상국에서 제품을 만든다고 하여도 기존 제약사의 오리지널 코로나19 백신과 같은 동등성을 인정받기 매우 어렵고 제조 후 유통전 보건당국의 승인과정에도 매우 복잡하기 때문에 복제백신의 사용허가가 보장받을수 있겠는까 라는 의문을 제기하는 전문가들도 있다는 뉴스기사를 보았다. #@문장구분#우리는 북한같은 공산주의 국가가 아니다.#@문장구분# 자본주의 국가이고 자유경제주의 국가이다.#@문장구분# 그런데 제약회사의 이익권이나 제품에 대한 특허권에 대해 전세계적 재난 상태라는 이유로 무조건적인 양보를 바라는 상황을 나는 이해하지 못하겠다.#@문장구분# 이런 상황에서 제약회사들의 자발적 단기 백신 특허권 포기 등이 있다면 노블리스오블리제 정신으로 그들이 존경받고 박수 받아 마땅하겠지만 그들에게 전혀 의사가 없음에도 국가에서 혹은 다수의 단체에서 그들에게 특허권 양보를 요구하는 것은 정당하지 않다고 본다. #@문장구분#만약 지적 재산권이 코로나19 백신의 특허권을 풀어줘야 한다는 결정이 나고 제약회사에서 이를 시행 해야 한다면 선진국가들에서라도 이들 제약회사를 위해 경제적, 제도적 지원을 약속해주어야 될 것이다. #@문장구분#그것이 진정한 자유경제주의, 민주주의 사회 라고 생각한다.#@문장구분#",
      "paragraph_len": 1312,
      "paragraph_id": "001"
    }
  ],
  "score": {
    "paragraph_score": [
      {
        "paragraph_scoreT": [
          2.8,
          3,
          3
        ],
        "paragraph_scoreT_detail": {
          "paragraph_scoreT_exp": [
            [
              2,
              3,
              3
            ],
            [
              3,
              3,
              3
            ],
            [
              3,
              3,
              3
            ]
          ]
        },
        "paragraph_scoreT_avg": 2.9333334,
        "paragraph_id": "001"
      }
    ],
    "essay_scoreT": [
      29.4,
      30,
      30
    ],
    "essay_scoreT_avg": 29.800001,
    "essay_scoreT_detail": {
      "essay_scoreT_org": [
        [
          3,
          3,
          3,
          3
        ],
        [
          3,
          3,
          3,
          3
        ],
        [
          3,
          3,
          3,
          3
        ]
      ],
      "essay_scoreT_cont": [
        [
          3,
          3,
          3,
          3
        ],
        [
          3,
          3,
          3,
          3
        ],
        [
          3,
          3,
          3,
          3
        ]
      ],
      "essay_scoreT_exp": [
        [
          2,
          3,
          3
        ],
        [
          3,
          3,
          3
        ],
        [
          3,
          3,
          3
        ]
      ]
    }
  },
  "student": {
    "date": "2021.11.18",
    "student_educated": true,
    "student_grade": "고등_2학년",
    "location": "063",
    "student_grade_group": "고등",
    "student_reading": 1
  },
  "rubric": {
    "essay_grade": "고등_2학년",
    "organization_weight": {
      "org_paragraph": 3,
      "org": 3,
      "org_essay": 3,
      "org_coherence": 3,
      "org_quantity": 1
    },
    "essay_type": "주장",
    "content_weight": {
      "con_clearance": 3,
      "con_novelty": 3,
      "con": 4,
      "con_prompt": 1,
      "con_description": 3
    },
    "essay_main_subject": "지적 재산권에 대한 본인의 생각 작성",
    "expression_weight": {
      "exp_style": 4,
      "exp_grammar": 2,
      "exp_vocab": 4,
      "exp": 3
    }
  },
  "correction": [],
  "info": {
    "essay_id": "ESSAY_64434",
    "essay_prompt": " 지적재산권이란 특허권, 실용신안권, 상표권, 디자인권을 총칭하는 개념으로 지적재산권법은 정보생산자에게 일정기간 동안 시장에서의 배타적 지위를 부여하고 있습니다.\n\n 즉, 지적 재산권은 특정 사람이 생각/창작해낸 것을 다른사람들의 무분별한 이용으로 부터 지켜주는 것입니다. 이러한 지적재산권은 개인 혹은 회사 더 나아가 나라에 귀속될 수 있습니다.\n\n 다만, 코로나 시대인 요즘 전 세계적인 재앙인 코로나를 물리칠 수 있는 백신에 대한 지적재산권을 자유롭게 풀어야한다는 의견이 계속해서 나오고 있습니다. \n\n 지적 재산권이 있는 제약회사가 있는 나라의 경우 백신이 충분하며 백신을 맞는 것이 선택의 문제인 반면, 그렇지 못한 나라는 백신을 맞고 싶어도 맞지 못하는 사람들이 많고 항체가 없어 사망하는 경우도 비교적 많이 때문입니다.\n\n 전 세계의 문제를 해결하기 위해 수 많은 돈을 들여 개발한 백신의 지적재산권을 공유하는 것이 의무화 되어야 할까요? 아니면 회사의 선택에 맡겨야할까요? 보상은 어떻게 해야할까요? \n\n 전 세계에 무상으로 공개 해야 한다는 의견이 있을 수도 있고 무상으로 공개한 회사의 경우 팬더믹 상황이 종결 된 후 따로 보상을 해주어야 한다는 의견도 있을 겁니다. 지적재산권의 변하지 않는 신뢰를 위해서라도 무상 공개는 절대 있어서는 안된다는 의견도 있을 것입니다.\n\n 지금까지도 펜더믹 상황에서 코로나19 백신에 대한 특허권을 보장해야 하느냐 풀어야 하느냐 의견이 분분합니다. 이에 대한 자신의 주장을 작성해주세요. 또한, 그렇게 생각한 이유도 설명해주세요.",
    "essay_type": "주장",
    "essay_level": "1",
    "essay_len": 1073,
    "essay_main_subject": "지적 재산권에 대한 본인의 생각 작성"
  }
}