{
  "paragraph": [
    {
      "paragraph_txt": "아주 오래전부터 인종차별은 여기저기서 발생해 왔다#@문장구분# 인종차별은 사람을 비하하고 혐오하는 행동과발언을 하는 것이다.#@문장구분#  이런 행동들은 자존감에서 나오는 것 같다.#@문장구분#  자존감이 높은 사람이 아니라 자존감이 낮은 사람이 하는 행동과 말들이다.#@문장구분#  자기가 불리하니까 자존심 상하니까 분풀이 대상을 찾는거 같다.#@문장구분#  나와 다르다는 거에 대한 거부감에 비롯되 나오는 행동 말들 .,,#@문장구분# 모든 사람은 인종, 피부색, 성, 언어 등의 어떠한 종류의 차별 없이 모든 권리와 자유를 향유할 자격이 있다'는 조항에 위배된다.#@문장구분#  이는 세계적으로, 세계인이 지정한 인권 선언을 무시하고 있다는 것이 되며, 또한 서양인들이 자신들이 지정한 인권 선언을 자기자신이 짓밟는다는 어리석은 행동을 하고있다는 것이 된다.#@문장구분#아시아인을 차별하는 것은 백인뿐만 아닌 흑인도 있는데 그중에서 아시안 증오 범죄 주 가해자는 흑인이다.#@문장구분# 흑인차별에 대해 일장 연설을 늘어놓은 사람이 버젓이 동양인을 차별하는 발언을 하는 어처구니없는 일을 저지른 것이다.#@문장구분#  자신들을 인종차별은 비판을 하면서 그들과 똑같은 행동을 취하고 있는 것이다  그리고 인터넷 온라인 화상 통화에서 만나자마자 일부러 한국어를 이상하게 발음을 하거나 손으로 양쪽 눈을 당겨 찢어진 눈을 표현하는 등 인터넷에서도 아시아인을 차별을 하고 있는데 차별도 하지 않고 뭘 하지도 않고 인사만 했는데도 불구하고 바로 아시아인을 차별하고 있다#@문장구분#  흑인들은 자신을 차별하지 말라며 비판을 하는 와중에 그들은 아시아인 차별을 주도하고 있다.#@문장구분# 그리고 유럽연합과 캐나다, 호주, 뉴질랜드, 미국 등의 영미권 국가들, 아르헨티나, 네팔 등의 대부분의 국가들은 차별금지법을 제정/시행하고 있으며, 근거없이 차별하는 행위는 결국 이 차별금지법을 위배하고 있다는 것을 깨닳아야한다.#@문장구분#",
      "paragraph_len": 1134,
      "paragraph_id": "001"
    }
  ],
  "score": {
    "paragraph_score": [
      {
        "paragraph_scoreT": [
          2,
          2.4,
          2.6
        ],
        "paragraph_scoreT_detail": {
          "paragraph_scoreT_exp": [
            [
              2,
              2,
              2
            ],
            [
              2,
              3,
              2
            ],
            [
              3,
              2,
              3
            ]
          ]
        },
        "paragraph_scoreT_avg": 2.3333333,
        "paragraph_id": "001"
      }
    ],
    "essay_scoreT": [
      18.8,
      25.2,
      24.9
    ],
    "essay_scoreT_avg": 22.966667,
    "essay_scoreT_detail": {
      "essay_scoreT_org": [
        [
          2,
          2,
          2,
          2
        ],
        [
          2,
          3,
          2,
          3
        ],
        [
          2,
          2,
          2,
          3
        ]
      ],
      "essay_scoreT_cont": [
        [
          2,
          1,
          2,
          2
        ],
        [
          3,
          2,
          3,
          3
        ],
        [
          3,
          2,
          3,
          3
        ]
      ],
      "essay_scoreT_exp": [
        [
          2,
          2,
          2
        ],
        [
          2,
          3,
          2
        ],
        [
          3,
          2,
          3
        ]
      ]
    }
  },
  "student": {
    "date": "2021.12.18",
    "student_educated": true,
    "student_grade": "고등_2학년",
    "location": "063",
    "student_grade_group": "고등",
    "student_reading": 2
  },
  "rubric": {
    "essay_grade": "고등_2학년",
    "organization_weight": {
      "org_paragraph": 3,
      "org": 3,
      "org_essay": 3,
      "org_coherence": 3,
      "org_quantity": 1
    },
    "essay_type": "주장",
    "content_weight": {
      "con_clearance": 3,
      "con_novelty": 3,
      "con": 4,
      "con_prompt": 1,
      "con_description": 3
    },
    "essay_main_subject": "인종차별에 대한 본인의 생각",
    "expression_weight": {
      "exp_style": 4,
      "exp_grammar": 2,
      "exp_vocab": 4,
      "exp": 3
    }
  },
  "correction": [],
  "info": {
    "essay_id": "ESSAY_70035",
    "essay_prompt": " 최근 중국발 코로나바이러스로 인해 동양인에 대한 혐오감을 나타내는 서양인들이 늘어나고 있습니다. 그로 인해, 매스컴이나 SNS에서 인종차별을 받아 힘들어하는 동양인들을 자주 목격할 수 있습니다.\n\n 하지만, 최근에만 인종차별이 존재했을까요? 아닙니다. 아주 오래전부터 다른 인종에 대한 차별은 있었습니다.\n\n 우리나라에서는 인종차별을 안 하고 있을까요? 아닙니다. 우리나라에서도 알게 모르게 많은 부분에서 다른 국가의 사람들에 대해 인종차별을 하고 있으며 누군가에게 상처를 주고 있습니다.\n\n 즉, 인종차별은 누군가의 문제가 아니라 우리 모두의 문제입니다.\n\n 여러분들은 인종차별을 당해보신 적 있나요? 인종차별을 하는 사람들에 대해 어떻게 생각하시나요? 왜 생겨났다고 생각하나요? 인종차별을 근절하기 위해서는 어떻게 해야 할까요? 인종차별을 하는 사람들에 대해 전 세계적으로 처벌의 강도를 높여야 할까요?\n\n 인종차별을 하는 사람들에 대한 본인의 생각을 작성하고 인종차별은 해결할 수 있는 문제일지 아니면 해결하지 어려운 문제일지 작성해주세요. 또한, 그렇게 생각한 이유와 본인이 생각한 해결방법 혹은 해결할 수 없다면 왜 해결할 수 없다고 생각하는지 작성해주세요.",
    "essay_type": "주장",
    "essay_level": "1",
    "essay_len": 875,
    "essay_main_subject": "인종차별에 대한 본인의 생각"
  }
}