{
  "paragraph": [
    {
      "paragraph_txt": "코로나 팬데믹이 시작된 이후 전 세계적으로 인종차별 사례가 늘어나고 있다.#@문장구분# 그리고 이런 사례도 있었다. #@문장구분#미국 스타벅스가 또다시 인종차별 논란에 휩싸였던 적이 있다.#@문장구분# 미국의 방송 등에 따르면 최근 한 흑인 남성 브랜든 워드는 지난 1월 자신이 로스앤젤레스의 한 스타벅스 매장에서 당한 일이라며 영상 하나를 SNS에 올렸다. #@문장구분#영상에는 워드가 스타벅스 매장에서 화장실 사용을 거절당하는 모습이 담겼다.#@문장구분# 그의 주장에 따르면 워드는 당시 물건을 구매하기 전 화장실을 사용하기 위해 매장 직원에게 화장실 비밀번호를 물었지만, 직원은 물건을 먼저 구매하지 않으면 화장실을 쓸 수 없다며 비밀번호를 알려주지 않았다.#@문장구분# 미국에서는 물건을 구매한 뒤 영수증에 화장실 비밀번호가 적혀있다.#@문장구분# 그러나 워드는 아무것도 사지 않은 백인 남성이 매장 직원에게 화장실 비밀번호를 묻는 것을 목격했다.#@문장구분# 화장실을 쓰고 나온 백인 남성에게 이 사실을 확인한 워드가 매장 직원에게 따져 묻자 매장 측은 워드를 쫓아냈다.#@문장구분# 당시 상황을 모두 휴대전화로 찍어 뒀던 워드는 지난 12일 필라델피아의 한 스타벅스 매장에서 또 다른 인종차별 논란이 일어나자 영상을 SNS에 공개했다. #@문장구분#앞서 스타벅스는 필라델피아의 한 스타벅스 매장에서는 흑인 남성 2명이 음료를 주문하지 않고 자리에 앉아 일행을 기다리자 경찰에 신고했다.#@문장구분#경찰은 남성 2명에게 수갑을 채워 연행했고, 이 상황을 찍은 영상이 온라인에서 확산하며 논란이 됐다.#@문장구분# 이렇듯 특히 미국 등 유럽에서 흑인들의 인종차별 사례가 많은데, 그래서 단지 피부색이 다르다는 이유 하나만으로 우월감을 가지고 차별을 하는건 잘못된 인식이 자리 잡고 있기 때문인 것 같다.#@문장구분# 이러한 인식이 바뀌어지지 않는 한 인종차별은 쉽게 바뀌어질 것 같지 않다.",
      "paragraph_len": 1119,
      "paragraph_id": "001"
    }
  ],
  "score": {
    "paragraph_score": [
      {
        "paragraph_scoreT": [
          3,
          3,
          2.6
        ],
        "paragraph_scoreT_detail": {
          "paragraph_scoreT_exp": [
            [
              3,
              3,
              3
            ],
            [
              3,
              3,
              3
            ],
            [
              3,
              2,
              3
            ]
          ]
        },
        "paragraph_scoreT_avg": 2.8666668,
        "paragraph_id": "001"
      }
    ],
    "essay_scoreT": [
      30,
      30,
      27.599998
    ],
    "essay_scoreT_avg": 29.199999,
    "essay_scoreT_detail": {
      "essay_scoreT_org": [
        [
          3,
          3,
          3,
          3
        ],
        [
          3,
          3,
          3,
          3
        ],
        [
          3,
          3,
          3,
          3
        ]
      ],
      "essay_scoreT_cont": [
        [
          3,
          3,
          3,
          3
        ],
        [
          3,
          3,
          3,
          3
        ],
        [
          2,
          3,
          3,
          3
        ]
      ],
      "essay_scoreT_exp": [
        [
          3,
          3,
          3
        ],
        [
          3,
          3,
          3
        ],
        [
          3,
          2,
          3
        ]
      ]
    }
  },
  "student": {
    "date": "2021.12.10",
    "student_educated": true,
    "student_grade": "고등_2학년",
    "location": "063",
    "student_grade_group": "고등",
    "student_reading": 1
  },
  "rubric": {
    "essay_grade": "고등_2학년",
    "organization_weight": {
      "org_paragraph": 3,
      "org": 3,
      "org_essay": 3,
      "org_coherence": 3,
      "org_quantity": 1
    },
    "essay_type": "주장",
    "content_weight": {
      "con_clearance": 3,
      "con_novelty": 3,
      "con": 4,
      "con_prompt": 1,
      "con_description": 3
    },
    "essay_main_subject": "인종차별에 대한 본인의 생각",
    "expression_weight": {
      "exp_style": 4,
      "exp_grammar": 2,
      "exp_vocab": 4,
      "exp": 3
    }
  },
  "correction": [],
  "info": {
    "essay_id": "ESSAY_57416",
    "essay_prompt": " 최근 중국발 코로나바이러스로 인해 동양인에 대한 혐오감을 나타내는 서양인들이 늘어나고 있습니다. 그로 인해, 매스컴이나 SNS에서 인종차별을 받아 힘들어하는 동양인들을 자주 목격할 수 있습니다.\n\n 하지만, 최근에만 인종차별이 존재했을까요? 아닙니다. 아주 오래전부터 다른 인종에 대한 차별은 있었습니다.\n\n 우리나라에서는 인종차별을 안 하고 있을까요? 아닙니다. 우리나라에서도 알게 모르게 많은 부분에서 다른 국가의 사람들에 대해 인종차별을 하고 있으며 누군가에게 상처를 주고 있습니다.\n\n 즉, 인종차별은 누군가의 문제가 아니라 우리 모두의 문제입니다.\n\n 여러분들은 인종차별을 당해보신 적 있나요? 인종차별을 하는 사람들에 대해 어떻게 생각하시나요? 왜 생겨났다고 생각하나요? 인종차별을 근절하기 위해서는 어떻게 해야 할까요? 인종차별을 하는 사람들에 대해 전 세계적으로 처벌의 강도를 높여야 할까요?\n\n 인종차별을 하는 사람들에 대한 본인의 생각을 작성하고 인종차별은 해결할 수 있는 문제일지 아니면 해결하지 어려운 문제일지 작성해주세요. 또한, 그렇게 생각한 이유와 본인이 생각한 해결방법 혹은 해결할 수 없다면 왜 해결할 수 없다고 생각하는지 작성해주세요.",
    "essay_type": "주장",
    "essay_level": "1",
    "essay_len": 860,
    "essay_main_subject": "인종차별에 대한 본인의 생각"
  }
}