{
  "paragraph": [
    {
      "paragraph_txt": "나는 인종차별이 나쁘다는 걸 안다#@문장구분#  하지만 인종차별이 사라질꺼란 생각은 안든다.#@문장구분#  사람에게는 우월주의 가 있다.#@문장구분#  나보다 약자라 생각하거나 못산다 생각하면 무시하고 얕잡아보는 경향이 많다.#@문장구분# 대부분의 사람들이 그러는게 아니고 일부이지만 인종차별을 하는 사람도 일부이다.#@문장구분#  자신이 자라면서 봐온 사람들의 피부색을 가장 친숙하게 생각하는데 그 피부색 이외 다른 피부색을 보면 혐오감이 생기기 때문에 인종차별이 생긴다고 생각한다.#@문장구분#  그래서 나는 인종차별이 시대가 변하고 세상이 변해도 사라지지 않을 인류의 숙제같은 것이라고 생각한다.#@문장구분#  나는 인종차별을 없애는 것은 불가능하다고 생각하지만 완화시킬순 있다고 생각한다.#@문장구분#  바로 미국같이 많은 인종이 사는 나라처럼 태어났을 때부터 많은 인종들을 접하게 된다면 다색인종에 대한 거부감과 혐오감이 조금이나마 나아질 수 있다고 생각한다.#@문장구분#  그치만 이 방법을 사용하려면 세대를 거치는 시간이 필요하므로 실용성은 없어보인다.#@문장구분#  그리고 내가 뉴욕 여행 갔을 때 인종차별에 대해 많이 걱정했지만, 사실 뉴스에 나오는것만큼 차별이 존재하지는 않았다.#@문장구분#인종 차별을 아예 없애는 것은 불가능하다고 생각합니다.#@문장구분#  사유재산이 생긴 후에는 재산의 차이가 계급을 만들어냈고, 지금은 사라진 노예제도부터 현재까지 존재하는 사회적 약자에 대한 차별 등 차별은 항상 존재해왔습니다.#@문장구분#  인종차별도 그 중한 부류입니다.#@문장구분#  재산의 많고 적음은 눈으로 가늠할 수 없지만 피부색은 눈으로 구별할 수 있는 두드러지는 차이점들 중 하나이기 때문에 특정을 지을 수가 있습니다.#@문장구분#  이를 핑계로 제국주의 시절 유럽이나 북미 국가들은 노예인 흑인과 미개한 동양인, 그리고 그 중 가장 우월한 백인이라는 체제를 만들어 자신들의 식민 통치를 정당화하려고 했습니다.#@문장구분#  지금은 그러한 틀이 없어졌지만, 서로의 인종을 비하하는 경향은 쉽게 찾아볼 수 있습니다.#@문장구분# 인간은 모두가 소중하고 존엄성있는 존재이기 때문이다.#@문장구분#",
      "paragraph_len": 1306,
      "paragraph_id": "001"
    }
  ],
  "score": {
    "paragraph_score": [
      {
        "paragraph_scoreT": [
          2.4,
          2.8,
          2.8
        ],
        "paragraph_scoreT_detail": {
          "paragraph_scoreT_exp": [
            [
              2,
              3,
              2
            ],
            [
              2,
              3,
              3
            ],
            [
              2,
              3,
              3
            ]
          ]
        },
        "paragraph_scoreT_avg": 2.6666667,
        "paragraph_id": "001"
      }
    ],
    "essay_scoreT": [
      22.7,
      26.400002,
      29.4
    ],
    "essay_scoreT_avg": 26.166666,
    "essay_scoreT_detail": {
      "essay_scoreT_org": [
        [
          2,
          2,
          2,
          3
        ],
        [
          2,
          3,
          2,
          3
        ],
        [
          3,
          3,
          3,
          3
        ]
      ],
      "essay_scoreT_cont": [
        [
          3,
          2,
          2,
          2
        ],
        [
          3,
          2,
          3,
          3
        ],
        [
          3,
          3,
          3,
          3
        ]
      ],
      "essay_scoreT_exp": [
        [
          2,
          3,
          2
        ],
        [
          2,
          3,
          3
        ],
        [
          2,
          3,
          3
        ]
      ]
    }
  },
  "student": {
    "date": "2021.12.18",
    "student_educated": true,
    "student_grade": "고등_2학년",
    "location": "063",
    "student_grade_group": "고등",
    "student_reading": 1
  },
  "rubric": {
    "essay_grade": "고등_2학년",
    "organization_weight": {
      "org_paragraph": 3,
      "org": 3,
      "org_essay": 3,
      "org_coherence": 3,
      "org_quantity": 1
    },
    "essay_type": "주장",
    "content_weight": {
      "con_clearance": 3,
      "con_novelty": 3,
      "con": 4,
      "con_prompt": 1,
      "con_description": 3
    },
    "essay_main_subject": "인종차별에 대한 본인의 생각",
    "expression_weight": {
      "exp_style": 4,
      "exp_grammar": 2,
      "exp_vocab": 4,
      "exp": 3
    }
  },
  "correction": [],
  "info": {
    "essay_id": "ESSAY_70026",
    "essay_prompt": " 최근 중국발 코로나바이러스로 인해 동양인에 대한 혐오감을 나타내는 서양인들이 늘어나고 있습니다. 그로 인해, 매스컴이나 SNS에서 인종차별을 받아 힘들어하는 동양인들을 자주 목격할 수 있습니다.\n\n 하지만, 최근에만 인종차별이 존재했을까요? 아닙니다. 아주 오래전부터 다른 인종에 대한 차별은 있었습니다.\n\n 우리나라에서는 인종차별을 안 하고 있을까요? 아닙니다. 우리나라에서도 알게 모르게 많은 부분에서 다른 국가의 사람들에 대해 인종차별을 하고 있으며 누군가에게 상처를 주고 있습니다.\n\n 즉, 인종차별은 누군가의 문제가 아니라 우리 모두의 문제입니다.\n\n 여러분들은 인종차별을 당해보신 적 있나요? 인종차별을 하는 사람들에 대해 어떻게 생각하시나요? 왜 생겨났다고 생각하나요? 인종차별을 근절하기 위해서는 어떻게 해야 할까요? 인종차별을 하는 사람들에 대해 전 세계적으로 처벌의 강도를 높여야 할까요?\n\n 인종차별을 하는 사람들에 대한 본인의 생각을 작성하고 인종차별은 해결할 수 있는 문제일지 아니면 해결하지 어려운 문제일지 작성해주세요. 또한, 그렇게 생각한 이유와 본인이 생각한 해결방법 혹은 해결할 수 없다면 왜 해결할 수 없다고 생각하는지 작성해주세요.",
    "essay_type": "주장",
    "essay_level": "1",
    "essay_len": 946,
    "essay_main_subject": "인종차별에 대한 본인의 생각"
  }
}