{
  "paragraph": [
    {
      "paragraph_txt": "나는 코로나19 백신에 대한 특허권을 풀어야 된다고 생각합니다. #@문장구분#첫 번째로 많은 사람들의 목숨이 죽어가고 있으며 많은 사람들이 코로나 확진 판정을 받고 있습니다. #@문장구분#펜더믹(전 세계적인 유행병) 상황에서 코로나19 백신에 대한 특허권을 보장한다면 몇몇 나라가 백신에 대한 독점권을 가지게 될 것입니다. #@문장구분#또한 코로나19 백신에 대한 특허권을 풀지 않는다면 악용 될 가능성도 가지고 있다고 생각 합니다. #@문장구분#가격을 터무니 없이 비싸게 올린다는 문제가 생길 수도 있습니다.#@문장구분# 두 번째로 후진국 같은경우 금액이 비싸 구매를 하지못하여 수많은 사람들이 백신을 맞지도 못하고 죽어가고 있습니다.#@문장구분# 이에 비해 부자 나라들은 자국 인구의 두 배를 접종시킬 만큼 물량을 확보한 반면 저소득 국가들은 인구의 1/3에게 접종할 물량밖에 구하지 못했다고 합니다.#@문장구분# 세 번째로 TRIP협정은 국제법상 이미 공중 보건 비상사태의 경우 정부가 강제 면허를 발동해 지적재산권을 무효화할 수 있는 권리와 간헐적인 필요성을 인정하고 있습니다. #@문장구분#더군다나 지적재산권에 대한 포기는 일반적으로 강제 면허를 발동할 시 각 나라의 두려움을 극복하고 이를 이용하는 데 있어 또 다른 장애물을 해결할 실마리를 준다고 합니다.#@문장구분# 제조업자들이 자발적으로 기술특허를 공유해서, 보다 빠르고 널리 지식재산을 활용하자는 취지에 있다고 합니다.#@문장구분# 하지만 1년이 지나도록 이 플랫폼을 통해 자발적으로 특허를 공유한 기업은 하나도 없다고 합니다.#@문장구분# 이러한 일들은 백신의 충분한 공급과 평등한 접근을 가로막는 결정적 걸림돌이 바로 지식재산권이라는 것을 몸소 느낄 수 있게 해줍니다.#@문장구분# 전 세계에서 변이 바이러스는 끊임없이 생겨나게 될 것 인데 그렇게 된다면 백신을 맞은 사람들도 결코 안심할 수 없게 될 것입니다. #@문장구분#따라서 빠르고 공평하게 백신을 접종할 수 있도록 만드는 일은 매우 중요한 일입니다.",
      "paragraph_len": 1165,
      "paragraph_id": "001"
    }
  ],
  "score": {
    "paragraph_score": [
      {
        "paragraph_scoreT": [
          2,
          2,
          2
        ],
        "paragraph_scoreT_detail": {
          "paragraph_scoreT_exp": [
            [
              2,
              2,
              2
            ],
            [
              2,
              2,
              2
            ],
            [
              2,
              2,
              2
            ]
          ]
        },
        "paragraph_scoreT_avg": 2,
        "paragraph_id": "001"
      }
    ],
    "essay_scoreT": [
      27,
      26.1,
      24.900002
    ],
    "essay_scoreT_avg": 26,
    "essay_scoreT_detail": {
      "essay_scoreT_org": [
        [
          3,
          3,
          3,
          3
        ],
        [
          2,
          3,
          3,
          3
        ],
        [
          2,
          3,
          3,
          3
        ]
      ],
      "essay_scoreT_cont": [
        [
          3,
          3,
          3,
          3
        ],
        [
          3,
          3,
          3,
          3
        ],
        [
          3,
          2,
          3,
          3
        ]
      ],
      "essay_scoreT_exp": [
        [
          2,
          2,
          2
        ],
        [
          2,
          2,
          2
        ],
        [
          2,
          2,
          2
        ]
      ]
    }
  },
  "student": {
    "date": "2021.12.15",
    "student_educated": true,
    "student_grade": "고등_2학년",
    "location": "063",
    "student_grade_group": "고등",
    "student_reading": 2
  },
  "rubric": {
    "essay_grade": "고등_2학년",
    "organization_weight": {
      "org_paragraph": 3,
      "org": 3,
      "org_essay": 3,
      "org_coherence": 3,
      "org_quantity": 1
    },
    "essay_type": "주장",
    "content_weight": {
      "con_clearance": 3,
      "con_novelty": 3,
      "con": 4,
      "con_prompt": 1,
      "con_description": 3
    },
    "essay_main_subject": "지적 재산권에 대한 본인의 생각 작성",
    "expression_weight": {
      "exp_style": 4,
      "exp_grammar": 2,
      "exp_vocab": 4,
      "exp": 3
    }
  },
  "correction": [],
  "info": {
    "essay_id": "ESSAY_69810",
    "essay_prompt": " 지적재산권이란 특허권, 실용신안권, 상표권, 디자인권을 총칭하는 개념으로 지적재산권법은 정보생산자에게 일정기간 동안 시장에서의 배타적 지위를 부여하고 있습니다.\n\n 즉, 지적 재산권은 특정 사람이 생각/창작해낸 것을 다른사람들의 무분별한 이용으로 부터 지켜주는 것입니다. 이러한 지적재산권은 개인 혹은 회사 더 나아가 나라에 귀속될 수 있습니다.\n\n 다만, 코로나 시대인 요즘 전 세계적인 재앙인 코로나를 물리칠 수 있는 백신에 대한 지적재산권을 자유롭게 풀어야한다는 의견이 계속해서 나오고 있습니다. \n\n 지적 재산권이 있는 제약회사가 있는 나라의 경우 백신이 충분하며 백신을 맞는 것이 선택의 문제인 반면, 그렇지 못한 나라는 백신을 맞고 싶어도 맞지 못하는 사람들이 많고 항체가 없어 사망하는 경우도 비교적 많이 때문입니다.\n\n 전 세계의 문제를 해결하기 위해 수 많은 돈을 들여 개발한 백신의 지적재산권을 공유하는 것이 의무화 되어야 할까요? 아니면 회사의 선택에 맡겨야할까요? 보상은 어떻게 해야할까요? \n\n 전 세계에 무상으로 공개 해야 한다는 의견이 있을 수도 있고 무상으로 공개한 회사의 경우 팬더믹 상황이 종결 된 후 따로 보상을 해주어야 한다는 의견도 있을 겁니다. 지적재산권의 변하지 않는 신뢰를 위해서라도 무상 공개는 절대 있어서는 안된다는 의견도 있을 것입니다.\n\n 지금까지도 펜더믹 상황에서 코로나19 백신에 대한 특허권을 보장해야 하느냐 풀어야 하느냐 의견이 분분합니다. 이에 대한 자신의 주장을 작성해주세요. 또한, 그렇게 생각한 이유도 설명해주세요.",
    "essay_type": "주장",
    "essay_level": "1",
    "essay_len": 905,
    "essay_main_subject": "지적 재산권에 대한 본인의 생각 작성"
  }
}