{
  "paragraph": [
    {
      "paragraph_txt": "펜더믹 상황에서 코로나19 백신에 대한 특허권을 보장해야 하느냐 풀어야 하느냐 의견이 분분합니다#@문장구분# 나는 모든 인류를 위해 백신에 대한 특허권을 공개해 코로나 백신을 생산할 수 있는 제약회사들은 최대한 많이 코로나 백신을 생산해 내 빠르게 코로나 종식을 앞당겨야 한다고 생각합니다.#@문장구분# 하지말 백신개발자는  억울하겠죠 그럼 어떤방법이있을까요#@문장구분#  정부에서 충분한 보상을 해주는것입니다#@문장구분#  물직적 으로나 정신적으로나 지금과 같은 코로나 특수 상황에는 자신의 이익을 조금이나마 포기하고 여러 사람을 살린다는 의미로 백신에 대한 지적재산권을 포기하는 것은 대단히 어려운 일이기 때문에 포기한 사람에게 노벨 평화상같은 의미있는 상을 주는 것이 좋을 것 같다.#@문장구분#그리고 평생 그 사람의 이름을 기억하도록 학생들이 배우는 교과서에 싣는 것도 좋은 방법중 하나일 것 같습니다.#@문장구분# 어느정도 나라가 안정이되고  특허권을  돌려주는 것 입니다#@문장구분#  감기처럼 코로나도 우리의일상속에서 영원히 살아갈 것 같으니까요.#@문장구분# 만약에 특허권을 영원히 가질 수 없게 한다면 제약회사들은 약을 만들어도 이윤을 얻지 못한다고 생각하여 다음번에 이번 일과 같은 상황이 왔을 때 열을 올리면서까지 백신 개발에 투자하지 않을 것이고 그 영향으로 시장의 경쟁이 약화되어 백신이 개발이 되지 않아 상황이 오히려 악화될 수 있다.#@문장구분# 그렇기 때문에 특허권을 풀 돼 코로나19가 약화될 때까지로 기한을 정하고 후에 코로나19가 독감처럼 돼서 독감 백신처럼 코로나 백신을 사용할 때 특허권을 허용하는 것이 모두를 위해 필요하다고 생각합니다.#@문장구분# 지금 코로나로 인해 너무 많은 사람들이 피해를 보고 있기 때문에 이러한 결정을 강행해야 한다고 생각합니다.#@문장구분# 개인의 이익이 아닌 공익의 이익을 위해서 지금은 개인의 희생을 강요해도 된다고 생각합니다.",
      "paragraph_len": 1094,
      "paragraph_id": "001"
    }
  ],
  "score": {
    "paragraph_score": [
      {
        "paragraph_scoreT": [
          3,
          3,
          3
        ],
        "paragraph_scoreT_detail": {
          "paragraph_scoreT_exp": [
            [
              3,
              3,
              3
            ],
            [
              3,
              3,
              3
            ],
            [
              3,
              3,
              3
            ]
          ]
        },
        "paragraph_scoreT_avg": 3,
        "paragraph_id": "001"
      }
    ],
    "essay_scoreT": [
      28.8,
      23.900002,
      28.4
    ],
    "essay_scoreT_avg": 27.033333,
    "essay_scoreT_detail": {
      "essay_scoreT_org": [
        [
          3,
          3,
          3,
          3
        ],
        [
          2,
          3,
          3,
          3
        ],
        [
          3,
          3,
          3,
          3
        ]
      ],
      "essay_scoreT_cont": [
        [
          3,
          2,
          3,
          3
        ],
        [
          2,
          1,
          2,
          2
        ],
        [
          3,
          2,
          2,
          3
        ]
      ],
      "essay_scoreT_exp": [
        [
          3,
          3,
          3
        ],
        [
          3,
          3,
          3
        ],
        [
          3,
          3,
          3
        ]
      ]
    }
  },
  "student": {
    "date": "2021.12.16",
    "student_educated": true,
    "student_grade": "고등_2학년",
    "location": "063",
    "student_grade_group": "고등",
    "student_reading": 1
  },
  "rubric": {
    "essay_grade": "고등_2학년",
    "organization_weight": {
      "org_paragraph": 3,
      "org": 3,
      "org_essay": 3,
      "org_coherence": 3,
      "org_quantity": 1
    },
    "essay_type": "주장",
    "content_weight": {
      "con_clearance": 3,
      "con_novelty": 3,
      "con": 4,
      "con_prompt": 1,
      "con_description": 3
    },
    "essay_main_subject": "지적 재산권에 대한 본인의 생각 작성",
    "expression_weight": {
      "exp_style": 4,
      "exp_grammar": 2,
      "exp_vocab": 4,
      "exp": 3
    }
  },
  "correction": [],
  "info": {
    "essay_id": "ESSAY_64461",
    "essay_prompt": " 지적재산권이란 특허권, 실용신안권, 상표권, 디자인권을 총칭하는 개념으로 지적재산권법은 정보생산자에게 일정기간 동안 시장에서의 배타적 지위를 부여하고 있습니다.\n\n 즉, 지적 재산권은 특정 사람이 생각/창작해낸 것을 다른사람들의 무분별한 이용으로 부터 지켜주는 것입니다. 이러한 지적재산권은 개인 혹은 회사 더 나아가 나라에 귀속될 수 있습니다.\n\n 다만, 코로나 시대인 요즘 전 세계적인 재앙인 코로나를 물리칠 수 있는 백신에 대한 지적재산권을 자유롭게 풀어야한다는 의견이 계속해서 나오고 있습니다. \n\n 지적 재산권이 있는 제약회사가 있는 나라의 경우 백신이 충분하며 백신을 맞는 것이 선택의 문제인 반면, 그렇지 못한 나라는 백신을 맞고 싶어도 맞지 못하는 사람들이 많고 항체가 없어 사망하는 경우도 비교적 많이 때문입니다.\n\n 전 세계의 문제를 해결하기 위해 수 많은 돈을 들여 개발한 백신의 지적재산권을 공유하는 것이 의무화 되어야 할까요? 아니면 회사의 선택에 맡겨야할까요? 보상은 어떻게 해야할까요? \n\n 전 세계에 무상으로 공개 해야 한다는 의견이 있을 수도 있고 무상으로 공개한 회사의 경우 팬더믹 상황이 종결 된 후 따로 보상을 해주어야 한다는 의견도 있을 겁니다. 지적재산권의 변하지 않는 신뢰를 위해서라도 무상 공개는 절대 있어서는 안된다는 의견도 있을 것입니다.\n\n 지금까지도 펜더믹 상황에서 코로나19 백신에 대한 특허권을 보장해야 하느냐 풀어야 하느냐 의견이 분분합니다. 이에 대한 자신의 주장을 작성해주세요. 또한, 그렇게 생각한 이유도 설명해주세요.",
    "essay_type": "주장",
    "essay_level": "1",
    "essay_len": 874,
    "essay_main_subject": "지적 재산권에 대한 본인의 생각 작성"
  }
}