{
  "paragraph": [
    {
      "paragraph_txt": "백인우월주의자들을 단순히 혐오하는것은 좋은 해결책이 아니다#@문장구분# 그보다 더좋은 해결책은 인종차별적 행동을 방관하지 않고 함께 잘못된 점을 꼬집고 뿌리깊게 부패된 시스템 그 자체를 바꾸는 것이라 생각한다. #@문장구분#거기에 정부와 사회단체의 목소리와 액션이 필요하고 언론과 미디어가 목소리를 높여줘야한다. #@문장구분#방관해서도 침묵해서 안되는 일이다. #@문장구분#우리나라에만 사는 사람들은 잘 느끼지 못하지만 유학생들이나 이민자들의 이야기를 들어보면 인격적인 대우를 받지 못하는 경우가 아직도 많다고 한다. #@문장구분#세상은 우리가 소리를 내지 않으면 변하지 않는다 자신이 어디에 있든 상관없이 어떤 형태로도 차별은 찾아올 것이다. #@문장구분#그러하기에 차별을 하고 차별을 받아 서로 혐오하고 적대하는 감정적 대응은 인종차별문제를 해결할 수 없다. #@문장구분#인종차별문제에서 항상 가해자의 자리에 서있는 백인 그리고 피해자의 자리에 서있는 유색인 하지만 글로벌시대라고 하지만 이제는 나라와 나라의 혐오로 세분화된 차별이 생겨나려고 한다. #@문장구분#코로나가 막 시작될 무렵 나는 가족들과 스페인 관광을 갔었다. #@문장구분#스페인에 있는 쇼핑센터에서 매장에 들어설때마다 들어야 했던말은 아유프롬 차이나? 였다.#@문장구분# 코로나로 인해 중국인은 받지 않겠다는 것이였다. 나는 한국인이라고 밝혔지만 직원들은 반가워하지 않았다. #@문장구분#물건을 보고 나갈때까지 멀리서 지켜보기만 할 뿐 어쩌면 쇼핑을 할 사람이 아닌걸 알아본 걸지도 모르겠다. #@문장구분#이 직원들의 태도 역시 차별적인 대우이다 인종의 차별이거나 부의 차별이거나 차별이나 따돌림이 주는 사회적 고통이 사람의 뇌에 주는 충격은 몸에 화상을 입는 정도의 아픔만큼이나 크다고 한다. #@문장구분#바로 이런마음의 상처들이 피해의식으로 자리잡아 이후엔 차별이 아닌 구별임에도 그상황을 괴로워하고 힘들어하게 될지도 모른다. #@문장구분#이런 인간의 마음에 편견과 피해의식이라는 세상을보는 굴곡진 시각을 갖지않도록 우리모두는 인종차별의 현장과 시스템을 방관하지 말고 정부와 사회단체에게 적극적으로 목소리를 높이고 인종차별이 얼마나 끔찍한 것인지를 언론과 미디어가 알림으로 보여지는곳에서도 보여지지않는 곳에서도  인종차별이 더 이상 뿌리내리지 못하게 해야할 것이다.",
      "paragraph_len": 1323,
      "paragraph_id": "001"
    }
  ],
  "score": {
    "paragraph_score": [
      {
        "paragraph_scoreT": [
          3,
          3,
          2.8
        ],
        "paragraph_scoreT_detail": {
          "paragraph_scoreT_exp": [
            [
              3,
              3,
              3
            ],
            [
              3,
              3,
              3
            ],
            [
              2,
              3,
              3
            ]
          ]
        },
        "paragraph_scoreT_avg": 2.9333334,
        "paragraph_id": "001"
      }
    ],
    "essay_scoreT": [
      26.7,
      28.4,
      25.4
    ],
    "essay_scoreT_avg": 26.833334,
    "essay_scoreT_detail": {
      "essay_scoreT_org": [
        [
          2,
          3,
          3,
          3
        ],
        [
          3,
          3,
          3,
          3
        ],
        [
          3,
          3,
          3,
          3
        ]
      ],
      "essay_scoreT_cont": [
        [
          3,
          2,
          3,
          2
        ],
        [
          3,
          2,
          2,
          3
        ],
        [
          2,
          2,
          2,
          2
        ]
      ],
      "essay_scoreT_exp": [
        [
          3,
          3,
          3
        ],
        [
          3,
          3,
          3
        ],
        [
          2,
          3,
          3
        ]
      ]
    }
  },
  "student": {
    "date": "2021.12.17",
    "student_educated": true,
    "student_grade": "고등_2학년",
    "location": "044",
    "student_grade_group": "고등",
    "student_reading": 3
  },
  "rubric": {
    "essay_grade": "고등_2학년",
    "organization_weight": {
      "org_paragraph": 3,
      "org": 3,
      "org_essay": 3,
      "org_coherence": 3,
      "org_quantity": 1
    },
    "essay_type": "주장",
    "content_weight": {
      "con_clearance": 3,
      "con_novelty": 3,
      "con": 4,
      "con_prompt": 1,
      "con_description": 3
    },
    "essay_main_subject": "인종차별에 대한 본인의 생각",
    "expression_weight": {
      "exp_style": 4,
      "exp_grammar": 2,
      "exp_vocab": 4,
      "exp": 3
    }
  },
  "correction": [],
  "info": {
    "essay_id": "ESSAY_66949",
    "essay_prompt": " 최근 중국발 코로나바이러스로 인해 동양인에 대한 혐오감을 나타내는 서양인들이 늘어나고 있습니다. 그로 인해, 매스컴이나 SNS에서 인종차별을 받아 힘들어하는 동양인들을 자주 목격할 수 있습니다.\n\n 하지만, 최근에만 인종차별이 존재했을까요? 아닙니다. 아주 오래전부터 다른 인종에 대한 차별은 있었습니다.\n\n 우리나라에서는 인종차별을 안 하고 있을까요? 아닙니다. 우리나라에서도 알게 모르게 많은 부분에서 다른 국가의 사람들에 대해 인종차별을 하고 있으며 누군가에게 상처를 주고 있습니다.\n\n 즉, 인종차별은 누군가의 문제가 아니라 우리 모두의 문제입니다.\n\n 여러분들은 인종차별을 당해보신 적 있나요? 인종차별을 하는 사람들에 대해 어떻게 생각하시나요? 왜 생겨났다고 생각하나요? 인종차별을 근절하기 위해서는 어떻게 해야 할까요? 인종차별을 하는 사람들에 대해 전 세계적으로 처벌의 강도를 높여야 할까요?\n\n 인종차별을 하는 사람들에 대한 본인의 생각을 작성하고 인종차별은 해결할 수 있는 문제일지 아니면 해결하지 어려운 문제일지 작성해주세요. 또한, 그렇게 생각한 이유와 본인이 생각한 해결방법 혹은 해결할 수 없다면 왜 해결할 수 없다고 생각하는지 작성해주세요.",
    "essay_type": "주장",
    "essay_level": "1",
    "essay_len": 1044,
    "essay_main_subject": "인종차별에 대한 본인의 생각"
  }
}