{
  "paragraph": [
    {
      "paragraph_txt": "미국은 오래전부터 백인과 흑인간의 인종차별 문제가 야기되고 있었다.#@문장구분#  과거 흑인의 인종차별과 관련된 인권운동 또한 있었고 현재는 인종차별 문제도 서서히 줄여가는 추세이다.#@문장구분#  다만 동양인 차별과 관련해서는 미국에서 흑인과 백인을 가리지 않고 발생한다는 것이 상당히 아이러니한 일이다.#@문장구분#  인종차별 금지는 백인에 대한 차별을 금지하자, 흑인에 대한 차별을 금지하자가 아닌데 말이다.#@문장구분#  유색 무색 인종 가리지 않고 서로 차별을 하지 않는다는 것이 인종차별 금지이다.#@문장구분#  누구보다 이 문제에 관심이 있는 국가에서 동양인 혐오 범죄가 발생한다는 것은 과거에 인종차별 문제에 대한 반성이 제대로 이루어지지 않았다는 점을 입증한다.#@문장구분#  이러한 혐오 감정이 조성이 되는 것은 미국 정부에서의 문제도 있었다.#@문장구분#  이 점에 관해서는 나의 정치적 견해를 서술하는 것이 아닌 중립적인 관점에서 문제를 서술한다는 점을 참고해주길 바란다.#@문장구분#  미국 일부 정치인들이 정치적으로 중국발 코로나에 관한 부분을 혐오 감정을 조성하고 이용한다는 것이다.#@문장구분#  인종차별 문제에 대해 누구보다 관심 있는 국가이고 사례가 있는 국가인 미국이 이 문제를 해결하는 것에 대해 지연이 되는 것은 이러한 문제가 있기 때문이라고 생각한다.#@문장구분#사유재산이 생긴 후에는 재산의 차이가 계급을 만들어냈고, 지금은 사라진 노예제도부터 현재까지 존재하는 사회적 약자에 대한 차별 등 차별은 항상 존재해왔습니다.#@문장구분#  인종차별도 그 중한 부류입니다.#@문장구분#  재산의 많고 적음은 눈으로 가늠할 수 없지만 피부색은 눈으로 구별할 수 있는 두드러지는 차이점들 중 하나이기 때문에 특정을 지을 수가 있습니다.#@문장구분#  이를 핑계로 제국주의 시절 유럽이나 북미 국가들은 노예인 흑인과 미개한 동양인, 그리고 그 중 가장 우월한 백인이라는 체제를 만들어 자신들의 식민 통치를 정당화하려고 했습니다.#@문장구분#  지금은 그러한 틀이 없어졌지만, 서로의 인종을 비하하는 경향은 쉽게 찾아볼 수 있습니다.#@문장구분#",
      "paragraph_len": 1243,
      "paragraph_id": "001"
    }
  ],
  "score": {
    "paragraph_score": [
      {
        "paragraph_scoreT": [
          2.8,
          3,
          3
        ],
        "paragraph_scoreT_detail": {
          "paragraph_scoreT_exp": [
            [
              2,
              3,
              3
            ],
            [
              3,
              3,
              3
            ],
            [
              3,
              3,
              3
            ]
          ]
        },
        "paragraph_scoreT_avg": 2.9333334,
        "paragraph_id": "001"
      }
    ],
    "essay_scoreT": [
      23.899998,
      27.900002,
      27.3
    ],
    "essay_scoreT_avg": 26.366667,
    "essay_scoreT_detail": {
      "essay_scoreT_org": [
        [
          2,
          2,
          2,
          3
        ],
        [
          2,
          3,
          3,
          3
        ],
        [
          2,
          2,
          2,
          3
        ]
      ],
      "essay_scoreT_cont": [
        [
          2,
          2,
          2,
          3
        ],
        [
          3,
          2,
          3,
          3
        ],
        [
          3,
          3,
          3,
          3
        ]
      ],
      "essay_scoreT_exp": [
        [
          2,
          3,
          3
        ],
        [
          3,
          3,
          3
        ],
        [
          3,
          3,
          3
        ]
      ]
    }
  },
  "student": {
    "date": "2021.12.18",
    "student_educated": true,
    "student_grade": "고등_2학년",
    "location": "063",
    "student_grade_group": "고등",
    "student_reading": 2
  },
  "rubric": {
    "essay_grade": "고등_2학년",
    "organization_weight": {
      "org_paragraph": 3,
      "org": 3,
      "org_essay": 3,
      "org_coherence": 3,
      "org_quantity": 1
    },
    "essay_type": "주장",
    "content_weight": {
      "con_clearance": 3,
      "con_novelty": 3,
      "con": 4,
      "con_prompt": 1,
      "con_description": 3
    },
    "essay_main_subject": "인종차별에 대한 본인의 생각",
    "expression_weight": {
      "exp_style": 4,
      "exp_grammar": 2,
      "exp_vocab": 4,
      "exp": 3
    }
  },
  "correction": [],
  "info": {
    "essay_id": "ESSAY_70028",
    "essay_prompt": " 최근 중국발 코로나바이러스로 인해 동양인에 대한 혐오감을 나타내는 서양인들이 늘어나고 있습니다. 그로 인해, 매스컴이나 SNS에서 인종차별을 받아 힘들어하는 동양인들을 자주 목격할 수 있습니다.\n\n 하지만, 최근에만 인종차별이 존재했을까요? 아닙니다. 아주 오래전부터 다른 인종에 대한 차별은 있었습니다.\n\n 우리나라에서는 인종차별을 안 하고 있을까요? 아닙니다. 우리나라에서도 알게 모르게 많은 부분에서 다른 국가의 사람들에 대해 인종차별을 하고 있으며 누군가에게 상처를 주고 있습니다.\n\n 즉, 인종차별은 누군가의 문제가 아니라 우리 모두의 문제입니다.\n\n 여러분들은 인종차별을 당해보신 적 있나요? 인종차별을 하는 사람들에 대해 어떻게 생각하시나요? 왜 생겨났다고 생각하나요? 인종차별을 근절하기 위해서는 어떻게 해야 할까요? 인종차별을 하는 사람들에 대해 전 세계적으로 처벌의 강도를 높여야 할까요?\n\n 인종차별을 하는 사람들에 대한 본인의 생각을 작성하고 인종차별은 해결할 수 있는 문제일지 아니면 해결하지 어려운 문제일지 작성해주세요. 또한, 그렇게 생각한 이유와 본인이 생각한 해결방법 혹은 해결할 수 없다면 왜 해결할 수 없다고 생각하는지 작성해주세요.",
    "essay_type": "주장",
    "essay_level": "1",
    "essay_len": 944,
    "essay_main_subject": "인종차별에 대한 본인의 생각"
  }
}