{
  "paragraph": [
    {
      "paragraph_txt": "저는 백신에 대한 지적재산권을 보장하지 않았으면 합니다. #@문장구분#왜냐하면 지금 코로나라는 바이러스 때문에 전 세계가 난리인데 그것을 이용해서 돈을 벌려고 하는 것이 너무 파렴치하다는 생각이 들기 때문입니다.#@문장구분# 우선 제가 백신에 대한 지적재산권을 반대하는 이유는 바로 후진국들 때문입니다.#@문장구분# 후진국은 상대적으로 선진국들보다 재정상태가 좋지 못해 백신을 구매할 돈이 없습니다. #@문장구분#그래서 그런지 지금 후진국들의 코로나 바이러스 감염자의 수가 치솟고 있다고 합니다. #@문장구분#그래서 빠른 코로나 종식을 위해서 백신에 대한 지적재산권을 보장하지 않았으면 좋겠습니다. #@문장구분#결국 코로나19 백신을 둘러싼 부익부 빈익빈 현상이 되풀이된다는 의미이기도 합니다. #@문장구분#로이터통신 등은 미국 제약사 머크의 코로나19 알약 치료제에 대한 저소득 국가의 접근권을 우선 보장해야 한다는 목소리가 커지고 있다고 보도했습니다.#@문장구분#이것은 코로나19 백신에 대한 지적재산권과 관련된 작년 10월부터 이어진 이야기와 다를 것이 없습니다.#@문장구분# 결국 근본적인 해결 방법이 아니라는 의미입니다.#@문장구분# 외신을 종합해서 읽어보면 세계 보건 및 감염병 전문가들은 이 알약 치료제가 승인되면 아프리카에 우선 배포해야 한다는 데 입을 모았습니다.#@문장구분# 이에 따르면 현재 아프리카의 백신 접종률은 5% 미만으로, 접종률 70% 이상인 백신 부국과 큰 격차를 보이고 있습니다.#@문장구분# 하지만 실상은 매우 다르게 흘러가고 있지요.#@문장구분# 어쩌면 우리는 평생 코로나19와 함께 살아가야 할지도 모른다.#@문장구분# 그렇기 때문에 코로나19를 예방하고, 감염되더라도 그 감염 증상을 최소화할 수 있는 백신은 정말이지 중요하고 필요하다.#@문장구분# 그래서 어서 빨리 코로나가 종식되어 전 세계로 여행도 다녀보고 여러 사람들도 만나고 싶다.#@문장구분# 우선 무엇보다 친구들과 국내 여행을 다녀보고 싶다.",
      "paragraph_len": 1185,
      "paragraph_id": "001"
    }
  ],
  "score": {
    "paragraph_score": [
      {
        "paragraph_scoreT": [
          2.4,
          2.4,
          2.4
        ],
        "paragraph_scoreT_detail": {
          "paragraph_scoreT_exp": [
            [
              2,
              2,
              3
            ],
            [
              2,
              2,
              3
            ],
            [
              2,
              2,
              3
            ]
          ]
        },
        "paragraph_scoreT_avg": 2.4,
        "paragraph_id": "001"
      }
    ],
    "essay_scoreT": [
      28.2,
      28.2,
      27
    ],
    "essay_scoreT_avg": 27.800001,
    "essay_scoreT_detail": {
      "essay_scoreT_org": [
        [
          3,
          3,
          3,
          3
        ],
        [
          3,
          3,
          3,
          3
        ],
        [
          3,
          3,
          3,
          3
        ]
      ],
      "essay_scoreT_cont": [
        [
          3,
          3,
          3,
          3
        ],
        [
          3,
          3,
          3,
          3
        ],
        [
          3,
          2,
          3,
          3
        ]
      ],
      "essay_scoreT_exp": [
        [
          2,
          2,
          3
        ],
        [
          2,
          2,
          3
        ],
        [
          2,
          2,
          3
        ]
      ]
    }
  },
  "student": {
    "date": "2021.12.20",
    "student_educated": true,
    "student_grade": "고등_2학년",
    "location": "063",
    "student_grade_group": "고등",
    "student_reading": 1
  },
  "rubric": {
    "essay_grade": "고등_2학년",
    "organization_weight": {
      "org_paragraph": 3,
      "org": 3,
      "org_essay": 3,
      "org_coherence": 3,
      "org_quantity": 1
    },
    "essay_type": "주장",
    "content_weight": {
      "con_clearance": 3,
      "con_novelty": 3,
      "con": 4,
      "con_prompt": 1,
      "con_description": 3
    },
    "essay_main_subject": "지적 재산권에 대한 본인의 생각 작성",
    "expression_weight": {
      "exp_style": 4,
      "exp_grammar": 2,
      "exp_vocab": 4,
      "exp": 3
    }
  },
  "correction": [],
  "info": {
    "essay_id": "ESSAY_69804",
    "essay_prompt": " 지적재산권이란 특허권, 실용신안권, 상표권, 디자인권을 총칭하는 개념으로 지적재산권법은 정보생산자에게 일정기간 동안 시장에서의 배타적 지위를 부여하고 있습니다.\n\n 즉, 지적 재산권은 특정 사람이 생각/창작해낸 것을 다른사람들의 무분별한 이용으로 부터 지켜주는 것입니다. 이러한 지적재산권은 개인 혹은 회사 더 나아가 나라에 귀속될 수 있습니다.\n\n 다만, 코로나 시대인 요즘 전 세계적인 재앙인 코로나를 물리칠 수 있는 백신에 대한 지적재산권을 자유롭게 풀어야한다는 의견이 계속해서 나오고 있습니다. \n\n 지적 재산권이 있는 제약회사가 있는 나라의 경우 백신이 충분하며 백신을 맞는 것이 선택의 문제인 반면, 그렇지 못한 나라는 백신을 맞고 싶어도 맞지 못하는 사람들이 많고 항체가 없어 사망하는 경우도 비교적 많이 때문입니다.\n\n 전 세계의 문제를 해결하기 위해 수 많은 돈을 들여 개발한 백신의 지적재산권을 공유하는 것이 의무화 되어야 할까요? 아니면 회사의 선택에 맡겨야할까요? 보상은 어떻게 해야할까요? \n\n 전 세계에 무상으로 공개 해야 한다는 의견이 있을 수도 있고 무상으로 공개한 회사의 경우 팬더믹 상황이 종결 된 후 따로 보상을 해주어야 한다는 의견도 있을 겁니다. 지적재산권의 변하지 않는 신뢰를 위해서라도 무상 공개는 절대 있어서는 안된다는 의견도 있을 것입니다.\n\n 지금까지도 펜더믹 상황에서 코로나19 백신에 대한 특허권을 보장해야 하느냐 풀어야 하느냐 의견이 분분합니다. 이에 대한 자신의 주장을 작성해주세요. 또한, 그렇게 생각한 이유도 설명해주세요.",
    "essay_type": "주장",
    "essay_level": "1",
    "essay_len": 868,
    "essay_main_subject": "지적 재산권에 대한 본인의 생각 작성"
  }
}