{
  "paragraph": [
    {
      "paragraph_txt": "북부가 남부를 멸망시키고 노예를 해방한 뒤로는 KKK단이 만들어져 흑인들을 차별하였다#@문장구분# 아직도 KKK단이 있다고 한다.#@문장구분# 미국의 어떤 숙박업소는 흑인들은 받아 주지 않아 벌금을 내기도 하고 또 작물을 받았다고 어떤 경찰소들이 흑인 부부를 고문시켜 남편이 죽어 부인이 재판을 신청해 보상금 4만1000불을 받았다.#@문장구분#  하지만 그녀의 마음의 상처는 심했을 것이다.#@문장구분#  우리는 차별을 받아본적이 있다#@문장구분#  그런데도 다른 사람들을 차별한다.#@문장구분#  우리는 그들으 고통을 아니 그들을 차별하지 말자.#@문장구분#인종 차별은 말 그대로 서로 다른 인종에 계급을 두어 차별하는 것이다.#@문장구분#  인종차별은 지금은 많이 극복이 되었다 고들 하지만 아직도 정식으로 사회에 거론되는 만큼 우리에겐 생소한 단어가 아니다.#@문장구분#  외국의 우리 해외 동포들이 겪은 이야기를 들어보면 꼭 한번쯤은 인종차별이란 것을 당해보았다는 것을 알 수 있다.#@문장구분#  또한 우리들도 한번쯤은 다른 인종을 무시하고 차별하여 본 적이 있었을 것이란 것은 부정 할 수 없을 것이다.#@문장구분# 정말 옛날 백인들을 정말 죽이고 싶을 정도로 너무 잔인한 생각이 들었다.#@문장구분#  단지 피부색깔이 다르다고 노예로 삼고 차별을 하다니..#@문장구분# 정말 나는 이해할 수가 없었다.#@문장구분#  만약 자기네들도 흑인들의 노예가 되어 차별 당했으면 똑같이 기분이 나빴을 텐데 말이다#@문장구분# 며칠 전, 신문에서 어떤 사람이 크레파스와 색채물감에 살색이라고 쓰여진 것도 하나의 인종차별문제와 관련이 있다고 생각해서 먼제를 제가한 사건의 기사를 읽은 적이 있다.#@문장구분#  우리는 그냥 이제까지 살색이라는 용어가 아무렇지도 않게 사용하고 있었는데 이렇게 생각하는 사람이 잇었단니...#@문장구분#  이런 사람 때문에 이렇게 이 지구상의 흑인문제가 조금씩 해결해나가게 되는 것 같다.#@문장구분#  아직도 우리 지구상에는 흑인문제가 조금은 남아있는 것 같다.#@문장구분#  앞으로 이런 문제가 흑인과 백인의 폭력이 아닌 대화로 인해 잘 해결되어 다시는 이렇게 차별대우를 받는 흑인도 없어지고 차별하는 백인도 없어졌으면 좋겠다.#@문장구분#",
      "paragraph_len": 1365,
      "paragraph_id": "001"
    }
  ],
  "score": {
    "paragraph_score": [
      {
        "paragraph_scoreT": [
          2,
          2.4,
          2.4
        ],
        "paragraph_scoreT_detail": {
          "paragraph_scoreT_exp": [
            [
              2,
              2,
              2
            ],
            [
              2,
              3,
              2
            ],
            [
              2,
              3,
              2
            ]
          ]
        },
        "paragraph_scoreT_avg": 2.2666667,
        "paragraph_id": "001"
      }
    ],
    "essay_scoreT": [
      16.400002,
      25.7,
      27.300001
    ],
    "essay_scoreT_avg": 23.133333,
    "essay_scoreT_detail": {
      "essay_scoreT_org": [
        [
          1,
          1,
          1,
          3
        ],
        [
          3,
          2,
          3,
          3
        ],
        [
          3,
          3,
          2,
          3
        ]
      ],
      "essay_scoreT_cont": [
        [
          2,
          1,
          2,
          2
        ],
        [
          3,
          2,
          2,
          3
        ],
        [
          3,
          3,
          3,
          3
        ]
      ],
      "essay_scoreT_exp": [
        [
          2,
          2,
          2
        ],
        [
          2,
          3,
          2
        ],
        [
          2,
          3,
          2
        ]
      ]
    }
  },
  "student": {
    "date": "2021.12.18",
    "student_educated": true,
    "student_grade": "고등_2학년",
    "location": "063",
    "student_grade_group": "고등",
    "student_reading": 1
  },
  "rubric": {
    "essay_grade": "고등_2학년",
    "organization_weight": {
      "org_paragraph": 3,
      "org": 3,
      "org_essay": 3,
      "org_coherence": 3,
      "org_quantity": 1
    },
    "essay_type": "주장",
    "content_weight": {
      "con_clearance": 3,
      "con_novelty": 3,
      "con": 4,
      "con_prompt": 1,
      "con_description": 3
    },
    "essay_main_subject": "인종차별에 대한 본인의 생각",
    "expression_weight": {
      "exp_style": 4,
      "exp_grammar": 2,
      "exp_vocab": 4,
      "exp": 3
    }
  },
  "correction": [],
  "info": {
    "essay_id": "ESSAY_70012",
    "essay_prompt": " 최근 중국발 코로나바이러스로 인해 동양인에 대한 혐오감을 나타내는 서양인들이 늘어나고 있습니다. 그로 인해, 매스컴이나 SNS에서 인종차별을 받아 힘들어하는 동양인들을 자주 목격할 수 있습니다.\n\n 하지만, 최근에만 인종차별이 존재했을까요? 아닙니다. 아주 오래전부터 다른 인종에 대한 차별은 있었습니다.\n\n 우리나라에서는 인종차별을 안 하고 있을까요? 아닙니다. 우리나라에서도 알게 모르게 많은 부분에서 다른 국가의 사람들에 대해 인종차별을 하고 있으며 누군가에게 상처를 주고 있습니다.\n\n 즉, 인종차별은 누군가의 문제가 아니라 우리 모두의 문제입니다.\n\n 여러분들은 인종차별을 당해보신 적 있나요? 인종차별을 하는 사람들에 대해 어떻게 생각하시나요? 왜 생겨났다고 생각하나요? 인종차별을 근절하기 위해서는 어떻게 해야 할까요? 인종차별을 하는 사람들에 대해 전 세계적으로 처벌의 강도를 높여야 할까요?\n\n 인종차별을 하는 사람들에 대한 본인의 생각을 작성하고 인종차별은 해결할 수 있는 문제일지 아니면 해결하지 어려운 문제일지 작성해주세요. 또한, 그렇게 생각한 이유와 본인이 생각한 해결방법 혹은 해결할 수 없다면 왜 해결할 수 없다고 생각하는지 작성해주세요.",
    "essay_type": "주장",
    "essay_level": "1",
    "essay_len": 965,
    "essay_main_subject": "인종차별에 대한 본인의 생각"
  }
}