{
  "paragraph": [
    {
      "paragraph_txt": "인종차별은 해결 할 수가 없다. #@문장구분#그 이유는 인간이건 동물이건 유전적으로 여러가지를 느끼는 감정을 가지고 태어나며 생존을 하면서 학습 및 답습을 한다.#@문장구분# 그리고 인간이 유전적으로 가지고 있는 감정 중에 먼 옛날인 구석기 시대부터 현 사회까지 혐오와 차별이 사회발전과 기술 발전함에따라 더욱 심화가 되었다고 생각한다. #@문장구분# 특히 인터넷 기술발전으로 모든 정보고 한 곳에만 머물지 않고 전 세계로 누구나 볼 수 있고 학습이 가능해서 위험한 사상이 정의로운 사상마냥 퍼질 가능성이 높다.#@문장구분# 위험한 사상을 가진  사람들이 자신의 생각이 맞고 옳다고 생각하면 점점 더 혐오와 차별이 사람의 목숨을 위협하는 단계로 변할 것이다.#@문장구분# 그 예로 들자면 1991년 3월 3일 LA 흑인 폭동 사건이 있다. #@문장구분#백인 경찰관들이 흑인들을 폭행해 서 크게 다쳤고 이 흑인들이 경찰관들을 고발했지만 재판에서 경찰관들이 각가 무죄와 재심사  를  판결 받았다. #@문장구분#그런데 여기 중요한거는 배심원들이 백인이 다수였고 스페인과 아시아계가  1명밖에 없었다. #@문장구분#이 결과가 백인주의와 흑인들을 자기들과 다르다는 사상을 가지고 있기 때문 에 이런 결과 나온것이다. #@문장구분#이러한 판결로 인해서 흑인들이 폭동을 일으키고 전 세계에 알려지게 되었다. #@문장구분#  그래서 미국은 차별을 방지하고자 인종차별법이 있지만 계속 이러한 일이 발생 되고 있고  인종차별은 다민족 국가인 미국만 일어나는 일이 아니고 현재에도 전 세계에서 계속 공공연히 벌어지고 있다. #@문장구분#또한 유투브에서 다른 나라에서 발생하는 인종차별적 영상들이  올라오고 있고 이러한 사람들의 생각 또는 행동을 변화 시키기기는 어렵다.#@문장구분#인종차별 그러니깐 차별 자체가 좋은건 아니지만 무의식적 유전적으로 깔려있고 한번 고정된 생각이나 사상들은 자기가 깨닳지 않는이상 관념을 깨기가 어렵다고 생각한다.#@문장구분#",
      "paragraph_len": 1141,
      "paragraph_id": "001"
    }
  ],
  "score": {
    "paragraph_score": [
      {
        "paragraph_scoreT": [
          3,
          3,
          3
        ],
        "paragraph_scoreT_detail": {
          "paragraph_scoreT_exp": [
            [
              3,
              3,
              3
            ],
            [
              3,
              3,
              3
            ],
            [
              3,
              3,
              3
            ]
          ]
        },
        "paragraph_scoreT_avg": 3,
        "paragraph_id": "001"
      }
    ],
    "essay_scoreT": [
      28.8,
      28.8,
      30
    ],
    "essay_scoreT_avg": 29.199999,
    "essay_scoreT_detail": {
      "essay_scoreT_org": [
        [
          3,
          3,
          3,
          3
        ],
        [
          3,
          3,
          3,
          3
        ],
        [
          3,
          3,
          3,
          3
        ]
      ],
      "essay_scoreT_cont": [
        [
          3,
          3,
          3,
          2
        ],
        [
          3,
          2,
          3,
          3
        ],
        [
          3,
          3,
          3,
          3
        ]
      ],
      "essay_scoreT_exp": [
        [
          3,
          3,
          3
        ],
        [
          3,
          3,
          3
        ],
        [
          3,
          3,
          3
        ]
      ]
    }
  },
  "student": {
    "date": "2021.12.15",
    "student_educated": true,
    "student_grade": "고등_2학년",
    "location": "042",
    "student_grade_group": "고등",
    "student_reading": 2
  },
  "rubric": {
    "essay_grade": "고등_2학년",
    "organization_weight": {
      "org_paragraph": 3,
      "org": 3,
      "org_essay": 3,
      "org_coherence": 3,
      "org_quantity": 1
    },
    "essay_type": "주장",
    "content_weight": {
      "con_clearance": 3,
      "con_novelty": 3,
      "con": 4,
      "con_prompt": 1,
      "con_description": 3
    },
    "essay_main_subject": "인종차별에 대한 본인의 생각",
    "expression_weight": {
      "exp_style": 4,
      "exp_grammar": 2,
      "exp_vocab": 4,
      "exp": 3
    }
  },
  "correction": [],
  "info": {
    "essay_id": "ESSAY_64310",
    "essay_prompt": " 최근 중국발 코로나바이러스로 인해 동양인에 대한 혐오감을 나타내는 서양인들이 늘어나고 있습니다. 그로 인해, 매스컴이나 SNS에서 인종차별을 받아 힘들어하는 동양인들을 자주 목격할 수 있습니다.\n\n 하지만, 최근에만 인종차별이 존재했을까요? 아닙니다. 아주 오래전부터 다른 인종에 대한 차별은 있었습니다.\n\n 우리나라에서는 인종차별을 안 하고 있을까요? 아닙니다. 우리나라에서도 알게 모르게 많은 부분에서 다른 국가의 사람들에 대해 인종차별을 하고 있으며 누군가에게 상처를 주고 있습니다.\n\n 즉, 인종차별은 누군가의 문제가 아니라 우리 모두의 문제입니다.\n\n 여러분들은 인종차별을 당해보신 적 있나요? 인종차별을 하는 사람들에 대해 어떻게 생각하시나요? 왜 생겨났다고 생각하나요? 인종차별을 근절하기 위해서는 어떻게 해야 할까요? 인종차별을 하는 사람들에 대해 전 세계적으로 처벌의 강도를 높여야 할까요?\n\n 인종차별을 하는 사람들에 대한 본인의 생각을 작성하고 인종차별은 해결할 수 있는 문제일지 아니면 해결하지 어려운 문제일지 작성해주세요. 또한, 그렇게 생각한 이유와 본인이 생각한 해결방법 혹은 해결할 수 없다면 왜 해결할 수 없다고 생각하는지 작성해주세요.",
    "essay_type": "주장",
    "essay_level": "1",
    "essay_len": 885,
    "essay_main_subject": "인종차별에 대한 본인의 생각"
  }
}