{
  "paragraph": [
    {
      "paragraph_txt": "ㅌ코로나19 뿐만 아니라 혐오나 비하하는 일들이 종종 일어난다.#@문장구분#  미국이나 유럽에서는 동양인들이 공격 당했던 기사가 사람들을 충격에 빠뜨리기도 한다..#@문장구분# 단기비자로 체류중인 한국인 남성과 유럽계호주인의 여성이 코로나 옮기면서 돌아다닌다며 공격하고 주먹으로 한국인 남성을 공격하는일, 마스크쓰고 있던 동양인을 공격하는일,마사지가게의 아시아계여성들과 한국여성을  총격한 사건,유로축구 결승전 승부차기에서 실축한 3명의 선수가 모두 흑인이라는 이유로 흑인 인종차별 및 비하가 난무 했던일,방탄소년단도 예외는 아니었다.#@문장구분# 아시아인이라는 이유로 욕을 먹기도하고,외모비하,영어못한다며 비난등등 당했다고 한다.#@문장구분# 우리가 알고있기도 하고 알지못하는 일들이 굉장히 많을 것이다.#@문장구분# 필리핀의 격투기 선수는 아시아인에 대한 혐오에대해 아시아인을 공격하지말고 나와싸워라,영화배우 윤여정씨는 아카데미 시상식에서 인종차별반대,아시아인에 대한 혐오표현 자제등을 당부했을 만큼 흑인에 대한,아시아인에 대한 인종차별로 공포감과 분노를 느꼈던 사람들이 많다.#@문장구분# 인종차별은 백인 우월주의에서 생겨난것이다.#@문장구분# 어느 역사학자는 아프리카에서 부터 인류문명이 시작되었고 점점 너무 뜨거워지는 날씨를 피해 시원한 곳을 찾으면서 세계여러곳으로 흩어져 여러 문명이 생기게 된것이라고 했다.#@문장구분# 그렇다면 인류는 처음에는 흑인,아시아인,그다음이 유럽인 순으로 생기지 않았을까?#@문장구분# 나는 외국을 나가보지 않아 아직 인종차별을 당해보진 않았지만 인종차별은 내가,당할 수도 있는일이다.#@문장구분# 나는 인종차별을 반대한다.#@문장구분# 누구나 인간으로서 존중받을 권리가 있는데 피부색이 다르고 후진국에서 산다해서 그들이 감정이 없지않다.#@문장구분# 나와 똑같이 느끼고 생각하고 생활한다는 것을 잊지말고 함께살아가는 지구의 가족이라는 인식을 어려서부터 가르켜야 할것이다.#@문장구분#",
      "paragraph_len": 1134,
      "paragraph_id": "001"
    }
  ],
  "score": {
    "paragraph_score": [
      {
        "paragraph_scoreT": [
          2,
          2.8,
          2.4
        ],
        "paragraph_scoreT_detail": {
          "paragraph_scoreT_exp": [
            [
              2,
              2,
              2
            ],
            [
              2,
              3,
              3
            ],
            [
              2,
              2,
              3
            ]
          ]
        },
        "paragraph_scoreT_avg": 2.4,
        "paragraph_id": "001"
      }
    ],
    "essay_scoreT": [
      18.8,
      28.5,
      26.400002
    ],
    "essay_scoreT_avg": 24.566666,
    "essay_scoreT_detail": {
      "essay_scoreT_org": [
        [
          2,
          2,
          2,
          2
        ],
        [
          3,
          2,
          3,
          3
        ],
        [
          3,
          2,
          2,
          3
        ]
      ],
      "essay_scoreT_cont": [
        [
          2,
          1,
          2,
          2
        ],
        [
          3,
          3,
          3,
          3
        ],
        [
          3,
          3,
          3,
          3
        ]
      ],
      "essay_scoreT_exp": [
        [
          2,
          2,
          2
        ],
        [
          2,
          3,
          3
        ],
        [
          2,
          2,
          3
        ]
      ]
    }
  },
  "student": {
    "date": "2021.12.20",
    "student_educated": true,
    "student_grade": "고등_2학년",
    "location": "044",
    "student_grade_group": "고등",
    "student_reading": 1
  },
  "rubric": {
    "essay_grade": "고등_2학년",
    "organization_weight": {
      "org_paragraph": 3,
      "org": 3,
      "org_essay": 3,
      "org_coherence": 3,
      "org_quantity": 1
    },
    "essay_type": "주장",
    "content_weight": {
      "con_clearance": 3,
      "con_novelty": 3,
      "con": 4,
      "con_prompt": 1,
      "con_description": 3
    },
    "essay_main_subject": "인종차별에 대한 본인의 생각",
    "expression_weight": {
      "exp_style": 4,
      "exp_grammar": 2,
      "exp_vocab": 4,
      "exp": 3
    }
  },
  "correction": [],
  "info": {
    "essay_id": "ESSAY_69968",
    "essay_prompt": " 최근 중국발 코로나바이러스로 인해 동양인에 대한 혐오감을 나타내는 서양인들이 늘어나고 있습니다. 그로 인해, 매스컴이나 SNS에서 인종차별을 받아 힘들어하는 동양인들을 자주 목격할 수 있습니다.\n\n 하지만, 최근에만 인종차별이 존재했을까요? 아닙니다. 아주 오래전부터 다른 인종에 대한 차별은 있었습니다.\n\n 우리나라에서는 인종차별을 안 하고 있을까요? 아닙니다. 우리나라에서도 알게 모르게 많은 부분에서 다른 국가의 사람들에 대해 인종차별을 하고 있으며 누군가에게 상처를 주고 있습니다.\n\n 즉, 인종차별은 누군가의 문제가 아니라 우리 모두의 문제입니다.\n\n 여러분들은 인종차별을 당해보신 적 있나요? 인종차별을 하는 사람들에 대해 어떻게 생각하시나요? 왜 생겨났다고 생각하나요? 인종차별을 근절하기 위해서는 어떻게 해야 할까요? 인종차별을 하는 사람들에 대해 전 세계적으로 처벌의 강도를 높여야 할까요?\n\n 인종차별을 하는 사람들에 대한 본인의 생각을 작성하고 인종차별은 해결할 수 있는 문제일지 아니면 해결하지 어려운 문제일지 작성해주세요. 또한, 그렇게 생각한 이유와 본인이 생각한 해결방법 혹은 해결할 수 없다면 왜 해결할 수 없다고 생각하는지 작성해주세요.",
    "essay_type": "주장",
    "essay_level": "1",
    "essay_len": 886,
    "essay_main_subject": "인종차별에 대한 본인의 생각"
  }
}