{
  "paragraph": [
    {
      "paragraph_txt": "요즘 코로나 시대에 중국으로 부터 시작된 코로나의 시작으로 아시아인에 대한 아시아인 혐오가 심각해지고 있다. #@문장구분#우리도 아시아인이기에 유럽인들로부터 심심찮게 차별과 혐오의 사례들을 종종 심심찮게 접할 수 있는데, 우리나라도 중국이나 또는 우리나라보다 못 산다고 생각하는 후진국에서 온 노동자에 대한 차별사례도 심심찮게 들어볼 수 있다. #@문장구분#예를들면 이사업체에서 일하던 한 캄보디아 청년은 한국인이 아니라는 이유로 불합리한 일을 당했다.#@문장구분#이사 일을 하다가 주인집에서 그릇이 몇개 깨져있다고 연락이 왔다. #@문장구분#하지만 동료들은 모두 캄보디아 청년의 책임으로 몰아갔다.#@문장구분# 실제로 그 그릇은 주인집의 초등학생이 깨뜨렸다고 한다.#@문장구분# 또 다른 사례로는 미나리 농장에서 일하던 베트남인은 하루 10시간 씩 일을 하였지만 임금을 제대로 받지 못하여 생계에 곤란을 겪었다고 한다. #@문장구분#같이 일한 다른 필리핀인과 베트남인도 임금을 제대로 받지 못하였다고 한다. #@문장구분#항의를 하면 욕설과 협박만 받았다. #@문장구분#전국에 다른 미나리 농장에서도 무시당하는 외국인 근로자가 많다는 이야기가 많다.#@문장구분# \n그리고 유명한 흑인 혼혈인 모델한현민씨의 사례도 들어보면 한현민씨는 한국 최초의 흑인 혼혈 모델로 활동 중이었다. #@문장구분#당시 한현민씨는 한 디자이너로부터 흑인에게는 자신이 디자인한 옷을 입힐 수 없다는 이야기를 듣고 상처를 받은 적이 있다고 한다. #@문장구분#우리는 인종차별을 왜 해결해야 하는가?#@문장구분# 첫번째로 인권을 침해한다. #@문장구분#사람으로 당연히 누려야 할 인간답게 살 권리를 침해한다. #@문장구분#특히 인권중에서 평등권을 침해한다. #@문장구분#모든 사람에게는 인종, 피부색, 성별, 언어, 종교, 정치적 입장이나 여타의 견해, 국적이나 사회적 출신, 재산, 출생이나 여타의 신분과 같은 모든 유형의 차별로부터 벗어나서, 이 선언에 규정된 모든 권리와 자유를 누릴 자격이 있다.라고 세계인권선언 제2조에 명시되어 있듯이 사람으로써 당연히 누려야 할 인권을 침해당하는 것은 부당한 것이 아닐수가 없다.",
      "paragraph_len": 1269,
      "paragraph_id": "001"
    }
  ],
  "score": {
    "paragraph_score": [
      {
        "paragraph_scoreT": [
          3,
          3,
          3
        ],
        "paragraph_scoreT_detail": {
          "paragraph_scoreT_exp": [
            [
              3,
              3,
              3
            ],
            [
              3,
              3,
              3
            ],
            [
              3,
              3,
              3
            ]
          ]
        },
        "paragraph_scoreT_avg": 3,
        "paragraph_id": "001"
      }
    ],
    "essay_scoreT": [
      30,
      26.7,
      26
    ],
    "essay_scoreT_avg": 27.566666,
    "essay_scoreT_detail": {
      "essay_scoreT_org": [
        [
          3,
          3,
          3,
          3
        ],
        [
          3,
          2,
          3,
          3
        ],
        [
          3,
          3,
          3,
          3
        ]
      ],
      "essay_scoreT_cont": [
        [
          3,
          3,
          3,
          3
        ],
        [
          2,
          2,
          3,
          3
        ],
        [
          2,
          2,
          2,
          2
        ]
      ],
      "essay_scoreT_exp": [
        [
          3,
          3,
          3
        ],
        [
          3,
          3,
          3
        ],
        [
          3,
          3,
          3
        ]
      ]
    }
  },
  "student": {
    "date": "2021.12.09",
    "student_educated": true,
    "student_grade": "고등_2학년",
    "location": "063",
    "student_grade_group": "고등",
    "student_reading": 2
  },
  "rubric": {
    "essay_grade": "고등_2학년",
    "organization_weight": {
      "org_paragraph": 3,
      "org": 3,
      "org_essay": 3,
      "org_coherence": 3,
      "org_quantity": 1
    },
    "essay_type": "주장",
    "content_weight": {
      "con_clearance": 3,
      "con_novelty": 3,
      "con": 4,
      "con_prompt": 1,
      "con_description": 3
    },
    "essay_main_subject": "인종차별에 대한 본인의 생각",
    "expression_weight": {
      "exp_style": 4,
      "exp_grammar": 2,
      "exp_vocab": 4,
      "exp": 3
    }
  },
  "correction": [],
  "info": {
    "essay_id": "ESSAY_61055",
    "essay_prompt": " 최근 중국발 코로나바이러스로 인해 동양인에 대한 혐오감을 나타내는 서양인들이 늘어나고 있습니다. 그로 인해, 매스컴이나 SNS에서 인종차별을 받아 힘들어하는 동양인들을 자주 목격할 수 있습니다.\n\n 하지만, 최근에만 인종차별이 존재했을까요? 아닙니다. 아주 오래전부터 다른 인종에 대한 차별은 있었습니다.\n\n 우리나라에서는 인종차별을 안 하고 있을까요? 아닙니다. 우리나라에서도 알게 모르게 많은 부분에서 다른 국가의 사람들에 대해 인종차별을 하고 있으며 누군가에게 상처를 주고 있습니다.\n\n 즉, 인종차별은 누군가의 문제가 아니라 우리 모두의 문제입니다.\n\n 여러분들은 인종차별을 당해보신 적 있나요? 인종차별을 하는 사람들에 대해 어떻게 생각하시나요? 왜 생겨났다고 생각하나요? 인종차별을 근절하기 위해서는 어떻게 해야 할까요? 인종차별을 하는 사람들에 대해 전 세계적으로 처벌의 강도를 높여야 할까요?\n\n 인종차별을 하는 사람들에 대한 본인의 생각을 작성하고 인종차별은 해결할 수 있는 문제일지 아니면 해결하지 어려운 문제일지 작성해주세요. 또한, 그렇게 생각한 이유와 본인이 생각한 해결방법 혹은 해결할 수 없다면 왜 해결할 수 없다고 생각하는지 작성해주세요.",
    "essay_type": "주장",
    "essay_level": "1",
    "essay_len": 951,
    "essay_main_subject": "인종차별에 대한 본인의 생각"
  }
}