{
  "paragraph": [
    {
      "paragraph_txt": "백인과 흑인, 서양인과 동양인 말고도 많은 차별이 세계 곳곳에서, 우리 주변에서 일어나고 있다.#@문장구분#  이미 존재하던 차별을 사라지지 않고, 새로운 차별은 계속해서 생겨난다.#@문장구분# 코로나19로 인한 중국인 등을 비롯한 동양인을 향한 차별도 그렇다.#@문장구분# 동양인에 대한 차별은 다른 인종에 대한 우월감, 또는 열등감에서 비롯된다고 볼 수 있다.#@문장구분# 미국, 유럽과 같은 백인들 뿐만아니라 흑인들도 동양인에 대해 차별하며 혐오 범죄를 일으키고 있는 것을 최근 뉴스를 통해 볼 수 있었다.#@문장구분#  인종차별의 하는 사람의 마음은 무엇일까 .#@문장구분#동양인들이 미국에 들어가면서 일자리를 차지하게 되자 백인들과 흑인들의 일자리가 줄어들어 그 원망이 동양인에게 향하면서 생긴 증오가 아닐까 생각해볼 수 있다.#@문장구분# 나는 인종차별을 하는 사람이, 그 사람의 삶에 불만이 많고 만족하지 못한다고 생각한다.#@문장구분# 마음이 넓고 베풀줄 아는 사람은  출신이 어디든 혐오감을 드러내지 않는다.#@문장구분# 오히려 환대의 마음으로 그들을 받아들이거나, 더 나아가 애초에 피부색과 인종은 아무 문제가 없다고 생각해 그런 것들을 무시해버린다 .#@문장구분#그러나 남을 사랑하지 않고, 남의 단점만을 보는 사람은 아주 사소한 것이라도 자신의 마음에 들지 않으면 무시하고 조롱하며 결국 차별한다 .#@문장구분#사람을 만날 때 그 사람의 단점을 보는 것은 본능이고, 장점을 보는 것은 강점이라는 말이 있다.#@문장구분# 인종차별은 결국 나 자신의 생각과 마음을 병들게 한다.#@문장구분# 남을 미워하는 사람은 자기 자신을 가장 미워한다.#@문장구분# 그렇기 때문에 속 안에 있는 화를, 자신보다 만만해 보이는 사람에게 표출하는 것이다.#@문장구분# 하지만 인종차별을 완전히 없앨 수 없다고 해서, 절대로 모든 차별이 정당화되어서는 안된다.#@문장구분#  차별은 결국 또 다른 차별을 낳을 뿐이다.#@문장구분# 인종차별을 없애진 못하더라도 줄이기 위해, 세계 시민들의 인식 개선이 절실히 필요하다.#@문장구분#   사회가, 국가가, 세계가 아무리 강력한 법으로 막아보려 해도 차별과 혐오는 사라지지 않을 것이다.#@문장구분# 그렇다고 차별과 공존할 수도 없는 노릇이다.#@문장구분# 우리가 해야 할 일은 그저 남을 열린 마음으로 받아들이는 것이다.#@문장구분# 너와 내가, 그리고 우리가 만들 아름다운 세상을 기대하며 말이다.",
      "paragraph_len": 1474,
      "paragraph_id": "001"
    }
  ],
  "score": {
    "paragraph_score": [
      {
        "paragraph_scoreT": [
          3,
          3,
          2.8
        ],
        "paragraph_scoreT_detail": {
          "paragraph_scoreT_exp": [
            [
              3,
              3,
              3
            ],
            [
              3,
              3,
              3
            ],
            [
              2,
              3,
              3
            ]
          ]
        },
        "paragraph_scoreT_avg": 2.9333334,
        "paragraph_id": "001"
      }
    ],
    "essay_scoreT": [
      28.8,
      28.8,
      29.4
    ],
    "essay_scoreT_avg": 29,
    "essay_scoreT_detail": {
      "essay_scoreT_org": [
        [
          3,
          3,
          3,
          3
        ],
        [
          3,
          3,
          3,
          3
        ],
        [
          3,
          3,
          3,
          3
        ]
      ],
      "essay_scoreT_cont": [
        [
          3,
          2,
          3,
          3
        ],
        [
          3,
          2,
          3,
          3
        ],
        [
          3,
          3,
          3,
          3
        ]
      ],
      "essay_scoreT_exp": [
        [
          3,
          3,
          3
        ],
        [
          3,
          3,
          3
        ],
        [
          2,
          3,
          3
        ]
      ]
    }
  },
  "student": {
    "date": "2021.12.13",
    "student_educated": true,
    "student_grade": "고등_2학년",
    "location": "063",
    "student_grade_group": "고등",
    "student_reading": 1
  },
  "rubric": {
    "essay_grade": "고등_2학년",
    "organization_weight": {
      "org_paragraph": 3,
      "org": 3,
      "org_essay": 3,
      "org_coherence": 3,
      "org_quantity": 1
    },
    "essay_type": "주장",
    "content_weight": {
      "con_clearance": 3,
      "con_novelty": 3,
      "con": 4,
      "con_prompt": 1,
      "con_description": 3
    },
    "essay_main_subject": "인종차별에 대한 본인의 생각",
    "expression_weight": {
      "exp_style": 4,
      "exp_grammar": 2,
      "exp_vocab": 4,
      "exp": 3
    }
  },
  "correction": [],
  "info": {
    "essay_id": "ESSAY_64514",
    "essay_prompt": " 최근 중국발 코로나바이러스로 인해 동양인에 대한 혐오감을 나타내는 서양인들이 늘어나고 있습니다. 그로 인해, 매스컴이나 SNS에서 인종차별을 받아 힘들어하는 동양인들을 자주 목격할 수 있습니다.\n\n 하지만, 최근에만 인종차별이 존재했을까요? 아닙니다. 아주 오래전부터 다른 인종에 대한 차별은 있었습니다.\n\n 우리나라에서는 인종차별을 안 하고 있을까요? 아닙니다. 우리나라에서도 알게 모르게 많은 부분에서 다른 국가의 사람들에 대해 인종차별을 하고 있으며 누군가에게 상처를 주고 있습니다.\n\n 즉, 인종차별은 누군가의 문제가 아니라 우리 모두의 문제입니다.\n\n 여러분들은 인종차별을 당해보신 적 있나요? 인종차별을 하는 사람들에 대해 어떻게 생각하시나요? 왜 생겨났다고 생각하나요? 인종차별을 근절하기 위해서는 어떻게 해야 할까요? 인종차별을 하는 사람들에 대해 전 세계적으로 처벌의 강도를 높여야 할까요?\n\n 인종차별을 하는 사람들에 대한 본인의 생각을 작성하고 인종차별은 해결할 수 있는 문제일지 아니면 해결하지 어려운 문제일지 작성해주세요. 또한, 그렇게 생각한 이유와 본인이 생각한 해결방법 혹은 해결할 수 없다면 왜 해결할 수 없다고 생각하는지 작성해주세요.",
    "essay_type": "주장",
    "essay_level": "1",
    "essay_len": 1054,
    "essay_main_subject": "인종차별에 대한 본인의 생각"
  }
}