{
  "paragraph": [
    {
      "paragraph_txt": "코로나 19 백신에 대한 특허권 보장을 풀어야 한다고 생각합니다. #@문장구분#현재 미국은 코로나19 백신의 지식재산권을 한시적으로 면제하는 방안을 세계무역기구에 제안하였습니다. #@문장구분#전세계적인 긴급사태인 팬더믹 상황에서 백신 지적 재산권 효력을 중단하여 생산 능력이 있는 제약업체 누구나 백신을 만들어 공급하게 된다면 이 팬더믹 사태가 진정되고 지구촌 모든 나라는 큰 혼란에서 벗어날 수 있기 때문입니다.#@문장구분# 현재 부자나라들은 코라나 19에서 회복하는 추세를 나타나고 있는데 빈국들은 감염이 대폭 증가하고 있습니다. #@문장구분#이에 백신에 대한 특허효력중지 요구는 인도, 남아프리카 공화국 등 개발도상국과 빈국들이 세계무역기구에 처음 제안하였고 이런 제안에 대해 세계의 60여개국도 지지한다고 성명을 발표하였습니다. #@문장구분#뿐만아니라 영국의 고든 브라운 전총리와 프랑스 전대통령 프랑수아 올랑드 등 많은 각구 요직의 정치인과 노벨상 수상자들이 이를 지지하는 내용을 편지로 만들어 미국 대통령 조바이든에게 보냈다고 합니다.#@문장구분# 팬더믹이라는 전세계적 긴급상황에서는 특허의 효력을 중단할 수 있다는 원칙은 국제사회에서 모두가 받아들이고 있다는 것이 작금의 상태입니다.#@문장구분# 가난하고 못살기 때문에 치료할 수 없어서 아프기 까지 해야 한다면 정말 서럽고 공평하지 못하다고 생각 될 것입니다.#@문장구분# 2021년 현재 전 세계는 하나이고 지금은 전 세계가 경제, 정치적으로 모두 연결되어 있는 하나의 사회입니다. #@문장구분#최근 호주와 중국간의 마찰로 인해 중국측에서 호주산 수입제한을 걸어 우리나라는 요소수 대란이라는 이슈가 발생했습니다.#@문장구분# 각각의 나라가 모두 연결되었다는 것을 나타내는 하나의 이야기라고 할수 있겠습니다. #@문장구분#노벨 평화상 수상자들, 각국의 정상들이 요청한 코로나19 백신 지식재산권 일시적 효력중단은 세계를 살리고 평화를 유지하는 방법중 하나입니다.#@문장구분# 제약회사들은 이번 사안에 있어서 그들의 사적이익보다 공적 이익 다시 한번 살펴볼수 있는 시각을 가져주었으면 합니다. #@문장구분#전세계의 평화를 위해 우리는 하나로 뭉쳐 이 힘든 시기를 이겨내야 합니다.#@문장구분#",
      "paragraph_len": 1276,
      "paragraph_id": "001"
    }
  ],
  "score": {
    "paragraph_score": [
      {
        "paragraph_scoreT": [
          3,
          3,
          3
        ],
        "paragraph_scoreT_detail": {
          "paragraph_scoreT_exp": [
            [
              3,
              3,
              3
            ],
            [
              3,
              3,
              3
            ],
            [
              3,
              3,
              3
            ]
          ]
        },
        "paragraph_scoreT_avg": 3,
        "paragraph_id": "001"
      }
    ],
    "essay_scoreT": [
      30,
      30,
      30
    ],
    "essay_scoreT_avg": 30,
    "essay_scoreT_detail": {
      "essay_scoreT_org": [
        [
          3,
          3,
          3,
          3
        ],
        [
          3,
          3,
          3,
          3
        ],
        [
          3,
          3,
          3,
          3
        ]
      ],
      "essay_scoreT_cont": [
        [
          3,
          3,
          3,
          3
        ],
        [
          3,
          3,
          3,
          3
        ],
        [
          3,
          3,
          3,
          3
        ]
      ],
      "essay_scoreT_exp": [
        [
          3,
          3,
          3
        ],
        [
          3,
          3,
          3
        ],
        [
          3,
          3,
          3
        ]
      ]
    }
  },
  "student": {
    "date": "2021.11.18",
    "student_educated": true,
    "student_grade": "고등_2학년",
    "location": "063",
    "student_grade_group": "고등",
    "student_reading": 2
  },
  "rubric": {
    "essay_grade": "고등_2학년",
    "organization_weight": {
      "org_paragraph": 3,
      "org": 3,
      "org_essay": 3,
      "org_coherence": 3,
      "org_quantity": 1
    },
    "essay_type": "주장",
    "content_weight": {
      "con_clearance": 3,
      "con_novelty": 3,
      "con": 4,
      "con_prompt": 1,
      "con_description": 3
    },
    "essay_main_subject": "지적 재산권에 대한 본인의 생각 작성",
    "expression_weight": {
      "exp_style": 4,
      "exp_grammar": 2,
      "exp_vocab": 4,
      "exp": 3
    }
  },
  "correction": [],
  "info": {
    "essay_id": "ESSAY_64433",
    "essay_prompt": " 지적재산권이란 특허권, 실용신안권, 상표권, 디자인권을 총칭하는 개념으로 지적재산권법은 정보생산자에게 일정기간 동안 시장에서의 배타적 지위를 부여하고 있습니다.\n\n 즉, 지적 재산권은 특정 사람이 생각/창작해낸 것을 다른사람들의 무분별한 이용으로 부터 지켜주는 것입니다. 이러한 지적재산권은 개인 혹은 회사 더 나아가 나라에 귀속될 수 있습니다.\n\n 다만, 코로나 시대인 요즘 전 세계적인 재앙인 코로나를 물리칠 수 있는 백신에 대한 지적재산권을 자유롭게 풀어야한다는 의견이 계속해서 나오고 있습니다. \n\n 지적 재산권이 있는 제약회사가 있는 나라의 경우 백신이 충분하며 백신을 맞는 것이 선택의 문제인 반면, 그렇지 못한 나라는 백신을 맞고 싶어도 맞지 못하는 사람들이 많고 항체가 없어 사망하는 경우도 비교적 많이 때문입니다.\n\n 전 세계의 문제를 해결하기 위해 수 많은 돈을 들여 개발한 백신의 지적재산권을 공유하는 것이 의무화 되어야 할까요? 아니면 회사의 선택에 맡겨야할까요? 보상은 어떻게 해야할까요? \n\n 전 세계에 무상으로 공개 해야 한다는 의견이 있을 수도 있고 무상으로 공개한 회사의 경우 팬더믹 상황이 종결 된 후 따로 보상을 해주어야 한다는 의견도 있을 겁니다. 지적재산권의 변하지 않는 신뢰를 위해서라도 무상 공개는 절대 있어서는 안된다는 의견도 있을 것입니다.\n\n 지금까지도 펜더믹 상황에서 코로나19 백신에 대한 특허권을 보장해야 하느냐 풀어야 하느냐 의견이 분분합니다. 이에 대한 자신의 주장을 작성해주세요. 또한, 그렇게 생각한 이유도 설명해주세요.",
    "essay_type": "주장",
    "essay_level": "1",
    "essay_len": 997,
    "essay_main_subject": "지적 재산권에 대한 본인의 생각 작성"
  }
}