{
  "paragraph": [
    {
      "paragraph_txt": "인종차별로 일어나는 크고 작은 일들이 우리나라뿐만 아니라 전 세계적으로 과거부터 현재까지 변함없이 꾸준히 사회적 이슈로 자리 잡고 있다는 걸 알 수 있습니다.#@문장구분# 인종의 구분 없이 사람과 사람 사이에 무시와 차별이 기본적으로 있어서는 안 된다고 생각하는 입장인데 자신이 태어날 때 선택할 수 없는 인종을 두고 차별을 하는 건 매우 잘못된 일이라 생각합니다.#@문장구분# 인종차별을 하는 사람들의 심리 중 하나를 이야기하자면 그들은 차별당하는 사람의 입장을 전혀 고려하지 않습니다.#@문장구분#그런 상태에서 인종차별을 당하는 사람에게 행하는 행동과 말들은 매우 날이 서있습니다.#@문장구분# 어떤 사람은 그럼 차별하는 사람들에게 차별당하는 사람의 입장을 한 번이라도 생각해보라고 말하면 해결될 문제라고 말하는 경우도 있지만 차별을 하는 사람이 어떤 외부적인 자극이나 요인에 영향을 받지 않고 스스로 그 사실을 깨닫는 건 매우 드문 일입니다.#@문장구분# 우선 인종이란 선택할 수도 없는 다름이란 조건이 있습니다.#@문장구분# 그리고 오랫동안 사회 분위기 속에 자리 잡은 특정 인종의 우월감으로 인해 나오는 행동과 말을 개인의 전혀 영향을 받지 않고 사는 게 쉬운 일이 아닙니다.#@문장구분# 이런 상황에서 차별하는 사람들에게 필요한 외부 자극 요인에 대해 생각해보자면 교육입니다.#@문장구분# 사람은 태어나 자연스럽게 생활환경 속에서 습득하는 지식으로 가치관이 형성되는 부분도 상당한 존재이니 꼭 정형화된 전문 교육 기관이 아닌 가정에서 일상에서 자연스럽게 이루어지는 다름을 있는 그대로 받아들일 수 있는 교육이 필요하다고 봅니다.#@문장구분# 익숙한 환경에서 다른 인종인 사람을 만났을 때 느끼는 낯섦을 두려움으로 받아들여 차별이란 잘못된 모습으로 그들을 대하는 게 아닌 다름의 온전한 의미를 받아들이고 함께 더불어 살아가는 사회 구성원이란 걸 가본 적으로 지니고 살아야 하는 가치관으로 여길 수 있는 사회가 만들어지길 바랍니다.",
      "paragraph_len": 1090,
      "paragraph_id": "001"
    }
  ],
  "score": {
    "paragraph_score": [
      {
        "paragraph_scoreT": [
          3,
          3,
          3
        ],
        "paragraph_scoreT_detail": {
          "paragraph_scoreT_exp": [
            [
              3,
              3,
              3
            ],
            [
              3,
              3,
              3
            ],
            [
              3,
              3,
              3
            ]
          ]
        },
        "paragraph_scoreT_avg": 3,
        "paragraph_id": "001"
      }
    ],
    "essay_scoreT": [
      28.8,
      28.8,
      30
    ],
    "essay_scoreT_avg": 29.199999,
    "essay_scoreT_detail": {
      "essay_scoreT_org": [
        [
          3,
          3,
          3,
          3
        ],
        [
          3,
          3,
          3,
          3
        ],
        [
          3,
          3,
          3,
          3
        ]
      ],
      "essay_scoreT_cont": [
        [
          3,
          2,
          3,
          3
        ],
        [
          3,
          2,
          3,
          3
        ],
        [
          3,
          3,
          3,
          3
        ]
      ],
      "essay_scoreT_exp": [
        [
          3,
          3,
          3
        ],
        [
          3,
          3,
          3
        ],
        [
          3,
          3,
          3
        ]
      ]
    }
  },
  "student": {
    "date": "2021.12.16",
    "student_educated": true,
    "student_grade": "고등_2학년",
    "location": "044",
    "student_grade_group": "고등",
    "student_reading": 1
  },
  "rubric": {
    "essay_grade": "고등_2학년",
    "organization_weight": {
      "org_paragraph": 3,
      "org": 3,
      "org_essay": 3,
      "org_coherence": 3,
      "org_quantity": 1
    },
    "essay_type": "주장",
    "content_weight": {
      "con_clearance": 3,
      "con_novelty": 3,
      "con": 4,
      "con_prompt": 1,
      "con_description": 3
    },
    "essay_main_subject": "인종차별에 대한 본인의 생각",
    "expression_weight": {
      "exp_style": 4,
      "exp_grammar": 2,
      "exp_vocab": 4,
      "exp": 3
    }
  },
  "correction": [],
  "info": {
    "essay_id": "ESSAY_64510",
    "essay_prompt": " 최근 중국발 코로나바이러스로 인해 동양인에 대한 혐오감을 나타내는 서양인들이 늘어나고 있습니다. 그로 인해, 매스컴이나 SNS에서 인종차별을 받아 힘들어하는 동양인들을 자주 목격할 수 있습니다.\n\n 하지만, 최근에만 인종차별이 존재했을까요? 아닙니다. 아주 오래전부터 다른 인종에 대한 차별은 있었습니다.\n\n 우리나라에서는 인종차별을 안 하고 있을까요? 아닙니다. 우리나라에서도 알게 모르게 많은 부분에서 다른 국가의 사람들에 대해 인종차별을 하고 있으며 누군가에게 상처를 주고 있습니다.\n\n 즉, 인종차별은 누군가의 문제가 아니라 우리 모두의 문제입니다.\n\n 여러분들은 인종차별을 당해보신 적 있나요? 인종차별을 하는 사람들에 대해 어떻게 생각하시나요? 왜 생겨났다고 생각하나요? 인종차별을 근절하기 위해서는 어떻게 해야 할까요? 인종차별을 하는 사람들에 대해 전 세계적으로 처벌의 강도를 높여야 할까요?\n\n 인종차별을 하는 사람들에 대한 본인의 생각을 작성하고 인종차별은 해결할 수 있는 문제일지 아니면 해결하지 어려운 문제일지 작성해주세요. 또한, 그렇게 생각한 이유와 본인이 생각한 해결방법 혹은 해결할 수 없다면 왜 해결할 수 없다고 생각하는지 작성해주세요.",
    "essay_type": "주장",
    "essay_level": "1",
    "essay_len": 914,
    "essay_main_subject": "인종차별에 대한 본인의 생각"
  }
}