{
  "paragraph": [
    {
      "paragraph_txt": "인종차별, 이렇게 나쁜 말도 없다. #@문장구분#피부색을 따지기 전에 우리는 모두 같은 지구인이기 때문이다. #@문장구분#피부색은 아예 신경 쓰지 않아도 될 문제다.#@문장구분# 사람들에게 똑같은 업무를 주었을 때, 일을 잘 하고 못하고는 순전히 사람과 사람의 역량 차이지, 그 사람이 어떤 국적을 갖고 있는지는 전혀 상관이 없는 것과 같은 얘기다. #@문장구분#인종 차별은 모든 국가가 고민해봐야 할 문제다. 특히 다음 세대를 책임질 어린이들과 청소년들에게 인종과 인종 간의 차이에 대해 올바른 교육을 해야 한다. #@문장구분#피부색이 다르다고 해서 누가 우월한지 가르는 게 아니라, 그저 색의 차이뿐이라는 걸 알려줘야 한다. #@문장구분#교과서에서 다양한 피부색의 사람들을 등장시켜 자연스럽게 인종 차이에 대한 인식을 허물고, 초등학교 때부터 인종차별에 대한 강의를 하는 등 올바른 사상을 가르치는 것이 가장 중요하다고 생각한다. #@문장구분#인종차별은 충분히 우리의 힘으로 해결할 수 있는 문제다 색이 다르면 어떤가, 모두 피부색이다. #@문장구분#하다못해 우리나라 사람들끼리도 조금씩 다른 것이 피부색이다. #@문장구분# 사람 밑에 사람 없고 사람 위에 사람 없다는 말처럼, 우리는 모두 평등하다 사람들을 여러 인종으로 나누고, 특정 인종에 대하여 불이익을 주는 것만큼 불합리하고 차별적이 일도 없다. #@문장구분#나는 인종차별이란 단어 자체가 사라져야 한다고 생각한다.#@문장구분# 그리고 우선 인종차별을 없애기 위해서는 밥상머리 교육 즉 어렸을 때부터 성장할 때 교육하는 것이 중요하다고 생각한다. #@문장구분#세 살 버릇 여든까지 간다라는 말이 있듯이, 어렸을 때 생긴 가치관은 평생을 살면서 습관처럼 고치기 힘든 것이라는 거다. #@문장구분#그래서 나는 어렸을 때부터 조기교육의 중요성을 강조하고 싶다. #@문장구분#그렇게 어릴때부터 인종차별에 대한 차별금지 교육을 실시하면 아무래도 나중에 컸을 때 인종차별은 나쁜것이라고 생각하고 인종차별을 안하려고 노력하려하기 때문이다.#@문장구분#",
      "paragraph_len": 1203,
      "paragraph_id": "001"
    }
  ],
  "score": {
    "paragraph_score": [
      {
        "paragraph_scoreT": [
          3,
          3,
          2.8
        ],
        "paragraph_scoreT_detail": {
          "paragraph_scoreT_exp": [
            [
              3,
              3,
              3
            ],
            [
              3,
              3,
              3
            ],
            [
              2,
              3,
              3
            ]
          ]
        },
        "paragraph_scoreT_avg": 2.9333334,
        "paragraph_id": "001"
      }
    ],
    "essay_scoreT": [
      28.8,
      28.8,
      29.4
    ],
    "essay_scoreT_avg": 29,
    "essay_scoreT_detail": {
      "essay_scoreT_org": [
        [
          3,
          3,
          3,
          3
        ],
        [
          3,
          3,
          3,
          3
        ],
        [
          3,
          3,
          3,
          3
        ]
      ],
      "essay_scoreT_cont": [
        [
          3,
          2,
          3,
          3
        ],
        [
          3,
          2,
          3,
          3
        ],
        [
          3,
          3,
          3,
          3
        ]
      ],
      "essay_scoreT_exp": [
        [
          3,
          3,
          3
        ],
        [
          3,
          3,
          3
        ],
        [
          2,
          3,
          3
        ]
      ]
    }
  },
  "student": {
    "date": "2021.12.15",
    "student_educated": true,
    "student_grade": "고등_2학년",
    "location": "063",
    "student_grade_group": "고등",
    "student_reading": 1
  },
  "rubric": {
    "essay_grade": "고등_2학년",
    "organization_weight": {
      "org_paragraph": 3,
      "org": 3,
      "org_essay": 3,
      "org_coherence": 3,
      "org_quantity": 1
    },
    "essay_type": "주장",
    "content_weight": {
      "con_clearance": 3,
      "con_novelty": 3,
      "con": 4,
      "con_prompt": 1,
      "con_description": 3
    },
    "essay_main_subject": "인종차별에 대한 본인의 생각",
    "expression_weight": {
      "exp_style": 4,
      "exp_grammar": 2,
      "exp_vocab": 4,
      "exp": 3
    }
  },
  "correction": [],
  "info": {
    "essay_id": "ESSAY_64316",
    "essay_prompt": " 최근 중국발 코로나바이러스로 인해 동양인에 대한 혐오감을 나타내는 서양인들이 늘어나고 있습니다. 그로 인해, 매스컴이나 SNS에서 인종차별을 받아 힘들어하는 동양인들을 자주 목격할 수 있습니다.\n\n 하지만, 최근에만 인종차별이 존재했을까요? 아닙니다. 아주 오래전부터 다른 인종에 대한 차별은 있었습니다.\n\n 우리나라에서는 인종차별을 안 하고 있을까요? 아닙니다. 우리나라에서도 알게 모르게 많은 부분에서 다른 국가의 사람들에 대해 인종차별을 하고 있으며 누군가에게 상처를 주고 있습니다.\n\n 즉, 인종차별은 누군가의 문제가 아니라 우리 모두의 문제입니다.\n\n 여러분들은 인종차별을 당해보신 적 있나요? 인종차별을 하는 사람들에 대해 어떻게 생각하시나요? 왜 생겨났다고 생각하나요? 인종차별을 근절하기 위해서는 어떻게 해야 할까요? 인종차별을 하는 사람들에 대해 전 세계적으로 처벌의 강도를 높여야 할까요?\n\n 인종차별을 하는 사람들에 대한 본인의 생각을 작성하고 인종차별은 해결할 수 있는 문제일지 아니면 해결하지 어려운 문제일지 작성해주세요. 또한, 그렇게 생각한 이유와 본인이 생각한 해결방법 혹은 해결할 수 없다면 왜 해결할 수 없다고 생각하는지 작성해주세요.",
    "essay_type": "주장",
    "essay_level": "1",
    "essay_len": 904,
    "essay_main_subject": "인종차별에 대한 본인의 생각"
  }
}