{
  "paragraph": [
    {
      "paragraph_txt": "기사에서 이병헌씨가 헐리우드 진출을 하면서 겪은 인종차별 이야기가 생각난다. #@문장구분#터미네이터 제니시스 촬영때의 일이다. #@문장구분#누구라고 말할순 없지만 헐리우드의 유명한 배우가 이병헌과 시선조차 마주치려고 하지 않았다고 한다. #@문장구분#몇 번이나 악수하려고 시도했지만 무시하고 쓱 지나갔고 작품이 끝날 때까지 결국 악수나 인사를 하지 못했다는 내용이였다. #@문장구분#다른 배우들에 비해 이병헌은 인지도가 높고 또한 연기력이 좋아 현장에서 이병헌의 연기를 봤다면 실력적으로 무시할 사람이 아니라고 생각이 들었을 것이다.#@문장구분# 그런데도 그는 동양인이라는 이유만으로 이병헌과 눈도 마주치지 않았다는 것이다. #@문장구분#인종차별을 겪을 때 이병헌은 서럽다기 보다는 울컥하거나 발끈할 때가 있었다고 말했다. #@문장구분#뭔가 우리나라를 넘어 아시아 대표배우인 것 같은 이병헌이 헐리우드에서 조연배우 취급도 아닌 인종차별을 당하고 왔다는 기사를 보고나니 대체 너네들이 뭐가 잘나서? 라는 말이 자동으로 나온다. #@문장구분#대체 인종이 다른것에 왜 차별이 있어야 하며 차별을 두는데 무슨 근거로 백인이 우월해야하는지 이들이 이렇게 흑인과 황인의 위에서 군림하려는 이유와 당연시하는 사상을 이해할수 없다고 생각했다. #@문장구분#또한 이병헌 배우가 받은 차별이 개인적인 이유가 아니라 나와 같은 동양인이라는 이유로 받은 차별이기에 감정이입이 되지 않을 수 없다.#@문장구분# 콜럼버스가 서인도 제도에 나타난이후 이들은 새로운 대륙을 발견하고 현지종족들을 말살하거나 노예로 삼기 시작한것에서 상하계급이 생기고 우월주의가 생기지 않았을까 추측해본다. #@문장구분#침략하고 지배하는 위치에 있었던 백인들이 아프리카.인디언. 아시아등을 점령해 가면서 주도권을 가지고 아시아인 아프리카인 인디언등을 노예로 사고팔던 시작이 인종차별의 문화를 만들어 낸 것이 아닌가 생각된다. #@문장구분#이 인종차별이 사라지지않는 이유는 지금까지 이 문화를 선도하고 이끄러가던 종족이 백인들이 였기 때문이라고 생각한다. #@문장구분#이들이 선도해가고 그들의 문화를 답습하며 살아왔었기에 이들은 세월이 지난 이때까지도 백인우월주의에서 벗어나지 못하고 여전히 인종차별을 하고있는 것이다. #@문장구분#그러나 이것은 곧 변화될 것이다 인종차별은 인식의 전환이 필요한 부분이다.#@문장구분# 물론 제도적으로 인종차별을 차단한다면 더 빨라질 것이다. #@문장구분#현재 한국을 비롯한 아시아의 문화가 전세계로 뻗어가고 있다. 한국의 문화를 받아들이고 답습하며 그들도 우리와 같아지고 있다 #@문장구분#그것은 거부감이 없다는 것이고 의식의 흐름에 동양이 차별적 사고가 사라지고 있다는 증거라고 생각한다. #@문장구분#한때는 백인의 인종차별이 당연시 여겼던 적이 있지않은가 지금은 몇몇의 인종차별이 있고 그것을 당연시 하지는 못하고 있다 #@문장구분#이제 곧 그들이 우월하지 않다고 깨달을 때가 올 것이다 #@문장구분#이것은 의식의 전환이 필요한 것이므로 몇세대가 지나 이전 세대들이 사라진 후에나 가능할것이라고 생각한다.",
      "paragraph_len": 1768,
      "paragraph_id": "001"
    }
  ],
  "score": {
    "paragraph_score": [
      {
        "paragraph_scoreT": [
          3,
          3,
          3
        ],
        "paragraph_scoreT_detail": {
          "paragraph_scoreT_exp": [
            [
              3,
              3,
              3
            ],
            [
              3,
              3,
              3
            ],
            [
              3,
              3,
              3
            ]
          ]
        },
        "paragraph_scoreT_avg": 3,
        "paragraph_id": "001"
      }
    ],
    "essay_scoreT": [
      30,
      30,
      26
    ],
    "essay_scoreT_avg": 28.666666,
    "essay_scoreT_detail": {
      "essay_scoreT_org": [
        [
          3,
          3,
          3,
          3
        ],
        [
          3,
          3,
          3,
          3
        ],
        [
          3,
          3,
          3,
          3
        ]
      ],
      "essay_scoreT_cont": [
        [
          3,
          3,
          3,
          3
        ],
        [
          3,
          3,
          3,
          3
        ],
        [
          2,
          2,
          2,
          2
        ]
      ],
      "essay_scoreT_exp": [
        [
          3,
          3,
          3
        ],
        [
          3,
          3,
          3
        ],
        [
          3,
          3,
          3
        ]
      ]
    }
  },
  "student": {
    "date": "2021.12.17",
    "student_educated": true,
    "student_grade": "고등_2학년",
    "location": "044",
    "student_grade_group": "고등",
    "student_reading": 1
  },
  "rubric": {
    "essay_grade": "고등_2학년",
    "organization_weight": {
      "org_paragraph": 3,
      "org": 3,
      "org_essay": 3,
      "org_coherence": 3,
      "org_quantity": 1
    },
    "essay_type": "주장",
    "content_weight": {
      "con_clearance": 3,
      "con_novelty": 3,
      "con": 4,
      "con_prompt": 1,
      "con_description": 3
    },
    "essay_main_subject": "인종차별에 대한 본인의 생각",
    "expression_weight": {
      "exp_style": 4,
      "exp_grammar": 2,
      "exp_vocab": 4,
      "exp": 3
    }
  },
  "correction": [],
  "info": {
    "essay_id": "ESSAY_66943",
    "essay_prompt": " 최근 중국발 코로나바이러스로 인해 동양인에 대한 혐오감을 나타내는 서양인들이 늘어나고 있습니다. 그로 인해, 매스컴이나 SNS에서 인종차별을 받아 힘들어하는 동양인들을 자주 목격할 수 있습니다.\n\n 하지만, 최근에만 인종차별이 존재했을까요? 아닙니다. 아주 오래전부터 다른 인종에 대한 차별은 있었습니다.\n\n 우리나라에서는 인종차별을 안 하고 있을까요? 아닙니다. 우리나라에서도 알게 모르게 많은 부분에서 다른 국가의 사람들에 대해 인종차별을 하고 있으며 누군가에게 상처를 주고 있습니다.\n\n 즉, 인종차별은 누군가의 문제가 아니라 우리 모두의 문제입니다.\n\n 여러분들은 인종차별을 당해보신 적 있나요? 인종차별을 하는 사람들에 대해 어떻게 생각하시나요? 왜 생겨났다고 생각하나요? 인종차별을 근절하기 위해서는 어떻게 해야 할까요? 인종차별을 하는 사람들에 대해 전 세계적으로 처벌의 강도를 높여야 할까요?\n\n 인종차별을 하는 사람들에 대한 본인의 생각을 작성하고 인종차별은 해결할 수 있는 문제일지 아니면 해결하지 어려운 문제일지 작성해주세요. 또한, 그렇게 생각한 이유와 본인이 생각한 해결방법 혹은 해결할 수 없다면 왜 해결할 수 없다고 생각하는지 작성해주세요.",
    "essay_type": "주장",
    "essay_level": "1",
    "essay_len": 1368,
    "essay_main_subject": "인종차별에 대한 본인의 생각"
  }
}