{
  "paragraph": [
    {
      "paragraph_txt": "먼저 아시아인을 차별하는 것은 백인뿐만 아닌 흑인도 있는데 그중에서 아시안 증오 범죄 주 가해자는 흑인이다.#@문장구분#  흑인들은 백인들에게 차별을 굉장히 심하게 받고 있는 상황이며 그런 흑인들은 굉장히 오래전 부터 차별을 하지 말라고 하며 저항을 하며 지금까지 이어지고 있는데 그런 흑인들은 아시아인들을 차별하고 있으며 심지어 흑인 집단들이 아시아인을 집단 폭행을 하여 뉴스에 보도가 되었으며 아카데미측은 유명한 배우이자 코미디언인 크리스 록을 사회자로 내세운다.#@문장구분#  그러면서 흑인 차별을 비판을 하는 연설을 하면서 아시아인을 차별하였다#@문장구분#그럼에도 불구하고 그는 단순히 동양인이 셈에 밝다는 '편견'을 바탕으로 '회계사나 되라'는 식으로 말한 것이다#@문장구분#  마치 흑인들의 피부가 까맣다는 이유로 \"넌 탈 일이 없어 선크림 안 발라도 되겠네\"라고 말한 꼴이다.#@문장구분#  직전까지 흑인차별에 대해 일장 연설을 늘어놓은 사람이 버젓이 동양인을 차별하는 발언을 하는 어처구니없는 일을 저지른 것이다.#@문장구분#  자신들을 인종차별은 비판을 하면서 그들과 똑같은 행동을 취하고 있는 것이다#@문장구분# 생김새만을 가지고 눈에 보이는 피부색이나 언어만을 가지고 서로를 차별하고 멸시하는 경우는 옳지 못하다고 생각한다.#@문장구분#  하지만 이런 이유로 서로의 인종을 비하하고 멸시하는 것은 정당화 될 수 없습니다.#@문장구분#  그런 점에서 차별을 없애기까지는 못하더라도 이것이 당연하다는 인식을 심는 것을 경계하려는 노력이 필요하다고 생각합니다.#@문장구분#  어렸을 때 같은 인종의 사람들만 보고 자라게 하는 것보다 다양한 인종을 접하고 그들을 이해하려는 노력을 할 기회를 주는 것이 바람직하다고 생각합니다.#@문장구분#  어렸을 때부터 이런 인종이 다름을 아이들에게도 서로 인정하는 법을 알려주고 그 다름을 받아들이는 잣에서부터 시작이 되어야 한다고 생각합니다.#@문장구분#  피부색이나 언어가 다르다고 차별을 받아야 하는 것 자체가 잘못되었음을 어렸을 적부터 교육을 통해 각 나라에서는 그런 교육이 의무가 되어서 교육과정속에서도 배워야 한다고 생각한다.#@문장구분#  인간은 모두가 소중하고 존엄성있는 존재이기 때문이다.#@문장구분#",
      "paragraph_len": 1283,
      "paragraph_id": "001"
    }
  ],
  "score": {
    "paragraph_score": [
      {
        "paragraph_scoreT": [
          1.8,
          2.8,
          2.4
        ],
        "paragraph_scoreT_detail": {
          "paragraph_scoreT_exp": [
            [
              1,
              2,
              2
            ],
            [
              2,
              3,
              3
            ],
            [
              2,
              2,
              3
            ]
          ]
        },
        "paragraph_scoreT_avg": 2.3333333,
        "paragraph_id": "001"
      }
    ],
    "essay_scoreT": [
      19.699999,
      29.4,
      27.300001
    ],
    "essay_scoreT_avg": 25.466667,
    "essay_scoreT_detail": {
      "essay_scoreT_org": [
        [
          2,
          2,
          2,
          3
        ],
        [
          3,
          3,
          3,
          3
        ],
        [
          3,
          3,
          2,
          3
        ]
      ],
      "essay_scoreT_cont": [
        [
          2,
          2,
          2,
          2
        ],
        [
          3,
          3,
          3,
          3
        ],
        [
          3,
          3,
          3,
          3
        ]
      ],
      "essay_scoreT_exp": [
        [
          1,
          2,
          2
        ],
        [
          2,
          3,
          3
        ],
        [
          2,
          2,
          3
        ]
      ]
    }
  },
  "student": {
    "date": "2021.12.18",
    "student_educated": true,
    "student_grade": "고등_2학년",
    "location": "063",
    "student_grade_group": "고등",
    "student_reading": 1
  },
  "rubric": {
    "essay_grade": "고등_2학년",
    "organization_weight": {
      "org_paragraph": 3,
      "org": 3,
      "org_essay": 3,
      "org_coherence": 3,
      "org_quantity": 1
    },
    "essay_type": "주장",
    "content_weight": {
      "con_clearance": 3,
      "con_novelty": 3,
      "con": 4,
      "con_prompt": 1,
      "con_description": 3
    },
    "essay_main_subject": "인종차별에 대한 본인의 생각",
    "expression_weight": {
      "exp_style": 4,
      "exp_grammar": 2,
      "exp_vocab": 4,
      "exp": 3
    }
  },
  "correction": [],
  "info": {
    "essay_id": "ESSAY_70029",
    "essay_prompt": " 최근 중국발 코로나바이러스로 인해 동양인에 대한 혐오감을 나타내는 서양인들이 늘어나고 있습니다. 그로 인해, 매스컴이나 SNS에서 인종차별을 받아 힘들어하는 동양인들을 자주 목격할 수 있습니다.\n\n 하지만, 최근에만 인종차별이 존재했을까요? 아닙니다. 아주 오래전부터 다른 인종에 대한 차별은 있었습니다.\n\n 우리나라에서는 인종차별을 안 하고 있을까요? 아닙니다. 우리나라에서도 알게 모르게 많은 부분에서 다른 국가의 사람들에 대해 인종차별을 하고 있으며 누군가에게 상처를 주고 있습니다.\n\n 즉, 인종차별은 누군가의 문제가 아니라 우리 모두의 문제입니다.\n\n 여러분들은 인종차별을 당해보신 적 있나요? 인종차별을 하는 사람들에 대해 어떻게 생각하시나요? 왜 생겨났다고 생각하나요? 인종차별을 근절하기 위해서는 어떻게 해야 할까요? 인종차별을 하는 사람들에 대해 전 세계적으로 처벌의 강도를 높여야 할까요?\n\n 인종차별을 하는 사람들에 대한 본인의 생각을 작성하고 인종차별은 해결할 수 있는 문제일지 아니면 해결하지 어려운 문제일지 작성해주세요. 또한, 그렇게 생각한 이유와 본인이 생각한 해결방법 혹은 해결할 수 없다면 왜 해결할 수 없다고 생각하는지 작성해주세요.",
    "essay_type": "주장",
    "essay_level": "1",
    "essay_len": 1003,
    "essay_main_subject": "인종차별에 대한 본인의 생각"
  }
}