{
  "paragraph": [
    {
      "paragraph_txt": "실제로 저는 우리나라도 인종차별이 보이지 않는 곳에서 심하게 나타난다고 생각합니다.#@문장구분# 우리나라가 무슨 인종차별을 하냐고 생각 하실지 모르겠지만.#@문장구분# 제가 여태까지 살면서 느낀 바로는 유럽에 비해서는 덜할 지 몰라도 이정도면 매우 심각한 수준이라고 생각 합니다.#@문장구분# 특히 우리는 중국인이나 동남아 사람들, 흑인들에 대한 인종차별이 심각합니다.#@문장구분# ''짱깨','흑형' 이라는 단어들이 일상생활 속에서 아무렇지도 않게 쓰이고 있고 동남아나 인도에서 온 노동자들을 바라보는 시선에서는 '무시'를 느낄 수 있습니다.#@문장구분# 최근에는 중국인들에 대한 차별이 선을 넘었다고 생각합니다.#@문장구분# 저도 중국이 처음에 코로나를 제대로 통제 못해서 전세계로 퍼져나가 팬데믹까지 왔고 중국 정부가 펼치는 동북공정과 같은 정책은 마음에 들지 않았습니다.#@문장구분# 하지만 그러한 이유만으로 중국인들을 차별하는 것을 정당화해서는 안된다고 생각합니다.#@문장구분# 미국에서 한 중국인이 폭행을 당했다는 뉴스를 본적이 있습니다.#@문장구분# 같은 동양인이 폭행을 당했다는 것은 우리나라 사람들에게도 얼마든지 그러한 일이 일어날 수 있다고 생각 합니다.#@문장구분# 그러나 뉴스 기사의 댓글을 보면 '중국인은 당해도 싸다', '정의 구현이다'라는 등의 말도 안되는 댓글들이 보였습니다.#@문장구분# 또한 , 주변 학교 친구들의 인종차별성 발언을 많이 들었ㄱ고 심지어 인종차별은 정당하다고 주장하는 친구들도 있습니다.#@문장구분# 이정도로 우리나라 학교 사회에서는 인종차별에 대한 인식이 부족한것 같습니다.#@문장구분# 우리나라 사람들의 인종차별에 대한 민감도가 낮고 사회 곳곳에서 인종차별이 난무하는 데에는 다른 인종을 접할 기회가 적어서라고 생각 합니다.#@문장구분# 그러나 이러한 이유로 인종차별을 정당화 시킬수는 없고 오히려 인종에 대한 올바른 인식을 가질수 있도록 더 적극적으로 인종차별에 대한 교육을 시행해야 한다고 생각합니다.#@문장구분#",
      "paragraph_len": 1185,
      "paragraph_id": "001"
    }
  ],
  "score": {
    "paragraph_score": [
      {
        "paragraph_scoreT": [
          2,
          2.8,
          2
        ],
        "paragraph_scoreT_detail": {
          "paragraph_scoreT_exp": [
            [
              2,
              2,
              2
            ],
            [
              2,
              3,
              3
            ],
            [
              2,
              2,
              2
            ]
          ]
        },
        "paragraph_scoreT_avg": 2.2666667,
        "paragraph_id": "001"
      }
    ],
    "essay_scoreT": [
      21.2,
      28.2,
      24.3
    ],
    "essay_scoreT_avg": 24.566666,
    "essay_scoreT_detail": {
      "essay_scoreT_org": [
        [
          2,
          2,
          2,
          2
        ],
        [
          3,
          3,
          3,
          3
        ],
        [
          2,
          2,
          2,
          3
        ]
      ],
      "essay_scoreT_cont": [
        [
          2,
          2,
          2,
          3
        ],
        [
          3,
          2,
          3,
          3
        ],
        [
          3,
          3,
          3,
          3
        ]
      ],
      "essay_scoreT_exp": [
        [
          2,
          2,
          2
        ],
        [
          2,
          3,
          3
        ],
        [
          2,
          2,
          2
        ]
      ]
    }
  },
  "student": {
    "date": "2021.12.18",
    "student_educated": true,
    "student_grade": "고등_2학년",
    "location": "063",
    "student_grade_group": "고등",
    "student_reading": 2
  },
  "rubric": {
    "essay_grade": "고등_2학년",
    "organization_weight": {
      "org_paragraph": 3,
      "org": 3,
      "org_essay": 3,
      "org_coherence": 3,
      "org_quantity": 1
    },
    "essay_type": "주장",
    "content_weight": {
      "con_clearance": 3,
      "con_novelty": 3,
      "con": 4,
      "con_prompt": 1,
      "con_description": 3
    },
    "essay_main_subject": "인종차별에 대한 본인의 생각",
    "expression_weight": {
      "exp_style": 4,
      "exp_grammar": 2,
      "exp_vocab": 4,
      "exp": 3
    }
  },
  "correction": [],
  "info": {
    "essay_id": "ESSAY_70037",
    "essay_prompt": " 최근 중국발 코로나바이러스로 인해 동양인에 대한 혐오감을 나타내는 서양인들이 늘어나고 있습니다. 그로 인해, 매스컴이나 SNS에서 인종차별을 받아 힘들어하는 동양인들을 자주 목격할 수 있습니다.\n\n 하지만, 최근에만 인종차별이 존재했을까요? 아닙니다. 아주 오래전부터 다른 인종에 대한 차별은 있었습니다.\n\n 우리나라에서는 인종차별을 안 하고 있을까요? 아닙니다. 우리나라에서도 알게 모르게 많은 부분에서 다른 국가의 사람들에 대해 인종차별을 하고 있으며 누군가에게 상처를 주고 있습니다.\n\n 즉, 인종차별은 누군가의 문제가 아니라 우리 모두의 문제입니다.\n\n 여러분들은 인종차별을 당해보신 적 있나요? 인종차별을 하는 사람들에 대해 어떻게 생각하시나요? 왜 생겨났다고 생각하나요? 인종차별을 근절하기 위해서는 어떻게 해야 할까요? 인종차별을 하는 사람들에 대해 전 세계적으로 처벌의 강도를 높여야 할까요?\n\n 인종차별을 하는 사람들에 대한 본인의 생각을 작성하고 인종차별은 해결할 수 있는 문제일지 아니면 해결하지 어려운 문제일지 작성해주세요. 또한, 그렇게 생각한 이유와 본인이 생각한 해결방법 혹은 해결할 수 없다면 왜 해결할 수 없다고 생각하는지 작성해주세요.",
    "essay_type": "주장",
    "essay_level": "1",
    "essay_len": 885,
    "essay_main_subject": "인종차별에 대한 본인의 생각"
  }
}