{
  "paragraph": [
    {
      "paragraph_txt": "인종은 매우 다양하다.#@문장구분# 인종이라는 말의 의미는 인간의 종류가 아닐까 싶다.#@문장구분# 인종은 odn 다양하다. #@문장구분#흑인, 백인, 아시아인 등 매우 다양하며 비슷한 지역 사람들끼린 서로 비슷하게 생겼다. #@문장구분#인종은 처음에는 원시시대에 있었다. #@문장구분#하지만 그 사람들이 증가하며 현재 인종은 멸종할 수가 없다. #@문장구분#인종사이에서도 서로 차별을 하는데 이를 인종차별이라 한다. #@문장구분#특히 아시안들이 인종차별을 다른 지역 사람들에 비해 많이 받는다.#@문장구분# 인종차별을 많이 하는 지역 사람들로는 유럽사람들이 유명하다. #@문장구분#인종차별을 많이 하는 이유는 무엇일까?#@문장구분# 나는 이는 교육에서 나온다고 생각한다.#@문장구분# 우리나라 사람들도 많은 인종차별을 한다고 생각한다.#@문장구분# 특히 동남아시아를 많이 무시한다. #@문장구분#내 생각에는 인종차별은 자기네들 보다 못사는 나라의 사람들에게 많이 하는 듯 싶다. #@문장구분#그래서 유럽인들이 많이 무시하는 거일 수도 있겠다 싶다.#@문장구분# 하지만 나는 이런 인종차별이 당연한 거 같다.#@문장구분# 많은 인류가 같이 살다 보면 어쩔 수 없는 것이다.#@문장구분# 인종 중에는 흑인이 있는데 나는 흑인이 간지나는 것 같다.#@문장구분# 힙합하는 흑인이 간지난다. #@문장구분#머리스타일부터가 간지난다. #@문장구분#나는 만약 다시 태어난다면 흑인으로 태어나고 싶다. #@문장구분#그래서 길거리를 활주하는 갱스터가 되고 싶다. #@문장구분#멋진 수트도 어울리게 입고 싶고 스포츠카도 타고 싶다.#@문장구분# 흑인들은 뭐를 해도 멋있다. #@문장구분#아시아인들은 다른 종류의 멋이 있다.#@문장구분# 누런 피부는 좋다.#@문장구분# 인종이 다양할수록 좋은 거 같다.#@문장구분# 다양한 사람도 만나볼 수 있고 다양한 경험이 가능하기 때문이다.#@문장구분# 하지만 인종은 너무 다양한 것도 탈인 듯 싶다. #@문장구분#많으면 많을수록 좋은 것 같다.#@문장구분# 하지만 그럴수록 의견 대립도 있기 마련이다.#@문장구분# 없이는 안될 것이 인종인 거 같다. #@문장구분#하지만 인종에 대한 것은 너무 많기에 나도 다 서술할 순 없을 것이다.#@문장구분# 하지만 확실한 것은 인종은 서로 있어야 한다는 것이다. #@문장구분#나는 백인들의 눈이 부럽다. #@문장구분#눈이 너무 예쁜거 같다.#@문장구분# 알수 없는 블랙홀이 끝없이 빨려가는 것 같다. #@문장구분#특히 후레쉬로 빛을 반짝이면 더욱 예쁜거 같다. #@문장구분#나도 백인의 눈과 흑인의 몸을 갖고 싶다.#@문장구분# 매우 간지가 난다.#@문장구분# 복근도 멋있고 나도 빨리 헬스장에 다니고 싶다.#@문장구분# 초콜릿 복근이 멋있다. #@문장구분#나도 인종을 사랑하는 사람이 되고 싶다. #@문장구분#멋진 인종을 사랑하는 인간 말하는 것이다.",
      "paragraph_len": 1966,
      "paragraph_id": "001"
    }
  ],
  "score": {
    "paragraph_score": [
      {
        "paragraph_scoreT": [
          3,
          3,
          3
        ],
        "paragraph_scoreT_detail": {
          "paragraph_scoreT_exp": [
            [
              3,
              3,
              3
            ],
            [
              3,
              3,
              3
            ],
            [
              3,
              3,
              3
            ]
          ]
        },
        "paragraph_scoreT_avg": 3,
        "paragraph_id": "001"
      }
    ],
    "essay_scoreT": [
      26,
      26,
      26
    ],
    "essay_scoreT_avg": 26,
    "essay_scoreT_detail": {
      "essay_scoreT_org": [
        [
          3,
          3,
          3,
          3
        ],
        [
          3,
          3,
          3,
          3
        ],
        [
          3,
          3,
          3,
          3
        ]
      ],
      "essay_scoreT_cont": [
        [
          2,
          2,
          2,
          2
        ],
        [
          2,
          2,
          2,
          2
        ],
        [
          2,
          2,
          2,
          2
        ]
      ],
      "essay_scoreT_exp": [
        [
          3,
          3,
          3
        ],
        [
          3,
          3,
          3
        ],
        [
          3,
          3,
          3
        ]
      ]
    }
  },
  "student": {
    "date": "2021.12.17",
    "student_educated": true,
    "student_grade": "고등_2학년",
    "location": "063",
    "student_grade_group": "고등",
    "student_reading": 3
  },
  "rubric": {
    "essay_grade": "고등_2학년",
    "organization_weight": {
      "org_paragraph": 3,
      "org": 3,
      "org_essay": 3,
      "org_coherence": 3,
      "org_quantity": 1
    },
    "essay_type": "주장",
    "content_weight": {
      "con_clearance": 3,
      "con_novelty": 3,
      "con": 4,
      "con_prompt": 1,
      "con_description": 3
    },
    "essay_main_subject": "인종차별에 대한 본인의 생각",
    "expression_weight": {
      "exp_style": 4,
      "exp_grammar": 2,
      "exp_vocab": 4,
      "exp": 3
    }
  },
  "correction": [],
  "info": {
    "essay_id": "ESSAY_66938",
    "essay_prompt": " 최근 중국발 코로나바이러스로 인해 동양인에 대한 혐오감을 나타내는 서양인들이 늘어나고 있습니다. 그로 인해, 매스컴이나 SNS에서 인종차별을 받아 힘들어하는 동양인들을 자주 목격할 수 있습니다.\n\n 하지만, 최근에만 인종차별이 존재했을까요? 아닙니다. 아주 오래전부터 다른 인종에 대한 차별은 있었습니다.\n\n 우리나라에서는 인종차별을 안 하고 있을까요? 아닙니다. 우리나라에서도 알게 모르게 많은 부분에서 다른 국가의 사람들에 대해 인종차별을 하고 있으며 누군가에게 상처를 주고 있습니다.\n\n 즉, 인종차별은 누군가의 문제가 아니라 우리 모두의 문제입니다.\n\n 여러분들은 인종차별을 당해보신 적 있나요? 인종차별을 하는 사람들에 대해 어떻게 생각하시나요? 왜 생겨났다고 생각하나요? 인종차별을 근절하기 위해서는 어떻게 해야 할까요? 인종차별을 하는 사람들에 대해 전 세계적으로 처벌의 강도를 높여야 할까요?\n\n 인종차별을 하는 사람들에 대한 본인의 생각을 작성하고 인종차별은 해결할 수 있는 문제일지 아니면 해결하지 어려운 문제일지 작성해주세요. 또한, 그렇게 생각한 이유와 본인이 생각한 해결방법 혹은 해결할 수 없다면 왜 해결할 수 없다고 생각하는지 작성해주세요.",
    "essay_type": "주장",
    "essay_level": "1",
    "essay_len": 1106,
    "essay_main_subject": "인종차별에 대한 본인의 생각"
  }
}