{
  "paragraph": [
    {
      "paragraph_txt": "1973년에는 미국의 인종차별이 심했던 때이다.#@문장구분#  짐은 흑인으로서는 드물게 대학을 졸업하였다.#@문장구분#  대학을 다닐 때 수영을 하였는데 그는 수영대회에 참가하지를 못하였다.#@문장구분#  흑인이 백인과 함께 대회에 참가하는 것을 많은 백인들이 싫어하였던 것이다.#@문장구분#  물론 모든 백인들이 그런 것은 아니다.#@문장구분#  흑인들을 무시하고 차별하는 것이 아니다.#@문장구분#  하지만 그 당시 사회풍조는 다수의 백인 우월주의자들이 있던 시절이다.#@문장구분#  결국 수영대회에 참가하지 못하고 경관에게 폭력을 휘두른 죄로 체포되기도 하였다.#@문장구분#  비록 대학도 다른 학생들보다 늦게 졸업을 하였지만 졸업을 한 것은 확실하다.#@문장구분#  하지만 직업을 얻지 못한다.#@문장구분#  흑인으로서는 드물게 대학을 졸업하였지만 그를 받아주는 백인 사업자는 없었던 것이다.#@문장구분#  거기다가 체포 기록까지 있으니 취업이 어려울 수밖에 없었다.#@문장구분#  짐은 어렵게 철거를 앞둔 센터의 정리를 하는 직업을 얻게 된다.#@문장구분#  흑인들이 거주하는 지역에 있는 센터였는데 사람들이 오랫동안 오지도 않고, 관리도 되지 않은 상태인 것 같았다.#@문장구분#  그러니 철거를 하려 하는 것이겠지만 말이다.#@문장구분#  짐은 그 당시에도 수영에 대한 애정이 있었다.#@문장구분#  센터에는 수영장이 있었고 말이다.#@문장구분#  짐은 버려진 수영장을 닦고 청소하여 깨끗하게 만들어 수영장의 모습을 다시 찾게 한다.#@문장구분#  그것을 건물 관리인 엘스톤이 돕는다.#@문장구분#  하지만 시에서는 센터를 철거하려 한다.#@문장구분#  이에 짐은 근처에 항상 농구를 하러 오는 10대들을 모아 흑인 수영팀을 만든다.#@문장구분#  처음 만든 수영팀이라 실력이 썩 좋지는 않다.#@문장구분#  그리고 10대들은 실력보다는 즐기는 것에 큰 위주를 가진다.#@문장구분#  하지만 센터가 철거되면 10대들은 즐기는 곳을 잃는 것이다.#@문장구분#  처음 나간 수영대회에서 그들은 큰 창피를 당한다.#@문장구분#  흑인에 대한 편견을 가지고 있는 백인들 앞에서 말이다.#@문장구분#  사실 흑인들도 자신들이 우월하다고 생각하고 있었다.#@문장구분#  백인들을 차별하는 것이다.#@문장구분#  서로 차별하다 보니 서로에 대한 생각이 좁혀지고 있지 않은지도 모른다.#@문장구분# 백인과 흑인의 차별에서만 그치는 것이 아니라 우리 생활에서도 마찬가지일 것이다.#@문장구분#  나와 조금 다르다고 해서 내 생각과 차이가 있다고 해서 그것을 차별로 받아들이고 배척해서는 안될 것이다.#@문장구분#  더욱 다양화되어 가는 사회 속에서 고정관념이 만들어놓은 이것은 이래야 한다 는 생각에 대하여 다시 한번 생각해 봐야 할 이야기가 아닌가 싶다.#@문장구분#",
      "paragraph_len": 1796,
      "paragraph_id": "001"
    }
  ],
  "score": {
    "paragraph_score": [
      {
        "paragraph_scoreT": [
          2,
          3,
          3
        ],
        "paragraph_scoreT_detail": {
          "paragraph_scoreT_exp": [
            [
              2,
              2,
              2
            ],
            [
              3,
              3,
              3
            ],
            [
              3,
              3,
              3
            ]
          ]
        },
        "paragraph_scoreT_avg": 2.6666667,
        "paragraph_id": "001"
      }
    ],
    "essay_scoreT": [
      17.8,
      27.900002,
      27.3
    ],
    "essay_scoreT_avg": 24.333334,
    "essay_scoreT_detail": {
      "essay_scoreT_org": [
        [
          1,
          2,
          2,
          3
        ],
        [
          3,
          3,
          2,
          3
        ],
        [
          2,
          2,
          2,
          3
        ]
      ],
      "essay_scoreT_cont": [
        [
          2,
          1,
          1,
          2
        ],
        [
          3,
          2,
          3,
          3
        ],
        [
          3,
          3,
          3,
          3
        ]
      ],
      "essay_scoreT_exp": [
        [
          2,
          2,
          2
        ],
        [
          3,
          3,
          3
        ],
        [
          3,
          3,
          3
        ]
      ]
    }
  },
  "student": {
    "date": "2021.12.18",
    "student_educated": true,
    "student_grade": "고등_2학년",
    "location": "063",
    "student_grade_group": "고등",
    "student_reading": 2
  },
  "rubric": {
    "essay_grade": "고등_2학년",
    "organization_weight": {
      "org_paragraph": 3,
      "org": 3,
      "org_essay": 3,
      "org_coherence": 3,
      "org_quantity": 1
    },
    "essay_type": "주장",
    "content_weight": {
      "con_clearance": 3,
      "con_novelty": 3,
      "con": 4,
      "con_prompt": 1,
      "con_description": 3
    },
    "essay_main_subject": "인종차별에 대한 본인의 생각",
    "expression_weight": {
      "exp_style": 4,
      "exp_grammar": 2,
      "exp_vocab": 4,
      "exp": 3
    }
  },
  "correction": [],
  "info": {
    "essay_id": "ESSAY_70005",
    "essay_prompt": " 최근 중국발 코로나바이러스로 인해 동양인에 대한 혐오감을 나타내는 서양인들이 늘어나고 있습니다. 그로 인해, 매스컴이나 SNS에서 인종차별을 받아 힘들어하는 동양인들을 자주 목격할 수 있습니다.\n\n 하지만, 최근에만 인종차별이 존재했을까요? 아닙니다. 아주 오래전부터 다른 인종에 대한 차별은 있었습니다.\n\n 우리나라에서는 인종차별을 안 하고 있을까요? 아닙니다. 우리나라에서도 알게 모르게 많은 부분에서 다른 국가의 사람들에 대해 인종차별을 하고 있으며 누군가에게 상처를 주고 있습니다.\n\n 즉, 인종차별은 누군가의 문제가 아니라 우리 모두의 문제입니다.\n\n 여러분들은 인종차별을 당해보신 적 있나요? 인종차별을 하는 사람들에 대해 어떻게 생각하시나요? 왜 생겨났다고 생각하나요? 인종차별을 근절하기 위해서는 어떻게 해야 할까요? 인종차별을 하는 사람들에 대해 전 세계적으로 처벌의 강도를 높여야 할까요?\n\n 인종차별을 하는 사람들에 대한 본인의 생각을 작성하고 인종차별은 해결할 수 있는 문제일지 아니면 해결하지 어려운 문제일지 작성해주세요. 또한, 그렇게 생각한 이유와 본인이 생각한 해결방법 혹은 해결할 수 없다면 왜 해결할 수 없다고 생각하는지 작성해주세요.",
    "essay_type": "주장",
    "essay_level": "1",
    "essay_len": 1157,
    "essay_main_subject": "인종차별에 대한 본인의 생각"
  }
}