{
  "paragraph": [
    {
      "paragraph_txt": "지적 재산권이 보장되어야 하는 것은 당연하다 생각되지만 팬더믹 상활 같은 경우는 지적재산권을 보장해 주더라도 예외의 부분들이 적용되어 모두가 이익을 취할 수 있어야 한다고 생각한다.#@문장구분# 이는 찬성도 반대도 아닌 중간에 해당하는데 하나만 고르라면 반대에 더 가가운 것 같다.#@문장구분# 첫째, 개발자 악용의 가능성을 배제할 수 없고 그 때문에 일어날 피해를 고려해야 한다.#@문장구분# 팬더믹 상황에서 백신을 개발한 개발자가 이를 악용한다면 더 큰 사태가 발생할 우려가 있기애 개발자가 이익을 챙길 수는 있어도 악용하지는 못하게 할 제도가 필요하다고 생각한다.#@문장구분# 하지만 개발자의 이익과 악용의 범위에 관한 기준이 명확하도록 정하는 것 또한 필요하다고 생각한다. #@문장구분#둘 때, 지적 재산권이라는 권리 때문에 패더믹 사황에서 일부만 백신을 맞을 수 있게 된다면 그것은 지적 재산권의 권리보다는 특혜에 가깝다.#@문장구분# 팬더믹은 일부에 적용되는 것이 아닌 우리 모두에게 적용되는 것이다. #@문장구분#모두가 안전하다고 장담할 수 없는 상황에 일부만 안정을 보장받는다는 것은 오래전부터 대두되던 사회적 문제인 빈익빈 부익부와 다를 바가 없다고 생각한다.#@문장구분# 셋째, 현재 팬더믹 상황에서 백신은 도구로 여길 수 있다.#@문장구분# 인류가 처음으로 생기고 지금까지 존재할 수 있었던 이유는 인간은 생각하는 동물이기 때문이었다. #@문장구분#수많은 야생동물, 추위, 더위 따위에서도 생존할 수 있었던 이유는 도구를 발명하고 사용하였기 때문이다.#@문장구분# 현 상황에선 코로나19 바이러스를 과거의 야생동물, 추위, 더위 등 인류의 생명을 위협하는 요소로 백신을 생존을 위한 도구로 비유하면 된다. #@문장구분#현재 우리는 코로나19 바이러스로 인해 생명을 위협받고 있고 모두가 그 도구인 백신으로 살아남아야 한다고 생각한다.#@문장구분# 그리고 우리 모두에게 생명을 보호받을 권리가 있다고 생각한다.",
      "paragraph_len": 1136,
      "paragraph_id": "001"
    }
  ],
  "score": {
    "paragraph_score": [
      {
        "paragraph_scoreT": [
          2.8,
          3,
          2.8
        ],
        "paragraph_scoreT_detail": {
          "paragraph_scoreT_exp": [
            [
              2,
              3,
              3
            ],
            [
              3,
              3,
              3
            ],
            [
              2,
              3,
              3
            ]
          ]
        },
        "paragraph_scoreT_avg": 2.8666668,
        "paragraph_id": "001"
      }
    ],
    "essay_scoreT": [
      29.4,
      26,
      29.4
    ],
    "essay_scoreT_avg": 28.266668,
    "essay_scoreT_detail": {
      "essay_scoreT_org": [
        [
          3,
          3,
          3,
          3
        ],
        [
          3,
          3,
          3,
          3
        ],
        [
          3,
          3,
          3,
          3
        ]
      ],
      "essay_scoreT_cont": [
        [
          3,
          3,
          3,
          3
        ],
        [
          2,
          2,
          2,
          2
        ],
        [
          3,
          3,
          3,
          3
        ]
      ],
      "essay_scoreT_exp": [
        [
          2,
          3,
          3
        ],
        [
          3,
          3,
          3
        ],
        [
          2,
          3,
          3
        ]
      ]
    }
  },
  "student": {
    "date": "2021.12.16",
    "student_educated": true,
    "student_grade": "고등_2학년",
    "location": "063",
    "student_grade_group": "고등",
    "student_reading": 3
  },
  "rubric": {
    "essay_grade": "고등_2학년",
    "organization_weight": {
      "org_paragraph": 3,
      "org": 3,
      "org_essay": 3,
      "org_coherence": 3,
      "org_quantity": 1
    },
    "essay_type": "주장",
    "content_weight": {
      "con_clearance": 3,
      "con_novelty": 3,
      "con": 4,
      "con_prompt": 1,
      "con_description": 3
    },
    "essay_main_subject": "지적 재산권에 대한 본인의 생각 작성",
    "expression_weight": {
      "exp_style": 4,
      "exp_grammar": 2,
      "exp_vocab": 4,
      "exp": 3
    }
  },
  "correction": [],
  "info": {
    "essay_id": "ESSAY_66904",
    "essay_prompt": " 지적재산권이란 특허권, 실용신안권, 상표권, 디자인권을 총칭하는 개념으로 지적재산권법은 정보생산자에게 일정기간 동안 시장에서의 배타적 지위를 부여하고 있습니다.\n\n 즉, 지적 재산권은 특정 사람이 생각/창작해낸 것을 다른사람들의 무분별한 이용으로 부터 지켜주는 것입니다. 이러한 지적재산권은 개인 혹은 회사 더 나아가 나라에 귀속될 수 있습니다.\n\n 다만, 코로나 시대인 요즘 전 세계적인 재앙인 코로나를 물리칠 수 있는 백신에 대한 지적재산권을 자유롭게 풀어야한다는 의견이 계속해서 나오고 있습니다. \n\n 지적 재산권이 있는 제약회사가 있는 나라의 경우 백신이 충분하며 백신을 맞는 것이 선택의 문제인 반면, 그렇지 못한 나라는 백신을 맞고 싶어도 맞지 못하는 사람들이 많고 항체가 없어 사망하는 경우도 비교적 많이 때문입니다.\n\n 전 세계의 문제를 해결하기 위해 수 많은 돈을 들여 개발한 백신의 지적재산권을 공유하는 것이 의무화 되어야 할까요? 아니면 회사의 선택에 맡겨야할까요? 보상은 어떻게 해야할까요? \n\n 전 세계에 무상으로 공개 해야 한다는 의견이 있을 수도 있고 무상으로 공개한 회사의 경우 팬더믹 상황이 종결 된 후 따로 보상을 해주어야 한다는 의견도 있을 겁니다. 지적재산권의 변하지 않는 신뢰를 위해서라도 무상 공개는 절대 있어서는 안된다는 의견도 있을 것입니다.\n\n 지금까지도 펜더믹 상황에서 코로나19 백신에 대한 특허권을 보장해야 하느냐 풀어야 하느냐 의견이 분분합니다. 이에 대한 자신의 주장을 작성해주세요. 또한, 그렇게 생각한 이유도 설명해주세요.",
    "essay_type": "주장",
    "essay_level": "1",
    "essay_len": 876,
    "essay_main_subject": "지적 재산권에 대한 본인의 생각 작성"
  }
}