{
  "paragraph": [
    {
      "paragraph_txt": "코로나 19 바이러스는 처음에는 어느 한 곳에서 시작되었지만, 지금은 전 세계로 퍼져 사람들의 자유를 억압하고 공포에 떨게 하고 있다.#@문장구분#이런 상황에서 전염병 백신 특허권을 인정해야 하는 가에 대한 논란이 붉어졌고 나는 전염병 백신 특허권을 자유롭게 풀어야 한다고 생각 한다.#@문장구분#\n백신을 통해 이익을 벌고자 하는 것은 세계 시민 의식에 맞지 않는다고 생각하며 코로나19 퇴치에 있어 지적재산권은 포기되어야 하고 과학자와 기업들, 국가들 간에 활발한 공유가 필수적이라고 생각한다. #@문장구분#물론 어느 회사에서 공들여 개발해냈다는 것은 대단하고, 충분히 인정해야 한다.#@문장구분#그 기술을 독점해 회사의 이익만을 생각하는 것은 윤리적으로 옳지 않다는 입장이다.#@문장구분# 치명적인 전염병에 앞서서 선택은 확실하며, 그 선택은 우리가 대유행의 막을 내리기 위해 생명을 구하는 물품의 공급을 늘리고자 특허권을 포기하는 데에 있는 것이다. #@문장구분#현재 코로나 사태는 전 세계인이 힘을 합쳐 극복해내야 하는 아주 중대한 상황이다.#@문장구분#\n제약 업계는 지적재산권 포기가 업계의 정당한 이익과 향후 의약품 개발을 위한 재정적인 동기부여를 박탈한다고 반박하지만, 나는 이에 대해 다소 과장된 바가 있으며 단순한 욕심을 앞세운 주장이라고 말하고 싶다.#@문장구분#지금은 지적 재산권을 중시할 상황도 과시할 상황도 아니다.#@문장구분# 단기적으로 생각한다면 백신 개발 기술을 공유하지 않는 것이 이익일 수 있을 것이다.#@문장구분# 그러나 장기적으로 생각한다면 백신 개발 기술을 공유해 더욱 효과적으로 백신을 공급하고, 사람들의 신뢰를 얻는 것이 회사에게 더욱 이익이 될 수도 있다. #@문장구분#이미 코로나19로 인한 펜데믹은 장기화되었다.",
      "paragraph_len": 1015,
      "paragraph_id": "001"
    }
  ],
  "score": {
    "paragraph_score": [
      {
        "paragraph_scoreT": [
          2.4,
          2.4,
          2.4
        ],
        "paragraph_scoreT_detail": {
          "paragraph_scoreT_exp": [
            [
              2,
              2,
              3
            ],
            [
              2,
              2,
              3
            ],
            [
              2,
              2,
              3
            ]
          ]
        },
        "paragraph_scoreT_avg": 2.4,
        "paragraph_id": "001"
      }
    ],
    "essay_scoreT": [
      28.2,
      27.300001,
      28.2
    ],
    "essay_scoreT_avg": 27.9,
    "essay_scoreT_detail": {
      "essay_scoreT_org": [
        [
          3,
          3,
          3,
          3
        ],
        [
          2,
          3,
          3,
          3
        ],
        [
          3,
          3,
          3,
          3
        ]
      ],
      "essay_scoreT_cont": [
        [
          3,
          3,
          3,
          3
        ],
        [
          3,
          3,
          3,
          3
        ],
        [
          3,
          3,
          3,
          3
        ]
      ],
      "essay_scoreT_exp": [
        [
          2,
          2,
          3
        ],
        [
          2,
          2,
          3
        ],
        [
          2,
          2,
          3
        ]
      ]
    }
  },
  "student": {
    "date": "2021.12.15",
    "student_educated": true,
    "student_grade": "고등_2학년",
    "location": "063",
    "student_grade_group": "고등",
    "student_reading": 1
  },
  "rubric": {
    "essay_grade": "고등_2학년",
    "organization_weight": {
      "org_paragraph": 3,
      "org": 3,
      "org_essay": 3,
      "org_coherence": 3,
      "org_quantity": 1
    },
    "essay_type": "주장",
    "content_weight": {
      "con_clearance": 3,
      "con_novelty": 3,
      "con": 4,
      "con_prompt": 1,
      "con_description": 3
    },
    "essay_main_subject": "지적 재산권에 대한 본인의 생각 작성",
    "expression_weight": {
      "exp_style": 4,
      "exp_grammar": 2,
      "exp_vocab": 4,
      "exp": 3
    }
  },
  "correction": [],
  "info": {
    "essay_id": "ESSAY_69808",
    "essay_prompt": " 지적재산권이란 특허권, 실용신안권, 상표권, 디자인권을 총칭하는 개념으로 지적재산권법은 정보생산자에게 일정기간 동안 시장에서의 배타적 지위를 부여하고 있습니다.\n\n 즉, 지적 재산권은 특정 사람이 생각/창작해낸 것을 다른사람들의 무분별한 이용으로 부터 지켜주는 것입니다. 이러한 지적재산권은 개인 혹은 회사 더 나아가 나라에 귀속될 수 있습니다.\n\n 다만, 코로나 시대인 요즘 전 세계적인 재앙인 코로나를 물리칠 수 있는 백신에 대한 지적재산권을 자유롭게 풀어야한다는 의견이 계속해서 나오고 있습니다. \n\n 지적 재산권이 있는 제약회사가 있는 나라의 경우 백신이 충분하며 백신을 맞는 것이 선택의 문제인 반면, 그렇지 못한 나라는 백신을 맞고 싶어도 맞지 못하는 사람들이 많고 항체가 없어 사망하는 경우도 비교적 많이 때문입니다.\n\n 전 세계의 문제를 해결하기 위해 수 많은 돈을 들여 개발한 백신의 지적재산권을 공유하는 것이 의무화 되어야 할까요? 아니면 회사의 선택에 맡겨야할까요? 보상은 어떻게 해야할까요? \n\n 전 세계에 무상으로 공개 해야 한다는 의견이 있을 수도 있고 무상으로 공개한 회사의 경우 팬더믹 상황이 종결 된 후 따로 보상을 해주어야 한다는 의견도 있을 겁니다. 지적재산권의 변하지 않는 신뢰를 위해서라도 무상 공개는 절대 있어서는 안된다는 의견도 있을 것입니다.\n\n 지금까지도 펜더믹 상황에서 코로나19 백신에 대한 특허권을 보장해야 하느냐 풀어야 하느냐 의견이 분분합니다. 이에 대한 자신의 주장을 작성해주세요. 또한, 그렇게 생각한 이유도 설명해주세요.",
    "essay_type": "주장",
    "essay_level": "1",
    "essay_len": 796,
    "essay_main_subject": "지적 재산권에 대한 본인의 생각 작성"
  }
}