{
  "paragraph": [
    {
      "paragraph_txt": "그것과 같은 의미입니다. #@문장구분#그러나 생김새가 비슷해서 동아시아 사람들이 혐오를 받고 테러를 당하는 일은 안타까운 일입니다.#@문장구분# 중국인과 피부색이 같다고 국적을 명찰로 만들어 달고 다니기엔 중국인이 아닌 사람들에게는 가혹한 일일겁니다. #@문장구분#그렇기 때문에 중국인들이 해외로 나오는걸 금지하거나 독일 나치 정권 때처럼 유태인에게 다윗별 문양의 완장을 차게 하는거처럼 혐오론자들이 구분을 할 수 있게 해야 된다고 생각합니다. #@문장구분#그 외의 차별들은 단지 피부색으로 인한 차별이 대부분이기에 반대합니다. #@문장구분#최근엔 오히려 유색인종들 끼리 차별하는 경향이 있는데 대표적으로 흑인과 히스패닉계 인종들이 동양인을 차별하는 것이 한 예입니다. #@문장구분#이러한 올챙이 적 모르는 차별은 극도로 반대합니다 종교를 이유로 한 차별은 급진적인 이슬람주의자들의 혐오는 찬성하는 편입니다. #@문장구분#그들 역시 원인을 제공해서 혐오를 유발했기 때문입니다. #@문장구분#하지만 온건한 이슬람 종교인들은 테러를 하지도 않는데 혐오의 대상이 됩니다.#@문장구분# 개개인이 취향 및 과거의 경험으로 어떠한 대상을 혐오하는 경우는 누구나 있기 때문입니다.",
      "paragraph_len": 740,
      "paragraph_id": "001"
    }
  ],
  "score": {
    "paragraph_score": [
      {
        "paragraph_scoreT": [
          2.6,
          3,
          3
        ],
        "paragraph_scoreT_detail": {
          "paragraph_scoreT_exp": [
            [
              3,
              3,
              2
            ],
            [
              3,
              3,
              3
            ],
            [
              3,
              3,
              3
            ]
          ]
        },
        "paragraph_scoreT_avg": 2.8666668,
        "paragraph_id": "001"
      }
    ],
    "essay_scoreT": [
      21.5,
      23.199999,
      26
    ],
    "essay_scoreT_avg": 23.566666,
    "essay_scoreT_detail": {
      "essay_scoreT_org": [
        [
          2,
          2,
          2,
          1
        ],
        [
          2,
          3,
          3,
          2
        ],
        [
          3,
          3,
          3,
          3
        ]
      ],
      "essay_scoreT_cont": [
        [
          2,
          2,
          2,
          2
        ],
        [
          2,
          1,
          1,
          2
        ],
        [
          2,
          2,
          2,
          2
        ]
      ],
      "essay_scoreT_exp": [
        [
          3,
          3,
          2
        ],
        [
          3,
          3,
          3
        ],
        [
          3,
          3,
          3
        ]
      ]
    }
  },
  "student": {
    "date": "2021.12.09",
    "student_educated": true,
    "student_grade": "고등_2학년",
    "location": "044",
    "student_grade_group": "고등",
    "student_reading": 1
  },
  "rubric": {
    "essay_grade": "고등_2학년",
    "organization_weight": {
      "org_paragraph": 3,
      "org": 3,
      "org_essay": 3,
      "org_coherence": 3,
      "org_quantity": 1
    },
    "essay_type": "주장",
    "content_weight": {
      "con_clearance": 3,
      "con_novelty": 3,
      "con": 4,
      "con_prompt": 1,
      "con_description": 3
    },
    "essay_main_subject": "인종차별에 대한 본인의 생각",
    "expression_weight": {
      "exp_style": 4,
      "exp_grammar": 2,
      "exp_vocab": 4,
      "exp": 3
    }
  },
  "correction": [],
  "info": {
    "essay_id": "ESSAY_66939",
    "essay_prompt": " 최근 중국발 코로나바이러스로 인해 동양인에 대한 혐오감을 나타내는 서양인들이 늘어나고 있습니다. 그로 인해, 매스컴이나 SNS에서 인종차별을 받아 힘들어하는 동양인들을 자주 목격할 수 있습니다.\n\n 하지만, 최근에만 인종차별이 존재했을까요? 아닙니다. 아주 오래전부터 다른 인종에 대한 차별은 있었습니다.\n\n 우리나라에서는 인종차별을 안 하고 있을까요? 아닙니다. 우리나라에서도 알게 모르게 많은 부분에서 다른 국가의 사람들에 대해 인종차별을 하고 있으며 누군가에게 상처를 주고 있습니다.\n\n 즉, 인종차별은 누군가의 문제가 아니라 우리 모두의 문제입니다.\n\n 여러분들은 인종차별을 당해보신 적 있나요? 인종차별을 하는 사람들에 대해 어떻게 생각하시나요? 왜 생겨났다고 생각하나요? 인종차별을 근절하기 위해서는 어떻게 해야 할까요? 인종차별을 하는 사람들에 대해 전 세계적으로 처벌의 강도를 높여야 할까요?\n\n 인종차별을 하는 사람들에 대한 본인의 생각을 작성하고 인종차별은 해결할 수 있는 문제일지 아니면 해결하지 어려운 문제일지 작성해주세요. 또한, 그렇게 생각한 이유와 본인이 생각한 해결방법 혹은 해결할 수 없다면 왜 해결할 수 없다고 생각하는지 작성해주세요.",
    "essay_type": "주장",
    "essay_level": "1",
    "essay_len": 815,
    "essay_main_subject": "인종차별에 대한 본인의 생각"
  }
}