{
  "paragraph": [
    {
      "paragraph_txt": "고대 이집트, 그리스, 로마, 독일, 일본, 남아공, 미국 등등 기원전부터 인종차별은 발생해왔다. #@문장구분#시대가 발전했지만 지금까지도 인종차별은 모든 전세계가 겪고있는 문제다.#@문장구분# 이 문제에대해서 전세계인들이 문제라고 생각하지만 인종이라는 편견은 쉽게 없어지지 않는다. #@문장구분#민주주의가 가장 발달한 미국이지만 150년까지만 해도 노예제도가 있었고 흑인들은 야만적인 인종이여서 노예로 부리는 것이 당연하다고 생각했기 때문에 많은 흑인들은 자기 고향에서 강제로 이주되서 많은 희생을 하게 되었다. #@문장구분#또 다른 나라인 남아프리카 공화국은 모든 사람을 백인, 흑인, 유색인, 인도인 등 4가지 인종 등급으로 나누고, 인종에 따라 사는 곳이나 출입이 가능한 곳도 구분을 했으며 서로 다른 인종 간에는 결혼도 못하게 했다. #@문장구분#이러한 인종차별 정책이 세계적으로 비난을 받았고 많은 사람들이 끊임없이 투쟁을 하였다.#@문장구분# 만델라 대통령이 당선되면서 그 정책은 폐지되었지만 남아공의 뿌리 깊은 인종차별 의식은 쉽게 개선이 안되고 있다.#@문장구분# 위와같은 일이 다른 형태로 계속 발생하고 있고 나도 인종차별은 나쁘다고 생각하지만 인식 개선이 쉽지 않을 것이라고 생각한다. #@문장구분#왜냐면 관심이 없다는게 첫번째 이유다.#@문장구분# 다른 나라로 여행을 가든 우리나라에 온 외국인이든 어차피 한번만 보고 안 볼 사람들이다. #@문장구분#그래서 깊게 생각 할 이유가 없다.#@문장구분# 두번째는 차별을 당하면 불쾌하지만 불편하지 않은 이유다. #@문장구분#외국인이 '칭챙총'같은 단어나 눈을 째지게 만드는 행동을 보면 감정적으로 불쾌하지만 계속 그런 일 발생하는것이 아니라 불편하지 않고 그런 행동을 하지않는 사람이 많아서이다.#@문장구분#\n세번째는 나는 되지만 너는 안되는 이중적 잣대를 버리기 어렵다. #@문장구분#한마디로 내로남불이다.#@문장구분# \n'내가하면 로맨스, 남이하면 불륜'인것 처럼말이다. #@문장구분#더 많은 이유들이 있지만 인종차별은 어느 정도 해결이 가능하지만 인종차별이 없어질거라고 생각하지 않는다.",
      "paragraph_len": 1248,
      "paragraph_id": "001"
    }
  ],
  "score": {
    "paragraph_score": [
      {
        "paragraph_scoreT": [
          3,
          3,
          2.8
        ],
        "paragraph_scoreT_detail": {
          "paragraph_scoreT_exp": [
            [
              3,
              3,
              3
            ],
            [
              3,
              3,
              3
            ],
            [
              2,
              3,
              3
            ]
          ]
        },
        "paragraph_scoreT_avg": 2.9333334,
        "paragraph_id": "001"
      }
    ],
    "essay_scoreT": [
      28.8,
      26,
      29.4
    ],
    "essay_scoreT_avg": 28.066666,
    "essay_scoreT_detail": {
      "essay_scoreT_org": [
        [
          3,
          3,
          3,
          3
        ],
        [
          3,
          3,
          3,
          3
        ],
        [
          3,
          3,
          3,
          3
        ]
      ],
      "essay_scoreT_cont": [
        [
          3,
          2,
          3,
          3
        ],
        [
          3,
          1,
          2,
          2
        ],
        [
          3,
          3,
          3,
          3
        ]
      ],
      "essay_scoreT_exp": [
        [
          3,
          3,
          3
        ],
        [
          3,
          3,
          3
        ],
        [
          2,
          3,
          3
        ]
      ]
    }
  },
  "student": {
    "date": "2021.11.01",
    "student_educated": true,
    "student_grade": "고등_2학년",
    "location": "044",
    "student_grade_group": "고등",
    "student_reading": 1
  },
  "rubric": {
    "essay_grade": "고등_2학년",
    "organization_weight": {
      "org_paragraph": 3,
      "org": 3,
      "org_essay": 3,
      "org_coherence": 3,
      "org_quantity": 1
    },
    "essay_type": "주장",
    "content_weight": {
      "con_clearance": 3,
      "con_novelty": 3,
      "con": 4,
      "con_prompt": 1,
      "con_description": 3
    },
    "essay_main_subject": "인종차별에 대한 본인의 생각",
    "expression_weight": {
      "exp_style": 4,
      "exp_grammar": 2,
      "exp_vocab": 4,
      "exp": 3
    }
  },
  "correction": [],
  "info": {
    "essay_id": "ESSAY_66941",
    "essay_prompt": " 최근 중국발 코로나바이러스로 인해 동양인에 대한 혐오감을 나타내는 서양인들이 늘어나고 있습니다. 그로 인해, 매스컴이나 SNS에서 인종차별을 받아 힘들어하는 동양인들을 자주 목격할 수 있습니다.\n\n 하지만, 최근에만 인종차별이 존재했을까요? 아닙니다. 아주 오래전부터 다른 인종에 대한 차별은 있었습니다.\n\n 우리나라에서는 인종차별을 안 하고 있을까요? 아닙니다. 우리나라에서도 알게 모르게 많은 부분에서 다른 국가의 사람들에 대해 인종차별을 하고 있으며 누군가에게 상처를 주고 있습니다.\n\n 즉, 인종차별은 누군가의 문제가 아니라 우리 모두의 문제입니다.\n\n 여러분들은 인종차별을 당해보신 적 있나요? 인종차별을 하는 사람들에 대해 어떻게 생각하시나요? 왜 생겨났다고 생각하나요? 인종차별을 근절하기 위해서는 어떻게 해야 할까요? 인종차별을 하는 사람들에 대해 전 세계적으로 처벌의 강도를 높여야 할까요?\n\n 인종차별을 하는 사람들에 대한 본인의 생각을 작성하고 인종차별은 해결할 수 있는 문제일지 아니면 해결하지 어려운 문제일지 작성해주세요. 또한, 그렇게 생각한 이유와 본인이 생각한 해결방법 혹은 해결할 수 없다면 왜 해결할 수 없다고 생각하는지 작성해주세요.",
    "essay_type": "주장",
    "essay_level": "1",
    "essay_len": 928,
    "essay_main_subject": "인종차별에 대한 본인의 생각"
  }
}