{
  "paragraph": [
    {
      "paragraph_txt": "인종차별을 하는 사람들은 정말 도무지 이해할 수 없습니다.#@문장구분# 자신과 다르다는 이유로 차별한다는 자체가 말도 안 되는 거고 절대로 일어나면 안 되기 때문에 인종차별이 아무리 해결하기 어려운 문제일지도 시간이 걸려서라도 노력해서 해결해야 하는 문제라고 생각합니다. #@문장구분#일단 인종차별을 해결하기 위해선 다민족, 다문화 사회로 접어들어야 하고, 이민자들에게 무조건 한국인처럼 되라고 시키는 게 아닌 서로 이해하기 위한 교육이 필요할 거 같습니다.#@문장구분# 즉, 나와 다른 것을 인정하고 이해해야 하는 시대가 왔습니다.#@문장구분# 이렇게 다른 문화와 인종에 대해 개방적이고 이해하는 마음으로 그 문화를 함께 나눌 수 있도록 하는 교육을 다문화 교육이라고 하는데 지금의 다문화 교육은 다양한 문화, 민족, 성 그리고 사회 계층과 학생들이 동등하게 교육적 기회를 얻고, 긍정적으로 문화를 교류하려는 태도를 지닐 수 있도록 하는 것이 목표로 다문화 교육이 더욱더 활성화 돼야 합니다. #@문장구분#그리고 우리나라 사람들은 미국이나 유럽의 백인들에게는 상당히 우호적이지만, 동남아시아 인이나 흑인들을 무시하는 이중적인 잣대를 가지고 있는 편입니다.#@문장구분# 그 이중적인 잣대를 버리고 같은 인종으로 바라보는 시선을 길러야 합니다. 또 한 인종차별 금지법을 만들어야 합니다.#@문장구분# 우리나라에는 지금까지 인종차별을 금지하는 법률이 따로 없어.#@문장구분#정부가 인종차별 문제에 앞장서야 하고, 이제 다문화 사회로 들어선 만큼 관련 법안들이 만들어지면서 인종차별이 없어졌으면 좋겠고 다문화 사회로 진입하고 있는 한국에서 앞으로 점점 더 늘어나 전 세계적으로 늘어났으면 좋겠습니다.#@문장구분# 다름을 인정하고, 문화 다양성을 받아들이려고 하는 노력을 통해 처음의 선입견과 고정관념을 깨는 것부터 시작해야 인종차별이 없어지지 않을까요.#@문장구분#",
      "paragraph_len": 1059,
      "paragraph_id": "001"
    }
  ],
  "score": {
    "paragraph_score": [
      {
        "paragraph_scoreT": [
          3,
          3,
          3
        ],
        "paragraph_scoreT_detail": {
          "paragraph_scoreT_exp": [
            [
              3,
              3,
              3
            ],
            [
              3,
              3,
              3
            ],
            [
              3,
              3,
              3
            ]
          ]
        },
        "paragraph_scoreT_avg": 3,
        "paragraph_id": "001"
      }
    ],
    "essay_scoreT": [
      28.8,
      28.8,
      30
    ],
    "essay_scoreT_avg": 29.199999,
    "essay_scoreT_detail": {
      "essay_scoreT_org": [
        [
          3,
          3,
          3,
          3
        ],
        [
          3,
          3,
          3,
          3
        ],
        [
          3,
          3,
          3,
          3
        ]
      ],
      "essay_scoreT_cont": [
        [
          3,
          2,
          3,
          3
        ],
        [
          3,
          2,
          3,
          3
        ],
        [
          3,
          3,
          3,
          3
        ]
      ],
      "essay_scoreT_exp": [
        [
          3,
          3,
          3
        ],
        [
          3,
          3,
          3
        ],
        [
          3,
          3,
          3
        ]
      ]
    }
  },
  "student": {
    "date": "2021.12.14",
    "student_educated": true,
    "student_grade": "고등_2학년",
    "location": "042",
    "student_grade_group": "고등",
    "student_reading": 3
  },
  "rubric": {
    "essay_grade": "고등_2학년",
    "organization_weight": {
      "org_paragraph": 3,
      "org": 3,
      "org_essay": 3,
      "org_coherence": 3,
      "org_quantity": 1
    },
    "essay_type": "주장",
    "content_weight": {
      "con_clearance": 3,
      "con_novelty": 3,
      "con": 4,
      "con_prompt": 1,
      "con_description": 3
    },
    "essay_main_subject": "인종차별에 대한 본인의 생각",
    "expression_weight": {
      "exp_style": 4,
      "exp_grammar": 2,
      "exp_vocab": 4,
      "exp": 3
    }
  },
  "correction": [],
  "info": {
    "essay_id": "ESSAY_63660",
    "essay_prompt": " 최근 중국발 코로나바이러스로 인해 동양인에 대한 혐오감을 나타내는 서양인들이 늘어나고 있습니다. 그로 인해, 매스컴이나 SNS에서 인종차별을 받아 힘들어하는 동양인들을 자주 목격할 수 있습니다.\n\n 하지만, 최근에만 인종차별이 존재했을까요? 아닙니다. 아주 오래전부터 다른 인종에 대한 차별은 있었습니다.\n\n 우리나라에서는 인종차별을 안 하고 있을까요? 아닙니다. 우리나라에서도 알게 모르게 많은 부분에서 다른 국가의 사람들에 대해 인종차별을 하고 있으며 누군가에게 상처를 주고 있습니다.\n\n 즉, 인종차별은 누군가의 문제가 아니라 우리 모두의 문제입니다.\n\n 여러분들은 인종차별을 당해보신 적 있나요? 인종차별을 하는 사람들에 대해 어떻게 생각하시나요? 왜 생겨났다고 생각하나요? 인종차별을 근절하기 위해서는 어떻게 해야 할까요? 인종차별을 하는 사람들에 대해 전 세계적으로 처벌의 강도를 높여야 할까요?\n\n 인종차별을 하는 사람들에 대한 본인의 생각을 작성하고 인종차별은 해결할 수 있는 문제일지 아니면 해결하지 어려운 문제일지 작성해주세요. 또한, 그렇게 생각한 이유와 본인이 생각한 해결방법 혹은 해결할 수 없다면 왜 해결할 수 없다고 생각하는지 작성해주세요.",
    "essay_type": "주장",
    "essay_level": "1",
    "essay_len": 865,
    "essay_main_subject": "인종차별에 대한 본인의 생각"
  }
}