{
  "paragraph": [
    {
      "paragraph_txt": "저는 제약회사에게 코로나 바이러스 백신의 특허권을 주면 안된다고 생각합니다.#@문장구분# 특허권이 인정된다면 백신을 만드는 연구 과정과 그 연구 결과를 비밀로 할 수 있습니다.#@문장구분# 그렇기 때문에 백신을 만드는 과정에서 있었던 문제나 백신 자체의 부작용에 대해서도 쉽게 알아내지 못할 가능성이 큽니다.#@문장구분# 하루가 멀다하고 백신 접종 뒤 의문사한 사망자들의 사레가 뉴스에 보도되는 지금 대부분의 정보가 비밀이라면 백신의 효능 자체에 의문을 제기하는 사람들이 생길 것이고 혹여 그들이 백신을 거부하기라도 한다면 팬데믹 현상을 하루빨리 끝내는 데에도 문제가 될 엇입니다.#@문장구분# 또한 백신 제조 기술을 한 회사가 독점하기 때문에 백신 수급이 시급한 지금 발빠르게 백신을 내놓기 어려워질 것입니다.#@문장구분# 제약 선진국들의 경우 많은 국민들이 백신을 맞고도 백신이 남아돌지만 백신 제조 기술을 보유하지 못한 국가들은 수입한 백신만으로 국민들을 접종시켜야 합니다.#@문장구분# 백신 제조 기술이 공유된다면 개발도상국들도 스스로 백신을 만들어 내 국민들의 건강을 보장할 수 있게 되고 결과적으로 팬데믹을 종결시킬 수 있게 될 것입니다.#@문장구분# 백신 기술이 개발될 수 있었던 이유는 국제기구와 각국 정부의 자금지원, 임상실험에 참여한 개발도상국 주민, 혈장을 기증한 감염병 환자 등 각 분야에서 힘쓴 다양한 계층의 사람들이 있었기에 가능했던 것입니다.#@문장구분# 이 결과로 얻게 될 이득을 제약회사가 홀로 모조리 챙겨가는 것은 매우 이기적이라는 것을 부정할 수 없습니다.#@문장구분# 백신의 제조 목적은 사람을 살리고 팬데믹을 종식시키는 것이어야 합니다.#@문장구분# 이윤 추구라는 목적은 제약회사의 유지와 품질 좋은 약의 개발을 위해 가져야 할 목적이지만 순전히 이윤만을 추구하는 회사가 되어서는 안 된다고 생각합니다.#@문장구분# 그래서 저는 특허권을 부여하는 데 반대합니다.",
      "paragraph_len": 1094,
      "paragraph_id": "001"
    }
  ],
  "score": {
    "paragraph_score": [
      {
        "paragraph_scoreT": [
          3,
          3,
          3
        ],
        "paragraph_scoreT_detail": {
          "paragraph_scoreT_exp": [
            [
              3,
              3,
              3
            ],
            [
              3,
              3,
              3
            ],
            [
              3,
              3,
              3
            ]
          ]
        },
        "paragraph_scoreT_avg": 3,
        "paragraph_id": "001"
      }
    ],
    "essay_scoreT": [
      30,
      28.4,
      28.8
    ],
    "essay_scoreT_avg": 29.066666,
    "essay_scoreT_detail": {
      "essay_scoreT_org": [
        [
          3,
          3,
          3,
          3
        ],
        [
          3,
          3,
          3,
          3
        ],
        [
          3,
          3,
          3,
          3
        ]
      ],
      "essay_scoreT_cont": [
        [
          3,
          3,
          3,
          3
        ],
        [
          3,
          2,
          2,
          3
        ],
        [
          3,
          2,
          3,
          3
        ]
      ],
      "essay_scoreT_exp": [
        [
          3,
          3,
          3
        ],
        [
          3,
          3,
          3
        ],
        [
          3,
          3,
          3
        ]
      ]
    }
  },
  "student": {
    "date": "2021.12.15",
    "student_educated": true,
    "student_grade": "고등_2학년",
    "location": "063",
    "student_grade_group": "고등",
    "student_reading": 2
  },
  "rubric": {
    "essay_grade": "고등_2학년",
    "organization_weight": {
      "org_paragraph": 3,
      "org": 3,
      "org_essay": 3,
      "org_coherence": 3,
      "org_quantity": 1
    },
    "essay_type": "주장",
    "content_weight": {
      "con_clearance": 3,
      "con_novelty": 3,
      "con": 4,
      "con_prompt": 1,
      "con_description": 3
    },
    "essay_main_subject": "지적 재산권에 대한 본인의 생각 작성",
    "expression_weight": {
      "exp_style": 4,
      "exp_grammar": 2,
      "exp_vocab": 4,
      "exp": 3
    }
  },
  "correction": [],
  "info": {
    "essay_id": "ESSAY_64462",
    "essay_prompt": " 지적재산권이란 특허권, 실용신안권, 상표권, 디자인권을 총칭하는 개념으로 지적재산권법은 정보생산자에게 일정기간 동안 시장에서의 배타적 지위를 부여하고 있습니다.\n\n 즉, 지적 재산권은 특정 사람이 생각/창작해낸 것을 다른사람들의 무분별한 이용으로 부터 지켜주는 것입니다. 이러한 지적재산권은 개인 혹은 회사 더 나아가 나라에 귀속될 수 있습니다.\n\n 다만, 코로나 시대인 요즘 전 세계적인 재앙인 코로나를 물리칠 수 있는 백신에 대한 지적재산권을 자유롭게 풀어야한다는 의견이 계속해서 나오고 있습니다. \n\n 지적 재산권이 있는 제약회사가 있는 나라의 경우 백신이 충분하며 백신을 맞는 것이 선택의 문제인 반면, 그렇지 못한 나라는 백신을 맞고 싶어도 맞지 못하는 사람들이 많고 항체가 없어 사망하는 경우도 비교적 많이 때문입니다.\n\n 전 세계의 문제를 해결하기 위해 수 많은 돈을 들여 개발한 백신의 지적재산권을 공유하는 것이 의무화 되어야 할까요? 아니면 회사의 선택에 맡겨야할까요? 보상은 어떻게 해야할까요? \n\n 전 세계에 무상으로 공개 해야 한다는 의견이 있을 수도 있고 무상으로 공개한 회사의 경우 팬더믹 상황이 종결 된 후 따로 보상을 해주어야 한다는 의견도 있을 겁니다. 지적재산권의 변하지 않는 신뢰를 위해서라도 무상 공개는 절대 있어서는 안된다는 의견도 있을 것입니다.\n\n 지금까지도 펜더믹 상황에서 코로나19 백신에 대한 특허권을 보장해야 하느냐 풀어야 하느냐 의견이 분분합니다. 이에 대한 자신의 주장을 작성해주세요. 또한, 그렇게 생각한 이유도 설명해주세요.",
    "essay_type": "주장",
    "essay_level": "1",
    "essay_len": 874,
    "essay_main_subject": "지적 재산권에 대한 본인의 생각 작성"
  }
}