{
  "paragraph": [
    {
      "paragraph_txt": "2019년 11월 코로나 발생 이후 2021년12월 현재 약25개월간 전세계는 코로나로 인해 심각한 경제 손실, 빈부격차의 확대 등 많은 문제를 격고 있습니다.#@문장구분#우리나라 국민들을 비롯하여 많은 사람들이 코로나 이전의 생활로 되올아 가고 싶어 하지만 마땅한 해결책이 없었기에 상황이 지속되었습니다.#@문장구분#그러던 도중 등장한 것이 바로 백신입니다.#@문장구분# 백신 접종으로 코로나 바이러스에 대한 면역이 생겨 감염을 막을수 있습니다.#@문장구분# 한 바이러스에 대하여 백신을 개발하는데는 평균적으로 6-7년 정도가 걸린다고 알려져 있습니다.#@문장구분# 그만큼 백신 개발이 힘들다는 얘기입니다.#@문장구분# 백신 개발에 성공한 기술자들은 이를 성공시키기 위해 많은 자본과 노력이 있었을 것입니다.#@문장구분# 그런데 그에 대한 특허권을 보장 해주지 않는다면 그들은 손해를 봅니다.#@문장구분#제약회사에게 경제적 손해를 주면서 까지 그들은 특허권을 포기할 의무가 없기 때문이고, 공익을 위해 희생할 의무가 없다.#@문장구분# 물론 이익만을 추구한다는 이유로 특허권을 풀어야 한다는 입장을 가진 사람들은 혹은 반대의 생각을 가진 사람도 이를 비판할 수 있다.#@문장구분# 하지만 비판은 비판일뿐 그들의 자유를 직접적으로 침해할 수 있는 권리는 그 누구에게도 없다.#@문장구분# 그렇기 때문에 이것이 특허권을 보장해야하는 첫 번재 근거입니다.#@문장구분# 두 번째는 백신 수급에 원활성을 위해서입니다#@문장구분# 백신을 개발한 기술자들은 자신이 개발한 백신에 대해 특거권을 보장해주지 않으면 백신을 팔지 않을 수도 있습니다.#@문장구분# 그렇게 된다면 집단 면역이 형성되지 않아 지금과 같은 상황이 더욱 오랫동안 지속될 것입니다.#@문장구분# 그렇기 때문에 이것이 특허권을 보장해야 하는 두 번째 근거입니다.#@문장구분# 자유주의 국가에서 함부로 이들의 자유를 침해하는 것은 심각한 자유주의의 훼손이다.#@문장구분# 다만 여론의 따가운 시선과 질책은 그들의 책임이다.#@문장구분# 백신을 많은 사람들이 접종하여 발생할 문제점들을 보완한 백신이 개발되면 정상적인 생활을 할 수 있을 것입니다.#@문장구분# 따라서 저는 코로나 백신에 대한 특허권을 보장해야 한다고 생각 합니다#@문장구분#  그래야 더욱더 개박에 열중할수있을테니까",
      "paragraph_len": 1399,
      "paragraph_id": "001"
    }
  ],
  "score": {
    "paragraph_score": [
      {
        "paragraph_scoreT": [
          2.2,
          3,
          3
        ],
        "paragraph_scoreT_detail": {
          "paragraph_scoreT_exp": [
            [
              3,
              2,
              2
            ],
            [
              3,
              3,
              3
            ],
            [
              3,
              3,
              3
            ]
          ]
        },
        "paragraph_scoreT_avg": 2.7333333,
        "paragraph_id": "001"
      }
    ],
    "essay_scoreT": [
      26.400002,
      28.4,
      27.5
    ],
    "essay_scoreT_avg": 27.433334,
    "essay_scoreT_detail": {
      "essay_scoreT_org": [
        [
          3,
          3,
          3,
          3
        ],
        [
          3,
          3,
          3,
          3
        ],
        [
          2,
          3,
          3,
          3
        ]
      ],
      "essay_scoreT_cont": [
        [
          3,
          2,
          3,
          3
        ],
        [
          3,
          2,
          2,
          3
        ],
        [
          3,
          2,
          2,
          3
        ]
      ],
      "essay_scoreT_exp": [
        [
          3,
          2,
          2
        ],
        [
          3,
          3,
          3
        ],
        [
          3,
          3,
          3
        ]
      ]
    }
  },
  "student": {
    "date": "2021.12.15",
    "student_educated": true,
    "student_grade": "고등_2학년",
    "location": "063",
    "student_grade_group": "고등",
    "student_reading": 1
  },
  "rubric": {
    "essay_grade": "고등_2학년",
    "organization_weight": {
      "org_paragraph": 3,
      "org": 3,
      "org_essay": 3,
      "org_coherence": 3,
      "org_quantity": 1
    },
    "essay_type": "주장",
    "content_weight": {
      "con_clearance": 3,
      "con_novelty": 3,
      "con": 4,
      "con_prompt": 1,
      "con_description": 3
    },
    "essay_main_subject": "지적 재산권에 대한 본인의 생각 작성",
    "expression_weight": {
      "exp_style": 4,
      "exp_grammar": 2,
      "exp_vocab": 4,
      "exp": 3
    }
  },
  "correction": [],
  "info": {
    "essay_id": "ESSAY_64459",
    "essay_prompt": " 지적재산권이란 특허권, 실용신안권, 상표권, 디자인권을 총칭하는 개념으로 지적재산권법은 정보생산자에게 일정기간 동안 시장에서의 배타적 지위를 부여하고 있습니다.\n\n 즉, 지적 재산권은 특정 사람이 생각/창작해낸 것을 다른사람들의 무분별한 이용으로 부터 지켜주는 것입니다. 이러한 지적재산권은 개인 혹은 회사 더 나아가 나라에 귀속될 수 있습니다.\n\n 다만, 코로나 시대인 요즘 전 세계적인 재앙인 코로나를 물리칠 수 있는 백신에 대한 지적재산권을 자유롭게 풀어야한다는 의견이 계속해서 나오고 있습니다. \n\n 지적 재산권이 있는 제약회사가 있는 나라의 경우 백신이 충분하며 백신을 맞는 것이 선택의 문제인 반면, 그렇지 못한 나라는 백신을 맞고 싶어도 맞지 못하는 사람들이 많고 항체가 없어 사망하는 경우도 비교적 많이 때문입니다.\n\n 전 세계의 문제를 해결하기 위해 수 많은 돈을 들여 개발한 백신의 지적재산권을 공유하는 것이 의무화 되어야 할까요? 아니면 회사의 선택에 맡겨야할까요? 보상은 어떻게 해야할까요? \n\n 전 세계에 무상으로 공개 해야 한다는 의견이 있을 수도 있고 무상으로 공개한 회사의 경우 팬더믹 상황이 종결 된 후 따로 보상을 해주어야 한다는 의견도 있을 겁니다. 지적재산권의 변하지 않는 신뢰를 위해서라도 무상 공개는 절대 있어서는 안된다는 의견도 있을 것입니다.\n\n 지금까지도 펜더믹 상황에서 코로나19 백신에 대한 특허권을 보장해야 하느냐 풀어야 하느냐 의견이 분분합니다. 이에 대한 자신의 주장을 작성해주세요. 또한, 그렇게 생각한 이유도 설명해주세요.",
    "essay_type": "주장",
    "essay_level": "1",
    "essay_len": 999,
    "essay_main_subject": "지적 재산권에 대한 본인의 생각 작성"
  }
}