{
  "paragraph": [
    {
      "paragraph_txt": "흑인과 백인은 인종 차별을 받았었다.#@문장구분#  흑인은 단지 피부가 검다는 이유만으로 짐승처럼 여기어져 왔고 백인은 단지 피부가 희다는 이유로 흑인과는 달리 귀족처럼 살아갔다.#@문장구분# 지금은 인종차별이 많이 없어졌지만 옛날에는 인종차별이 심했다.#@문장구분# 예를 들면 흑인들 같은 경우에는 식당이나 무도회장에도 출입할 수 없었다고 한다.#@문장구분#  사람에게 중요한 것은 피부색깔이 아닌 것 같다.#@문장구분#  피부가 흰 백인이라고 해서 우월한 것이 아니고, 피부가 검다고 해서 열등하다는 것은 아니다.#@문장구분#  모두가 한 지구촌에서 살아간다는 것이 중요한 것 같다.#@문장구분#  미국인들은 흑인 노예들을 목화밭에서 가혹하게 일을 시켰다고 한다.#@문장구분#  하지만 현재에도 그런 흑인에 대한 백인들의 감정이 조금은 남아지만 예전과는 달라졌다고 한다.#@문장구분#  최근에 흑인들은 운동 분야에서 두각을 나타내고 있다.#@문장구분#  달리기와 같이 빠르고 유연한 종목에서는 대부분 흑인들이 우승하고 있다.#@문장구분#  그렇기 때문에 백인이라고 모든 것을 잘하고, 흑인이라고 해서 모든 것을 못하다는 편견을 벌어야한다.#@문장구분#  이제는 인종의 차별이 없어져야할 시대인 것 같다.#@문장구분#  각각의 인종에 대한 문화를 서로 존중하면서 같이 함께 앞으로 나아갈 친구들이라고 생각해야 된다.#@문장구분#  세상은 모두가 공평하다고 생각한다.#@문장구분#나와 조금 다르다고 해서 내 생각과 차이가 있다고 해서 그것을 차별로 받아들이고 배척해서는 안될 것이다.#@문장구분#  더욱 다양화되어 가는 사회 속에서 고정관념이 만들어놓은 이것은 이래야 한다 는 생각에 대하여 다시 한번 생각해 봐야 할 이야기가 아닌가 싶다.#@문장구분# 인종차별의 역사는 깊다. 초등교육을 통해 인종차별은 없어져야 될 것 이라고 교육이 이루어져야 되며 교육이 이미 된 성인들도 인식을 차츰 바꾸어야한다#@문장구분# 인종차별이 깊이 이루어진만큼 다시 정상화 되는데도 오래 걸린다.#@문장구분#  그런만큼 멀리 내다보고 인종차별을 없애는데 노력해야 한다고 생각한다.#@문장구분#",
      "paragraph_len": 1309,
      "paragraph_id": "001"
    }
  ],
  "score": {
    "paragraph_score": [
      {
        "paragraph_scoreT": [
          2,
          2.6,
          3
        ],
        "paragraph_scoreT_detail": {
          "paragraph_scoreT_exp": [
            [
              2,
              2,
              2
            ],
            [
              3,
              3,
              2
            ],
            [
              3,
              3,
              3
            ]
          ]
        },
        "paragraph_scoreT_avg": 2.5333333,
        "paragraph_id": "001"
      }
    ],
    "essay_scoreT": [
      21.2,
      25.5,
      27.900002
    ],
    "essay_scoreT_avg": 24.866669,
    "essay_scoreT_detail": {
      "essay_scoreT_org": [
        [
          2,
          2,
          3,
          3
        ],
        [
          3,
          2,
          3,
          3
        ],
        [
          3,
          3,
          2,
          3
        ]
      ],
      "essay_scoreT_cont": [
        [
          2,
          2,
          2,
          2
        ],
        [
          3,
          2,
          3,
          2
        ],
        [
          3,
          2,
          3,
          3
        ]
      ],
      "essay_scoreT_exp": [
        [
          2,
          2,
          2
        ],
        [
          3,
          3,
          2
        ],
        [
          3,
          3,
          3
        ]
      ]
    }
  },
  "student": {
    "date": "2021.12.18",
    "student_educated": true,
    "student_grade": "고등_2학년",
    "location": "063",
    "student_grade_group": "고등",
    "student_reading": 2
  },
  "rubric": {
    "essay_grade": "고등_2학년",
    "organization_weight": {
      "org_paragraph": 3,
      "org": 3,
      "org_essay": 3,
      "org_coherence": 3,
      "org_quantity": 1
    },
    "essay_type": "주장",
    "content_weight": {
      "con_clearance": 3,
      "con_novelty": 3,
      "con": 4,
      "con_prompt": 1,
      "con_description": 3
    },
    "essay_main_subject": "인종차별에 대한 본인의 생각",
    "expression_weight": {
      "exp_style": 4,
      "exp_grammar": 2,
      "exp_vocab": 4,
      "exp": 3
    }
  },
  "correction": [],
  "info": {
    "essay_id": "ESSAY_70006",
    "essay_prompt": " 최근 중국발 코로나바이러스로 인해 동양인에 대한 혐오감을 나타내는 서양인들이 늘어나고 있습니다. 그로 인해, 매스컴이나 SNS에서 인종차별을 받아 힘들어하는 동양인들을 자주 목격할 수 있습니다.\n\n 하지만, 최근에만 인종차별이 존재했을까요? 아닙니다. 아주 오래전부터 다른 인종에 대한 차별은 있었습니다.\n\n 우리나라에서는 인종차별을 안 하고 있을까요? 아닙니다. 우리나라에서도 알게 모르게 많은 부분에서 다른 국가의 사람들에 대해 인종차별을 하고 있으며 누군가에게 상처를 주고 있습니다.\n\n 즉, 인종차별은 누군가의 문제가 아니라 우리 모두의 문제입니다.\n\n 여러분들은 인종차별을 당해보신 적 있나요? 인종차별을 하는 사람들에 대해 어떻게 생각하시나요? 왜 생겨났다고 생각하나요? 인종차별을 근절하기 위해서는 어떻게 해야 할까요? 인종차별을 하는 사람들에 대해 전 세계적으로 처벌의 강도를 높여야 할까요?\n\n 인종차별을 하는 사람들에 대한 본인의 생각을 작성하고 인종차별은 해결할 수 있는 문제일지 아니면 해결하지 어려운 문제일지 작성해주세요. 또한, 그렇게 생각한 이유와 본인이 생각한 해결방법 혹은 해결할 수 없다면 왜 해결할 수 없다고 생각하는지 작성해주세요.",
    "essay_type": "주장",
    "essay_level": "1",
    "essay_len": 910,
    "essay_main_subject": "인종차별에 대한 본인의 생각"
  }
}