{
  "paragraph": [
    {
      "paragraph_txt": "코로나 사태 이후 중국인 혐오가매우 늘어났으며 아시아인이 아닌 다른 사람들이보면 중국.일본 한국 다 같은 피부색으로 구별이 힘들다.#@문장구분#  동양인에 대한 증오범죄가 매일 나오고 있을정도로 심해졌다.#@문장구분#  이런 뉴스들을 잘 봐보면 막상 흑인들이 동양인에게 증오 범죄를 하는 모습을 거의 대부분으로 볼 수 있다.#@문장구분#  현지 네티즌들의 반응을 보자면 흑인들은 본인들이 차별받은건 생각하지않고 동양인들을 차별한다는 반응이 대다수로 안좋은 반응이다.#@문장구분#  또한 이런 분위기가 형성되다보니 흑인 운동선수들이 동양인을 차별하는 모습이 나오는 영상이나 기사들이 재 발굴되어 다시금 화제가 되고 있다.#@문장구분#  이 블랙 리브스 매터 운동은 축구리그중 가장 큰 리그인 프리미어리그에서도 사용중이고 세계적으로도 유명한데 프리미어리그에서 활동중인 델리 알 리가 인종차별하는 글을 올려 화제가 되기도 했다#@문장구분#  델리알리는 같은 팀원에 동양인인 손흥민도 동료로 두고있는데도 말이다.#@문장구분#  블랙 리브스 매터운동은 서양인들 사이에서는 흑인을 차별하지 말자라는 운동으로 인식되고 있는 경향이 크다.#@문장구분#  우리는 세계화 시대에서 흑인을 차별하지 말자 보단 인종차별을 하지 말자라는 마음가짐으로 살아가야 된다고 생각한다.#@문장구분# 동양인을 배제하는 그런 모습니다#@문장구분# 인종차별은 어제 오늘 일어난 일들이 아니다.#@문장구분#  동양인의 입장에서 미국의 인종차별을 바라본다면 이것은 개개인의 차이가 있겠지만 나의 생각은 서로 태어난 국적이 다르고 문화가 다르긴 하지만 우리는 공통점을 가지고 있다#@문장구분#  모두 사람이라는 점이다#@문장구분#  그저 생김새가 다르고 태어난곳이 다르다고 해서 혐오를 하거나 부당한 차별을 하는 것은 올바르지 못하다 #@문장구분# 또한 인종차별 문제로 이슈가 커지고 있는데 특별히 미국은 더욱 심한 것 같다#@문장구분#  미국은 미국 안에서도 흑인과 백인들 사이에도 피부색으로 인한 부당한 대우를 받는 사람들이 있는데 도무지 이해가 가질 않는다#@문장구분#  똑같은 사람인데 혐오하고 차별하고 이게 맞는 행동인지 의문이 든다#@문장구분#  하지만 특별한 이유가 있는 사례라면 무조건 잘못된 생각이라고 생각 할 수는 없다#@문장구분#",
      "paragraph_len": 1357,
      "paragraph_id": "001"
    }
  ],
  "score": {
    "paragraph_score": [
      {
        "paragraph_scoreT": [
          2,
          3,
          2.8
        ],
        "paragraph_scoreT_detail": {
          "paragraph_scoreT_exp": [
            [
              2,
              2,
              2
            ],
            [
              3,
              3,
              3
            ],
            [
              2,
              3,
              3
            ]
          ]
        },
        "paragraph_scoreT_avg": 2.6000001,
        "paragraph_id": "001"
      }
    ],
    "essay_scoreT": [
      19.099998,
      25.800001,
      28.5
    ],
    "essay_scoreT_avg": 24.466667,
    "essay_scoreT_detail": {
      "essay_scoreT_org": [
        [
          2,
          2,
          2,
          3
        ],
        [
          2,
          3,
          2,
          3
        ],
        [
          3,
          3,
          2,
          3
        ]
      ],
      "essay_scoreT_cont": [
        [
          2,
          1,
          2,
          2
        ],
        [
          3,
          2,
          3,
          2
        ],
        [
          3,
          3,
          3,
          3
        ]
      ],
      "essay_scoreT_exp": [
        [
          2,
          2,
          2
        ],
        [
          3,
          3,
          3
        ],
        [
          2,
          3,
          3
        ]
      ]
    }
  },
  "student": {
    "date": "2021.12.18",
    "student_educated": true,
    "student_grade": "고등_2학년",
    "location": "063",
    "student_grade_group": "고등",
    "student_reading": 2
  },
  "rubric": {
    "essay_grade": "고등_2학년",
    "organization_weight": {
      "org_paragraph": 3,
      "org": 3,
      "org_essay": 3,
      "org_coherence": 3,
      "org_quantity": 1
    },
    "essay_type": "주장",
    "content_weight": {
      "con_clearance": 3,
      "con_novelty": 3,
      "con": 4,
      "con_prompt": 1,
      "con_description": 3
    },
    "essay_main_subject": "인종차별에 대한 본인의 생각",
    "expression_weight": {
      "exp_style": 4,
      "exp_grammar": 2,
      "exp_vocab": 4,
      "exp": 3
    }
  },
  "correction": [],
  "info": {
    "essay_id": "ESSAY_70032",
    "essay_prompt": " 최근 중국발 코로나바이러스로 인해 동양인에 대한 혐오감을 나타내는 서양인들이 늘어나고 있습니다. 그로 인해, 매스컴이나 SNS에서 인종차별을 받아 힘들어하는 동양인들을 자주 목격할 수 있습니다.\n\n 하지만, 최근에만 인종차별이 존재했을까요? 아닙니다. 아주 오래전부터 다른 인종에 대한 차별은 있었습니다.\n\n 우리나라에서는 인종차별을 안 하고 있을까요? 아닙니다. 우리나라에서도 알게 모르게 많은 부분에서 다른 국가의 사람들에 대해 인종차별을 하고 있으며 누군가에게 상처를 주고 있습니다.\n\n 즉, 인종차별은 누군가의 문제가 아니라 우리 모두의 문제입니다.\n\n 여러분들은 인종차별을 당해보신 적 있나요? 인종차별을 하는 사람들에 대해 어떻게 생각하시나요? 왜 생겨났다고 생각하나요? 인종차별을 근절하기 위해서는 어떻게 해야 할까요? 인종차별을 하는 사람들에 대해 전 세계적으로 처벌의 강도를 높여야 할까요?\n\n 인종차별을 하는 사람들에 대한 본인의 생각을 작성하고 인종차별은 해결할 수 있는 문제일지 아니면 해결하지 어려운 문제일지 작성해주세요. 또한, 그렇게 생각한 이유와 본인이 생각한 해결방법 혹은 해결할 수 없다면 왜 해결할 수 없다고 생각하는지 작성해주세요.",
    "essay_type": "주장",
    "essay_level": "1",
    "essay_len": 997,
    "essay_main_subject": "인종차별에 대한 본인의 생각"
  }
}