{
  "paragraph": [
    {
      "paragraph_txt": "제1차 세계 대전 후에 큰 경제적 혼란 속에 빠져있는 독일을 위해 나선 것이 히틀러였다.#@문장구분#  히틀러는 일단 독일 국민들의 부활과 단합을 위하여 '독일 민족이 세계에서 최고'라는 정신을 심어줄 필요가 있다고 느꼈다.#@문장구분#  그래서 그는 황,흑인종들과 집시, 그리고 유대인들을 탄압함으로써 독일 민족들에게 자부심을 심어주었다.#@문장구분#  독일 민족을 탓할 수는 없다.#@문장구분#  만약 독일 민족이 그렇게 큰 경제적 공황 속에 빠져 있지 않았다면 그들은 히틀러를 따르지 않았을 것이다.#@문장구분#  요즘에는 누구나 히틀러가 나쁜 사람이었다는 것을 인정하지만, 그러나 아직도 나치를 옹호하며 다른 인종들을 깔보는 독일인들이 있다는 것이 문제이다.#@문장구분#  그들은 현대판 나치를 재구성 하여 활동 하고 있다고 한다.#@문장구분#  인종 차별의 이러한 여러 가지 시발점은 아주 오래 전에 일어난 것인데도 인종 차별주의는 지금까지 사람들에서 다른 사람들로 보이지 않는 암세포처럼 뻗어 가고 있다.#@문장구분#  특히 인종 차별주의에 의하여 일어나는 옛날의 범죄들은 가해자와 피해자가 확실히 보였지만, 지금은 누구든 그것이 나쁜 것이라는 것을 알기에 몰래 이루어 진다.#@문장구분#  그래서 더 관리하기가 힘들기 때문에 범죄가 일어난 뒤 그 범죄자를 잡기보다는 근본적으로 그러한 사상을 고취하는 것이 더 급선무일 것이다.#@문장구분#우리가 먼저 마음을 열면 자연히 인종 차별은 극복될 것이다.#@문장구분#  KKK, 백인 우월 집단도 결국은 백인이 우월하다는 오랜 고정관념 속에서 허우적거리고 있는 것이다. #@문장구분# 인종 차별 주의는 어제 아침의 짧은 시간에 일어난 일이 아니다.#@문장구분#  그것은 오랫동안 역사 속에서 뿌리를 내리며 사람들의 무의식 속에 녹아 들었다.#@문장구분#  그러나 그것을 타파하느냐, 아니면 우리도 같이 녹아 드느냐는 순전히 우리들의 마음가짐에 달렸다.#@문장구분#  우리는 인종 차별에 대하여 파악하고 현실적으로 대처하여 나가야 할 것이다.#@문장구분#",
      "paragraph_len": 1220,
      "paragraph_id": "001"
    }
  ],
  "score": {
    "paragraph_score": [
      {
        "paragraph_scoreT": [
          2.8,
          2.6,
          2.6
        ],
        "paragraph_scoreT_detail": {
          "paragraph_scoreT_exp": [
            [
              2,
              3,
              3
            ],
            [
              3,
              3,
              2
            ],
            [
              3,
              2,
              3
            ]
          ]
        },
        "paragraph_scoreT_avg": 2.6666665,
        "paragraph_id": "001"
      }
    ],
    "essay_scoreT": [
      23.599998,
      24.6,
      27.9
    ],
    "essay_scoreT_avg": 25.366667,
    "essay_scoreT_detail": {
      "essay_scoreT_org": [
        [
          2,
          2,
          2,
          2
        ],
        [
          2,
          2,
          3,
          3
        ],
        [
          2,
          3,
          3,
          3
        ]
      ],
      "essay_scoreT_cont": [
        [
          2,
          2,
          2,
          3
        ],
        [
          3,
          2,
          3,
          2
        ],
        [
          3,
          3,
          3,
          3
        ]
      ],
      "essay_scoreT_exp": [
        [
          2,
          3,
          3
        ],
        [
          3,
          3,
          2
        ],
        [
          3,
          2,
          3
        ]
      ]
    }
  },
  "student": {
    "date": "2021.12.18",
    "student_educated": true,
    "student_grade": "고등_2학년",
    "location": "063",
    "student_grade_group": "고등",
    "student_reading": 2
  },
  "rubric": {
    "essay_grade": "고등_2학년",
    "organization_weight": {
      "org_paragraph": 3,
      "org": 3,
      "org_essay": 3,
      "org_coherence": 3,
      "org_quantity": 1
    },
    "essay_type": "주장",
    "content_weight": {
      "con_clearance": 3,
      "con_novelty": 3,
      "con": 4,
      "con_prompt": 1,
      "con_description": 3
    },
    "essay_main_subject": "인종차별에 대한 본인의 생각",
    "expression_weight": {
      "exp_style": 4,
      "exp_grammar": 2,
      "exp_vocab": 4,
      "exp": 3
    }
  },
  "correction": [],
  "info": {
    "essay_id": "ESSAY_70015",
    "essay_prompt": " 최근 중국발 코로나바이러스로 인해 동양인에 대한 혐오감을 나타내는 서양인들이 늘어나고 있습니다. 그로 인해, 매스컴이나 SNS에서 인종차별을 받아 힘들어하는 동양인들을 자주 목격할 수 있습니다.\n\n 하지만, 최근에만 인종차별이 존재했을까요? 아닙니다. 아주 오래전부터 다른 인종에 대한 차별은 있었습니다.\n\n 우리나라에서는 인종차별을 안 하고 있을까요? 아닙니다. 우리나라에서도 알게 모르게 많은 부분에서 다른 국가의 사람들에 대해 인종차별을 하고 있으며 누군가에게 상처를 주고 있습니다.\n\n 즉, 인종차별은 누군가의 문제가 아니라 우리 모두의 문제입니다.\n\n 여러분들은 인종차별을 당해보신 적 있나요? 인종차별을 하는 사람들에 대해 어떻게 생각하시나요? 왜 생겨났다고 생각하나요? 인종차별을 근절하기 위해서는 어떻게 해야 할까요? 인종차별을 하는 사람들에 대해 전 세계적으로 처벌의 강도를 높여야 할까요?\n\n 인종차별을 하는 사람들에 대한 본인의 생각을 작성하고 인종차별은 해결할 수 있는 문제일지 아니면 해결하지 어려운 문제일지 작성해주세요. 또한, 그렇게 생각한 이유와 본인이 생각한 해결방법 혹은 해결할 수 없다면 왜 해결할 수 없다고 생각하는지 작성해주세요.",
    "essay_type": "주장",
    "essay_level": "1",
    "essay_len": 900,
    "essay_main_subject": "인종차별에 대한 본인의 생각"
  }
}