{
  "paragraph": [
    {
      "paragraph_txt": "지적재산권이란 특허권, 실용신안권, 상표권, 디자인권을 총칭하는 개념이다.#@문장구분# 하지만 요즘엔 코로나 19가 판을 치고 있다. #@문장구분#그렇기에 걸리지 않게끔 백신에 필요한데 이 백신에 대한 특허권을 보장을 해주어야 한다. #@문장구분#그 이유는 백신은 사람들에게 꼭 필요하고 많은 수량이 필요하다. #@문장구분#그렇지만 그렇다고 백신에 대한 특허권을 빼앗는다고 하면 그 백신을 만들기 위한 연구시간 노력들이 다 물거품이 되는것이기 때문이다. #@문장구분#치료제를 만들어서 사람들에게 안정적인 삶을 살게 해주기 위한 사명감도 있겠지만 백신을 죽어라 만든 근본적인 이유는 아마 돈일 것이다#@문장구분# 그리고 그 노력의 보상을 그나마 이렇게라도 치러야 될 것이고 이 보상이 없다면 백신도 만들려는 노력조차 안할 것이다#@문장구분# 그렇기 때문에 노력을 인정 해주고 보상을 주기 위해서라면 특허권이나 지적 재산권을 인정해 주어야 될 것이다.#@문장구분# 만약 그 회사가 백신을 개발 했음에도 불고하고 백신을 안 만들어 백신 유포 등을 안한다면 그 특허를 취소해 다른 회사에서라도 만들어 쓸수 있게끔 하면 될 것이다.#@문장구분# 하지만 지금 현 시점에서는 백신의 제조법을 안 알려주거나 백신이 없는 상황이 아니기 때문에 지적 재산권등을 인정해 주어야 한다고 생각한다. #@문장구분#하지만 그에 대한 문제도 따를거긴 할 것이다.#@문장구분# 더 많은 회사가 만들면 백신을 많은 사람들이 빨리 맞을수 있었겠지만 그럼에도 지적 재산권은 요즘같이 아이디어가 중요시 되는 세상에선 꼭 필요한 법이라고 생각한다. #@문장구분#백신의 지적 재산권은 인정해주어야 마땅하다.#@문장구분# 왜냐하면 지금이 바로 인생에 몇 안되는 일확천금을 벌 수 있는 그런 기회이기 때문이다.#@문장구분# 나라도 그 기회가 온다면 꽉잡고 안 놓을 것같다.#@문장구분# 그래서 백신에 대한 지적 재산권을 주장하는 사람들을 비난하기에는 너무 가혹하다고 생각한다. #@문장구분#그 사람에게 10원 한푼 주지 않고 비난만 한다면 정말 내로남불의 끝판왕이라고 생각한다.",
      "paragraph_len": 1234,
      "paragraph_id": "001"
    }
  ],
  "score": {
    "paragraph_score": [
      {
        "paragraph_scoreT": [
          3,
          2.8,
          2.8
        ],
        "paragraph_scoreT_detail": {
          "paragraph_scoreT_exp": [
            [
              3,
              3,
              3
            ],
            [
              2,
              3,
              3
            ],
            [
              2,
              3,
              3
            ]
          ]
        },
        "paragraph_scoreT_avg": 2.8666668,
        "paragraph_id": "001"
      }
    ],
    "essay_scoreT": [
      27.2,
      25.4,
      25.4
    ],
    "essay_scoreT_avg": 26,
    "essay_scoreT_detail": {
      "essay_scoreT_org": [
        [
          3,
          3,
          3,
          3
        ],
        [
          3,
          3,
          3,
          3
        ],
        [
          3,
          3,
          3,
          3
        ]
      ],
      "essay_scoreT_cont": [
        [
          3,
          2,
          2,
          2
        ],
        [
          2,
          2,
          2,
          2
        ],
        [
          2,
          2,
          2,
          2
        ]
      ],
      "essay_scoreT_exp": [
        [
          3,
          3,
          3
        ],
        [
          2,
          3,
          3
        ],
        [
          2,
          3,
          3
        ]
      ]
    }
  },
  "student": {
    "date": "2021.12.16",
    "student_educated": true,
    "student_grade": "고등_2학년",
    "location": "063",
    "student_grade_group": "고등",
    "student_reading": 1
  },
  "rubric": {
    "essay_grade": "고등_2학년",
    "organization_weight": {
      "org_paragraph": 3,
      "org": 3,
      "org_essay": 3,
      "org_coherence": 3,
      "org_quantity": 1
    },
    "essay_type": "주장",
    "content_weight": {
      "con_clearance": 3,
      "con_novelty": 3,
      "con": 4,
      "con_prompt": 1,
      "con_description": 3
    },
    "essay_main_subject": "지적 재산권에 대한 본인의 생각 작성",
    "expression_weight": {
      "exp_style": 4,
      "exp_grammar": 2,
      "exp_vocab": 4,
      "exp": 3
    }
  },
  "correction": [],
  "info": {
    "essay_id": "ESSAY_66905",
    "essay_prompt": " 지적재산권이란 특허권, 실용신안권, 상표권, 디자인권을 총칭하는 개념으로 지적재산권법은 정보생산자에게 일정기간 동안 시장에서의 배타적 지위를 부여하고 있습니다.\n\n 즉, 지적 재산권은 특정 사람이 생각/창작해낸 것을 다른사람들의 무분별한 이용으로 부터 지켜주는 것입니다. 이러한 지적재산권은 개인 혹은 회사 더 나아가 나라에 귀속될 수 있습니다.\n\n 다만, 코로나 시대인 요즘 전 세계적인 재앙인 코로나를 물리칠 수 있는 백신에 대한 지적재산권을 자유롭게 풀어야한다는 의견이 계속해서 나오고 있습니다. \n\n 지적 재산권이 있는 제약회사가 있는 나라의 경우 백신이 충분하며 백신을 맞는 것이 선택의 문제인 반면, 그렇지 못한 나라는 백신을 맞고 싶어도 맞지 못하는 사람들이 많고 항체가 없어 사망하는 경우도 비교적 많이 때문입니다.\n\n 전 세계의 문제를 해결하기 위해 수 많은 돈을 들여 개발한 백신의 지적재산권을 공유하는 것이 의무화 되어야 할까요? 아니면 회사의 선택에 맡겨야할까요? 보상은 어떻게 해야할까요? \n\n 전 세계에 무상으로 공개 해야 한다는 의견이 있을 수도 있고 무상으로 공개한 회사의 경우 팬더믹 상황이 종결 된 후 따로 보상을 해주어야 한다는 의견도 있을 겁니다. 지적재산권의 변하지 않는 신뢰를 위해서라도 무상 공개는 절대 있어서는 안된다는 의견도 있을 것입니다.\n\n 지금까지도 펜더믹 상황에서 코로나19 백신에 대한 특허권을 보장해야 하느냐 풀어야 하느냐 의견이 분분합니다. 이에 대한 자신의 주장을 작성해주세요. 또한, 그렇게 생각한 이유도 설명해주세요.",
    "essay_type": "주장",
    "essay_level": "1",
    "essay_len": 914,
    "essay_main_subject": "지적 재산권에 대한 본인의 생각 작성"
  }
}