{
  "paragraph": [
    {
      "paragraph_txt": "2020년부터 유행했던 코로나19가 아직까지도 유행중이다.#@문장구분# 하지만 올 중반기부터 백신접종이 시작되어 우리나라는 거의 인구의 80%정도가 백신을 맞았는데. 팬더믹 상황에서 코로나 19 백신에 대한 특허권을 보장하느냐 마느냐라는 의견이 분분하다고 한다. #@문장구분#나는 본론부터 말하자면 특허권을 보장해야 한다고 생각한다. #@문장구분#이 특허권에 예외를 둔다면 예외의 범위가 어디까진지 특허권에 미리 명시가 되어야 할텐데 특허권에는 예외가 없다.#@문장구분#아무리 특수한 상황이지만 코로나 19 가 유행한다고 하든 본인이 시간과 노력을 투자해서 개발한 백신인데 그곳에 특허권을 배정해주지 않는다면 그 사람은 본인의 시간과 노력을 배신당하는 느낌일 것이다.#@문장구분# 물론 개발자가 백신에대한 특허권을 꽉잡고 장사를 한다는 스탠스면 세계적인 비판을 피할순 없을 것이다.#@문장구분# 하지만 현재 백신은 계속 개발이 되고있고 많은 사람들이 백신접종을 했다.#@문장구분# 기업들은 정당하게 특허권을 낸 개발자에게 돈을 지불하고 백신을 개발해야되고 불법적으로 백신을 개발을 해서 팔면 처벌을 받아야 한다. #@문장구분#좋은 취지로 백신을 개발했다고 해도 특허권을 어기면 의적과 다를게 없다. #@문장구분#의적도 도둑은 도둑이다. #@문장구분#남의 노력을 대가없이 뺏으려고 하면 안된다.#@문장구분# 특허권을 풀어야 한다는 말은 물론 전체적으로 보면 좋은 의도일수는 있다 #@문장구분#하지만 나는 기업들이 특허권에대한 비용을 지불하지 않으려고 언론플레이를 하는것처럼 보인다.#@문장구분# 따라서 나는 코로나19 백신에 대한 특허권을 보장해야된다고 생각한다.#@문장구분# 전 세계적 문제인 코로나19를 이겨내기 위해, 백신에 대한 지적 재산권을 공유하는 것은 예외적으로 의무화되어야 한다.#@문장구분# 그래서 어서 빨리 이러한 코로나 시대가 저물고 새로운 시대가 떠올랐으면 좋겠다.",
      "paragraph_len": 1138,
      "paragraph_id": "001"
    }
  ],
  "score": {
    "paragraph_score": [
      {
        "paragraph_scoreT": [
          2,
          2,
          2
        ],
        "paragraph_scoreT_detail": {
          "paragraph_scoreT_exp": [
            [
              2,
              2,
              2
            ],
            [
              2,
              2,
              2
            ],
            [
              2,
              2,
              2
            ]
          ]
        },
        "paragraph_scoreT_avg": 2,
        "paragraph_id": "001"
      }
    ],
    "essay_scoreT": [
      27,
      27,
      25.8
    ],
    "essay_scoreT_avg": 26.6,
    "essay_scoreT_detail": {
      "essay_scoreT_org": [
        [
          3,
          3,
          3,
          3
        ],
        [
          3,
          3,
          3,
          3
        ],
        [
          3,
          3,
          3,
          3
        ]
      ],
      "essay_scoreT_cont": [
        [
          3,
          3,
          3,
          3
        ],
        [
          3,
          3,
          3,
          3
        ],
        [
          3,
          2,
          3,
          3
        ]
      ],
      "essay_scoreT_exp": [
        [
          2,
          2,
          2
        ],
        [
          2,
          2,
          2
        ],
        [
          2,
          2,
          2
        ]
      ]
    }
  },
  "student": {
    "date": "2021.12.20",
    "student_educated": true,
    "student_grade": "고등_2학년",
    "location": "063",
    "student_grade_group": "고등",
    "student_reading": 1
  },
  "rubric": {
    "essay_grade": "고등_2학년",
    "organization_weight": {
      "org_paragraph": 3,
      "org": 3,
      "org_essay": 3,
      "org_coherence": 3,
      "org_quantity": 1
    },
    "essay_type": "주장",
    "content_weight": {
      "con_clearance": 3,
      "con_novelty": 3,
      "con": 4,
      "con_prompt": 1,
      "con_description": 3
    },
    "essay_main_subject": "지적 재산권에 대한 본인의 생각 작성",
    "expression_weight": {
      "exp_style": 4,
      "exp_grammar": 2,
      "exp_vocab": 4,
      "exp": 3
    }
  },
  "correction": [],
  "info": {
    "essay_id": "ESSAY_69799",
    "essay_prompt": " 지적재산권이란 특허권, 실용신안권, 상표권, 디자인권을 총칭하는 개념으로 지적재산권법은 정보생산자에게 일정기간 동안 시장에서의 배타적 지위를 부여하고 있습니다.\n\n 즉, 지적 재산권은 특정 사람이 생각/창작해낸 것을 다른사람들의 무분별한 이용으로 부터 지켜주는 것입니다. 이러한 지적재산권은 개인 혹은 회사 더 나아가 나라에 귀속될 수 있습니다.\n\n 다만, 코로나 시대인 요즘 전 세계적인 재앙인 코로나를 물리칠 수 있는 백신에 대한 지적재산권을 자유롭게 풀어야한다는 의견이 계속해서 나오고 있습니다. \n\n 지적 재산권이 있는 제약회사가 있는 나라의 경우 백신이 충분하며 백신을 맞는 것이 선택의 문제인 반면, 그렇지 못한 나라는 백신을 맞고 싶어도 맞지 못하는 사람들이 많고 항체가 없어 사망하는 경우도 비교적 많이 때문입니다.\n\n 전 세계의 문제를 해결하기 위해 수 많은 돈을 들여 개발한 백신의 지적재산권을 공유하는 것이 의무화 되어야 할까요? 아니면 회사의 선택에 맡겨야할까요? 보상은 어떻게 해야할까요? \n\n 전 세계에 무상으로 공개 해야 한다는 의견이 있을 수도 있고 무상으로 공개한 회사의 경우 팬더믹 상황이 종결 된 후 따로 보상을 해주어야 한다는 의견도 있을 겁니다. 지적재산권의 변하지 않는 신뢰를 위해서라도 무상 공개는 절대 있어서는 안된다는 의견도 있을 것입니다.\n\n 지금까지도 펜더믹 상황에서 코로나19 백신에 대한 특허권을 보장해야 하느냐 풀어야 하느냐 의견이 분분합니다. 이에 대한 자신의 주장을 작성해주세요. 또한, 그렇게 생각한 이유도 설명해주세요.",
    "essay_type": "주장",
    "essay_level": "1",
    "essay_len": 838,
    "essay_main_subject": "지적 재산권에 대한 본인의 생각 작성"
  }
}