{
  "paragraph": [
    {
      "paragraph_txt": ".유튜브를 보면 해외에 유학간 유학생들의 생활이 담긴 영상들을 볼 수 있다 #@문장구분#그런데 2021년을 살아가고 있는 이때에도 인종차별이 이루어지고 있고 이전보다 더 나아진편이라고도 볼수가 없다.#@문장구분# 그들의 사상은 여전히 백인우월주의로 가득차있다. #@문장구분#어느 유튜버가 인종차별을 당했다는 제목으로 영상을 올렸다.#@문장구분# 백인남학생과 화상채팅을 하는 영상이였다. #@문장구분#그들은 그 유학생을 보더니 욕을 하기 시작했고 손가락으로 눈을 찟으며 원숭이 흉내를 내는것이였다.#@문장구분# 쌍꺼풀이 없는 동양인의 특징적인 모습을 조롱하듯 흉내내는 모습이였다.#@문장구분# 이 유학생은 흥분하지않고 불쾌감을 드러냈다. #@문장구분#백인남학생이 낄낄거리며 흉내를 낼 때 가만히 지켜보더니 '니가 하는 행동은 인종차별적 행동이다 알고하는것이냐' '알고한다 이원숭이야' '그렇다면 백인이 뭐가 우월해서 동양인을 무시하는지 설명해봐라' 그러자 그 백인 남학생은 설명을 하지못하고 머뭇하더니 다시 원숭이 흉내를 내면서 그냥 너는 내가 하는거나 보고 꺼져버리라는등의 욕설을 퍼붓기 시작했다.#@문장구분# 그 백인남학생은 백인이 뭐가 우월한지도 설명을 못하면서 그냥 놀리고 있는것이였다. #@문장구분#이것은 그 아이들이 어릴때부터 인종차별을 봐왔고 그것이 그들의 관념이 되어 이유를 알지못한채 인종차별을 일삼는 것이다. #@문장구분#이 아이의 성품도 좋은 것은 아니지만 바로 그의 부모와 주변의 어른들 그리고 그 학생이 접했던 문화들이 인종차별을 해왔기 때문이다. #@문장구분#나이많은 보수성향의 백인이 그렇다면 옛날 사람이니까 이전세대의 사상을 가지고 있기 때문이다고 이해아닌 이해를 해볼수 있겠지만 중학생 정도로 보이는 남자아이가 이런 인종차별을 하는 것을 보면서 한사람이 아닌 사회 전반적으로 뿌리박혀있는 백인우월주의 사상이 아직도 그대로인 것 같다는 생각이 들었다. #@문장구분#이것은 미국과 유럽국가에서 적극적으로 행동으로 옮기는 대처가 필요하다 글로벌에 맞춘 그들의 의식수준이 따라와야 할 부분들이다.",
      "paragraph_len": 1186,
      "paragraph_id": "001"
    }
  ],
  "score": {
    "paragraph_score": [
      {
        "paragraph_scoreT": [
          3,
          3,
          2.8
        ],
        "paragraph_scoreT_detail": {
          "paragraph_scoreT_exp": [
            [
              3,
              3,
              3
            ],
            [
              3,
              3,
              3
            ],
            [
              2,
              3,
              3
            ]
          ]
        },
        "paragraph_scoreT_avg": 2.9333334,
        "paragraph_id": "001"
      }
    ],
    "essay_scoreT": [
      25.5,
      28.4,
      29.4
    ],
    "essay_scoreT_avg": 27.766668,
    "essay_scoreT_detail": {
      "essay_scoreT_org": [
        [
          2,
          3,
          3,
          3
        ],
        [
          3,
          3,
          3,
          3
        ],
        [
          3,
          3,
          3,
          3
        ]
      ],
      "essay_scoreT_cont": [
        [
          2,
          2,
          3,
          2
        ],
        [
          3,
          3,
          2,
          2
        ],
        [
          3,
          3,
          3,
          3
        ]
      ],
      "essay_scoreT_exp": [
        [
          3,
          3,
          3
        ],
        [
          3,
          3,
          3
        ],
        [
          2,
          3,
          3
        ]
      ]
    }
  },
  "student": {
    "date": "2021.12.17",
    "student_educated": true,
    "student_grade": "고등_2학년",
    "location": "044",
    "student_grade_group": "고등",
    "student_reading": 2
  },
  "rubric": {
    "essay_grade": "고등_2학년",
    "organization_weight": {
      "org_paragraph": 3,
      "org": 3,
      "org_essay": 3,
      "org_coherence": 3,
      "org_quantity": 1
    },
    "essay_type": "주장",
    "content_weight": {
      "con_clearance": 3,
      "con_novelty": 3,
      "con": 4,
      "con_prompt": 1,
      "con_description": 3
    },
    "essay_main_subject": "인종차별에 대한 본인의 생각",
    "expression_weight": {
      "exp_style": 4,
      "exp_grammar": 2,
      "exp_vocab": 4,
      "exp": 3
    }
  },
  "correction": [],
  "info": {
    "essay_id": "ESSAY_66944",
    "essay_prompt": " 최근 중국발 코로나바이러스로 인해 동양인에 대한 혐오감을 나타내는 서양인들이 늘어나고 있습니다. 그로 인해, 매스컴이나 SNS에서 인종차별을 받아 힘들어하는 동양인들을 자주 목격할 수 있습니다.\n\n 하지만, 최근에만 인종차별이 존재했을까요? 아닙니다. 아주 오래전부터 다른 인종에 대한 차별은 있었습니다.\n\n 우리나라에서는 인종차별을 안 하고 있을까요? 아닙니다. 우리나라에서도 알게 모르게 많은 부분에서 다른 국가의 사람들에 대해 인종차별을 하고 있으며 누군가에게 상처를 주고 있습니다.\n\n 즉, 인종차별은 누군가의 문제가 아니라 우리 모두의 문제입니다.\n\n 여러분들은 인종차별을 당해보신 적 있나요? 인종차별을 하는 사람들에 대해 어떻게 생각하시나요? 왜 생겨났다고 생각하나요? 인종차별을 근절하기 위해서는 어떻게 해야 할까요? 인종차별을 하는 사람들에 대해 전 세계적으로 처벌의 강도를 높여야 할까요?\n\n 인종차별을 하는 사람들에 대한 본인의 생각을 작성하고 인종차별은 해결할 수 있는 문제일지 아니면 해결하지 어려운 문제일지 작성해주세요. 또한, 그렇게 생각한 이유와 본인이 생각한 해결방법 혹은 해결할 수 없다면 왜 해결할 수 없다고 생각하는지 작성해주세요.",
    "essay_type": "주장",
    "essay_level": "1",
    "essay_len": 926,
    "essay_main_subject": "인종차별에 대한 본인의 생각"
  }
}