{
  "paragraph": [
    {
      "paragraph_txt": "인종차별은 남녀차별만큼이나 예민한 사항인 것 같다. #@문장구분#KBS가 특집 제작한 호모 미디어쿠스의 포스터가 인간의 진화과정을 그리면서 처음에는 흑인이였다가 최종진화한 쪽이 백인의 모습을 하고 있으면서 논란이 되었었다. #@문장구분#흑인이 진화해서 백인이 된다는 것이냐 하는 논란인데 사실 내가 봤을때는 진화과정에서 다양한 인종을 나타내기 위해서였고 우리가 모두 알고 있는 인류 최초의 인간 루시가 흑인에 가까웠기 때문에 표현을 흑인에서부터 시작한 것이 아닌가 하고 생각한다면 너그럽게 이해하지 못할 것도 없다. #@문장구분#하지만 이 인종차별은 예민하고 보는 사람들의 시점에 따라 불쾌감을 주게 되는 것이다. #@문장구분#왜냐면 이 인종은 자신의 소속이 어디인지가 드러나기 때문이다. #@문장구분#그래서 예민한 것 같다. #@문장구분#이와 비슷한 사례가 또있다 이탈리아 프로축구에서는 종종 흑인선수들이 경기도중 관중들로부터 원숭이라는 조롱을 받아 문제가 돼왔다. #@문장구분#이탈리아 프로축구 세리에A가 인종차별을 방지하기 위한 포스터에 3마리의 원숭이 얼굴을 사용해 무신경하다는 비난을 받은 것이다. #@문장구분#나는 이 포스터를 보자마자 인간의 조상이 다 하나에서 시작되었다는 의미구나 라고 생각은 했지만 이 원숭이는 동양인과 아프리카인들을 인종차별할 때 주로 쓰이는 것이기에 비난을 피할수 없는 것 같다. #@문장구분#백인 원숭이를 그리고 너도 똑같은 원숭이다 이런의미라면  이것도 차별이 될수있겠다는 생각이 든다.#@문장구분# 인종차별이 없어져야 하는건 맞다. #@문장구분#정말 크리에이터들이 인종차별의 의도를 가지고 만들었다면 지탄받아 마땅하다 하지만 봐도 의도를 알아볼수 있는데 굳이 예민하게 모든사안을 인종차별로 몰아가야하는걸까 하는 생각이 든다. #@문장구분#이게 더 우리로 하여금 인종차별을 의식하게 만든다. #@문장구분#개선이 필요한 부분은 조용히 개선이 되도록 했으면 좋겠다 #@문장구분#언론이나 방송을 통해 두들겨 패듯 하니 먼지가 더난다고 나할까 인종차별을 문제화하고 개선하고 싶다면 사건을 들춰내는것만 하지말고 개선안을 제시하고 언론의 보도역시 인종차별의 시선으로 보지않도록 중간자적 역할을 해주면 좋을것같다.",
      "paragraph_len": 1268,
      "paragraph_id": "001"
    }
  ],
  "score": {
    "paragraph_score": [
      {
        "paragraph_scoreT": [
          2.8,
          3,
          2.8
        ],
        "paragraph_scoreT_detail": {
          "paragraph_scoreT_exp": [
            [
              2,
              3,
              3
            ],
            [
              3,
              3,
              3
            ],
            [
              2,
              3,
              3
            ]
          ]
        },
        "paragraph_scoreT_avg": 2.8666668,
        "paragraph_id": "001"
      }
    ],
    "essay_scoreT": [
      25.7,
      27.5,
      25.4
    ],
    "essay_scoreT_avg": 26.199999,
    "essay_scoreT_detail": {
      "essay_scoreT_org": [
        [
          2,
          3,
          3,
          3
        ],
        [
          2,
          3,
          3,
          3
        ],
        [
          3,
          3,
          3,
          3
        ]
      ],
      "essay_scoreT_cont": [
        [
          2,
          2,
          2,
          3
        ],
        [
          3,
          2,
          2,
          3
        ],
        [
          2,
          2,
          2,
          2
        ]
      ],
      "essay_scoreT_exp": [
        [
          2,
          3,
          3
        ],
        [
          3,
          3,
          3
        ],
        [
          2,
          3,
          3
        ]
      ]
    }
  },
  "student": {
    "date": "2021.12.17",
    "student_educated": true,
    "student_grade": "고등_2학년",
    "location": "044",
    "student_grade_group": "고등",
    "student_reading": 2
  },
  "rubric": {
    "essay_grade": "고등_2학년",
    "organization_weight": {
      "org_paragraph": 3,
      "org": 3,
      "org_essay": 3,
      "org_coherence": 3,
      "org_quantity": 1
    },
    "essay_type": "주장",
    "content_weight": {
      "con_clearance": 3,
      "con_novelty": 3,
      "con": 4,
      "con_prompt": 1,
      "con_description": 3
    },
    "essay_main_subject": "인종차별에 대한 본인의 생각",
    "expression_weight": {
      "exp_style": 4,
      "exp_grammar": 2,
      "exp_vocab": 4,
      "exp": 3
    }
  },
  "correction": [],
  "info": {
    "essay_id": "ESSAY_66946",
    "essay_prompt": " 최근 중국발 코로나바이러스로 인해 동양인에 대한 혐오감을 나타내는 서양인들이 늘어나고 있습니다. 그로 인해, 매스컴이나 SNS에서 인종차별을 받아 힘들어하는 동양인들을 자주 목격할 수 있습니다.\n\n 하지만, 최근에만 인종차별이 존재했을까요? 아닙니다. 아주 오래전부터 다른 인종에 대한 차별은 있었습니다.\n\n 우리나라에서는 인종차별을 안 하고 있을까요? 아닙니다. 우리나라에서도 알게 모르게 많은 부분에서 다른 국가의 사람들에 대해 인종차별을 하고 있으며 누군가에게 상처를 주고 있습니다.\n\n 즉, 인종차별은 누군가의 문제가 아니라 우리 모두의 문제입니다.\n\n 여러분들은 인종차별을 당해보신 적 있나요? 인종차별을 하는 사람들에 대해 어떻게 생각하시나요? 왜 생겨났다고 생각하나요? 인종차별을 근절하기 위해서는 어떻게 해야 할까요? 인종차별을 하는 사람들에 대해 전 세계적으로 처벌의 강도를 높여야 할까요?\n\n 인종차별을 하는 사람들에 대한 본인의 생각을 작성하고 인종차별은 해결할 수 있는 문제일지 아니면 해결하지 어려운 문제일지 작성해주세요. 또한, 그렇게 생각한 이유와 본인이 생각한 해결방법 혹은 해결할 수 없다면 왜 해결할 수 없다고 생각하는지 작성해주세요.",
    "essay_type": "주장",
    "essay_level": "1",
    "essay_len": 990,
    "essay_main_subject": "인종차별에 대한 본인의 생각"
  }
}