{
  "paragraph": [
    {
      "paragraph_txt": "인종차별을 당해본적은 없지만 이러한 차별은 아주 오래전부터 현재까지 이어져 오고 있다.#@문장구분# 먼저 배경을 보자면 과거 사회에서는 이동 기술이 많이 발달하지 않아 타지역으로 멀리 이동 하는 일이 드믈었고 구가 네모하다고 생각하기 때문에 다른 나라와 이어져 있다고 생각하지 않았다.#@문장구분# 그리고 나라마다 계급이 있고 위치가 정해져 있어서 다른 나라 이방이 오면 거의 배척을 받았다. #@문장구분#과거 유럽 여러 나라가 바다에 심을 갖게 되면서 모험심이 강한 사람들이 바다를 통해 이동을 하면서 아메리칸 대륙을 발견을 하면서 너도 나도 땅따먹기처럼 여러 대륙을 식민지를 만들었다. #@문장구분#거기에 있는 사람들은 잡혀가 노예로 부려지며 완전 다른 인종이여서 더 배척 받고 차별을 받았을 것이라고 생각한다. #@문장구분#특히 여러 민족이 모인 미국은 흑인 차별이 많이 심각하다. #@문장구분#흑인들이 많이 살았던 미국 남부의 11개 주에서 백인의 지배를 강화하려고 식당, 호텔, 병원, 학교, 화장실, 극장, 버스 등 공공장소에서 유색 인종과 백인의 분리하는 '짐 크로 법'이 생겼다. #@문장구분#백인들은 한번 노예면 영원한 노예이며 동등한 인간으로 인정하지 않았다. #@문장구분#나중에 이법으로 인해서 부당한 일들이 계속 발생하자 흑인들은 다양한 저항 운등을 펼쳤고 나중에는 법이 폐지가 되었다.#@문장구분# \n과거에서 현재까지 이러한 차별은 계속 이어져 왔으며 이제는 흑인만 아니라 여러 인종들도 같이 차별을 받고 있다.#@문장구분# 내가 생각하기에 이러한 형태들은 미디어와 이동기술 발전을 하면서 더욱더 차별이 심각하게 발전된 것 같다. #@문장구분#미디어 영상으로 무의식적을 타인종에 대한 차별을 학습을 하며 그 차별이 누가 적하지 않는 이상 무엇이 잘 못되었는지 생각하지 못 할 것이다. #@문장구분#계속 이러한 생각과 행동들이 사라지지 않고 아무리 강력한게 처벌을 한다고 해도 한 인종만 남는 경우가 아니라면 인종차별이 없어지지 않을 것이다.",
      "paragraph_len": 1143,
      "paragraph_id": "001"
    }
  ],
  "score": {
    "paragraph_score": [
      {
        "paragraph_scoreT": [
          3,
          3,
          3
        ],
        "paragraph_scoreT_detail": {
          "paragraph_scoreT_exp": [
            [
              3,
              3,
              3
            ],
            [
              3,
              3,
              3
            ],
            [
              3,
              3,
              3
            ]
          ]
        },
        "paragraph_scoreT_avg": 3,
        "paragraph_id": "001"
      }
    ],
    "essay_scoreT": [
      28.8,
      26.3,
      30
    ],
    "essay_scoreT_avg": 28.366667,
    "essay_scoreT_detail": {
      "essay_scoreT_org": [
        [
          3,
          3,
          3,
          3
        ],
        [
          2,
          3,
          3,
          3
        ],
        [
          3,
          3,
          3,
          3
        ]
      ],
      "essay_scoreT_cont": [
        [
          3,
          2,
          3,
          3
        ],
        [
          3,
          2,
          2,
          2
        ],
        [
          3,
          3,
          3,
          3
        ]
      ],
      "essay_scoreT_exp": [
        [
          3,
          3,
          3
        ],
        [
          3,
          3,
          3
        ],
        [
          3,
          3,
          3
        ]
      ]
    }
  },
  "student": {
    "date": "2021.11.01",
    "student_educated": true,
    "student_grade": "고등_2학년",
    "location": "044",
    "student_grade_group": "고등",
    "student_reading": 2
  },
  "rubric": {
    "essay_grade": "고등_2학년",
    "organization_weight": {
      "org_paragraph": 3,
      "org": 3,
      "org_essay": 3,
      "org_coherence": 3,
      "org_quantity": 1
    },
    "essay_type": "주장",
    "content_weight": {
      "con_clearance": 3,
      "con_novelty": 3,
      "con": 4,
      "con_prompt": 1,
      "con_description": 3
    },
    "essay_main_subject": "인종차별에 대한 본인의 생각",
    "expression_weight": {
      "exp_style": 4,
      "exp_grammar": 2,
      "exp_vocab": 4,
      "exp": 3
    }
  },
  "correction": [],
  "info": {
    "essay_id": "ESSAY_66940",
    "essay_prompt": " 최근 중국발 코로나바이러스로 인해 동양인에 대한 혐오감을 나타내는 서양인들이 늘어나고 있습니다. 그로 인해, 매스컴이나 SNS에서 인종차별을 받아 힘들어하는 동양인들을 자주 목격할 수 있습니다.\n\n 하지만, 최근에만 인종차별이 존재했을까요? 아닙니다. 아주 오래전부터 다른 인종에 대한 차별은 있었습니다.\n\n 우리나라에서는 인종차별을 안 하고 있을까요? 아닙니다. 우리나라에서도 알게 모르게 많은 부분에서 다른 국가의 사람들에 대해 인종차별을 하고 있으며 누군가에게 상처를 주고 있습니다.\n\n 즉, 인종차별은 누군가의 문제가 아니라 우리 모두의 문제입니다.\n\n 여러분들은 인종차별을 당해보신 적 있나요? 인종차별을 하는 사람들에 대해 어떻게 생각하시나요? 왜 생겨났다고 생각하나요? 인종차별을 근절하기 위해서는 어떻게 해야 할까요? 인종차별을 하는 사람들에 대해 전 세계적으로 처벌의 강도를 높여야 할까요?\n\n 인종차별을 하는 사람들에 대한 본인의 생각을 작성하고 인종차별은 해결할 수 있는 문제일지 아니면 해결하지 어려운 문제일지 작성해주세요. 또한, 그렇게 생각한 이유와 본인이 생각한 해결방법 혹은 해결할 수 없다면 왜 해결할 수 없다고 생각하는지 작성해주세요.",
    "essay_type": "주장",
    "essay_level": "1",
    "essay_len": 921,
    "essay_main_subject": "인종차별에 대한 본인의 생각"
  }
}