{
  "paragraph": [
    {
      "paragraph_txt": "옛날에는 흑인과 백인은 인종 차별을 받았었다.#@문장구분#  흑인은 단지 피부가 검다는 이유만으로 짐승처럼 여기어져 왔고 백인은 단지 피부가 희다는 이유로 흑인과는 달리 귀족처럼 살아갔다.#@문장구분#  그러나 이러한 흑인들에게도 영웅이 있었다.#@문장구분#  아마 흑인들의 영웅 하면은 모든 사람들 중 대부분은 링컨을 생각할 것이다.#@문장구분#  링컨은 미국에서 흑인노예들을 해방한 대통령이기 때문이다.#@문장구분#  그러나 잘 알려지지는 않은 위대한 흑인들의 영웅이 있었다.#@문장구분#  그의 이름은 바로 넬슨 만델라이다.#@문장구분#  1918 여름, 남아프리카의 작은 마을에서 한명의 위대한 영웅이 태어났다.#@문장구분#  그의 이름은 바로 넬슨 만델라였다.#@문장구분#  당시 아프리카에 아파르트헤이트 라고 하는 남아공의 인종차별이 있었다.#@문장구분#  아파르트헤이트는 백인, 즉 유럽인이 흑인들을 다스리는 것이었다.#@문장구분#  확실한 인종차별정책이었다.#@문장구분#  버스도 좋은 자리는 백인만이 앉을 수 있었고 심지어 놀이기구 마저도 백인들만 탈 수 있는 것들이 있었다.#@문장구분#  심지어 백인들이 사는 마을을 지나갈 때는 통행증이 없는 흑인들은 한발도 내딛지 못하고 쫓겨나게 되었다.#@문장구분#  이러한 백인들의 탄압에 흑인들은 이럴 수도 저럴 수도 없이 고통스럽게 당하고만 있어야 했다.#@문장구분#  비록 피부의 색이 다르더라도 어떻게 그렇게 인종차별을 할 수 있는지, 어떻게 그렇게 잔인 할 수 있는지 놀랍기조차 하였다.#@문장구분# 그리고 'Men of Honor'라는 영화를 통해서 다시 한번 인종차별에 대한 모습을 접하게 되었다.#@문장구분# 흑인이라는 이유로 백인들의 차별을 받아야했던 칼 브래셔는 그 차별에 굴하지 않고 자신의 꿈과 신념을 지켜 나가 결국엔 자신이 원하던 잠수부를 함으로써 그 꿈을 이뤄냈다.#@문장구분#  이영화의 주인공인 칼 브래셔 처럼 힘든 조건에서도 꿋꿋하게 자신의 꿈을 위해 노력해 나간다면 언젠가는 그 꿈을 이룰 수 있을 것이란 생각이 들었다.#@문장구분# 꿈으로 인해 사람이 얼마나 강해질 수 있는지를 보여준 영화였다.#@문장구분#",
      "paragraph_len": 1325,
      "paragraph_id": "001"
    }
  ],
  "score": {
    "paragraph_score": [
      {
        "paragraph_scoreT": [
          2.4,
          2.4,
          3
        ],
        "paragraph_scoreT_detail": {
          "paragraph_scoreT_exp": [
            [
              2,
              3,
              2
            ],
            [
              2,
              3,
              2
            ],
            [
              3,
              3,
              3
            ]
          ]
        },
        "paragraph_scoreT_avg": 2.6000001,
        "paragraph_id": "001"
      }
    ],
    "essay_scoreT": [
      20.3,
      21.5,
      30
    ],
    "essay_scoreT_avg": 23.933334,
    "essay_scoreT_detail": {
      "essay_scoreT_org": [
        [
          2,
          2,
          2,
          3
        ],
        [
          2,
          2,
          2,
          3
        ],
        [
          3,
          3,
          3,
          3
        ]
      ],
      "essay_scoreT_cont": [
        [
          2,
          1,
          2,
          2
        ],
        [
          2,
          2,
          2,
          2
        ],
        [
          3,
          3,
          3,
          3
        ]
      ],
      "essay_scoreT_exp": [
        [
          2,
          3,
          2
        ],
        [
          2,
          3,
          2
        ],
        [
          3,
          3,
          3
        ]
      ]
    }
  },
  "student": {
    "date": "2021.12.18",
    "student_educated": true,
    "student_grade": "고등_2학년",
    "location": "063",
    "student_grade_group": "고등",
    "student_reading": 2
  },
  "rubric": {
    "essay_grade": "고등_2학년",
    "organization_weight": {
      "org_paragraph": 3,
      "org": 3,
      "org_essay": 3,
      "org_coherence": 3,
      "org_quantity": 1
    },
    "essay_type": "주장",
    "content_weight": {
      "con_clearance": 3,
      "con_novelty": 3,
      "con": 4,
      "con_prompt": 1,
      "con_description": 3
    },
    "essay_main_subject": "인종차별에 대한 본인의 생각",
    "expression_weight": {
      "exp_style": 4,
      "exp_grammar": 2,
      "exp_vocab": 4,
      "exp": 3
    }
  },
  "correction": [],
  "info": {
    "essay_id": "ESSAY_70001",
    "essay_prompt": " 최근 중국발 코로나바이러스로 인해 동양인에 대한 혐오감을 나타내는 서양인들이 늘어나고 있습니다. 그로 인해, 매스컴이나 SNS에서 인종차별을 받아 힘들어하는 동양인들을 자주 목격할 수 있습니다.\n\n 하지만, 최근에만 인종차별이 존재했을까요? 아닙니다. 아주 오래전부터 다른 인종에 대한 차별은 있었습니다.\n\n 우리나라에서는 인종차별을 안 하고 있을까요? 아닙니다. 우리나라에서도 알게 모르게 많은 부분에서 다른 국가의 사람들에 대해 인종차별을 하고 있으며 누군가에게 상처를 주고 있습니다.\n\n 즉, 인종차별은 누군가의 문제가 아니라 우리 모두의 문제입니다.\n\n 여러분들은 인종차별을 당해보신 적 있나요? 인종차별을 하는 사람들에 대해 어떻게 생각하시나요? 왜 생겨났다고 생각하나요? 인종차별을 근절하기 위해서는 어떻게 해야 할까요? 인종차별을 하는 사람들에 대해 전 세계적으로 처벌의 강도를 높여야 할까요?\n\n 인종차별을 하는 사람들에 대한 본인의 생각을 작성하고 인종차별은 해결할 수 있는 문제일지 아니면 해결하지 어려운 문제일지 작성해주세요. 또한, 그렇게 생각한 이유와 본인이 생각한 해결방법 혹은 해결할 수 없다면 왜 해결할 수 없다고 생각하는지 작성해주세요.",
    "essay_type": "주장",
    "essay_level": "1",
    "essay_len": 925,
    "essay_main_subject": "인종차별에 대한 본인의 생각"
  }
}