{
  "paragraph": [
    {
      "paragraph_txt": "인종차별은 같은인종이라고 생각하는 특정한 인류집단이 다른 인종이라고 생각하는 집단에게 하는 차별을 의미한다. #@문장구분#단순한 적대감만이 아니라 호감도 포함된다. #@문장구분#UN이 인종차별을 막으려고 해마다 3월 21일을 세계 인종차별 철폐의 날로 지정했다. #@문장구분#인종에 생물학적 우열을 가정하여 차별적 의도로 쓰는 행위는 과학적으로 말도 안되는 소리라는건 모두 잘알고 있고 과학적으로도 증명이 되었지만 그것과 무관하게 관습적으로 너무 깊이 박혀있는 부분인 것 같다. 인종차별하면 떠오르는 나라 미국이다.#@문장구분# 19세기 중반까지도 노예제를 공식적으로 유지했고 그 노예제를 둘러싼 여러 이유로 남북전쟁이라는 내전까지 치렀던 미국이 아닌가 그러나 지금까지도 차별이 남아있다.#@문장구분# 보통 인종이라는 것이 처음 부각된 것은 제국주의 시대의 식민지 경영과정에서였다고 알려져 있는데 백인들은 인종간의 관계를 위계서열화하여 자신들의 착취를 정당화했다. #@문장구분#그 인종간의 차이는 우열관계로 생득적인 우열관계로 설명된다. 예를들어 유색인종들은 IQ가 더 낮다라는 말이 나오고 생물학적으로 열등한 종자들이라고하면서 백인들끼리의 자화자찬을 즐겼다고한다. #@문장구분#따라서 이런 열등한 종자들과의 접촉은 하등의 좋을 것이 없고 생활하는 구역 교통수단 이용하는 식당 앉는자리 취업분야 등 아예 공식적으로 차별적 정책을 만들어 확실하게 못박아 놓은 경향이 벌어졌었다.#@문장구분# 그러다 이종의 도가니를 표방하는 미국이다 보니 왜그래 우리모두 미국인이지 인종이 어딨어 라고 말하는 것이 사회적으로 장려되는데 물론 기존의 인종차별보다는 바람직하긴 하지만 그결과 유색인종들의 삶의 경험과 문화적 차이 사회적 필요에 대해서는 까맣게 잊고 살아가는 것이 가능해진다는 또다른 문제가 발생한다고 한다. #@문장구분#결국 인종적 차별을 해서도 안되지만 인종을 의식하지 않고 정책이나 시스템을 만드는것도 옳지않다는 것이다. #@문장구분#의식하지 않고 만드는 정책과 시스템이 백인에게 맞춰져 있을것이기 때문이다.",
      "paragraph_len": 1140,
      "paragraph_id": "001"
    }
  ],
  "score": {
    "paragraph_score": [
      {
        "paragraph_scoreT": [
          3,
          3,
          2.8
        ],
        "paragraph_scoreT_detail": {
          "paragraph_scoreT_exp": [
            [
              3,
              3,
              3
            ],
            [
              3,
              3,
              3
            ],
            [
              2,
              3,
              3
            ]
          ]
        },
        "paragraph_scoreT_avg": 2.9333334,
        "paragraph_id": "001"
      }
    ],
    "essay_scoreT": [
      27.900002,
      27.2,
      25.4
    ],
    "essay_scoreT_avg": 26.833334,
    "essay_scoreT_detail": {
      "essay_scoreT_org": [
        [
          2,
          3,
          3,
          3
        ],
        [
          3,
          3,
          3,
          3
        ],
        [
          3,
          3,
          3,
          3
        ]
      ],
      "essay_scoreT_cont": [
        [
          3,
          2,
          3,
          3
        ],
        [
          3,
          1,
          2,
          3
        ],
        [
          2,
          2,
          2,
          2
        ]
      ],
      "essay_scoreT_exp": [
        [
          3,
          3,
          3
        ],
        [
          3,
          3,
          3
        ],
        [
          2,
          3,
          3
        ]
      ]
    }
  },
  "student": {
    "date": "2021.12.17",
    "student_educated": true,
    "student_grade": "고등_2학년",
    "location": "044",
    "student_grade_group": "고등",
    "student_reading": 2
  },
  "rubric": {
    "essay_grade": "고등_2학년",
    "organization_weight": {
      "org_paragraph": 3,
      "org": 3,
      "org_essay": 3,
      "org_coherence": 3,
      "org_quantity": 1
    },
    "essay_type": "주장",
    "content_weight": {
      "con_clearance": 3,
      "con_novelty": 3,
      "con": 4,
      "con_prompt": 1,
      "con_description": 3
    },
    "essay_main_subject": "인종차별에 대한 본인의 생각",
    "expression_weight": {
      "exp_style": 4,
      "exp_grammar": 2,
      "exp_vocab": 4,
      "exp": 3
    }
  },
  "correction": [],
  "info": {
    "essay_id": "ESSAY_66947",
    "essay_prompt": " 최근 중국발 코로나바이러스로 인해 동양인에 대한 혐오감을 나타내는 서양인들이 늘어나고 있습니다. 그로 인해, 매스컴이나 SNS에서 인종차별을 받아 힘들어하는 동양인들을 자주 목격할 수 있습니다.\n\n 하지만, 최근에만 인종차별이 존재했을까요? 아닙니다. 아주 오래전부터 다른 인종에 대한 차별은 있었습니다.\n\n 우리나라에서는 인종차별을 안 하고 있을까요? 아닙니다. 우리나라에서도 알게 모르게 많은 부분에서 다른 국가의 사람들에 대해 인종차별을 하고 있으며 누군가에게 상처를 주고 있습니다.\n\n 즉, 인종차별은 누군가의 문제가 아니라 우리 모두의 문제입니다.\n\n 여러분들은 인종차별을 당해보신 적 있나요? 인종차별을 하는 사람들에 대해 어떻게 생각하시나요? 왜 생겨났다고 생각하나요? 인종차별을 근절하기 위해서는 어떻게 해야 할까요? 인종차별을 하는 사람들에 대해 전 세계적으로 처벌의 강도를 높여야 할까요?\n\n 인종차별을 하는 사람들에 대한 본인의 생각을 작성하고 인종차별은 해결할 수 있는 문제일지 아니면 해결하지 어려운 문제일지 작성해주세요. 또한, 그렇게 생각한 이유와 본인이 생각한 해결방법 혹은 해결할 수 없다면 왜 해결할 수 없다고 생각하는지 작성해주세요.",
    "essay_type": "주장",
    "essay_level": "1",
    "essay_len": 941,
    "essay_main_subject": "인종차별에 대한 본인의 생각"
  }
}