{
  "paragraph": [
    {
      "paragraph_txt": "지적 재산권을 구성하는 2대 부분의 하나인 저작권은 문화, 연극, 예술, 음악 및 기타 지적, 정신적인 작품을 포함하는 저작물의 제작자에게 자신 저작물을 사용 또는 수직처분 하게하거나 타인에게 그러한 행위를 허락 할 수 있는 독점적, 배타적인 권리 또는 복제에 의한 저작권자의 저작물 판매, 배포 즉 출판 또는 발행을 못하도록 보호하는 권리이다.#@문장구분# 여기에서 저작자와 저작물은 무엇일까?#@문장구분# 저작자는 저작물의 작성자 또는 저자라고 하고, 저작물은 저자가 물건, 문예, 학술, 미술, 음악, 사진, 건축, 조각 등에 관하여 사상, 감정을 나타내어 이를 창작, 안출한 물건을 나타낸다.#@문장구분# 저작권의 분류에는 저작인격과2차적 저작물로 구성되어 있다. #@문장구분#저작인격권은 정신적인 노력의 산물로 만들어 낸 저작물에 대해 저작자가 인격적으로 갖는 권리로 공표권, 성명표시권, 동일성 유지권 등이 이에 속한다.#@문장구분# 저작 재산권은 저작자가 자신이 만든 저작물을 다양한 방식으로 이용함으써 재산적 이익을 얻을 수 있는 권리로 복제권, 공연권, 공중송신권, 음성송신, 배포권이 이에 속한다. #@문장구분#2차적 저작물에는 원래 있던 저작물을 번역, 편곡, 변형, 각색 하거나 영상으로 제작하는 등의 방법으로 이용할 수 있는 작성권, 판매용 음반과 판매용 컴퓨터 프로그램에 대해서만 인정되는 대여권이 이에 속한다.#@문장구분# 우리는 왜 저작권을 보호해야할까?#@문장구분# 저작권을 보호하면 저작자의 창작 의욕을 북돋아 더 좋은 작품을 많이 만들어지게 되고 결국 우리 모두가 누릴 수 있게 된다.#@문장구분# 그러므로 저작권 보호는 창작자 개인에게 이익이 될 뿐만 아니라 우리의 문화 발전을 이루고, 더 나아가 문화 상품의 수출을 통해 국가의 경제적 이익에도 큰 영향을 미치게 된다. #@문장구분#하지만 모든 저작물이 보호되는 것은 아니다. #@문장구분#공공의 이익을 위해서 나누어야 할 필요가 있는 저작물은 저작권법에서 보호받지 못하는 저작물로 정해놓고 있다.#@문장구분# 그러나 일정한 경우에는 보호받는 저작물이라도 저작권자의 허락을 받지  않고 자율이 사용할 수 있도록 저작재산권을 제한하고 있다.#@문장구분# 왜 저작물을 이용할 때 저작권자의 허락을 얻어야 하는 번거로움을 계속해서 하는 것일까?#@문장구분# 많은 저작물들을 이용하여 더욱 훌륭한 저작물을 창작하고 문화를 발전시키는데 방해가 될 수 있는 것이기 때문이다. #@문장구분#이것 때문에 저작권법에서는 저작물을 영구히 보호하는 것이 아니라 일정한 기간 동안만 보호되도록 하고 있다.#@문장구분# 그렇다면 저작권 보호기간은 몇 년 일까? #@문장구분#저작권 보호기간은 사람이 저작자인 경우에는 저작물은 창작한 때로부터 시작되어 저작자가 살아있는 동안과 죽은 다음해부터 70년 동안 보호된다. #@문장구분#그리고 생활용품이나 가전제품을 사용할 때 이용법이나 단계가 있듯이 저작물도 이용단계가 있다.#@문장구분# 정품을 구입해 이용하고 저작권자로부터 허락을 받고 이용하는 것이 올바른 저작물 이용하는 방법임을 우리는 반드시 알아야 하고 그것을 실천해야 한다. #@문장구분#그러나 현실은 다르게 돌아가고 있다.#@문장구분# 요즘에는 인터넷 기술의 발달과 더불어 저작권 침해라는 말을 많이 듣게 된다.#@문장구분# 저작권 침해라는 것은 저작권자의 승인 없이 저작권의 내용을 이용하는 행위를 말하는 것인데 그 예로써 저작자가 찍은 사진을 블로그에서 동의도 없이 무단 복제해서 자신이 찍은 것 마냥 다른 블로그에 올리면 이것이 바로 저작권 침해의 예이다.#@문장구분# 청소년들 사이에서도 인터넷 저작권 문제 뿐 만아니라 많은 곳에서 저작권이 침해되고 있다. #@문장구분#우리는 한시라도 빨리 저작권이 침해되고 있는 정보화 사회에서 벗어나야 할 필요가 있다.#@문장구분# 그러기 위해서는 우리 국민 모두가 저작권을 보호하고, 지키는 데 앞장서야 하며 그에 대한 뚜렷한 의식을 가질 필요가 있다.#@문장구분# 우리 모두가 이러한 자세를 가지게 되면 저작권을 사랑 할 수가 있다.#@문장구분# 저작권 사랑이 또 하나의 문화경제력 이기 때문이다. #@문장구분#이제 시간이 얼마 남지 않았다. #@문장구분#함께 앞장서서 저작권을 사랑하며, 지키고 보호해야 한다는 이유를 국민들에게 알려야 할 필요가 있다.#@문장구분# 우리 모두가 저작권 지킴이가 되어 대한민국의 정보화 사회를 올바르게 만들기 위해 우선 국민들의 태도와 자세 그리고 뚜렷한 의식을 바르게 잡아야 한다고 생각한다. #@문장구분#우리 정보화 사회가 문제가 있다는 것은 그 만큼 우리의 태도가 잘못 되었기 때문이다. #@문장구분#우리가 익명성을 이용하는 것 자체가 잘 못된 사회로 발전 해 왔는데.... 저작권 문제는 오죽 하겠는가. #@문장구분#문제가 잘못 된 것은 다 우리 모두의 책임이다.#@문장구분# 우리가 조금 이라도 노력은 하면 할 수 있는데 노력을 하지 않는 태도부터 시작하여 지금까지 이어 온 것을 보면 알 수 있다. #@문장구분#우리 모두가 만든 문제인 만큼 우리의 노력과 복구가 시급하게 필요하다. #@문장구분#하지만 우리가 저지른 문제에 대하여 무관심 하고 있다.#@문장구분#무관심을 한 결과 저작권이 침해가 되는 결과를 가져 왔고 정보화 사회에서도 시끌벅적 한 것 이다.#@문장구분# 우리는 이것을 알고 실천 할 필요가 있다. #@문장구분#이 글짓기를 통해 저작권을 알면 힘이 되고 지키면 재산이 되는 공모전 포스터에 있는 말처럼 이번 기회를 통해 우리 모두가 반성하면서 태도와 자세 그리고 의식을 바꾸어야 된다는 것을 깨달았다.#@문장구분# 무엇이든지 한사람 보다 여러  사람이 모였을 때 쉽게 문제를 해결 할 수 있듯이 저작권 사랑과 보호도 한 사람이 하는 것보다 여러 사람이 힘을 모을 때 충분히 쉽게 해결 할 수 있다.#@문장구분# 우리 모두가 저작권 지킴이가 되어서 정보화 사회를 바꾸는 날이 신속하게 빨리 왔으면 좋겠다. #@문장구분#이런 날이 오기 까지 대한민국 화이팅!",
      "paragraph_len": 3476,
      "paragraph_id": "001"
    }
  ],
  "score": {
    "paragraph_score": [
      {
        "paragraph_scoreT": [
          2.8,
          2,
          2.8
        ],
        "paragraph_scoreT_detail": {
          "paragraph_scoreT_exp": [
            [
              2,
              3,
              3
            ],
            [
              2,
              2,
              2
            ],
            [
              2,
              3,
              3
            ]
          ]
        },
        "paragraph_scoreT_avg": 2.5333335,
        "paragraph_id": "001"
      }
    ],
    "essay_scoreT": [
      29.4,
      25.8,
      28.2
    ],
    "essay_scoreT_avg": 27.799997,
    "essay_scoreT_detail": {
      "essay_scoreT_org": [
        [
          3,
          3,
          3,
          3
        ],
        [
          3,
          3,
          3,
          3
        ],
        [
          3,
          3,
          3,
          3
        ]
      ],
      "essay_scoreT_cont": [
        [
          3,
          3,
          3,
          3
        ],
        [
          2,
          3,
          3,
          3
        ],
        [
          2,
          3,
          3,
          3
        ]
      ],
      "essay_scoreT_exp": [
        [
          2,
          3,
          3
        ],
        [
          2,
          2,
          2
        ],
        [
          2,
          3,
          3
        ]
      ]
    }
  },
  "student": {
    "date": "2021.12.08",
    "student_educated": true,
    "student_grade": "고등_2학년",
    "location": "063",
    "student_grade_group": "고등",
    "student_reading": 3
  },
  "rubric": {
    "essay_grade": "고등_2학년",
    "organization_weight": {
      "org_paragraph": 3,
      "org": 3,
      "org_essay": 3,
      "org_coherence": 3,
      "org_quantity": 1
    },
    "essay_type": "주장",
    "content_weight": {
      "con_clearance": 3,
      "con_novelty": 3,
      "con": 4,
      "con_prompt": 1,
      "con_description": 3
    },
    "essay_main_subject": "지적 재산권에 대한 본인의 생각 작성",
    "expression_weight": {
      "exp_style": 4,
      "exp_grammar": 2,
      "exp_vocab": 4,
      "exp": 3
    }
  },
  "correction": [],
  "info": {
    "essay_id": "ESSAY_57347",
    "essay_prompt": " 지적재산권이란 특허권, 실용신안권, 상표권, 디자인권을 총칭하는 개념으로 지적재산권법은 정보생산자에게 일정기간 동안 시장에서의 배타적 지위를 부여하고 있습니다.\n\n 즉, 지적 재산권은 특정 사람이 생각/창작해낸 것을 다른사람들의 무분별한 이용으로 부터 지켜주는 것입니다. 이러한 지적재산권은 개인 혹은 회사 더 나아가 나라에 귀속될 수 있습니다.\n\n 다만, 코로나 시대인 요즘 전 세계적인 재앙인 코로나를 물리칠 수 있는 백신에 대한 지적재산권을 자유롭게 풀어야한다는 의견이 계속해서 나오고 있습니다. \n\n 지적 재산권이 있는 제약회사가 있는 나라의 경우 백신이 충분하며 백신을 맞는 것이 선택의 문제인 반면, 그렇지 못한 나라는 백신을 맞고 싶어도 맞지 못하는 사람들이 많고 항체가 없어 사망하는 경우도 비교적 많이 때문입니다.\n\n 전 세계의 문제를 해결하기 위해 수 많은 돈을 들여 개발한 백신의 지적재산권을 공유하는 것이 의무화 되어야 할까요? 아니면 회사의 선택에 맡겨야할까요? 보상은 어떻게 해야할까요? \n\n 전 세계에 무상으로 공개 해야 한다는 의견이 있을 수도 있고 무상으로 공개한 회사의 경우 팬더믹 상황이 종결 된 후 따로 보상을 해주어야 한다는 의견도 있을 겁니다. 지적재산권의 변하지 않는 신뢰를 위해서라도 무상 공개는 절대 있어서는 안된다는 의견도 있을 것입니다.\n\n 지금까지도 펜더믹 상황에서 코로나19 백신에 대한 특허권을 보장해야 하느냐 풀어야 하느냐 의견이 분분합니다. 이에 대한 자신의 주장을 작성해주세요. 또한, 그렇게 생각한 이유도 설명해주세요.",
    "essay_type": "주장",
    "essay_level": "1",
    "essay_len": 2637,
    "essay_main_subject": "지적 재산권에 대한 본인의 생각 작성"
  }
}