{
  "paragraph": [
    {
      "paragraph_txt": "인종차별에 대한 문제가 바뀔 수 있다고 보시나요?#@문장구분# 이 질문에 저의 답변은 아니요 입니다.#@문장구분# 인종차별에 대해 과거부터 현재까지 변화를 요구하는 많은 목소리가 나왔지만, 그 오랜 시간을 거쳐도 해결되지 않는 사회적 문제로 여전히 남아있습니다.#@문장구분# 이런 상황에 대한 배경을 살펴보자면 고정관념입니다.#@문장구분# 여기서 말하는 고정관념은 개인적 의지와 상관없이 자신의 주변 생활환경에 따라서 자연스럽게 학습될 가능성이 큰 요소 중의 하나입니다.#@문장구분# 대대로 이어진 이런 고정관념을 깨뜨리는 시도를 하려는 교육 등 외부적인 요인이 있겠지만 잠시 잠깐에 그칠 변화가 있을 가능성이 더 크다고 생각합니다.#@문장구분# 이미 인종차별에 있어서 두 위권을 가지고 있다고 생각하는 집단에서 자신들이 느끼는 우월감에서 오는 감정과 시선을 지우고 있는 그대로 그들을 받아들일 수 있다고 당당하게 말할 수 있는 사람이 얼마나 있을지 의문입니다.#@문장구분# 과거엔 계급이 존재하는 사회이기에 인종 차별이 일어났던 것이라 말하는 목소리도 있지만, 현재 우리가 살아가는 세상에서 사람을 신분적인 계급을 공식적으로 규정하고 있지는 않지만 알게 모르게 자본주의 시대에 따른 경제력으로 계급을 나누는 모습을 느낄 수 있습니다.#@문장구분# 인종차별을 행하는 입장은 주로 경제력도 좋고 이미 그들 손에 가진 게 많은 부류일 환경에서 그들에게 그런 것들을 내려두고 모두가 동등한 인격체로 서로를 대하려고 강요하는 건 그저 형식적인 모습에 그칠 수 있다는 생각이 들었습니다.#@문장구분# 미래에는 이러한 인종차별을 하는 사람이 사라져 행복하고 평화로운 미래가 되었으면 좋겠습니다.#@문장구분# 그러기 위해서는 나부터라도 먼저 알게 모르게 인종차별을 하고있지는 않은지, 인종차별을 했다면 사과는 했는지 생각해보는 그런 시간을 가져보았으면 좋겠습니다.",
      "paragraph_len": 1054,
      "paragraph_id": "001"
    }
  ],
  "score": {
    "paragraph_score": [
      {
        "paragraph_scoreT": [
          3,
          2.6,
          3
        ],
        "paragraph_scoreT_detail": {
          "paragraph_scoreT_exp": [
            [
              3,
              3,
              3
            ],
            [
              3,
              3,
              2
            ],
            [
              3,
              3,
              3
            ]
          ]
        },
        "paragraph_scoreT_avg": 2.8666668,
        "paragraph_id": "001"
      }
    ],
    "essay_scoreT": [
      28.8,
      28.8,
      27.2
    ],
    "essay_scoreT_avg": 28.266668,
    "essay_scoreT_detail": {
      "essay_scoreT_org": [
        [
          3,
          3,
          3,
          3
        ],
        [
          3,
          3,
          3,
          3
        ],
        [
          3,
          3,
          3,
          3
        ]
      ],
      "essay_scoreT_cont": [
        [
          3,
          2,
          3,
          3
        ],
        [
          3,
          2,
          3,
          3
        ],
        [
          3,
          2,
          2,
          2
        ]
      ],
      "essay_scoreT_exp": [
        [
          3,
          3,
          3
        ],
        [
          3,
          3,
          3
        ],
        [
          3,
          3,
          3
        ]
      ]
    }
  },
  "student": {
    "date": "2021.12.16",
    "student_educated": true,
    "student_grade": "고등_2학년",
    "location": "044",
    "student_grade_group": "고등",
    "student_reading": 3
  },
  "rubric": {
    "essay_grade": "고등_2학년",
    "organization_weight": {
      "org_paragraph": 3,
      "org": 3,
      "org_essay": 3,
      "org_coherence": 3,
      "org_quantity": 1
    },
    "essay_type": "주장",
    "content_weight": {
      "con_clearance": 3,
      "con_novelty": 3,
      "con": 4,
      "con_prompt": 1,
      "con_description": 3
    },
    "essay_main_subject": "인종차별에 대한 본인의 생각",
    "expression_weight": {
      "exp_style": 4,
      "exp_grammar": 2,
      "exp_vocab": 4,
      "exp": 3
    }
  },
  "correction": [],
  "info": {
    "essay_id": "ESSAY_64513",
    "essay_prompt": " 최근 중국발 코로나바이러스로 인해 동양인에 대한 혐오감을 나타내는 서양인들이 늘어나고 있습니다. 그로 인해, 매스컴이나 SNS에서 인종차별을 받아 힘들어하는 동양인들을 자주 목격할 수 있습니다.\n\n 하지만, 최근에만 인종차별이 존재했을까요? 아닙니다. 아주 오래전부터 다른 인종에 대한 차별은 있었습니다.\n\n 우리나라에서는 인종차별을 안 하고 있을까요? 아닙니다. 우리나라에서도 알게 모르게 많은 부분에서 다른 국가의 사람들에 대해 인종차별을 하고 있으며 누군가에게 상처를 주고 있습니다.\n\n 즉, 인종차별은 누군가의 문제가 아니라 우리 모두의 문제입니다.\n\n 여러분들은 인종차별을 당해보신 적 있나요? 인종차별을 하는 사람들에 대해 어떻게 생각하시나요? 왜 생겨났다고 생각하나요? 인종차별을 근절하기 위해서는 어떻게 해야 할까요? 인종차별을 하는 사람들에 대해 전 세계적으로 처벌의 강도를 높여야 할까요?\n\n 인종차별을 하는 사람들에 대한 본인의 생각을 작성하고 인종차별은 해결할 수 있는 문제일지 아니면 해결하지 어려운 문제일지 작성해주세요. 또한, 그렇게 생각한 이유와 본인이 생각한 해결방법 혹은 해결할 수 없다면 왜 해결할 수 없다고 생각하는지 작성해주세요.",
    "essay_type": "주장",
    "essay_level": "1",
    "essay_len": 857,
    "essay_main_subject": "인종차별에 대한 본인의 생각"
  }
}