{
  "paragraph": [
    {
      "paragraph_txt": "수십 개의 개발도상국 정부들은 코로나19 퇴치를 위해 전 세계적인 물자 생산을 가속화하기 위해 지적재산권에 대한 권리 포기를 요구하고 있다.#@문장구분# 나는 그들의 입장에 옹호하는데 따라서 코로나19 퇴치에 있어 지적재산권은 포기되어야 하고 과학자와 기업들, 국가들 간에 활발한 공유가 필수적이라고 생각한다. #@문장구분#가장 최근 인도에서 확진자가 급증하고 치명적인 변종 바이러스가 지속적으로 출현하며 현재 백신 생산자들이 세계적인 요구에 보조를 맞출 수 없다는 점에서 미루어 볼 때 지적재산권 포기는 도덕적인 의무이자 긴급 대책으로 떠오르는 것이 현실이며 의문의 여지가 없다.#@문장구분# 물론 소수의 제약 회사는 기업의 이익에 맞서 중국과 러시아가 백신 생산에 대한 노하우를 얻는 것에 대해 반대하며 지적재산권 포기를 반대하고 있지만 결국 중국과 러시아에서 효과적 백신 생산이 둔화된다면, 그 또한 다른 모든 이들을 직접적으로 위험에 빠뜨릴 잠재성이 충분하다. #@문장구분#특허권 보장 시 향후 백신 개발의 발판이 되어 공익을 실현할 수 있다. #@문장구분#핵심기술을 공개하더라도 사용하는 원료 및 제조사의 품질관리 능력 등에 따라 백신의 품질이 좌우될 수 있다.#@문장구분# 생산과정에서의 품질이 보장될 수 없다면, 결국 특허권 유예는 무의미해질 것이기에 특허권 유예가 양질의 백신 생산으로 이어질 수 있을지에 대해선 의문이다.#@문장구분# 특허권의 승인 이후 적용되는 '발명의 설명참작의 원리'와 특허권을 인정하지 않을 때 발생할 수 있는 '영업비밀제도'가 특허권을 보장하는 것이 기술 공유를 활성화시켜 백신 연구에 큰 도움이 될 것이다. #@문장구분#어서 빨리 특허권을 포기해 여러 기업에서 코로나 바이러스 백신을 만들어 어서 빨리 이러한 코로나 사태가 진정되었으면 좋겠다. #@문장구분#그럼 다시 여행도 다니고 놀러 다닐텐데 정말 아쉽다.",
      "paragraph_len": 1042,
      "paragraph_id": "001"
    }
  ],
  "score": {
    "paragraph_score": [
      {
        "paragraph_scoreT": [
          2,
          2,
          2
        ],
        "paragraph_scoreT_detail": {
          "paragraph_scoreT_exp": [
            [
              2,
              2,
              2
            ],
            [
              2,
              2,
              2
            ],
            [
              2,
              2,
              2
            ]
          ]
        },
        "paragraph_scoreT_avg": 2,
        "paragraph_id": "001"
      }
    ],
    "essay_scoreT": [
      20.3,
      22.099998,
      21.5
    ],
    "essay_scoreT_avg": 21.3,
    "essay_scoreT_detail": {
      "essay_scoreT_org": [
        [
          2,
          2,
          2,
          3
        ],
        [
          2,
          2,
          3,
          2
        ],
        [
          2,
          2,
          2,
          3
        ]
      ],
      "essay_scoreT_cont": [
        [
          2,
          2,
          2,
          2
        ],
        [
          3,
          2,
          2,
          2
        ],
        [
          3,
          2,
          2,
          2
        ]
      ],
      "essay_scoreT_exp": [
        [
          2,
          2,
          2
        ],
        [
          2,
          2,
          2
        ],
        [
          2,
          2,
          2
        ]
      ]
    }
  },
  "student": {
    "date": "2021.12.20",
    "student_educated": true,
    "student_grade": "고등_2학년",
    "location": "063",
    "student_grade_group": "고등",
    "student_reading": 1
  },
  "rubric": {
    "essay_grade": "고등_2학년",
    "organization_weight": {
      "org_paragraph": 3,
      "org": 3,
      "org_essay": 3,
      "org_coherence": 3,
      "org_quantity": 1
    },
    "essay_type": "주장",
    "content_weight": {
      "con_clearance": 3,
      "con_novelty": 3,
      "con": 4,
      "con_prompt": 1,
      "con_description": 3
    },
    "essay_main_subject": "지적 재산권에 대한 본인의 생각 작성",
    "expression_weight": {
      "exp_style": 4,
      "exp_grammar": 2,
      "exp_vocab": 4,
      "exp": 3
    }
  },
  "correction": [],
  "info": {
    "essay_id": "ESSAY_69797",
    "essay_prompt": " 지적재산권이란 특허권, 실용신안권, 상표권, 디자인권을 총칭하는 개념으로 지적재산권법은 정보생산자에게 일정기간 동안 시장에서의 배타적 지위를 부여하고 있습니다.\n\n 즉, 지적 재산권은 특정 사람이 생각/창작해낸 것을 다른사람들의 무분별한 이용으로 부터 지켜주는 것입니다. 이러한 지적재산권은 개인 혹은 회사 더 나아가 나라에 귀속될 수 있습니다.\n\n 다만, 코로나 시대인 요즘 전 세계적인 재앙인 코로나를 물리칠 수 있는 백신에 대한 지적재산권을 자유롭게 풀어야한다는 의견이 계속해서 나오고 있습니다. \n\n 지적 재산권이 있는 제약회사가 있는 나라의 경우 백신이 충분하며 백신을 맞는 것이 선택의 문제인 반면, 그렇지 못한 나라는 백신을 맞고 싶어도 맞지 못하는 사람들이 많고 항체가 없어 사망하는 경우도 비교적 많이 때문입니다.\n\n 전 세계의 문제를 해결하기 위해 수 많은 돈을 들여 개발한 백신의 지적재산권을 공유하는 것이 의무화 되어야 할까요? 아니면 회사의 선택에 맡겨야할까요? 보상은 어떻게 해야할까요? \n\n 전 세계에 무상으로 공개 해야 한다는 의견이 있을 수도 있고 무상으로 공개한 회사의 경우 팬더믹 상황이 종결 된 후 따로 보상을 해주어야 한다는 의견도 있을 겁니다. 지적재산권의 변하지 않는 신뢰를 위해서라도 무상 공개는 절대 있어서는 안된다는 의견도 있을 것입니다.\n\n 지금까지도 펜더믹 상황에서 코로나19 백신에 대한 특허권을 보장해야 하느냐 풀어야 하느냐 의견이 분분합니다. 이에 대한 자신의 주장을 작성해주세요. 또한, 그렇게 생각한 이유도 설명해주세요.",
    "essay_type": "주장",
    "essay_level": "1",
    "essay_len": 863,
    "essay_main_subject": "지적 재산권에 대한 본인의 생각 작성"
  }
}