{
  "paragraph": [
    {
      "paragraph_txt": "전세계의 문제를 해결하기 위해 수 많은 돈을 들여 개발한 백신의 지적재산권을 공유하는 것이 의무화 되어야 할까요?#@문장구분# 최근 미국 무역대표부(USTR)가 신종 코로나바이러스 감염증 백신의 적용을 중단하는 방안을 주요 제약업체들과 논의했다는 것이 알려졌습니다.#@문장구분#미국 통상정책을 총괄하는 백악관 직속 기관인 USTR은 캐서린 타이 USTR 대표가 루드 도버 아스트라제네카 바이오의약 부문 부회장, 앨버트 불라 화이자 최고경영자와 따로 화상으로 만나 이 현안을 논의 했다고 하죠.#@문장구분# 이번 논의는 코로나19 확산과 함께 개발도상국들의 백신부족사태가  글로벌 난제로 부상한 상황에서 나왔는데, 타이 대표는 조 바이든 행정부의 최우선 과제가 생명을 구하고 미국과 전 세계에서 팬데믹을 종식하는 것이라고 강조하며 백신의 글로벌 생산과 분배에 발생한 심각한 격차를 해소할 해법을 도출하는 데 개발도상국들이 어떤 역할을 할지를 비롯해 코로나19 팬데믹의 글로벌 대응에 있어 다른 WTO 회원국들과 공조할 것을 약속했지만 제약업체들은 지식재산권 적용 중단보다 백신 양산과 보급 확대에 무게를 실은 것으로 전해졌습니다.#@문장구분# 로이터 통신에 따르면 미국 상공회의소, 화이자, 바이오엔테크, 모더나, 존슨앤드존스 등 코로나19 백신을 개발한 주요 업체들이 지식재산권 적용 중단 반대의 선봉에 서있다고 합니다.#@문장구분# 기업측에서는 당연히 특허권을 보장받고 싶을테지만 말입니다.#@문장구분# 이와 관련해  백신의 지적재산권을 자유롭게 풀어야한다고 생각입니다.#@문장구분# 물론 기업에게도 이득이 있어야 그것이 다시 기술 발전에 들어가고 새로운 기술이 발전되고 코로나19와 같은 대재난이 일어났을때 다시 발전된 기술로 위기를 극복할 수 있다고 생각합니다 .#@문장구분# 지적재산권보다 현재 물량이 없어 죽어가고 있는 사람들을 살리는 것도 우선이라는 점을 고려해야 할것입니다.",
      "paragraph_len": 1048,
      "paragraph_id": "001"
    }
  ],
  "score": {
    "paragraph_score": [
      {
        "paragraph_scoreT": [
          3,
          3,
          3
        ],
        "paragraph_scoreT_detail": {
          "paragraph_scoreT_exp": [
            [
              3,
              3,
              3
            ],
            [
              3,
              3,
              3
            ],
            [
              3,
              3,
              3
            ]
          ]
        },
        "paragraph_scoreT_avg": 3,
        "paragraph_id": "001"
      }
    ],
    "essay_scoreT": [
      30,
      23.900002,
      28.4
    ],
    "essay_scoreT_avg": 27.433334,
    "essay_scoreT_detail": {
      "essay_scoreT_org": [
        [
          3,
          3,
          3,
          3
        ],
        [
          2,
          3,
          3,
          3
        ],
        [
          3,
          3,
          3,
          3
        ]
      ],
      "essay_scoreT_cont": [
        [
          3,
          3,
          3,
          3
        ],
        [
          2,
          1,
          2,
          2
        ],
        [
          3,
          2,
          2,
          3
        ]
      ],
      "essay_scoreT_exp": [
        [
          3,
          3,
          3
        ],
        [
          3,
          3,
          3
        ],
        [
          3,
          3,
          3
        ]
      ]
    }
  },
  "student": {
    "date": "2021.12.16",
    "student_educated": true,
    "student_grade": "고등_2학년",
    "location": "063",
    "student_grade_group": "고등",
    "student_reading": 1
  },
  "rubric": {
    "essay_grade": "고등_2학년",
    "organization_weight": {
      "org_paragraph": 3,
      "org": 3,
      "org_essay": 3,
      "org_coherence": 3,
      "org_quantity": 1
    },
    "essay_type": "주장",
    "content_weight": {
      "con_clearance": 3,
      "con_novelty": 3,
      "con": 4,
      "con_prompt": 1,
      "con_description": 3
    },
    "essay_main_subject": "지적 재산권에 대한 본인의 생각 작성",
    "expression_weight": {
      "exp_style": 4,
      "exp_grammar": 2,
      "exp_vocab": 4,
      "exp": 3
    }
  },
  "correction": [],
  "info": {
    "essay_id": "ESSAY_64460",
    "essay_prompt": " 지적재산권이란 특허권, 실용신안권, 상표권, 디자인권을 총칭하는 개념으로 지적재산권법은 정보생산자에게 일정기간 동안 시장에서의 배타적 지위를 부여하고 있습니다.\n\n 즉, 지적 재산권은 특정 사람이 생각/창작해낸 것을 다른사람들의 무분별한 이용으로 부터 지켜주는 것입니다. 이러한 지적재산권은 개인 혹은 회사 더 나아가 나라에 귀속될 수 있습니다.\n\n 다만, 코로나 시대인 요즘 전 세계적인 재앙인 코로나를 물리칠 수 있는 백신에 대한 지적재산권을 자유롭게 풀어야한다는 의견이 계속해서 나오고 있습니다. \n\n 지적 재산권이 있는 제약회사가 있는 나라의 경우 백신이 충분하며 백신을 맞는 것이 선택의 문제인 반면, 그렇지 못한 나라는 백신을 맞고 싶어도 맞지 못하는 사람들이 많고 항체가 없어 사망하는 경우도 비교적 많이 때문입니다.\n\n 전 세계의 문제를 해결하기 위해 수 많은 돈을 들여 개발한 백신의 지적재산권을 공유하는 것이 의무화 되어야 할까요? 아니면 회사의 선택에 맡겨야할까요? 보상은 어떻게 해야할까요? \n\n 전 세계에 무상으로 공개 해야 한다는 의견이 있을 수도 있고 무상으로 공개한 회사의 경우 팬더믹 상황이 종결 된 후 따로 보상을 해주어야 한다는 의견도 있을 겁니다. 지적재산권의 변하지 않는 신뢰를 위해서라도 무상 공개는 절대 있어서는 안된다는 의견도 있을 것입니다.\n\n 지금까지도 펜더믹 상황에서 코로나19 백신에 대한 특허권을 보장해야 하느냐 풀어야 하느냐 의견이 분분합니다. 이에 대한 자신의 주장을 작성해주세요. 또한, 그렇게 생각한 이유도 설명해주세요.",
    "essay_type": "주장",
    "essay_level": "1",
    "essay_len": 888,
    "essay_main_subject": "지적 재산권에 대한 본인의 생각 작성"
  }
}