{
  "paragraph": [
    {
      "paragraph_txt": "나는 지난 1학기 도덕시간에 마틴루터킹 목사에 대해서 배운적이 있었다. #@문장구분#도덕선생님께서는 이 목사는 흑인과 백인의 인종차별을 없애는데 큰 공을 세운 분이라는 얘기를 해주셨다.#@문장구분# 나는 속으로 \" 설마 이렇게 심했겠어? \" 하는 생각에 그냥 흘려들은 적이 있었다. #@문장구분#미국의 1960년대는 민권운동, 특히 부당하게 억압당하던 흑인들의 인권투쟁이 절정이다달았을 때. 마틴 루터 킹은 그 투쟁의 중심에있었다. #@문장구분#킹은 몽고메리에서 벌인 버스 안 타기 운동을 시작으로, 비폭력적인 투쟁의 기초를 닦았다. #@문장구분#그 당시 몽고메리에서는 버스를 탈 때 흑인과 백인은 똑같은 돈을 내고 타면서 흑인은 뒷문으로 타야했고, 백인에게 자리를 양보해야만 했다.#@문장구분# 정말 너무 나쁘다고 생각한다.#@문장구분# 단지 피부의 색깔이 다르다는 이유만으로 이런 차별을 받아야한다니.....#@문장구분# 내가만약에 저렇게 차별대우를 받았어도 정말 기분이 나쁘고 죽고 싶을 정도였을 것이다.#@문장구분#\n 킹은 이뿐만 아니라 흑인들의 시민권 확보, 구조적인 빈곤 문제 등에까지 그 폭을 넓히며 인종차별의 벽을 넘기 위해 싸웠다. #@문장구분#특히 25만 명의 흑인들과 7만명의 백인들이 모여 정의와 평등을 요구 1963년 8월의 워싱턴 집회는, 미국 내 흑인들의 인종 차별 문제에 전세계가 관심을 갖도록 만들었다. #@문장구분#이 집회로 킹은 세계적인 지도자로 존경받게 되었고, 이듬해 가장 나이 어린 노벨평화상 수상자가 되었다.#@문장구분# 또한 킹은 사랑과 비폭력을 주장하였다.#@문장구분# 그는 백인 우월주의자들에 의해 17번이나 감옥생활을 해야했고, 끊없이 폭탄테러와 암살위협을 받아도 폭력이 아닌 화해와 대화로 함께 공동체를 만들어 가야 한다고 주장하였다.#@문장구분# 이런 사상과 행동 때문에 백인들에게서는 '과격분자', 급진적인 흑인들한테서는 '백인의 대변인' 이라는 비난을 받기도 했다. #@문장구분#하지만 킹목사는 끝까지 폭력은 더 큰 폭력을 부르고, 진정한 승리는 힘에 의한 것이 아닌 상대방의 마음까지 감화시킬 수 있는 사랑에 의한 것이라는 것을 주장하였다.#@문장구분# \n 나는 이 책속에서 정말 많은 것을 느꼈다.#@문장구분# 킹은 평생을 흑인 인권 운동가로 치열한 삶을 살다가, 서른아홉 살의 젊은 나이로 세상을떠난 킹목사의 아픔과 고난을 느낄 수 있었던 것 같다.#@문장구분# 특히 가장 감동을 받았던 부분은 정말 백인들의 폭탄테러와 암살위협을 받아도 포기하지 않고 흑인문제를 하결하려했고 더욱더 중요한 것을 폭력으로 사용하지않고 대화와 화해로 풀려고했던 것이다. #@문장구분#내가 만약 킹목사였으면 정말 생명까지 위협을 당하면서 이런일은 하고시지도 않았고 일찍이 폭룍을 사용하지않았을까 라는 생각을 하게 되었다. #@문장구분#또 책을 읽으면서 정말 옛날 백인들을 정말 죽이고 싶을 정도로 너무 잔인한 생각이 들었다.#@문장구분# 단지 피부색깔이 다르다고 노예로 삼고 차별을 하다니..#@문장구분#정말 나는 이해할 수가 없었다.#@문장구분# 만약 자기네들도 흑인들의 노예가 되어 차별 당했으면 똑같이 기분이 나빴을 텐데 말이다. #@문장구분#며칠 전, 신문에서 어떤 사람이 크레파스와 색채물감에 살색이라고 쓰여진 것도 하나의 인종차별문제와 관련이 있다고 생각해서 먼제를 제가한 사건의 기사를 읽은 적이 있다.#@문장구분# 우리는 그냥 이제까지 살색이라는 용어가 아무렇지도 않게 사용하고 있었는데 이렇게 생각하는 사람이 잇었단니...#@문장구분# 이런 사람 때문에 이렇게 이 지구상의 흑인문제가 조금씩 해결해나가게 되는 것 같다.#@문장구분# 아직도 우리 지구상에는 흑인문제가 조금은 남아있는 것 같다.#@문장구분# 앞으로 이런 문제가 흑인과 백인의 폭력이 아닌 대화로 인해 잘 해결되어 다시는 이렇게 차별대우를 받는 흑인도 없어지고 차별하는 백인도 없어졌으면 좋겠다.",
      "paragraph_len": 2275,
      "paragraph_id": "001"
    }
  ],
  "score": {
    "paragraph_score": [
      {
        "paragraph_scoreT": [
          2.8,
          2.4,
          2.4
        ],
        "paragraph_scoreT_detail": {
          "paragraph_scoreT_exp": [
            [
              2,
              3,
              3
            ],
            [
              2,
              2,
              3
            ],
            [
              2,
              3,
              2
            ]
          ]
        },
        "paragraph_scoreT_avg": 2.5333333,
        "paragraph_id": "001"
      }
    ],
    "essay_scoreT": [
      29.4,
      27,
      25.2
    ],
    "essay_scoreT_avg": 27.200003,
    "essay_scoreT_detail": {
      "essay_scoreT_org": [
        [
          3,
          3,
          3,
          3
        ],
        [
          3,
          3,
          3,
          3
        ],
        [
          2,
          2,
          3,
          3
        ]
      ],
      "essay_scoreT_cont": [
        [
          3,
          3,
          3,
          3
        ],
        [
          2,
          3,
          3,
          3
        ],
        [
          2,
          3,
          3,
          3
        ]
      ],
      "essay_scoreT_exp": [
        [
          2,
          3,
          3
        ],
        [
          2,
          2,
          3
        ],
        [
          2,
          3,
          2
        ]
      ]
    }
  },
  "student": {
    "date": "2021.12.08",
    "student_educated": true,
    "student_grade": "고등_2학년",
    "location": "063",
    "student_grade_group": "고등",
    "student_reading": 1
  },
  "rubric": {
    "essay_grade": "고등_2학년",
    "organization_weight": {
      "org_paragraph": 3,
      "org": 3,
      "org_essay": 3,
      "org_coherence": 3,
      "org_quantity": 1
    },
    "essay_type": "주장",
    "content_weight": {
      "con_clearance": 3,
      "con_novelty": 3,
      "con": 4,
      "con_prompt": 1,
      "con_description": 3
    },
    "essay_main_subject": "인종차별에 대한 본인의 생각",
    "expression_weight": {
      "exp_style": 4,
      "exp_grammar": 2,
      "exp_vocab": 4,
      "exp": 3
    }
  },
  "correction": [],
  "info": {
    "essay_id": "ESSAY_57423",
    "essay_prompt": " 최근 중국발 코로나바이러스로 인해 동양인에 대한 혐오감을 나타내는 서양인들이 늘어나고 있습니다. 그로 인해, 매스컴이나 SNS에서 인종차별을 받아 힘들어하는 동양인들을 자주 목격할 수 있습니다.\n\n 하지만, 최근에만 인종차별이 존재했을까요? 아닙니다. 아주 오래전부터 다른 인종에 대한 차별은 있었습니다.\n\n 우리나라에서는 인종차별을 안 하고 있을까요? 아닙니다. 우리나라에서도 알게 모르게 많은 부분에서 다른 국가의 사람들에 대해 인종차별을 하고 있으며 누군가에게 상처를 주고 있습니다.\n\n 즉, 인종차별은 누군가의 문제가 아니라 우리 모두의 문제입니다.\n\n 여러분들은 인종차별을 당해보신 적 있나요? 인종차별을 하는 사람들에 대해 어떻게 생각하시나요? 왜 생겨났다고 생각하나요? 인종차별을 근절하기 위해서는 어떻게 해야 할까요? 인종차별을 하는 사람들에 대해 전 세계적으로 처벌의 강도를 높여야 할까요?\n\n 인종차별을 하는 사람들에 대한 본인의 생각을 작성하고 인종차별은 해결할 수 있는 문제일지 아니면 해결하지 어려운 문제일지 작성해주세요. 또한, 그렇게 생각한 이유와 본인이 생각한 해결방법 혹은 해결할 수 없다면 왜 해결할 수 없다고 생각하는지 작성해주세요.",
    "essay_type": "주장",
    "essay_level": "1",
    "essay_len": 1715,
    "essay_main_subject": "인종차별에 대한 본인의 생각"
  }
}