{
  "paragraph": [
    {
      "paragraph_txt": "백신의 지적재산권 무상으로 공개 찬성합니다.#@문장구분# 지식의 독점을 막기 위해 만들어진 '카피레프트'라는 용어 또한 글자그대로 저작권을 뜻하는 카피라이트에 반대한다는 뜻에서 붙여졌습니다. #@문장구분#즉, 저작권이 창작자의 권리에 초점을 두면 정보 독점의 부작용을 낳을 수 있기 때문에 카피레프트가 나온 것입니다. #@문장구분#저작권을 엄격하게 적용하면 문화·예술 분야 창작물이 널리 이용될 수 없다고 생각합니다. #@문장구분#소수의 창작자가 지식과 정보를 독점해서는 안 된다는 게 카피레프트의 근본정신이지만, 그렇다고 카피레프트가 남의 저작권을 전혀 인정하지 않거나 저작물을 모두 공짜로 써야 한다고 생각하는 것은 아닙니다. #@문장구분#카피레프트는 창작자가 저작권을 스스로 포기하는 방식으로 나타납니다. #@문장구분#즉 자신의 저작물을 다른 사람이 자유롭게 이용해도 된다는 별도 표지를 붙여 정보 공유를 하는 것입니다. #@문장구분#지식은 개인 소유물인가 사회 자산인가에 대해 카피라이트와 카피레프트를 가르는 잣대는 지식과 정보를 보는 관점이라고 볼 수 있습니다.#@문장구분# 카피라이트는 지식·정보와 이를 매개로 한 저작물을 개인 자산이라고 보며, 지식을 제공하기 위한 개인의 노력에 초점을 둔 것입니다. #@문장구분#반면에 카피레프트는 지식·정보·저작물을 개인이 아닌 사회 자산이라고 보며, 인류가 이뤄 놓은 지식을 기초로 창작이 이뤄진다는 생각에서 나온 것입니다. #@문장구분#저는 백신에 대한 지적 재산권, 특허권 또한 이러한 이유들로 무상으로 공개해야된다는 입장입니다.#@문장구분# 더 나아가 지식이나 저작물은 다른 사람과 나눠도 없어지지 않는데다 이용·향유가 늘수록 창작 행위가 활발하게 이뤄질 수 있다고 생각합니다. #@문장구분#지식재산권을 찬성하시는 분들은 그 창작의 고통과 자신의 창의성을 중요시하게 생각할 수도 있습니다.#@문장구분# 하지만 전 세계에서 변이 바이러스는 끊임없이 생겨나게 될 것이며, 그렇게 된다면 백신을 맞은 사람들도 결코 안심할 수 없게 될 것입니다.#@문장구분# 따라서 빠르고 공평하게 백신을 접종할 수 있도록 만드는 일은 매우 중요합니다.",
      "paragraph_len": 1238,
      "paragraph_id": "001"
    }
  ],
  "score": {
    "paragraph_score": [
      {
        "paragraph_scoreT": [
          2,
          2,
          2
        ],
        "paragraph_scoreT_detail": {
          "paragraph_scoreT_exp": [
            [
              2,
              2,
              2
            ],
            [
              2,
              2,
              2
            ],
            [
              2,
              2,
              2
            ]
          ]
        },
        "paragraph_scoreT_avg": 2,
        "paragraph_id": "001"
      }
    ],
    "essay_scoreT": [
      23.7,
      20.3,
      20.3
    ],
    "essay_scoreT_avg": 21.433334,
    "essay_scoreT_detail": {
      "essay_scoreT_org": [
        [
          3,
          2,
          3,
          3
        ],
        [
          2,
          2,
          2,
          3
        ],
        [
          2,
          2,
          2,
          3
        ]
      ],
      "essay_scoreT_cont": [
        [
          3,
          2,
          3,
          2
        ],
        [
          2,
          2,
          2,
          2
        ],
        [
          2,
          2,
          2,
          2
        ]
      ],
      "essay_scoreT_exp": [
        [
          2,
          2,
          2
        ],
        [
          2,
          2,
          2
        ],
        [
          2,
          2,
          2
        ]
      ]
    }
  },
  "student": {
    "date": "2021.12.21",
    "student_educated": true,
    "student_grade": "고등_2학년",
    "location": "031",
    "student_grade_group": "고등",
    "student_reading": 1
  },
  "rubric": {
    "essay_grade": "고등_2학년",
    "organization_weight": {
      "org_paragraph": 3,
      "org": 3,
      "org_essay": 3,
      "org_coherence": 3,
      "org_quantity": 1
    },
    "essay_type": "주장",
    "content_weight": {
      "con_clearance": 3,
      "con_novelty": 3,
      "con": 4,
      "con_prompt": 1,
      "con_description": 3
    },
    "essay_main_subject": "지적 재산권에 대한 본인의 생각 작성",
    "expression_weight": {
      "exp_style": 4,
      "exp_grammar": 2,
      "exp_vocab": 4,
      "exp": 3
    }
  },
  "correction": [],
  "info": {
    "essay_id": "ESSAY_69793",
    "essay_prompt": " 지적재산권이란 특허권, 실용신안권, 상표권, 디자인권을 총칭하는 개념으로 지적재산권법은 정보생산자에게 일정기간 동안 시장에서의 배타적 지위를 부여하고 있습니다.\n\n 즉, 지적 재산권은 특정 사람이 생각/창작해낸 것을 다른사람들의 무분별한 이용으로 부터 지켜주는 것입니다. 이러한 지적재산권은 개인 혹은 회사 더 나아가 나라에 귀속될 수 있습니다.\n\n 다만, 코로나 시대인 요즘 전 세계적인 재앙인 코로나를 물리칠 수 있는 백신에 대한 지적재산권을 자유롭게 풀어야한다는 의견이 계속해서 나오고 있습니다. \n\n 지적 재산권이 있는 제약회사가 있는 나라의 경우 백신이 충분하며 백신을 맞는 것이 선택의 문제인 반면, 그렇지 못한 나라는 백신을 맞고 싶어도 맞지 못하는 사람들이 많고 항체가 없어 사망하는 경우도 비교적 많이 때문입니다.\n\n 전 세계의 문제를 해결하기 위해 수 많은 돈을 들여 개발한 백신의 지적재산권을 공유하는 것이 의무화 되어야 할까요? 아니면 회사의 선택에 맡겨야할까요? 보상은 어떻게 해야할까요? \n\n 전 세계에 무상으로 공개 해야 한다는 의견이 있을 수도 있고 무상으로 공개한 회사의 경우 팬더믹 상황이 종결 된 후 따로 보상을 해주어야 한다는 의견도 있을 겁니다. 지적재산권의 변하지 않는 신뢰를 위해서라도 무상 공개는 절대 있어서는 안된다는 의견도 있을 것입니다.\n\n 지금까지도 펜더믹 상황에서 코로나19 백신에 대한 특허권을 보장해야 하느냐 풀어야 하느냐 의견이 분분합니다. 이에 대한 자신의 주장을 작성해주세요. 또한, 그렇게 생각한 이유도 설명해주세요.",
    "essay_type": "주장",
    "essay_level": "1",
    "essay_len": 959,
    "essay_main_subject": "지적 재산권에 대한 본인의 생각 작성"
  }
}