{
  "paragraph": [
    {
      "paragraph_txt": "저는 백신이나, 먹는 코로나 치료제 등에 대해 특허권을 보장해줘야한다고 생각합니다.#@문장구분# 이번에 먹는 코로나 치료제를 만든 회사 머크에서 저소득 국가 100여국을 대상으로 제조 특허권을 열어주어 화제가 되었습니다. #@문장구분#이러한 시국에 누구에게 보호받지 못하고 있는 저소득 국가들에게는 굉장히 좋은 일이라고 할 수 있습니다. #@문장구분#그렇지만 그 동안 백신 회사들이 열심히 특허권을 지키려고 하는데에는 이유가 있을 것입니다.#@문장구분# 비상상황에 의해 특허권을 일시적으로 열어주는 것이 세계적으로 봤을 때는 인류애적이고 좋은 현상일 수입니다.#@문장구분# 한 제약회서에서 그 백신을 만들기 위해 기술이나 제조를 시행했던 비용들을 책임져줄 사람이 없다는 것에 의미이기도 합니다.#@문장구분# 만약 내가 기술을 만들기 위해 시간적이나 기술을 무료로 제공하라는 국가들의 이야기를 그냥 들어줬을 때 나에게는 너의 재능을 그냥 기부 하다고 하자라고 생각할 것 같습니다. #@문장구분#또한 비용이나 시간이 없으면 다음에 이런 상황이 생겼을 때 나라는 사람이 이것을 다시 연구하고 개발하려고 할까라는 질문에 대해 회의적이라면 너무 많은 시간과 비용 그리고 나의 노력이 들어가기에 그것을 알아주지 못한다면 안 할 것 같기 때문이다.#@문장구분# 이번 마크의 행보는 굉장히 칭찬받을만한 것이 마땅하다고 생각합니다. #@문장구분#하지만 그것이 모두에게 '선행'일지에 대해서는 회의적이라는 의미인 것일 수도 있습니다. #@문장구분#그리고 이번 머크의 행보로 인해 머크 다음으로 화이자 코로나19 치료제가 유력하게 한시개방을 허용할 것이라는 이야기가 떠돌고 있습니다.#@문장구분# 화이자가 mRNA 백신 특허의 한시적인 개방도 동의하지 않으며 전 세계적으로 비난을 받았기 때문이라는 이유입니다.#@문장구분# 화이자는 이미 많은 사람들을 살리는데에 도움이 되었다고 합니다.#@문장구분# 너무 지나친 비판은 그들이 다음에 이런 사태가 생겼을 때 움직이지 않을 수 있는 큰 이유가 될 수 있습니다.",
      "paragraph_len": 1170,
      "paragraph_id": "001"
    }
  ],
  "score": {
    "paragraph_score": [
      {
        "paragraph_scoreT": [
          2,
          2,
          2
        ],
        "paragraph_scoreT_detail": {
          "paragraph_scoreT_exp": [
            [
              2,
              2,
              2
            ],
            [
              2,
              2,
              2
            ],
            [
              2,
              2,
              2
            ]
          ]
        },
        "paragraph_scoreT_avg": 2,
        "paragraph_id": "001"
      }
    ],
    "essay_scoreT": [
      27,
      26.1,
      24.900002
    ],
    "essay_scoreT_avg": 26,
    "essay_scoreT_detail": {
      "essay_scoreT_org": [
        [
          3,
          3,
          3,
          3
        ],
        [
          2,
          3,
          3,
          3
        ],
        [
          2,
          3,
          3,
          3
        ]
      ],
      "essay_scoreT_cont": [
        [
          3,
          3,
          3,
          3
        ],
        [
          3,
          3,
          3,
          3
        ],
        [
          3,
          2,
          3,
          3
        ]
      ],
      "essay_scoreT_exp": [
        [
          2,
          2,
          2
        ],
        [
          2,
          2,
          2
        ],
        [
          2,
          2,
          2
        ]
      ]
    }
  },
  "student": {
    "date": "2021.12.20",
    "student_educated": true,
    "student_grade": "고등_2학년",
    "location": "044",
    "student_grade_group": "고등",
    "student_reading": 1
  },
  "rubric": {
    "essay_grade": "고등_2학년",
    "organization_weight": {
      "org_paragraph": 3,
      "org": 3,
      "org_essay": 3,
      "org_coherence": 3,
      "org_quantity": 1
    },
    "essay_type": "주장",
    "content_weight": {
      "con_clearance": 3,
      "con_novelty": 3,
      "con": 4,
      "con_prompt": 1,
      "con_description": 3
    },
    "essay_main_subject": "지적 재산권에 대한 본인의 생각 작성",
    "expression_weight": {
      "exp_style": 4,
      "exp_grammar": 2,
      "exp_vocab": 4,
      "exp": 3
    }
  },
  "correction": [],
  "info": {
    "essay_id": "ESSAY_69789",
    "essay_prompt": " 지적재산권이란 특허권, 실용신안권, 상표권, 디자인권을 총칭하는 개념으로 지적재산권법은 정보생산자에게 일정기간 동안 시장에서의 배타적 지위를 부여하고 있습니다.\n\n 즉, 지적 재산권은 특정 사람이 생각/창작해낸 것을 다른사람들의 무분별한 이용으로 부터 지켜주는 것입니다. 이러한 지적재산권은 개인 혹은 회사 더 나아가 나라에 귀속될 수 있습니다.\n\n 다만, 코로나 시대인 요즘 전 세계적인 재앙인 코로나를 물리칠 수 있는 백신에 대한 지적재산권을 자유롭게 풀어야한다는 의견이 계속해서 나오고 있습니다. \n\n 지적 재산권이 있는 제약회사가 있는 나라의 경우 백신이 충분하며 백신을 맞는 것이 선택의 문제인 반면, 그렇지 못한 나라는 백신을 맞고 싶어도 맞지 못하는 사람들이 많고 항체가 없어 사망하는 경우도 비교적 많이 때문입니다.\n\n 전 세계의 문제를 해결하기 위해 수 많은 돈을 들여 개발한 백신의 지적재산권을 공유하는 것이 의무화 되어야 할까요? 아니면 회사의 선택에 맡겨야할까요? 보상은 어떻게 해야할까요? \n\n 전 세계에 무상으로 공개 해야 한다는 의견이 있을 수도 있고 무상으로 공개한 회사의 경우 팬더믹 상황이 종결 된 후 따로 보상을 해주어야 한다는 의견도 있을 겁니다. 지적재산권의 변하지 않는 신뢰를 위해서라도 무상 공개는 절대 있어서는 안된다는 의견도 있을 것입니다.\n\n 지금까지도 펜더믹 상황에서 코로나19 백신에 대한 특허권을 보장해야 하느냐 풀어야 하느냐 의견이 분분합니다. 이에 대한 자신의 주장을 작성해주세요. 또한, 그렇게 생각한 이유도 설명해주세요.",
    "essay_type": "주장",
    "essay_level": "1",
    "essay_len": 910,
    "essay_main_subject": "지적 재산권에 대한 본인의 생각 작성"
  }
}