{
  "paragraph": [
    {
      "paragraph_txt": "나는 동양인을 왜 차별하는지 잘 이해가 가지 않는다. #@문장구분#왜냐면 서로 같은 사람이고 같은 이격을 가진 존재인데 생김새나 어떠한 특징을 가지고 사람을 차별화 시키는게 이해가 안된다. #@문장구분#유튜브에도 보면 많은 인종의 사람들이 모여서 살고 있는 미국에서 조차 동양인을 놀리고 차별화 하는 것이 보인다. #@문장구분#심지어 랜덤 화상통화를 하는 영상에서도 동양인 것을 보자마자 한 외국인이 눈을 찢으며 헤이 바나나 이런 저런 동양인을 차별화하고 놀리는 듯한 인종 차별을 하는 것을 봤다. #@문장구분#이러한 차별은 없어져야 한다고 생각한다.#@문장구분# 이제 세상이 점점 국경을 허물고하는 글로벌화가 되어야 한다.#@문장구분# 동양인을 무시하는 행동이나 발언을 하는 사람은 물론이고 흑인을 차별하는 백인 우월주의를 지지하는 사람들도 사라져야 한다.#@문장구분# 얼굴의 생김새나 문화의 차이 또한 얼굴색의 차이로 차별을 하는 사람들은 글로벌 시대에 맞지 않는 구시대적 인물임이 틀림없다.#@문장구분#우리나라에서는 어렸을 때부터 다문화 교육이나 다문화 체험을 많이 한다. #@문장구분#이러한 교육을 받는 이유는 대한미국 사람이 다른나라에 가서 인종 차별을 하면 대한민국의 위상을 떨어뜨리는 짓이고 요즘에는 외국인 노동자를 많이 고용하고 국제 결혼도 많이 하기 때문에 하는 일이다.#@문장구분# 이렇게 어릴 때부터 교육을 조금씩 받는다면 인종 차별을 하는 사람이나 받는 사랑이 줄어들 것이라고 생각한다. #@문장구분#정말 인종차별을 하는 사람들은 생각이 아직 덜 성숙 한 사람이라고 생각한다. #@문장구분#앞으로는 제발 인종차별이 없어졌으면 좋겠고 사람들이 상처받지 않았으면 좋겠다. #@문장구분#앞으로의 미래에는 인종차별로 인해 상처받고 고통 받는 사람들이 줄어들었으면 좋겠다. #@문장구분#그러기 위해서는 우리 먼저 인종차별을 하지 않는 태도를 보여주어야 할 것으로 생각한다.#@문장구분# 그러다 보면 언젠가는 인종차별이 사라질 수 있을 것이라고 나는 믿어 의심치 않는다.#@문장구분# 꼭 인종차별은 사라져야할 악습이다.#@문장구분# 피부색으로 사람을 평가하는 것은 너무 가혹한 행위라고 생각한다.",
      "paragraph_len": 1288,
      "paragraph_id": "001"
    }
  ],
  "score": {
    "paragraph_score": [
      {
        "paragraph_scoreT": [
          3,
          3,
          3
        ],
        "paragraph_scoreT_detail": {
          "paragraph_scoreT_exp": [
            [
              3,
              3,
              3
            ],
            [
              3,
              3,
              3
            ],
            [
              3,
              3,
              3
            ]
          ]
        },
        "paragraph_scoreT_avg": 3,
        "paragraph_id": "001"
      }
    ],
    "essay_scoreT": [
      30,
      26,
      26
    ],
    "essay_scoreT_avg": 27.333334,
    "essay_scoreT_detail": {
      "essay_scoreT_org": [
        [
          3,
          3,
          3,
          3
        ],
        [
          3,
          3,
          3,
          3
        ],
        [
          3,
          3,
          3,
          3
        ]
      ],
      "essay_scoreT_cont": [
        [
          3,
          3,
          3,
          3
        ],
        [
          2,
          2,
          2,
          2
        ],
        [
          2,
          2,
          2,
          2
        ]
      ],
      "essay_scoreT_exp": [
        [
          3,
          3,
          3
        ],
        [
          3,
          3,
          3
        ],
        [
          3,
          3,
          3
        ]
      ]
    }
  },
  "student": {
    "date": "2021.12.16",
    "student_educated": true,
    "student_grade": "고등_2학년",
    "location": "063",
    "student_grade_group": "고등",
    "student_reading": 3
  },
  "rubric": {
    "essay_grade": "고등_2학년",
    "organization_weight": {
      "org_paragraph": 3,
      "org": 3,
      "org_essay": 3,
      "org_coherence": 3,
      "org_quantity": 1
    },
    "essay_type": "주장",
    "content_weight": {
      "con_clearance": 3,
      "con_novelty": 3,
      "con": 4,
      "con_prompt": 1,
      "con_description": 3
    },
    "essay_main_subject": "인종차별에 대한 본인의 생각",
    "expression_weight": {
      "exp_style": 4,
      "exp_grammar": 2,
      "exp_vocab": 4,
      "exp": 3
    }
  },
  "correction": [],
  "info": {
    "essay_id": "ESSAY_66935",
    "essay_prompt": " 최근 중국발 코로나바이러스로 인해 동양인에 대한 혐오감을 나타내는 서양인들이 늘어나고 있습니다. 그로 인해, 매스컴이나 SNS에서 인종차별을 받아 힘들어하는 동양인들을 자주 목격할 수 있습니다.\n\n 하지만, 최근에만 인종차별이 존재했을까요? 아닙니다. 아주 오래전부터 다른 인종에 대한 차별은 있었습니다.\n\n 우리나라에서는 인종차별을 안 하고 있을까요? 아닙니다. 우리나라에서도 알게 모르게 많은 부분에서 다른 국가의 사람들에 대해 인종차별을 하고 있으며 누군가에게 상처를 주고 있습니다.\n\n 즉, 인종차별은 누군가의 문제가 아니라 우리 모두의 문제입니다.\n\n 여러분들은 인종차별을 당해보신 적 있나요? 인종차별을 하는 사람들에 대해 어떻게 생각하시나요? 왜 생겨났다고 생각하나요? 인종차별을 근절하기 위해서는 어떻게 해야 할까요? 인종차별을 하는 사람들에 대해 전 세계적으로 처벌의 강도를 높여야 할까요?\n\n 인종차별을 하는 사람들에 대한 본인의 생각을 작성하고 인종차별은 해결할 수 있는 문제일지 아니면 해결하지 어려운 문제일지 작성해주세요. 또한, 그렇게 생각한 이유와 본인이 생각한 해결방법 혹은 해결할 수 없다면 왜 해결할 수 없다고 생각하는지 작성해주세요.",
    "essay_type": "주장",
    "essay_level": "1",
    "essay_len": 949,
    "essay_main_subject": "인종차별에 대한 본인의 생각"
  }
}