{
  "paragraph": [
    {
      "paragraph_txt": "옛날에는 흑인과 백인은 인종 차별을 받았었다.#@문장구분# 흑인은 단지 피부가 검다는 이유만으로 짐승처럼 여기어져 왔고 백인은 단지 피부가 희다는 이유로 흑인과는 달리 귀족처럼 살아갔다.#@문장구분# 그러나 이러한 흑인들에게도 영웅이 있었다. #@문장구분#아마 흑인들의 영웅 하면은 모든 사람들 중 대부분은 링컨을 생각할 것이다.#@문장구분# 링컨은 미국에서 흑인노예들을 해방한 대통령이기 때문이다.#@문장구분# 그러나 잘 알려지지는 않은 위대한 흑인들의 영웅이 있었다. #@문장구분#그의 이름은 바로 넬슨 만델라이다. #@문장구분#1918 여름, 남아프리카의 작은 마을에서 한명의 위대한 영웅이 태어났다.#@문장구분# 그의 이름은 바로 넬슨 만델라였다.#@문장구분# 당시 아프리카에 아파르트헤이트 라고 하는 남아공의 인종차별이 있었다. #@문장구분#아파르트헤이트는 백인, 즉 유럽인이 흑인들을 다스리는 것이었다.#@문장구분# 확실한 인종차별정책이었다.#@문장구분# 버스도 좋은 자리는 백인만이 앉을 수 있었고 심지어 놀이기구 마저도 백인들만 탈 수 있는 것들이 있었다.#@문장구분# 심지어 백인들이 사는 마을을 지나갈 때는 통행증이 없는 흑인들은 한발도 내딛지 못하고 쫓겨나게 되었다. #@문장구분#이러한 백인들의 탄압에 흑인들은 이럴 수도 저럴 수도 없이 고통스럽게 당하고만 있어야 했다.#@문장구분# 비록 피부의 색이 다르더라도 어떻게 그렇게 인종차별을 할 수 있는지, 어떻게 그렇게 잔인 할 수 있는지 놀랍기조차 하였다. #@문장구분#이 때, 넬슨 만델라는 흑인들을 이끌고 정부와 투쟁을 벌이기 시작했다. #@문장구분#그는 처음에는 폭력적으로 운영을 했으나 간디의 비폭력적 운동을 생각하여 폭력적 시위를 멈추었다. #@문장구분#그는 동에 번쩍 서에 번쩍하며 검은 별봄맞이 꽃이라는 별명까지 얻었다. #@문장구분#그러나 그는 결국 경찰들에게 붙잡혔고 종신형을 선고 받았다. #@문장구분#종신형, 어떻게 흑인들을 위해 목숨을 바쳐 백인들과 투쟁을 하는 사람이라고 해도 큰 죄도 없는 사람한테 종신형을 내린다는 것인가?#@문장구분# \n이렇게 되자, 흑인들의 분노가 폭발했다. #@문장구분#백인들을 우대하는 버스는 전혀 타지 않고, 계속해서 시위를 벌이면서 항쟁을 하였다.#@문장구분# 이에 정부도 어찌 할 수 없었다. #@문장구분#그래서 넬슨 만델라는 석방하는 대신 폭력시위를 그만 두라고 하였다.#@문장구분# 그러나 만델라는 거절하였다.#@문장구분# 인간의 존엄성은 무시당하면 안 된다는 것이었다. #@문장구분#이 부분에서 나는 넬슨 만델라의 뜨거운 투쟁심과 열정, 그리고 인간의 존엄성의 소중함을 깨달았다. #@문장구분#결국 궁지에 몰린 정부는 1990년 27년 만에 넬슨 만델라를 석방했다.#@문장구분# 흑인들의 영웅은 결국 백인들의 감시 속에서 풀려나와 흑인들의 품으로 돌아간 것이었다. #@문장구분#그리고 나서 넬슨 만델라는 명예있는 흑인들의 대표로서 대통령자리에 올랐다.#@문장구분# 최초의 흑인 대통령이었다. #@문장구분#아프리카의 꺼지지 않는 희망, 흑인들의 자유를 위해 싸운 흑인대표, 인간의 존엄성과 평등을 위해 모든 것을 바친 흑인, 지속적인 평화를 외친 흑인, 넬슨 만델라는 흑인과 세상을 위해 일하였다.#@문장구분# 그는 백인들에게 전혀 보복을 하지 않았으며 백인과 흑인이 한 가족처럼 살 수 있게 노력하였다.#@문장구분# 그리고 그는 백인들과 흑인들이 평등하고 공정하게 어울려 사는 무지개국가를 완성하였다. #@문장구분#그는 결국 그가 그토록 갈망하던 꿈을 실천한 것이었다.#@문장구분# 후에 넬슨 만델라는 흑인들은 물론이고 백인들에게까지 존경받는 위인이 되었으며 결국 노벨평화상을 받았다.#@문장구분# 그는 흑인들의 기억 속에서 결코 잊혀 지지 않을 영웅으로서 그의 업적은 계속 타오를 것이다.",
      "paragraph_len": 2341,
      "paragraph_id": "001"
    }
  ],
  "score": {
    "paragraph_score": [
      {
        "paragraph_scoreT": [
          3,
          3,
          2.8
        ],
        "paragraph_scoreT_detail": {
          "paragraph_scoreT_exp": [
            [
              3,
              3,
              3
            ],
            [
              3,
              3,
              3
            ],
            [
              2,
              3,
              3
            ]
          ]
        },
        "paragraph_scoreT_avg": 2.9333334,
        "paragraph_id": "001"
      }
    ],
    "essay_scoreT": [
      30,
      30,
      28.2
    ],
    "essay_scoreT_avg": 29.4,
    "essay_scoreT_detail": {
      "essay_scoreT_org": [
        [
          3,
          3,
          3,
          3
        ],
        [
          3,
          3,
          3,
          3
        ],
        [
          3,
          3,
          3,
          3
        ]
      ],
      "essay_scoreT_cont": [
        [
          3,
          3,
          3,
          3
        ],
        [
          3,
          3,
          3,
          3
        ],
        [
          2,
          3,
          3,
          3
        ]
      ],
      "essay_scoreT_exp": [
        [
          3,
          3,
          3
        ],
        [
          3,
          3,
          3
        ],
        [
          2,
          3,
          3
        ]
      ]
    }
  },
  "student": {
    "date": "2021.12.08",
    "student_educated": true,
    "student_grade": "고등_2학년",
    "location": "063",
    "student_grade_group": "고등",
    "student_reading": 1
  },
  "rubric": {
    "essay_grade": "고등_2학년",
    "organization_weight": {
      "org_paragraph": 3,
      "org": 3,
      "org_essay": 3,
      "org_coherence": 3,
      "org_quantity": 1
    },
    "essay_type": "주장",
    "content_weight": {
      "con_clearance": 3,
      "con_novelty": 3,
      "con": 4,
      "con_prompt": 1,
      "con_description": 3
    },
    "essay_main_subject": "인종차별에 대한 본인의 생각",
    "expression_weight": {
      "exp_style": 4,
      "exp_grammar": 2,
      "exp_vocab": 4,
      "exp": 3
    }
  },
  "correction": [],
  "info": {
    "essay_id": "ESSAY_57432",
    "essay_prompt": " 최근 중국발 코로나바이러스로 인해 동양인에 대한 혐오감을 나타내는 서양인들이 늘어나고 있습니다. 그로 인해, 매스컴이나 SNS에서 인종차별을 받아 힘들어하는 동양인들을 자주 목격할 수 있습니다.\n\n 하지만, 최근에만 인종차별이 존재했을까요? 아닙니다. 아주 오래전부터 다른 인종에 대한 차별은 있었습니다.\n\n 우리나라에서는 인종차별을 안 하고 있을까요? 아닙니다. 우리나라에서도 알게 모르게 많은 부분에서 다른 국가의 사람들에 대해 인종차별을 하고 있으며 누군가에게 상처를 주고 있습니다.\n\n 즉, 인종차별은 누군가의 문제가 아니라 우리 모두의 문제입니다.\n\n 여러분들은 인종차별을 당해보신 적 있나요? 인종차별을 하는 사람들에 대해 어떻게 생각하시나요? 왜 생겨났다고 생각하나요? 인종차별을 근절하기 위해서는 어떻게 해야 할까요? 인종차별을 하는 사람들에 대해 전 세계적으로 처벌의 강도를 높여야 할까요?\n\n 인종차별을 하는 사람들에 대한 본인의 생각을 작성하고 인종차별은 해결할 수 있는 문제일지 아니면 해결하지 어려운 문제일지 작성해주세요. 또한, 그렇게 생각한 이유와 본인이 생각한 해결방법 혹은 해결할 수 없다면 왜 해결할 수 없다고 생각하는지 작성해주세요.",
    "essay_type": "주장",
    "essay_level": "1",
    "essay_len": 1603,
    "essay_main_subject": "인종차별에 대한 본인의 생각"
  }
}