{
  "paragraph": [
    {
      "paragraph_txt": "제가 했던 착한 선행은 버스에서 할머니의 자리를 비켜줬을때 일이에요.#@문장구분# 그때는 정말 버스에 간신이 타서 조금 쉬울겸 모래 앉아있고 싶었었는데 갑자기 늙어보이는 할머니가 타셔 한번 눈치를 주셨어요.#@문장구분# 그래서 제가 그걸 알아보고 싹하고 자리에서 일어나서 같은 뒷자리로 가게 되었을때는 정말 기분이 나빴어요.#@문장구분# 자리를 뺐꼈는데 누가 기분이 좋겠어요?#@문장구분# 근데 갑자기 뿌듯한 마음도 들고 그랬어요.#@문장구분# 그래서 걍 버스에서 목적지에 도착해서 내렸어요.#@문장구분#",
      "paragraph_len": 360,
      "paragraph_id": "001"
    }
  ],
  "score": {
    "paragraph_score": [
      {
        "paragraph_scoreT": [
          1,
          2,
          1.5714285
        ],
        "paragraph_scoreT_detail": {
          "paragraph_scoreT_exp": [
            [
              1,
              1,
              0
            ],
            [
              2,
              2,
              0
            ],
            [
              2,
              1,
              0
            ]
          ]
        },
        "paragraph_scoreT_avg": 1.5238094,
        "paragraph_id": "001"
      }
    ],
    "essay_scoreT": [
      12.4,
      15.133333,
      13.419047
    ],
    "essay_scoreT_avg": 13.650794,
    "essay_scoreT_detail": {
      "essay_scoreT_org": [
        [
          1,
          0,
          0,
          1
        ],
        [
          1,
          0,
          0,
          2
        ],
        [
          1,
          0,
          0,
          2
        ]
      ],
      "essay_scoreT_cont": [
        [
          1,
          2,
          0,
          2
        ],
        [
          1,
          1,
          0,
          2
        ],
        [
          1,
          1,
          0,
          2
        ]
      ],
      "essay_scoreT_exp": [
        [
          1,
          1,
          0
        ],
        [
          2,
          2,
          0
        ],
        [
          2,
          1,
          0
        ]
      ]
    }
  },
  "student": {
    "date": "2021.11.04",
    "student_educated": true,
    "student_grade": "초등_4학년",
    "location": "042",
    "student_grade_group": "초등",
    "student_reading": 3
  },
  "rubric": {
    "essay_grade": "초등_4학년",
    "organization_weight": {
      "org_paragraph": 0,
      "org": 2,
      "org_essay": 5,
      "org_coherence": 0,
      "org_quantity": 1
    },
    "essay_type": "설명글",
    "content_weight": {
      "con_clearance": 4,
      "con_novelty": 4,
      "con": 4,
      "con_prompt": 0,
      "con_description": 2
    },
    "essay_main_subject": "나의 선행",
    "expression_weight": {
      "exp_style": 0,
      "exp_grammar": 4,
      "exp_vocab": 3,
      "exp": 4
    }
  },
  "correction": [
    {
      "sentence_corr_txt_grammar": "제가 했던 착한 선행은 버스에서 할머니의 자리를 비켜드렸을 때 일이에요.",
      "sentence_corr_reason": [
        ""
      ],
      "sentence_id": "0001",
      "sentence_corr_type": [
        "문법"
      ],
      "sentence_corr_detail_type": [
        "높임법"
      ],
      "sentence_txt": "제가 했던 착한 선행은 버스에서 할머니의 자리를<문법_높임법> 비켜줬을</문법_높임법>때 일이에요.",
      "sentence_corr_txt_styling": "",
      "paragraph_id": "001"
    },
    {
      "sentence_corr_txt_grammar": " 그때는 정말 버스에 간신히 타서 조금 쉴 겸 오래 앉아있고 싶었었는데 갑자기 늙어보이는 할머니가 타셔서 한번 눈치를 주셨어요.",
      "sentence_corr_reason": [
        "",
        ""
      ],
      "sentence_id": "0002",
      "sentence_corr_type": [
        "문법",
        "문법"
      ],
      "sentence_corr_detail_type": [
        "맞춤법",
        "어미"
      ],
      "sentence_txt": " 그때는 정말 버스에 <문법_맞춤법>간신이 </문법_맞춤법>타서 조금 쉬울겸 모래 앉아있고 싶었었는데 갑자기 늙어보이는 할머니가 <문법_어미>타셔 </문법_어미>한번 눈치를 주셨어요.",
      "sentence_corr_txt_styling": "",
      "paragraph_id": "001"
    },
    {
      "sentence_corr_txt_grammar": " 그래서 제가 그걸 알아보고 싹하고 자리에서 일어나서 같은 뒷자리로 가게 되었을 때는 정말 기분이 나빴어요.",
      "sentence_corr_reason": [
        "띄어쓰기"
      ],
      "sentence_id": "0003",
      "sentence_corr_type": [
        "문법"
      ],
      "sentence_corr_detail_type": [
        "맞춤법"
      ],
      "sentence_txt": " 그래서 제가 그걸 알아보고 싹하고 자리에서 일어나서 같은 뒷자리로 가게 <문법_맞춤법>되었을때는 </문법_맞춤법>정말 기분이 나빴어요.",
      "sentence_corr_txt_styling": "",
      "paragraph_id": "001"
    },
    {
      "sentence_corr_txt_grammar": " 자리를 빼앗겼는데 누가 기분이 좋겠어요?",
      "sentence_corr_reason": [
        ""
      ],
      "sentence_id": "0004",
      "sentence_corr_type": [
        "문법"
      ],
      "sentence_corr_detail_type": [
        "맞춤법"
      ],
      "sentence_txt": " 자리를 <문법_맞춤법>뺐꼈는데 </문법_맞춤법>누가 기분이 좋겠어요?",
      "sentence_corr_txt_styling": "",
      "paragraph_id": "001"
    },
    {
      "sentence_corr_txt_grammar": " 그래서 그냥 버스에서 목적지에 도착해서 내렸어요.",
      "sentence_corr_reason": [
        ""
      ],
      "sentence_id": "0006",
      "sentence_corr_type": [
        "문법"
      ],
      "sentence_corr_detail_type": [
        "맞춤법"
      ],
      "sentence_txt": " 그래서 <문법_맞춤법>걍 </문법_맞춤법>버스에서 목적지에 도착해서 내렸어요.",
      "sentence_corr_txt_styling": "",
      "paragraph_id": "001"
    }
  ],
  "info": {
    "essay_id": "ESSAY_47547",
    "essay_prompt": " 우리 주변에는 선행으로 다른 사람들에게 모범을 보이는 이웃들이 많이 있습니다. 여기서 선행은 착한 행동과 착한 마음을 의미해요.\n\n 무거운 짐을 나르는 할머니를 도와드리는 착한 학생, 도망치는 소매치기를 같이 잡아주는 멋진 대학생, 서비스를 많이 주시는 떡볶이집 사장님같이 착한 행동을 기반으로 누군가에게 도움과 행복을 주지요.\n\n 이처럼 나의 착한 마음이 다른 사람에게 큰 기쁨을 줄 수도 있습니다. 여러분도 착한 행동을 한 경험이 있나요? 어떤 선행을 했었는지 자신의 경험을 적고 그때 느꼈던 감정도 작성해보세요.",
    "essay_type": "설명글",
    "essay_level": "3",
    "essay_len": 240,
    "essay_main_subject": "나의 선행"
  }
}