{
  "paragraph": [
    {
      "paragraph_txt": "네가 할머니랑 버스를 탔는데 어떤 할머니가 다리가 불편해 보여서 할머니한테 자리를 비켜주자고 하고 그 다리가 불편해보이는 할머니에게 여기에 앉으세요.#@문장구분# 그 할머니가 나에게 칭찬을 해주셔서 자랑스럽고 기뻤다. #@문장구분#할머니도 나에게 칭찬을 해주셔서 감사합니다 라고 얘기를 하고 버스를 내리는데 다리가 불편한 할머니도 같은 길이어서 네가 짐을 들어줬다.#@문장구분# 그할머니가 아이 아니야 괜찮아라고 했는데 아 괜찮아요 할머니 제가들어 들이깨요.#@문장구분#도착해서 안녕히가세요.#@문장구분#",
      "paragraph_len": 347,
      "paragraph_id": "001"
    }
  ],
  "score": {
    "paragraph_score": [
      {
        "paragraph_scoreT": [
          1.5714285,
          2,
          1.5714285
        ],
        "paragraph_scoreT_detail": {
          "paragraph_scoreT_exp": [
            [
              2,
              1,
              0
            ],
            [
              2,
              2,
              0
            ],
            [
              2,
              1,
              0
            ]
          ]
        },
        "paragraph_scoreT_avg": 1.7142857,
        "paragraph_id": "001"
      }
    ],
    "essay_scoreT": [
      16.619047,
      16.733334,
      16.35238
    ],
    "essay_scoreT_avg": 16.568253,
    "essay_scoreT_detail": {
      "essay_scoreT_org": [
        [
          1,
          0,
          0,
          2
        ],
        [
          1,
          0,
          0,
          2
        ],
        [
          2,
          0,
          0,
          1
        ]
      ],
      "essay_scoreT_cont": [
        [
          2,
          2,
          0,
          2
        ],
        [
          2,
          1,
          0,
          2
        ],
        [
          1,
          2,
          0,
          2
        ]
      ],
      "essay_scoreT_exp": [
        [
          2,
          1,
          0
        ],
        [
          2,
          2,
          0
        ],
        [
          2,
          1,
          0
        ]
      ]
    }
  },
  "student": {
    "date": "2021.11.04",
    "student_educated": true,
    "student_grade": "초등_4학년",
    "location": "042",
    "student_grade_group": "초등",
    "student_reading": 2
  },
  "rubric": {
    "essay_grade": "초등_4학년",
    "organization_weight": {
      "org_paragraph": 0,
      "org": 2,
      "org_essay": 5,
      "org_coherence": 0,
      "org_quantity": 1
    },
    "essay_type": "설명글",
    "content_weight": {
      "con_clearance": 4,
      "con_novelty": 4,
      "con": 4,
      "con_prompt": 0,
      "con_description": 2
    },
    "essay_main_subject": "나의 선행",
    "expression_weight": {
      "exp_style": 0,
      "exp_grammar": 4,
      "exp_vocab": 3,
      "exp": 4
    }
  },
  "correction": [
    {
      "sentence_corr_txt_grammar": "내가 할머니랑 버스를 탔는데 어떤 할머니가 다리가 불편해 보여서 할머니한테 자리를 비켜주자고 하고 그 다리가 불편해보이는 할머니에게 여기에 앉으세요.",
      "sentence_corr_reason": [
        "",
        ""
      ],
      "sentence_id": "0001",
      "sentence_corr_type": [
        "문법",
        "스타일링"
      ],
      "sentence_corr_detail_type": [
        "맞춤법",
        "패러프레이징"
      ],
      "sentence_txt": "<문법_맞춤법>네가 </문법_맞춤법>할머니랑 버스를 탔는데 어떤 할머니가 다리가 불편해 보여서 할머니한테 자리를 비켜주자고 하고 그 다리가 불편해보이는 할머니에게 여기에 앉으세요.",
      "sentence_corr_txt_styling": "내가 할머니랑 버스를 탔는데 어떤 할머니가 다리가 불편해 보여서 할머니한테 자리를 비켜주자고 하고 그 다리가 불편해보이는 할머니에게 여기에 앉으세요.",
      "paragraph_id": "001"
    },
    {
      "sentence_corr_txt_grammar": " 그 할머니께서 나에게 칭찬을 해주셔서 자랑스럽고 기뻤다. ",
      "sentence_corr_reason": [
        ""
      ],
      "sentence_id": "0002",
      "sentence_corr_type": [
        "문법"
      ],
      "sentence_corr_detail_type": [
        "높임법"
      ],
      "sentence_txt": " 그 <문법_높임법>할머니가</문법_높임법> 나에게 칭찬을 해주셔서 자랑스럽고 기뻤다. ",
      "sentence_corr_txt_styling": "",
      "paragraph_id": "001"
    },
    {
      "sentence_corr_txt_grammar": "할머니도 나에게 칭찬을 해주셔서 감사합니다 라고 얘기를 하고 버스를 내리는데 다리가 불편한 할머니도 같은 길이어서 내가 짐을 들어드렸다.",
      "sentence_corr_reason": [
        ""
      ],
      "sentence_id": "0003",
      "sentence_corr_type": [
        "문법"
      ],
      "sentence_corr_detail_type": [
        "높임법"
      ],
      "sentence_txt": "할머니도 나에게 칭찬을 해주셔서 감사합니다 라고 얘기를 하고 버스를 내리는데 다리가 불편한 할머니도 같은 길이어서 <문법_높임법>네가 </문법_높임법>짐을 들어줬다.",
      "sentence_corr_txt_styling": "",
      "paragraph_id": "001"
    },
    {
      "sentence_corr_txt_grammar": " 그 할머니가 아이 아니야 괜찮아라고 했는데 아 괜찮아요 할머니 제가 들어 드릴게요.",
      "sentence_corr_reason": [
        "띄어쓰기",
        "",
        ""
      ],
      "sentence_id": "0004",
      "sentence_corr_type": [
        "문법",
        "문법",
        "스타일링"
      ],
      "sentence_corr_detail_type": [
        "맞춤법",
        "어미",
        "패러프레이징"
      ],
      "sentence_txt": " <문법_맞춤법>그할머니가 </문법_맞춤법>아이 아니야 괜찮아라고 했는데 아 괜찮아요 할머니 제가들어 <문법_어미>들이깨요.</문법_어미>",
      "sentence_corr_txt_styling": " 그 할머니가 아이 아니야 괜찮아라고 했는데 아 괜찮아요 할머니 제가 들어 드릴게요.",
      "paragraph_id": "001"
    },
    {
      "sentence_corr_txt_grammar": "도착해서 안녕히 가세요.",
      "sentence_corr_reason": [
        "띄어쓰기",
        ""
      ],
      "sentence_id": "0005",
      "sentence_corr_type": [
        "문법",
        "스타일링"
      ],
      "sentence_corr_detail_type": [
        "맞춤법",
        "패러프레이징"
      ],
      "sentence_txt": "도착해서 <문법_맞춤법>안녕히가세요.</문법_맞춤법>",
      "sentence_corr_txt_styling": "도착해서 안녕히 가세요.",
      "paragraph_id": "001"
    }
  ],
  "info": {
    "essay_id": "ESSAY_47541",
    "essay_prompt": " 우리 주변에는 선행으로 다른 사람들에게 모범을 보이는 이웃들이 많이 있습니다. 여기서 선행은 착한 행동과 착한 마음을 의미해요.\n\n 무거운 짐을 나르는 할머니를 도와드리는 착한 학생, 도망치는 소매치기를 같이 잡아주는 멋진 대학생, 서비스를 많이 주시는 떡볶이집 사장님같이 착한 행동을 기반으로 누군가에게 도움과 행복을 주지요.\n\n 이처럼 나의 착한 마음이 다른 사람에게 큰 기쁨을 줄 수도 있습니다. 여러분도 착한 행동을 한 경험이 있나요? 어떤 선행을 했었는지 자신의 경험을 적고 그때 느꼈던 감정도 작성해보세요.",
    "essay_type": "설명글",
    "essay_level": "3",
    "essay_len": 247,
    "essay_main_subject": "나의 선행"
  }
}