{
  "paragraph": [
    {
      "paragraph_txt": "저는 최근에 서울에 다녀왔습니다. #@문장구분#친구와 함께 향수와 악세사리를 사러 다녀왔습니다. #@문장구분#제가 악세사리와 향수를 좋아하는 것을 알고 친구가 저에게 먼저 같이 서울에 가보자고 해서 같이 갔습니다. #@문장구분#아침 일찍 만나 서울에 오전에 도착했습니다.#@문장구분# 부족한 잠은 기차에서 다 잤고, 청량리에서 기차에서 내려서 왕십리역으로 가서, 백화점에 들렀습니다.#@문장구분# 1층에 향수와 화장품 코너가 있어서 거기에서 모든 것을 다 둘러보고 마음에 드는 향수를 시향해보고, 향수를 사서 나왔습니다. #@문장구분#그리고 미리 알아둔 맛집에 가서 알밥과 계란말이를 늦은 점심으로 먹었습니다. #@문장구분#친구가 밀가루를 못 먹는 체질이기 때문에 밀가루가 없는 음식 위주로 먹기로 해서 그 메뉴를 결정했습니다.#@문장구분# 친구는 제가 고른 식당과 메뉴를 좋아해줬고, 식사를 다 하고 우리는 함께 따릉이 자전거를 타고 골목골목을 다녔습니다. #@문장구분#그리고 친구가 미리 가자고 했던 악세사리샵으로 가서 친구가 좋아하는 연예인이 찼었던 팔찌를 사는 것을 보았습니다, #@문장구분#저는 그 가게에서 어머니 차에 선물할 차량용 석고 방향제를 하나 샀습니다.#@문장구분# 그리고 저와 친구는 유명한 맛집에서 저녁밥으로 제육볶음을 먹고, 또다시 유명한 디저트 가게에 가서 부드러운 크림이 올라간 머핀과 컵케이크를 몇 개 사서 집으로 돌아갔습니다. #@문장구분#오랜만에 놀아서 행복했습니다.",
      "paragraph_len": 884,
      "paragraph_id": "001"
    }
  ],
  "score": {
    "paragraph_score": [
      {
        "paragraph_scoreT": [
          3,
          2,
          3
        ],
        "paragraph_scoreT_detail": {
          "paragraph_scoreT_exp": [
            [
              3,
              3,
              3
            ],
            [
              2,
              2,
              2
            ],
            [
              3,
              3,
              3
            ]
          ]
        },
        "paragraph_scoreT_avg": 2.6666667,
        "paragraph_id": "001"
      }
    ],
    "essay_scoreT": [
      30,
      20.722221,
      28.5
    ],
    "essay_scoreT_avg": 26.407408,
    "essay_scoreT_detail": {
      "essay_scoreT_org": [
        [
          3,
          3,
          3,
          3
        ],
        [
          2,
          2,
          2,
          3
        ],
        [
          3,
          3,
          3,
          3
        ]
      ],
      "essay_scoreT_cont": [
        [
          3,
          3,
          0,
          3
        ],
        [
          2,
          2,
          0,
          3
        ],
        [
          3,
          2,
          0,
          3
        ]
      ],
      "essay_scoreT_exp": [
        [
          3,
          3,
          3
        ],
        [
          2,
          2,
          2
        ],
        [
          3,
          3,
          3
        ]
      ]
    }
  },
  "student": {
    "date": "2021.12.03",
    "student_educated": true,
    "student_grade": "중등_3학년",
    "location": "054",
    "student_grade_group": "중등",
    "student_reading": 1
  },
  "rubric": {
    "essay_grade": "중등_3학년",
    "organization_weight": {
      "org_paragraph": 2,
      "org": 2,
      "org_essay": 4,
      "org_coherence": 2,
      "org_quantity": 1
    },
    "essay_type": "설명글",
    "content_weight": {
      "con_clearance": 4,
      "con_novelty": 3,
      "con": 4,
      "con_prompt": 0,
      "con_description": 1
    },
    "essay_main_subject": "국내 여행",
    "expression_weight": {
      "exp_style": 1,
      "exp_grammar": 2,
      "exp_vocab": 3,
      "exp": 4
    }
  },
  "correction": [],
  "info": {
    "essay_id": "ESSAY_60688",
    "essay_prompt": " 코로나는 우리에게 많은 것을 앗아갔습니다. 그중 자유롭게 돌아다닐 수 없는 답답한 상황이 제일 크다고 많은 사람이 말합니다.\n\n 그만큼 산으로 바다로 더 나아가 해외로 여행을 가는 행위는 우리 모두에게 행복한 기분과 신선함을 주워줍니다.\n\n 여러분은 최근이나 코로나 이전에 국내 여행을 다녀온 적 있으신가요?\n\n 자신이 갔던 국내 여행지중에 가장 행복하고 즐거웠던 여행지를 추천해주세요. 그리고 그곳에서 어떤 일이 있었는지, 어떤 것을 했는지 설명해주세요.",
    "essay_type": "설명글",
    "essay_level": "3",
    "essay_len": 646,
    "essay_main_subject": "국내 여행"
  }
}