{
  "paragraph": [
    {
      "paragraph_txt": "나는 코로나 이전에 국내 여행으로 제주도를 갔다 왔던 경험이 있다. #@문장구분#그곳에서 동백꽃을 보았는데 빨간 꽃들이 활짝 펴있어서 너무 예뻤다. #@문장구분#사진으로 담기지 않는 예쁨이었다.#@문장구분# 어머니와 아버지께서 사진을 찍어주셨지만 마음에 하나도 안 들었다.#@문장구분# 그렇다고 해서 화를 내게 된다면 사진을 안 찍어주실 것을 알기 때문에 최대한 상냥하게 다시 찍어달라고 부탁을 했던 기억이 난다. #@문장구분#그리고 갈대밭, 오름 산책로, 바다, 감귤 따기 체험 등을 하며 가족들과 함께 추억을 쌓았던 기억이 난다.#@문장구분# 그곳에서 먹은 음식으로 흑돼지와 오설록에 가서 먹은 그린 밀크티밖에 기억이 나지 않는다.#@문장구분# 참고로 오설록에 가면 꼭 그린 밀크티를 먹어야 한다. #@문장구분#추운 겨울날 제주도에 놀러 갔었는데 바람도 너무 많이 불어서 더 춥게 느껴졌던 것 같다. #@문장구분#숙소에 돌아와서 가족들과 과자를 먹으며 수다를 떨었던 것이 기억이 난다. #@문장구분#감귤밭에서 감귤을 따다가 넘어질 뻔한 어머니의 모습을 보고 우리 가족 모두 크게 웃었던 것을 얘기하며 과자를 먹었던 것 같다.#@문장구분# 그렇게 얘기도 하고, 먹을 것도 먹고, 사진도 찍다 보니 3박 4일이 지나가있었다. #@문장구분#우리는 제주도를 3박 4일 동안만 가기로 계획을 했기 때문에 가는 날에는 아쉬웠지만 재밌었던 추억이었다.",
      "paragraph_len": 851,
      "paragraph_id": "001"
    }
  ],
  "score": {
    "paragraph_score": [
      {
        "paragraph_scoreT": [
          3,
          2.3333333,
          3
        ],
        "paragraph_scoreT_detail": {
          "paragraph_scoreT_exp": [
            [
              3,
              3,
              3
            ],
            [
              3,
              2,
              2
            ],
            [
              3,
              3,
              3
            ]
          ]
        },
        "paragraph_scoreT_avg": 2.7777777,
        "paragraph_id": "001"
      }
    ],
    "essay_scoreT": [
      30,
      22.055555,
      28.5
    ],
    "essay_scoreT_avg": 26.851852,
    "essay_scoreT_detail": {
      "essay_scoreT_org": [
        [
          3,
          3,
          3,
          3
        ],
        [
          2,
          2,
          2,
          3
        ],
        [
          3,
          3,
          3,
          3
        ]
      ],
      "essay_scoreT_cont": [
        [
          3,
          3,
          0,
          3
        ],
        [
          2,
          2,
          0,
          3
        ],
        [
          3,
          2,
          0,
          3
        ]
      ],
      "essay_scoreT_exp": [
        [
          3,
          3,
          3
        ],
        [
          3,
          2,
          2
        ],
        [
          3,
          3,
          3
        ]
      ]
    }
  },
  "student": {
    "date": "2021.12.04",
    "student_educated": true,
    "student_grade": "중등_3학년",
    "location": "054",
    "student_grade_group": "중등",
    "student_reading": 2
  },
  "rubric": {
    "essay_grade": "중등_3학년",
    "organization_weight": {
      "org_paragraph": 2,
      "org": 2,
      "org_essay": 4,
      "org_coherence": 2,
      "org_quantity": 1
    },
    "essay_type": "설명글",
    "content_weight": {
      "con_clearance": 4,
      "con_novelty": 3,
      "con": 4,
      "con_prompt": 0,
      "con_description": 1
    },
    "essay_main_subject": "국내 여행",
    "expression_weight": {
      "exp_style": 1,
      "exp_grammar": 2,
      "exp_vocab": 3,
      "exp": 4
    }
  },
  "correction": [],
  "info": {
    "essay_id": "ESSAY_60689",
    "essay_prompt": " 코로나는 우리에게 많은 것을 앗아갔습니다. 그중 자유롭게 돌아다닐 수 없는 답답한 상황이 제일 크다고 많은 사람이 말합니다.\n\n 그만큼 산으로 바다로 더 나아가 해외로 여행을 가는 행위는 우리 모두에게 행복한 기분과 신선함을 주워줍니다.\n\n 여러분은 최근이나 코로나 이전에 국내 여행을 다녀온 적 있으신가요?\n\n 자신이 갔던 국내 여행지중에 가장 행복하고 즐거웠던 여행지를 추천해주세요. 그리고 그곳에서 어떤 일이 있었는지, 어떤 것을 했는지 설명해주세요.",
    "essay_type": "설명글",
    "essay_level": "3",
    "essay_len": 613,
    "essay_main_subject": "국내 여행"
  }
}