{
  "paragraph": [
    {
      "paragraph_txt": "내가 갔던 국내 여행지 중에 가장 행복하고 즐거웠던 여행지는 전라북도 군산시이다. #@문장구분#2019년 연말에 가족 여행으로 군산을 놀러 갔었다.#@문장구분# 2박 3일 정도 놀러 갔던 것 같다. #@문장구분#이곳에서는 경암동 철길 마을, 초원 사진관, 신흥동 일본식 가옥, 야미도 등을 방문했었다. #@문장구분#군산에 가지는 약 2년 정도가 지나서 무엇을 했었는지 자세히 기억은 나지 않지만, 철길 마을에서는 옛날 교복을 대여해 주는 곳이 많았었고 옛날 간식 등 예스러운 느낌으로 가득했던 곳이었다.#@문장구분# 우리 가족은 철길 마을을 거닐다가 쫀드기와 같은 옛날 간식들을 불판 위에 구워 먹는 포장마차와 비슷하게 생긴 곳을 발견했었고 그곳에 들어간 뒤 다양한 옛날 간식들을 구입하여 가족들끼리 난로에 동그랗게 둘러앉아 쫀들 기를 구워 먹으며 수다를 떨었었던 기억이 난다. #@문장구분#그러던 와중에 쫀들 기를 불판 위에 너무 오랫동안 구운 탓에 쫀드기가 다 태워져 먹지 못했었던 기억이 난다.#@문장구분# 철길 마을에서는 사진도 많이 찍었던 것 같다.#@문장구분# 철길 마을을 방문하고 나서 해가 지기 시작할 때쯤 야마도에 들러 일몰을 구경했었다. #@문장구분#나는 야마도에서의 시간이 가장 행복했던 것 같다. #@문장구분#아마도에는 아주 넓은 강과 예쁜 절벽이 있는데 한국 같은 느낌이 들지 않고 외국 같은 느낌이 강하게 들었었다.#@문장구분# 강에 비친 저물고 있는 해도 예뻤었고 날씨도 춥지 않아서 좋았었다. #@문장구분#가족들과 함께 야마도에서의 일몰을 멍 때리며 구경했던 그 시간이 기억에 오랫동안 남는다.",
      "paragraph_len": 952,
      "paragraph_id": "001"
    }
  ],
  "score": {
    "paragraph_score": [
      {
        "paragraph_scoreT": [
          3,
          2.3333333,
          2.8333333
        ],
        "paragraph_scoreT_detail": {
          "paragraph_scoreT_exp": [
            [
              3,
              3,
              3
            ],
            [
              3,
              2,
              2
            ],
            [
              3,
              3,
              2
            ]
          ]
        },
        "paragraph_scoreT_avg": 2.722222,
        "paragraph_id": "001"
      }
    ],
    "essay_scoreT": [
      30,
      22.055555,
      29.333332
    ],
    "essay_scoreT_avg": 27.12963,
    "essay_scoreT_detail": {
      "essay_scoreT_org": [
        [
          3,
          3,
          3,
          3
        ],
        [
          2,
          2,
          2,
          3
        ],
        [
          3,
          3,
          3,
          3
        ]
      ],
      "essay_scoreT_cont": [
        [
          3,
          3,
          0,
          3
        ],
        [
          2,
          2,
          0,
          3
        ],
        [
          3,
          3,
          0,
          3
        ]
      ],
      "essay_scoreT_exp": [
        [
          3,
          3,
          3
        ],
        [
          3,
          2,
          2
        ],
        [
          3,
          3,
          2
        ]
      ]
    }
  },
  "student": {
    "date": "2021.12.02",
    "student_educated": true,
    "student_grade": "중등_3학년",
    "location": "054",
    "student_grade_group": "중등",
    "student_reading": 2
  },
  "rubric": {
    "essay_grade": "중등_3학년",
    "organization_weight": {
      "org_paragraph": 2,
      "org": 2,
      "org_essay": 4,
      "org_coherence": 2,
      "org_quantity": 1
    },
    "essay_type": "설명글",
    "content_weight": {
      "con_clearance": 4,
      "con_novelty": 3,
      "con": 4,
      "con_prompt": 0,
      "con_description": 1
    },
    "essay_main_subject": "국내 여행",
    "expression_weight": {
      "exp_style": 1,
      "exp_grammar": 2,
      "exp_vocab": 3,
      "exp": 4
    }
  },
  "correction": [],
  "info": {
    "essay_id": "ESSAY_60686",
    "essay_prompt": " 코로나는 우리에게 많은 것을 앗아갔습니다. 그중 자유롭게 돌아다닐 수 없는 답답한 상황이 제일 크다고 많은 사람이 말합니다.\n\n 그만큼 산으로 바다로 더 나아가 해외로 여행을 가는 행위는 우리 모두에게 행복한 기분과 신선함을 주워줍니다.\n\n 여러분은 최근이나 코로나 이전에 국내 여행을 다녀온 적 있으신가요?\n\n 자신이 갔던 국내 여행지중에 가장 행복하고 즐거웠던 여행지를 추천해주세요. 그리고 그곳에서 어떤 일이 있었는지, 어떤 것을 했는지 설명해주세요.",
    "essay_type": "설명글",
    "essay_level": "3",
    "essay_len": 714,
    "essay_main_subject": "국내 여행"
  }
}