{
  "paragraph": [
    {
      "paragraph_txt": "저는 여행을 정말 좋아합니다. #@문장구분#특히 비행기를 타고 떠나는 여행이 가장 좋은 것 같습니다. #@문장구분#그래서 저는 제가 가 본 여행지 중에서 제주도가 가장 기억에 많이 남습니다. #@문장구분#먼저 제주도에는 맛집이 정말 많습니다. #@문장구분#저는 제주도에 가장 먼저 도착에서 먹은 음식은 갈치조림이었습니다.#@문장구분# 제주도가 바다가 있는 지역이라서 그런지 갈치가 아주 싱싱했습니다. #@문장구분#그리고 나서는 회를 먹으러 갔습니다. #@문장구분#그리고 제가 간 횟집은 바다 근처에 있어서 왠지 모르게 회가 더 싱싱하게 느껴지는 것 같았습니다.#@문장구분# 그리고 밥을 먹으면서 바다를 볼 수 있어서 그 점이 정말 좋았습니다. #@문장구분#지금 제가 살고있는 지역에는 바다가 없기 때문에 바다를 보러 가려면 매우 오랜 시간동안 차나 버스를 타고 나가야 합니다. #@문장구분#그리고 또 바다를 모러 가는 길이 조금 험하기 떄문에 차를 타고 가면 멀미가 나서 바다에 도착하기 전에 기분이 나빠지는 이링 생기기도 합니다. #@문장구분#하지만 제주도는 모든 면이 바다로 둘러쌓여 있어서 바다를 마음만 먹으면 볼 수 있어서 정말 마음이 편안해지는 기분이 들었습니다. #@문장구분#그리고 또 우리 가족은 바다가 보이는 곳에 숙소를 잡아 놓아서 눈을 뜨자마자 바다를 볼 수 있었습니다.#@문장구분# 그리고 또 아침을 먹으면서 바다를 볼 수 있어서 정말 좋았습니다.",
      "paragraph_len": 878,
      "paragraph_id": "001"
    }
  ],
  "score": {
    "paragraph_score": [
      {
        "paragraph_scoreT": [
          3,
          2,
          3
        ],
        "paragraph_scoreT_detail": {
          "paragraph_scoreT_exp": [
            [
              3,
              3,
              3
            ],
            [
              2,
              2,
              2
            ],
            [
              3,
              3,
              3
            ]
          ]
        },
        "paragraph_scoreT_avg": 2.6666667,
        "paragraph_id": "001"
      }
    ],
    "essay_scoreT": [
      30,
      20.722221,
      30
    ],
    "essay_scoreT_avg": 26.907408,
    "essay_scoreT_detail": {
      "essay_scoreT_org": [
        [
          3,
          3,
          3,
          3
        ],
        [
          2,
          2,
          2,
          3
        ],
        [
          3,
          3,
          3,
          3
        ]
      ],
      "essay_scoreT_cont": [
        [
          3,
          3,
          0,
          3
        ],
        [
          2,
          2,
          0,
          3
        ],
        [
          3,
          3,
          0,
          3
        ]
      ],
      "essay_scoreT_exp": [
        [
          3,
          3,
          3
        ],
        [
          2,
          2,
          2
        ],
        [
          3,
          3,
          3
        ]
      ]
    }
  },
  "student": {
    "date": "2021.12.02",
    "student_educated": true,
    "student_grade": "중등_3학년",
    "location": "054",
    "student_grade_group": "중등",
    "student_reading": 2
  },
  "rubric": {
    "essay_grade": "중등_3학년",
    "organization_weight": {
      "org_paragraph": 2,
      "org": 2,
      "org_essay": 4,
      "org_coherence": 2,
      "org_quantity": 1
    },
    "essay_type": "설명글",
    "content_weight": {
      "con_clearance": 4,
      "con_novelty": 3,
      "con": 4,
      "con_prompt": 0,
      "con_description": 1
    },
    "essay_main_subject": "국내 여행",
    "expression_weight": {
      "exp_style": 1,
      "exp_grammar": 2,
      "exp_vocab": 3,
      "exp": 4
    }
  },
  "correction": [],
  "info": {
    "essay_id": "ESSAY_60676",
    "essay_prompt": " 코로나는 우리에게 많은 것을 앗아갔습니다. 그중 자유롭게 돌아다닐 수 없는 답답한 상황이 제일 크다고 많은 사람이 말합니다.\n\n 그만큼 산으로 바다로 더 나아가 해외로 여행을 가는 행위는 우리 모두에게 행복한 기분과 신선함을 주워줍니다.\n\n 여러분은 최근이나 코로나 이전에 국내 여행을 다녀온 적 있으신가요?\n\n 자신이 갔던 국내 여행지중에 가장 행복하고 즐거웠던 여행지를 추천해주세요. 그리고 그곳에서 어떤 일이 있었는지, 어떤 것을 했는지 설명해주세요.",
    "essay_type": "설명글",
    "essay_level": "3",
    "essay_len": 620,
    "essay_main_subject": "국내 여행"
  }
}