{
  "paragraph": [
    {
      "paragraph_txt": "저는 선행을 한 적이 있습니다.#@문장구분# 저저번주 주말에 바닷가에서 어떤 할머니, 할아버지가 조개를 1마리도 못잡으셔서 조개를 15마리 줬는데 고맙다고 하셔서 기분이 좋았다.#@문장구분# 또 2학년 초에 공원에 갔는데 어떤 아이가 유모차에서 울고 있어서 친구랑 아기 간식주고, 장난감으로 놀아줬는데 아기 엄마가 고맙다고 해서 기분이 좋았다.#@문장구분# 또 4학년 2월에 기차를 타고 할머니 집에 갔는데 기차역에 할머니가 길을 모르셔서 알려주고 같은 기차여서 자리를 안내해 줬다.#@문장구분# 그때 할머니가 \"학생 고마워 학생을 복받을꺼야\"라고 하셔서 기분이 좋았다.#@문장구분# 또 1학년때 복도에서 어떤 애가 넘어져서 울고 있을때 이르켜줍는데 고맙다고 안해서 좀 그랬지만 그래도 괜찮았다.#@문장구분# 또 저번주에 이마트에 갔는데 어떤 아이가 엄마를 잊어버려서 고객센터에 대려다주고 고객센타 자람이 목걸리를 보고 아이 엄마를 찾아주셨다.#@문장구분# 그때 고마웠고 뿌듯했다.#@문장구분# 또 3학년때 시장에 갔는데 5만원이 있어서 시장을 돌아다녔는데 어떤 아저씨가 뭘 찾고 계셔서 여쭈어 봤더니 오만원을 낮고 계신다고 하셔서 드리고 고맙다고 해서 뿌듯했다. #@문장구분#그리고 기분이 좋았다.#@문장구분#",
      "paragraph_len": 752,
      "paragraph_id": "001"
    }
  ],
  "score": {
    "paragraph_score": [
      {
        "paragraph_scoreT": [
          1,
          2,
          1.5714285
        ],
        "paragraph_scoreT_detail": {
          "paragraph_scoreT_exp": [
            [
              1,
              1,
              0
            ],
            [
              2,
              2,
              0
            ],
            [
              2,
              1,
              0
            ]
          ]
        },
        "paragraph_scoreT_avg": 1.5238094,
        "paragraph_id": "001"
      }
    ],
    "essay_scoreT": [
      16.266666,
      19.466667,
      15.419047
    ],
    "essay_scoreT_avg": 17.050795,
    "essay_scoreT_detail": {
      "essay_scoreT_org": [
        [
          1,
          0,
          0,
          3
        ],
        [
          1,
          0,
          0,
          3
        ],
        [
          2,
          0,
          0,
          3
        ]
      ],
      "essay_scoreT_cont": [
        [
          2,
          3,
          0,
          2
        ],
        [
          2,
          2,
          0,
          3
        ],
        [
          1,
          1,
          0,
          2
        ]
      ],
      "essay_scoreT_exp": [
        [
          1,
          1,
          0
        ],
        [
          2,
          2,
          0
        ],
        [
          2,
          1,
          0
        ]
      ]
    }
  },
  "student": {
    "date": "2021.11.08",
    "student_educated": true,
    "student_grade": "초등_4학년",
    "location": "042",
    "student_grade_group": "초등",
    "student_reading": 3
  },
  "rubric": {
    "essay_grade": "초등_4학년",
    "organization_weight": {
      "org_paragraph": 0,
      "org": 2,
      "org_essay": 5,
      "org_coherence": 0,
      "org_quantity": 1
    },
    "essay_type": "설명글",
    "content_weight": {
      "con_clearance": 4,
      "con_novelty": 4,
      "con": 4,
      "con_prompt": 0,
      "con_description": 2
    },
    "essay_main_subject": "나의 선행",
    "expression_weight": {
      "exp_style": 0,
      "exp_grammar": 4,
      "exp_vocab": 3,
      "exp": 4
    }
  },
  "correction": [
    {
      "sentence_corr_txt_grammar": "",
      "sentence_corr_reason": [
        ""
      ],
      "sentence_id": "0001",
      "sentence_corr_type": [
        "스타일링"
      ],
      "sentence_corr_detail_type": [
        "패러프레이징"
      ],
      "sentence_txt": "저는 선행을 한 적이 있습니다.",
      "sentence_corr_txt_styling": "저는 선행을 한 적이 있습니다.",
      "paragraph_id": "001"
    },
    {
      "sentence_corr_txt_grammar": " 지지난 주 주말에 바닷가에서 어떤 할머니, 할아버지가 조개를 1마리도 못잡으셔서 조개를 15마리 드렸는데 고맙다고 하셔서 기분이 좋았다.",
      "sentence_corr_reason": [
        "띄어쓰기",
        ""
      ],
      "sentence_id": "0002",
      "sentence_corr_type": [
        "문법",
        "문법"
      ],
      "sentence_corr_detail_type": [
        "맞춤법",
        "높임법"
      ],
      "sentence_txt": " <문법_맞춤법>저저번주 </문법_맞춤법>주말에 바닷가에서 어떤 할머니, 할아버지가 조개를 1마리도 못잡으셔서 조개를 15마리 <문법_높임법>줬는데 </문법_높임법>고맙다고 하셔서 기분이 좋았다.",
      "sentence_corr_txt_styling": "",
      "paragraph_id": "001"
    },
    {
      "sentence_corr_txt_grammar": " 또 2학년 초에 공원에 갔는데 어떤 아이가 유모차에서 울고 있어서 친구랑 아기 간식 주고, 장난감으로 놀아줬는데 아기 엄마가 고맙다고 해서 기분이 좋았다.",
      "sentence_corr_reason": [
        "띄어쓰기"
      ],
      "sentence_id": "0003",
      "sentence_corr_type": [
        "문법"
      ],
      "sentence_corr_detail_type": [
        "맞춤법"
      ],
      "sentence_txt": " 또 2학년 초에 공원에 갔는데 어떤 아이가 유모차에서 울고 있어서 친구랑 아기 <문법_맞춤법>간식주고</문법_맞춤법>, 장난감으로 놀아줬는데 아기 엄마가 고맙다고 해서 기분이 좋았다.",
      "sentence_corr_txt_styling": "",
      "paragraph_id": "001"
    },
    {
      "sentence_corr_txt_grammar": " 또 4학년 2월에 기차를 타고 할머니 집에 갔는데 기차역에 할머니가 길을 모르셔서 알려드리고 같은 기차여서 자리를 안내해 드렸다.",
      "sentence_corr_reason": [
        ""
      ],
      "sentence_id": "0004",
      "sentence_corr_type": [
        "문법"
      ],
      "sentence_corr_detail_type": [
        "높임법"
      ],
      "sentence_txt": " 또 4학년 2월에 기차를 타고 할머니 집에 갔는데 기차역에 할머니가 길을 모르셔서 <문법_높임법>알려주고 </문법_높임법>같은 기차여서 자리를 안내해 줬다.",
      "sentence_corr_txt_styling": "",
      "paragraph_id": "001"
    },
    {
      "sentence_corr_txt_grammar": " 그때 할머니가 \"학생 고마워 학생은 복 받을 거야\"라고 하셔서 기분이 좋았다.",
      "sentence_corr_reason": [
        "",
        "띄어쓰기"
      ],
      "sentence_id": "0005",
      "sentence_corr_type": [
        "문법",
        "문법"
      ],
      "sentence_corr_detail_type": [
        "조사",
        "맞춤법"
      ],
      "sentence_txt": " 그때 할머니가 \"학생 고마워 <문법_조사>학생을 </문법_조사><문법_맞춤법>복받을꺼야</문법_맞춤법>\"라고 하셔서 기분이 좋았다.",
      "sentence_corr_txt_styling": "",
      "paragraph_id": "001"
    },
    {
      "sentence_corr_txt_grammar": " 또 1학년 때 복도에서 어떤 애가 넘어져서 울고 있을 때 일으켜줬는데 고맙다고 안해서 좀 그랬지만 그래도 괜찮았다.",
      "sentence_corr_reason": [
        "띄어쓰기"
      ],
      "sentence_id": "0006",
      "sentence_corr_type": [
        "문법"
      ],
      "sentence_corr_detail_type": [
        "맞춤법"
      ],
      "sentence_txt": " 또 1<문법_맞춤법>학년때 </문법_맞춤법>복도에서 어떤 애가 넘어져서 울고 있을때 이르켜줍는데 고맙다고 안해서 좀 그랬지만 그래도 괜찮았다.",
      "sentence_corr_txt_styling": "",
      "paragraph_id": "001"
    },
    {
      "sentence_corr_txt_grammar": " 또 지난주에 이마트에 갔는데 어떤 아이가 엄마를 잊어버려서 고객센터에 데려다주고 고객 센터 사람이 목걸이를 보고 아이 엄마를 찾아주셨다.",
      "sentence_corr_reason": [
        ""
      ],
      "sentence_id": "0007",
      "sentence_corr_type": [
        "문법"
      ],
      "sentence_corr_detail_type": [
        "맞춤법"
      ],
      "sentence_txt": " 또 <문법_맞춤법>저번주에 </문법_맞춤법>이마트에 갔는데 어떤 아이가 엄마를 잊어버려서 고객센터에 대려다주고 고객센타 자람이 목걸리를 보고 아이 엄마를 찾아주셨다.",
      "sentence_corr_txt_styling": "",
      "paragraph_id": "001"
    },
    {
      "sentence_corr_txt_grammar": " 또 3학년 때 시장에 갔는데 5만 원이 있어서 시장을 돌아다녔는데 어떤 아저씨가 뭘 찾고 계셔서 여쭈어 봤더니 오만 원을 찾고 계신다고 하셔서 드리고 고맙다고 하셔서 뿌듯했다. ",
      "sentence_corr_reason": [
        "띄어쓰기",
        "",
        ""
      ],
      "sentence_id": "0009",
      "sentence_corr_type": [
        "문법",
        "문법",
        "스타일링"
      ],
      "sentence_corr_detail_type": [
        "맞춤법",
        "높임법",
        "패러프레이징"
      ],
      "sentence_txt": " 또 3<문법_맞춤법>학년때 </문법_맞춤법>시장에 갔는데 5만원이 있어서 시장을 돌아다녔는데 어떤 아저씨가 뭘 찾고 계셔서 여쭈어 봤더니 오만원을 낮고 계신다고 하셔서 드리고 고맙다고 <문법_높임법>해서 </문법_높임법>뿌듯했다. ",
      "sentence_corr_txt_styling": " 또 3학년 때 시장에 갔는데 5만 원이 있어서 시장을 돌아다녔는데 어떤 아저씨가 뭘 찾고 계셔서 여쭈어 봤더니 오만 원을 찾고 계신다고 하셔서 드리고 고맙다고 하셔서 뿌듯했다. ",
      "paragraph_id": "001"
    }
  ],
  "info": {
    "essay_id": "ESSAY_47551",
    "essay_prompt": " 우리 주변에는 선행으로 다른 사람들에게 모범을 보이는 이웃들이 많이 있습니다. 여기서 선행은 착한 행동과 착한 마음을 의미해요.\n\n 무거운 짐을 나르는 할머니를 도와드리는 착한 학생, 도망치는 소매치기를 같이 잡아주는 멋진 대학생, 서비스를 많이 주시는 떡볶이집 사장님같이 착한 행동을 기반으로 누군가에게 도움과 행복을 주지요.\n\n 이처럼 나의 착한 마음이 다른 사람에게 큰 기쁨을 줄 수도 있습니다. 여러분도 착한 행동을 한 경험이 있나요? 어떤 선행을 했었는지 자신의 경험을 적고 그때 느꼈던 감정도 작성해보세요.",
    "essay_type": "설명글",
    "essay_level": "3",
    "essay_len": 552,
    "essay_main_subject": "나의 선행"
  }
}