{
  "paragraph": [
    {
      "paragraph_txt": "학원을 갈때 엘레베이터를 탔는데 어린아이들이 불리수거를 하러갔는데 버려야 하는게 너무 많아서 버리는 것을 도와주었습니다. #@문장구분#그때 기분은 뿌듯했습니다.#@문장구분# 또 이번 설날에는 엄마, 아빠께서 내가 세벳돈을 30만원을 받았을 때 엄마, 아빠께 10만원씩 나눠 주었을 때 엄마는 고맙다고 남은 5만원은 용돈하시라고 주셨다.#@문장구분# 아빠는 고맙다며 잘 쓰겠다고 하셨다.#@문장구분# 엄마와 아빠는 나에게 고마워 했다.#@문장구분# 그리고 또 학교가 끝나고 친구들이 교실을 나갔을 때 친구들 책상이 삐뚤삐뚤하면 친구들 책상을 잘 맞추고 칠판을 깔끔하게 해 놓으면 선생님께서 고맙다고 말씀해주셔서 기부니 좋습니다.#@문장구분# 이렇게 착한 일을 많이 하면 칭찬을 받아서 기분이 좋아지고 좋은 일을 많이 해서 뿌듯 합니다.#@문장구분# 선행을 많이 합니다!#@문장구분#",
      "paragraph_len": 540,
      "paragraph_id": "001"
    }
  ],
  "score": {
    "paragraph_score": [
      {
        "paragraph_scoreT": [
          2,
          1.5714285,
          2
        ],
        "paragraph_scoreT_detail": {
          "paragraph_scoreT_exp": [
            [
              2,
              2,
              0
            ],
            [
              2,
              1,
              0
            ],
            [
              2,
              2,
              0
            ]
          ]
        },
        "paragraph_scoreT_avg": 1.8571428,
        "paragraph_id": "001"
      }
    ],
    "essay_scoreT": [
      24.333334,
      16.219048,
      20
    ],
    "essay_scoreT_avg": 20.184128,
    "essay_scoreT_detail": {
      "essay_scoreT_org": [
        [
          2,
          0,
          0,
          3
        ],
        [
          2,
          0,
          0,
          3
        ],
        [
          2,
          0,
          0,
          2
        ]
      ],
      "essay_scoreT_cont": [
        [
          3,
          3,
          0,
          3
        ],
        [
          1,
          1,
          0,
          3
        ],
        [
          2,
          2,
          0,
          2
        ]
      ],
      "essay_scoreT_exp": [
        [
          2,
          2,
          0
        ],
        [
          2,
          1,
          0
        ],
        [
          2,
          2,
          0
        ]
      ]
    }
  },
  "student": {
    "date": "2021.11.08",
    "student_educated": true,
    "student_grade": "초등_4학년",
    "location": "042",
    "student_grade_group": "초등",
    "student_reading": 3
  },
  "rubric": {
    "essay_grade": "초등_4학년",
    "organization_weight": {
      "org_paragraph": 0,
      "org": 2,
      "org_essay": 5,
      "org_coherence": 0,
      "org_quantity": 1
    },
    "essay_type": "설명글",
    "content_weight": {
      "con_clearance": 4,
      "con_novelty": 4,
      "con": 4,
      "con_prompt": 0,
      "con_description": 2
    },
    "essay_main_subject": "나의 선행",
    "expression_weight": {
      "exp_style": 0,
      "exp_grammar": 4,
      "exp_vocab": 3,
      "exp": 4
    }
  },
  "correction": [
    {
      "sentence_corr_txt_grammar": "학원을 갈 때 엘리베이터를 탔는데 어린아이들이 분리수거를 하러갔는데 버려야 하는 게 너무 많아서 버리는 것을 도와주었습니다. ",
      "sentence_corr_reason": [
        "띄어쓰기"
      ],
      "sentence_id": "0001",
      "sentence_corr_type": [
        "문법"
      ],
      "sentence_corr_detail_type": [
        "맞춤법"
      ],
      "sentence_txt": "학원을 <문법_맞춤법>갈때 </문법_맞춤법>엘레베이터를 탔는데 어린아이들이 불리수거를 하러갔는데 버려야 하는게 너무 많아서 버리는 것을 도와주었습니다. ",
      "sentence_corr_txt_styling": "",
      "paragraph_id": "001"
    },
    {
      "sentence_corr_txt_grammar": " 또 이번 설날에는 엄마, 아빠께 내가 세뱃돈을 30만원을 받았을 때 엄마, 아빠께 10만원씩 나눠 드렸을 때 엄마는 고맙다고 남은 5만원은 용돈하라고 주셨다.",
      "sentence_corr_reason": [
        "",
        "",
        "",
        ""
      ],
      "sentence_id": "0003",
      "sentence_corr_type": [
        "문법",
        "문법",
        "문법",
        "스타일링"
      ],
      "sentence_corr_detail_type": [
        "맞춤법",
        "높임법",
        "조사",
        "패러프레이징"
      ],
      "sentence_txt": " 또 이번 설날에는 엄마, <문법_조사>아빠께서 </문법_조사>내가 <문법_맞춤법>세벳돈을 </문법_맞춤법>30만원을 받았을 때 엄마, 아빠께 10만원씩 나눠 <문법_높임법>주었을 </문법_높임법>때 엄마는 고맙다고 남은 5만원은 용돈하시라고 주셨다.",
      "sentence_corr_txt_styling": " 또 이번 설날에는 엄마, 아빠께 내가 세뱃돈을 30만원을 받았을 때 엄마, 아빠께 10만원씩 나눠 드렸을 때 엄마는 고맙다고 남은 5만원은 용돈하라고 주셨다.",
      "paragraph_id": "001"
    },
    {
      "sentence_corr_txt_grammar": "",
      "sentence_corr_reason": [
        ""
      ],
      "sentence_id": "0004",
      "sentence_corr_type": [
        "스타일링"
      ],
      "sentence_corr_detail_type": [
        "패러프레이징"
      ],
      "sentence_txt": " 아빠는 고맙다며 잘 쓰겠다고 하셨다.",
      "sentence_corr_txt_styling": " 아빠는 고맙다며 잘 쓰겠다고 하셨다.",
      "paragraph_id": "001"
    },
    {
      "sentence_corr_txt_grammar": " 엄마와 아빠는 나에게 고마워했다.",
      "sentence_corr_reason": [
        "",
        ""
      ],
      "sentence_id": "0005",
      "sentence_corr_type": [
        "문법",
        "스타일링"
      ],
      "sentence_corr_detail_type": [
        "맞춤법",
        "패러프레이징"
      ],
      "sentence_txt": " 엄마와 아빠는 나에게 <문법_맞춤법>고마워 했다.</문법_맞춤법>",
      "sentence_corr_txt_styling": " 엄마와 아빠는 나에게 고마워했다.",
      "paragraph_id": "001"
    },
    {
      "sentence_corr_txt_grammar": " 그리고 또 학교가 끝나고 친구들이 교실을 나갔을 때 친구들 책상이 삐뚤삐뚤하면 친구들 책상을 잘 맞추고 칠판을 깔끔하게 해 놓으면 선생님께서 고맙다고 말씀해주셔서 기분이 좋습니다.",
      "sentence_corr_reason": [
        ""
      ],
      "sentence_id": "0006",
      "sentence_corr_type": [
        "문법"
      ],
      "sentence_corr_detail_type": [
        "맞춤법"
      ],
      "sentence_txt": " 그리고 또 학교가 끝나고 친구들이 교실을 나갔을 때 친구들 책상이 삐뚤삐뚤하면 친구들 책상을 잘 맞추고 칠판을 깔끔하게 해 놓으면 선생님께서 고맙다고 말씀해주셔서 <문법_맞춤법>기부니 </문법_맞춤법>좋습니다.",
      "sentence_corr_txt_styling": "",
      "paragraph_id": "001"
    },
    {
      "sentence_corr_txt_grammar": " 이렇게 착한 일을 많이 하면 칭찬을 받아서 기분이 좋아지고 좋은 일을 많이 해서 뿌듯합니다.",
      "sentence_corr_reason": [
        "띄어쓰기"
      ],
      "sentence_id": "0007",
      "sentence_corr_type": [
        "문법"
      ],
      "sentence_corr_detail_type": [
        "맞춤법"
      ],
      "sentence_txt": " 이렇게 착한 일을 많이 하면 칭찬을 받아서 기분이 좋아지고 좋은 일을 많이 해서 <문법_맞춤법>뿌듯 합니다.</문법_맞춤법>",
      "sentence_corr_txt_styling": "",
      "paragraph_id": "001"
    },
    {
      "sentence_corr_txt_grammar": "",
      "sentence_corr_reason": [
        ""
      ],
      "sentence_id": "0008",
      "sentence_corr_type": [
        "스타일링"
      ],
      "sentence_corr_detail_type": [
        "패러프레이징"
      ],
      "sentence_txt": " 선행을 많이 합니다!",
      "sentence_corr_txt_styling": " 선행을 많이 합니다!",
      "paragraph_id": "001"
    }
  ],
  "info": {
    "essay_id": "ESSAY_47553",
    "essay_prompt": " 우리 주변에는 선행으로 다른 사람들에게 모범을 보이는 이웃들이 많이 있습니다. 여기서 선행은 착한 행동과 착한 마음을 의미해요.\n\n 무거운 짐을 나르는 할머니를 도와드리는 착한 학생, 도망치는 소매치기를 같이 잡아주는 멋진 대학생, 서비스를 많이 주시는 떡볶이집 사장님같이 착한 행동을 기반으로 누군가에게 도움과 행복을 주지요.\n\n 이처럼 나의 착한 마음이 다른 사람에게 큰 기쁨을 줄 수도 있습니다. 여러분도 착한 행동을 한 경험이 있나요? 어떤 선행을 했었는지 자신의 경험을 적고 그때 느꼈던 감정도 작성해보세요.",
    "essay_type": "설명글",
    "essay_level": "3",
    "essay_len": 380,
    "essay_main_subject": "나의 선행"
  }
}