{
  "paragraph": [
    {
      "paragraph_txt": "저는 조카와 함께 스키장을 자주 가곤 했습니다.#@문장구분# 하루는 평창에서 스키를 탔었습니다.#@문장구분# 사람들은 너무 한가득했고 형부와 저랑 동생만 스키를 타러 올라갔었습니다.#@문장구분# 형부랑 저랑 동생은 초급 코스로 가기 위해서 줄을 오래서서 올라가게 되었는데 뭐가 이상했었습니다.#@문장구분# 저희가 올라가면서 보는 아래의 풍경에는 이미 초급자코스가 지나가고 있었습니다.#@문장구분# 그래서 너무 이상하기는 하였지만 역시나 그곳은 중급과 고급의 중간 코스였습니다.#@문장구분# 어떻게 해야할지 모르겠었지만 일단 저와 동생은 가보기로 하였고 형부랑 다같이 출발하였습니다.#@문장구분# 그런데 형부는 다 같이 내려오다가 어디선가 넘어지셨는지 보이지 않았습니다. #@문장구분#그래서 저와 동생은 서로에게 의지한채 조금씩 내려가기 시작했고 빨리 내려가서 끝내고 싶은 나머지 일자로 쭉 내려갔습니다. #@문장구분#그렇게 쭉 가고 있었는데 옆에 어떤 아저씨가 와서는 너무 빠르다고 위험하다고 알려주셨고 그분께서 스키를 어떻게 타는 것인지 알려주셨습니다. #@문장구분#그제서야 저희는 너무 과감하고 위험하게 내려오고 있었다는 것을 알게되었고 그 뒤로는 바향을 바꿔가면서 잘 타서 힘겹게 마무리할 수 있었습니다. #@문장구분#형부는 알고보니 너무 힘들고 그곳이 가팔라서 스키를 빼고 걸어서 밑에까지 내려오고 있으셨던 것입니다. #@문장구분#그런데 진짜로 제가 가보았던 스키장 중에 가장 크고 가장 높았던 곳이었습니다. #@문장구분#그곳은 저에게 있어서 스키의 공포를 심어주었고 그 후로는 무서워서 어디에서도 스키를 타지 않습니다. #@문장구분#하지만 지금 생각하면 너무 대견한 일이어서 아직 기억에 잘 남아있습니다.",
      "paragraph_len": 1029,
      "paragraph_id": "001"
    }
  ],
  "score": {
    "paragraph_score": [
      {
        "paragraph_scoreT": [
          3,
          2.5,
          2.6666667
        ],
        "paragraph_scoreT_detail": {
          "paragraph_scoreT_exp": [
            [
              3,
              3,
              3
            ],
            [
              2,
              3,
              2
            ],
            [
              2,
              3,
              3
            ]
          ]
        },
        "paragraph_scoreT_avg": 2.7222223,
        "paragraph_id": "001"
      }
    ],
    "essay_scoreT": [
      30,
      22.722221,
      24.666668
    ],
    "essay_scoreT_avg": 25.796295,
    "essay_scoreT_detail": {
      "essay_scoreT_org": [
        [
          3,
          3,
          3,
          3
        ],
        [
          2,
          2,
          2,
          3
        ],
        [
          3,
          3,
          3,
          3
        ]
      ],
      "essay_scoreT_cont": [
        [
          3,
          3,
          0,
          3
        ],
        [
          2,
          2,
          0,
          3
        ],
        [
          2,
          2,
          0,
          2
        ]
      ],
      "essay_scoreT_exp": [
        [
          3,
          3,
          3
        ],
        [
          2,
          3,
          2
        ],
        [
          2,
          3,
          3
        ]
      ]
    }
  },
  "student": {
    "date": "2021.12.06",
    "student_educated": true,
    "student_grade": "중등_3학년",
    "location": "054",
    "student_grade_group": "중등",
    "student_reading": 2
  },
  "rubric": {
    "essay_grade": "중등_3학년",
    "organization_weight": {
      "org_paragraph": 2,
      "org": 2,
      "org_essay": 4,
      "org_coherence": 2,
      "org_quantity": 1
    },
    "essay_type": "설명글",
    "content_weight": {
      "con_clearance": 4,
      "con_novelty": 3,
      "con": 4,
      "con_prompt": 0,
      "con_description": 1
    },
    "essay_main_subject": "국내 여행",
    "expression_weight": {
      "exp_style": 1,
      "exp_grammar": 2,
      "exp_vocab": 3,
      "exp": 4
    }
  },
  "correction": [],
  "info": {
    "essay_id": "ESSAY_60693",
    "essay_prompt": " 코로나는 우리에게 많은 것을 앗아갔습니다. 그중 자유롭게 돌아다닐 수 없는 답답한 상황이 제일 크다고 많은 사람이 말합니다.\n\n 그만큼 산으로 바다로 더 나아가 해외로 여행을 가는 행위는 우리 모두에게 행복한 기분과 신선함을 주워줍니다.\n\n 여러분은 최근이나 코로나 이전에 국내 여행을 다녀온 적 있으신가요?\n\n 자신이 갔던 국내 여행지중에 가장 행복하고 즐거웠던 여행지를 추천해주세요. 그리고 그곳에서 어떤 일이 있었는지, 어떤 것을 했는지 설명해주세요.",
    "essay_type": "설명글",
    "essay_level": "3",
    "essay_len": 751,
    "essay_main_subject": "국내 여행"
  }
}