{
  "paragraph": [
    {
      "paragraph_txt": "코로나가 생기고 나서 밖에 자유롭게 돌아다니지 못해 답답한 요즘, 바깥에 다니는 것을 좋아하는 저는 평소보다 훨씬 더 우울해졌고 아무것도 하기 싫어졌습니다. #@문장구분#그리고 요즘이 되어서 코로나가 조금 잠잠해졌는데 저번 주였습니다.#@문장구분# 친구가 저 보고 같이 안동에 가지 않을래?#@문장구분# 하고 물어 보았습니다. #@문장구분#저는 요즘 안동에 가서 무엇을 하겠냐고 생각했지만, 친구가 할 것이 많다며 단둘이 안동에 가보자고 얘기했었습니다. #@문장구분#저는 집에 있는 것만 아니라면 다 좋았기 때문에 친구에게 같이 가자고 했고 친구가 짠 스케줄대로 같이 놀기로 했습니다. #@문장구분#안동까지는 기차를 타고 가면 금방이었기 때문에 우리는 기차를 타고 안동으로 갔습니다.#@문장구분# 안동에는 초등학생 때 자주 놀러 간 기억이 있어서 익숙했습니다. #@문장구분#안동 역에 내리니 익숙한 기분에 들떴습니다. #@문장구분#친구와 셀카를 몇 장 찍고 바로 뷔페로 갔습니다. #@문장구분#배고팠기 때문에 프랜차이즈 뷔페 집에 가서 엄청 많이 먹었습니다.#@문장구분# 그리고 안동 시내를 돌면서 사고 싶은 화장품들이나 예쁜 옷 같은 것을 구경 하였습니다.#@문장구분# 그렇게 놀다 보니 하루가 정말 빨리 가서 안동역 옆에 있던 애견샵에 들어가 반려 용품을 구경하고 거기에 있던 강아지와 같이 놀다가 기차를 타고 다시 집으로 왔습니다. #@문장구분#오랜만에 타지에 간거라 정말 기분이 좋았습니다.",
      "paragraph_len": 895,
      "paragraph_id": "001"
    }
  ],
  "score": {
    "paragraph_score": [
      {
        "paragraph_scoreT": [
          3,
          2.5,
          3
        ],
        "paragraph_scoreT_detail": {
          "paragraph_scoreT_exp": [
            [
              3,
              3,
              3
            ],
            [
              3,
              2,
              3
            ],
            [
              3,
              3,
              3
            ]
          ]
        },
        "paragraph_scoreT_avg": 2.8333333,
        "paragraph_id": "001"
      }
    ],
    "essay_scoreT": [
      30,
      22.722221,
      27.11111
    ],
    "essay_scoreT_avg": 26.611109,
    "essay_scoreT_detail": {
      "essay_scoreT_org": [
        [
          3,
          3,
          3,
          3
        ],
        [
          2,
          2,
          2,
          3
        ],
        [
          2,
          3,
          3,
          3
        ]
      ],
      "essay_scoreT_cont": [
        [
          3,
          3,
          0,
          3
        ],
        [
          2,
          2,
          0,
          3
        ],
        [
          3,
          2,
          0,
          2
        ]
      ],
      "essay_scoreT_exp": [
        [
          3,
          3,
          3
        ],
        [
          3,
          2,
          3
        ],
        [
          3,
          3,
          3
        ]
      ]
    }
  },
  "student": {
    "date": "2021.12.02",
    "student_educated": true,
    "student_grade": "중등_3학년",
    "location": "054",
    "student_grade_group": "중등",
    "student_reading": 2
  },
  "rubric": {
    "essay_grade": "중등_3학년",
    "organization_weight": {
      "org_paragraph": 2,
      "org": 2,
      "org_essay": 4,
      "org_coherence": 2,
      "org_quantity": 1
    },
    "essay_type": "설명글",
    "content_weight": {
      "con_clearance": 4,
      "con_novelty": 3,
      "con": 4,
      "con_prompt": 0,
      "con_description": 1
    },
    "essay_main_subject": "국내 여행",
    "expression_weight": {
      "exp_style": 1,
      "exp_grammar": 2,
      "exp_vocab": 3,
      "exp": 4
    }
  },
  "correction": [],
  "info": {
    "essay_id": "ESSAY_60677",
    "essay_prompt": " 코로나는 우리에게 많은 것을 앗아갔습니다. 그중 자유롭게 돌아다닐 수 없는 답답한 상황이 제일 크다고 많은 사람이 말합니다.\n\n 그만큼 산으로 바다로 더 나아가 해외로 여행을 가는 행위는 우리 모두에게 행복한 기분과 신선함을 주워줍니다.\n\n 여러분은 최근이나 코로나 이전에 국내 여행을 다녀온 적 있으신가요?\n\n 자신이 갔던 국내 여행지중에 가장 행복하고 즐거웠던 여행지를 추천해주세요. 그리고 그곳에서 어떤 일이 있었는지, 어떤 것을 했는지 설명해주세요.",
    "essay_type": "설명글",
    "essay_level": "3",
    "essay_len": 637,
    "essay_main_subject": "국내 여행"
  }
}