{
  "paragraph": [
    {
      "paragraph_txt": "11월 2일에 엄마께서 제가 좋아하는 반찬을 만들고 계셨는데 그 반찬이 만들기가 어려워서 제가 엄마를 도와 맛있는 반찬을 만들었습니다.#@문장구분# 그 때 반찬을 만들기가 어려워서 제가 엄마를 도와 맛있는 반찬을 만들었습니다.#@문장구분# 그 때 반찬을 만들고 바로 먹었는데 말잇못이 되게 정말 맛있었습니다.#@문장구분# 또 엄마께서 우동을 만드시는데 땅을 많이 흘리셔서 손수건을 찾아와 엄마의 이마에 있던 땀을 닦아드렸습니다.#@문장구분# 그 때 엄마께서 돈을 주셔서 뿌듯했고 다음에도 엄마를 도와드려야겠다라고 생각했다.#@문장구분#",
      "paragraph_len": 364,
      "paragraph_id": "001"
    }
  ],
  "score": {
    "paragraph_score": [
      {
        "paragraph_scoreT": [
          1,
          2,
          1.5714285
        ],
        "paragraph_scoreT_detail": {
          "paragraph_scoreT_exp": [
            [
              1,
              1,
              0
            ],
            [
              2,
              2,
              0
            ],
            [
              2,
              1,
              0
            ]
          ]
        },
        "paragraph_scoreT_avg": 1.5238094,
        "paragraph_id": "001"
      }
    ],
    "essay_scoreT": [
      12.733334,
      16.8,
      16.35238
    ],
    "essay_scoreT_avg": 15.295238,
    "essay_scoreT_detail": {
      "essay_scoreT_org": [
        [
          1,
          0,
          0,
          2
        ],
        [
          2,
          0,
          0,
          2
        ],
        [
          2,
          0,
          0,
          1
        ]
      ],
      "essay_scoreT_cont": [
        [
          2,
          1,
          0,
          2
        ],
        [
          1,
          1,
          0,
          2
        ],
        [
          1,
          2,
          0,
          2
        ]
      ],
      "essay_scoreT_exp": [
        [
          1,
          1,
          0
        ],
        [
          2,
          2,
          0
        ],
        [
          2,
          1,
          0
        ]
      ]
    }
  },
  "student": {
    "date": "2021.11.04",
    "student_educated": true,
    "student_grade": "초등_4학년",
    "location": "042",
    "student_grade_group": "초등",
    "student_reading": 3
  },
  "rubric": {
    "essay_grade": "초등_4학년",
    "organization_weight": {
      "org_paragraph": 0,
      "org": 2,
      "org_essay": 5,
      "org_coherence": 0,
      "org_quantity": 1
    },
    "essay_type": "설명글",
    "content_weight": {
      "con_clearance": 4,
      "con_novelty": 4,
      "con": 4,
      "con_prompt": 0,
      "con_description": 2
    },
    "essay_main_subject": "나의 선행",
    "expression_weight": {
      "exp_style": 0,
      "exp_grammar": 4,
      "exp_vocab": 3,
      "exp": 4
    }
  },
  "correction": [
    {
      "sentence_corr_txt_grammar": "",
      "sentence_corr_reason": [
        ""
      ],
      "sentence_id": "0003",
      "sentence_corr_type": [
        "스타일링"
      ],
      "sentence_corr_detail_type": [
        "패러프레이징"
      ],
      "sentence_txt": " 그 때 반찬을 만들고 바로 먹었는데 말잇못이 되게 정말 맛있었습니다.",
      "sentence_corr_txt_styling": " 그 때 반찬을 만들고 바로 먹었는데 말잇못이 되게 정말 맛있었습니다.",
      "paragraph_id": "001"
    },
    {
      "sentence_corr_txt_grammar": " 또 엄마께서 우동을 만드시는데 땀을 많이 흘리셔서 손수건을 찾아와 엄마의 이마에 있던 땀을 닦아드렸습니다.",
      "sentence_corr_reason": [
        ""
      ],
      "sentence_id": "0004",
      "sentence_corr_type": [
        "문법"
      ],
      "sentence_corr_detail_type": [
        "맞춤법"
      ],
      "sentence_txt": " 또 엄마께서 우동을 만드시는데 <문법_맞춤법>땅을</문법_맞춤법> 많이 흘리셔서 손수건을 찾아와 엄마의 이마에 있던 땀을 닦아드렸습니다.",
      "sentence_corr_txt_styling": "",
      "paragraph_id": "001"
    },
    {
      "sentence_corr_txt_grammar": " 그 때 엄마께서 돈을 주셔서 뿌듯했고 다음에도 엄마를 도와드려야겠다고 생각했다.",
      "sentence_corr_reason": [
        "",
        ""
      ],
      "sentence_id": "0005",
      "sentence_corr_type": [
        "문법",
        "스타일링"
      ],
      "sentence_corr_detail_type": [
        "어미",
        "패러프레이징"
      ],
      "sentence_txt": " 그 때 엄마께서 돈을 주셔서 뿌듯했고 다음에도 엄마를 <문법_어미>도와드려야겠다라고 </문법_어미>생각했다.",
      "sentence_corr_txt_styling": " 그 때 엄마께서 돈을 주셔서 뿌듯했고 다음에도 엄마를 도와드려야겠다고 생각했다.",
      "paragraph_id": "001"
    }
  ],
  "info": {
    "essay_id": "ESSAY_47548",
    "essay_prompt": " 우리 주변에는 선행으로 다른 사람들에게 모범을 보이는 이웃들이 많이 있습니다. 여기서 선행은 착한 행동과 착한 마음을 의미해요.\n\n 무거운 짐을 나르는 할머니를 도와드리는 착한 학생, 도망치는 소매치기를 같이 잡아주는 멋진 대학생, 서비스를 많이 주시는 떡볶이집 사장님같이 착한 행동을 기반으로 누군가에게 도움과 행복을 주지요.\n\n 이처럼 나의 착한 마음이 다른 사람에게 큰 기쁨을 줄 수도 있습니다. 여러분도 착한 행동을 한 경험이 있나요? 어떤 선행을 했었는지 자신의 경험을 적고 그때 느꼈던 감정도 작성해보세요.",
    "essay_type": "설명글",
    "essay_level": "3",
    "essay_len": 264,
    "essay_main_subject": "나의 선행"
  }
}