{
  "paragraph": [
    {
      "paragraph_txt": "몇 년 전에 해돋이를 보기 위해서 울진 바다로 간 적이 있습니다.#@문장구분# 해돋이 명소로 알려진 곳에 들어가지 못하고 쩔쩔매다가 아빠는 여기가 멋있겠다면서 갑자기 다른 곳으로 차를 꺾었습니다. #@문장구분#블로그 리뷰나 인스타그램에 있는 멋진 명소가 아니라 오직 아빠가 즉석으로 찾아낸 해돋이를 보는 장소였습니다. #@문장구분#저는 솔직히 걱정이 반 앞섰습니다. #@문장구분#사람이라고 해봤자 우리와 저 멀리에 텐트를 치고 있는 사람들, 그리고 두 세명 정도였습니다. #@문장구분#해가 아직 뜨기 전 바다 바람은 추웠습니다.#@문장구분# 파도 소리는 고요함을 자꾸 부서뜨렸습니다. #@문장구분#그 때 차에서 신라면 작은 컵을 끓여 먹고는 해가 뜨는 예정시간보다 일찍 차에서 나와서 바다를 하염없이 바라보았습니다.#@문장구분# 해가 뜨고 나서, 저는 느꼈습니다. #@문장구분#그해 해돋이는 정말 앞으로도 다시는 보지 못할 엄청난 해돋이라는 것을요. #@문장구분#정말 눈부시도록 아름다웠습니다.#@문장구분# 무엇보다 바다에서 해돋이를 보는 것은 처음이었습니다.#@문장구분# 해돋이를 보며 올해는 이 해돋이처럼 아름답기를 소원 빌고 또 빌었습니다.",
      "paragraph_len": 741,
      "paragraph_id": "001"
    }
  ],
  "score": {
    "paragraph_score": [
      {
        "paragraph_scoreT": [
          3,
          2.8333333,
          3
        ],
        "paragraph_scoreT_detail": {
          "paragraph_scoreT_exp": [
            [
              3,
              3,
              3
            ],
            [
              3,
              3,
              2
            ],
            [
              3,
              3,
              3
            ]
          ]
        },
        "paragraph_scoreT_avg": 2.9444444,
        "paragraph_id": "001"
      }
    ],
    "essay_scoreT": [
      30,
      24.055555,
      29.555555
    ],
    "essay_scoreT_avg": 27.87037,
    "essay_scoreT_detail": {
      "essay_scoreT_org": [
        [
          3,
          3,
          3,
          3
        ],
        [
          2,
          2,
          2,
          3
        ],
        [
          3,
          3,
          3,
          1
        ]
      ],
      "essay_scoreT_cont": [
        [
          3,
          3,
          0,
          3
        ],
        [
          2,
          2,
          0,
          3
        ],
        [
          3,
          3,
          0,
          3
        ]
      ],
      "essay_scoreT_exp": [
        [
          3,
          3,
          3
        ],
        [
          3,
          3,
          2
        ],
        [
          3,
          3,
          3
        ]
      ]
    }
  },
  "student": {
    "date": "2021.11.28",
    "student_educated": true,
    "student_grade": "중등_3학년",
    "location": "054",
    "student_grade_group": "중등",
    "student_reading": 2
  },
  "rubric": {
    "essay_grade": "중등_3학년",
    "organization_weight": {
      "org_paragraph": 2,
      "org": 2,
      "org_essay": 4,
      "org_coherence": 2,
      "org_quantity": 1
    },
    "essay_type": "설명글",
    "content_weight": {
      "con_clearance": 4,
      "con_novelty": 3,
      "con": 4,
      "con_prompt": 0,
      "con_description": 1
    },
    "essay_main_subject": "국내 여행",
    "expression_weight": {
      "exp_style": 1,
      "exp_grammar": 2,
      "exp_vocab": 3,
      "exp": 4
    }
  },
  "correction": [],
  "info": {
    "essay_id": "ESSAY_60698",
    "essay_prompt": " 코로나는 우리에게 많은 것을 앗아갔습니다. 그중 자유롭게 돌아다닐 수 없는 답답한 상황이 제일 크다고 많은 사람이 말합니다.\n\n 그만큼 산으로 바다로 더 나아가 해외로 여행을 가는 행위는 우리 모두에게 행복한 기분과 신선함을 주워줍니다.\n\n 여러분은 최근이나 코로나 이전에 국내 여행을 다녀온 적 있으신가요?\n\n 자신이 갔던 국내 여행지중에 가장 행복하고 즐거웠던 여행지를 추천해주세요. 그리고 그곳에서 어떤 일이 있었는지, 어떤 것을 했는지 설명해주세요.",
    "essay_type": "설명글",
    "essay_level": "3",
    "essay_len": 503,
    "essay_main_subject": "국내 여행"
  }
}