{
  "paragraph": [
    {
      "paragraph_txt": "남자 친구와 데이트를 할 곳이 없고 돈은 아껴야겠다는 생각이 들어서 집 근처에 있는 사찰에 가보기로 했다.#@문장구분# 남자 친구의 집과 우리 집이 거리가 있다 보니 남자 친구가 버스를 타고 우리 집으로 와 같이 가기로 했다. #@문장구분#우리 집 근처이다 보니 지인분들이 있었기에 남자 친구 보고 혼자 올라오라고 시켰다. #@문장구분#그리고 같이 사찰로 올라갔는데 사찰들 중에서도 유명한 곳이다 보니 사람들이 꽤 있었다. #@문장구분#남자 친구와 올라가며 이야기도 하고 우리 집 근처의 길도 알려줄 수 있었던 기회였다.#@문장구분# 사찰에 가서는 나는 너무 다녀본 곳이다 보니 눈에 들어오지 않았지만 남자 친구는 거리가 멀지 않은 곳인데도 처음 와보는 곳이라 하기에 설명을 해주며 사찰을 돌아다녔다.#@문장구분# 계단과 오르막들이 많기 때문에 체력적으로 한계가 느껴졌던 것 같다.#@문장구분# 예전에는 뛰어다녀도 힘들지 않았는데 이제는 걸어 다녀도 힘들어서 늙어가는구나 싶었다.#@문장구분# 남자 친구가 게임 쪽이 아닌 이상 별 관심이 없어 1시간 걸릴 코스를 30분 만에 끝냈다. #@문장구분#할 것이 너무 없다 보니 무엇을 해야 할까 하다가 다시 나가기로 해 내려가면서 엄마에게 남자 친구를 소개시켜줬다.#@문장구분# 그땐 남자 친구가 빼빼 마른 시절이라 엄마가 남자 친구를 보며 왜 이렇게 말랐냐고 했었던 기억이 있다.#@문장구분# 하지만 지금은 많이 달라져 다시 한번 소개시켜주고 싶다.",
      "paragraph_len": 868,
      "paragraph_id": "001"
    }
  ],
  "score": {
    "paragraph_score": [
      {
        "paragraph_scoreT": [
          3,
          2.5,
          3
        ],
        "paragraph_scoreT_detail": {
          "paragraph_scoreT_exp": [
            [
              3,
              3,
              3
            ],
            [
              2,
              3,
              2
            ],
            [
              3,
              3,
              3
            ]
          ]
        },
        "paragraph_scoreT_avg": 2.8333333,
        "paragraph_id": "001"
      }
    ],
    "essay_scoreT": [
      30,
      22.222221,
      27.5
    ],
    "essay_scoreT_avg": 26.574074,
    "essay_scoreT_detail": {
      "essay_scoreT_org": [
        [
          3,
          3,
          3,
          3
        ],
        [
          2,
          2,
          2,
          3
        ],
        [
          3,
          3,
          3,
          3
        ]
      ],
      "essay_scoreT_cont": [
        [
          3,
          3,
          0,
          3
        ],
        [
          2,
          2,
          0,
          2
        ],
        [
          2,
          3,
          0,
          2
        ]
      ],
      "essay_scoreT_exp": [
        [
          3,
          3,
          3
        ],
        [
          2,
          3,
          2
        ],
        [
          3,
          3,
          3
        ]
      ]
    }
  },
  "student": {
    "date": "2021.12.04",
    "student_educated": true,
    "student_grade": "중등_3학년",
    "location": "054",
    "student_grade_group": "중등",
    "student_reading": 3
  },
  "rubric": {
    "essay_grade": "중등_3학년",
    "organization_weight": {
      "org_paragraph": 2,
      "org": 2,
      "org_essay": 4,
      "org_coherence": 2,
      "org_quantity": 1
    },
    "essay_type": "설명글",
    "content_weight": {
      "con_clearance": 4,
      "con_novelty": 3,
      "con": 4,
      "con_prompt": 0,
      "con_description": 1
    },
    "essay_main_subject": "국내 여행",
    "expression_weight": {
      "exp_style": 1,
      "exp_grammar": 2,
      "exp_vocab": 3,
      "exp": 4
    }
  },
  "correction": [],
  "info": {
    "essay_id": "ESSAY_60695",
    "essay_prompt": " 코로나는 우리에게 많은 것을 앗아갔습니다. 그중 자유롭게 돌아다닐 수 없는 답답한 상황이 제일 크다고 많은 사람이 말합니다.\n\n 그만큼 산으로 바다로 더 나아가 해외로 여행을 가는 행위는 우리 모두에게 행복한 기분과 신선함을 주워줍니다.\n\n 여러분은 최근이나 코로나 이전에 국내 여행을 다녀온 적 있으신가요?\n\n 자신이 갔던 국내 여행지중에 가장 행복하고 즐거웠던 여행지를 추천해주세요. 그리고 그곳에서 어떤 일이 있었는지, 어떤 것을 했는지 설명해주세요.",
    "essay_type": "설명글",
    "essay_level": "3",
    "essay_len": 650,
    "essay_main_subject": "국내 여행"
  }
}