{
  "paragraph": [
    {
      "paragraph_txt": "어렸을 때 제주도에 가서 가족 여행을 했습니다. #@문장구분#한라산도 보고, 언덕 위에 올라가보기도 하고, 그리고 아름다운 폭포를 보았고, 바다와 계곡, 그 사이 어딘가에서 발을 담그고 놀기도 했습니다. #@문장구분#그때만 생각하면 참 재밌었단 생각을 합니다.#@문장구분# 그리고 우리는 많은 박물관을 다녔습니다. #@문장구분#자동차 박물관에 가서 신기한 차들을 보고, 차가 어디서 유래되었는지 신기하다는 듯이 보았습니다.#@문장구분# 얼음 박물관에 가서는 신기한 조각상들을 보고 얼음 미끄럼틀을 타고 내려왔습니다. #@문장구분#꽃이 한가득 핀 박물관도 있었습니다.#@문장구분# 아름답다는 감정을 넘어서 정말 신기했습니다.#@문장구분# 제주도는 마치 다른 나라에 온 것 같은 착각을 일으켰습니다.#@문장구분# 비행기를 타본 것도 그때가 처음이었는데 정말 신기했습니다.#@문장구분# 몸이 붕뜨는 듯한 느낌에 신난 마음으로 기내식으로는 포도주스를 마셨습니다. #@문장구분#다음번에 제주도에 가게 된다면 올레길을 걷고 싶습니다. #@문장구분#메밀밭도 보고 싶습니다.#@문장구분# 제주도는 정말 아름다운 섬이었습니다. #@문장구분#그 때 먹은 회가 참 맛있었지요.",
      "paragraph_len": 773,
      "paragraph_id": "001"
    }
  ],
  "score": {
    "paragraph_score": [
      {
        "paragraph_scoreT": [
          3,
          2.8333333,
          3
        ],
        "paragraph_scoreT_detail": {
          "paragraph_scoreT_exp": [
            [
              3,
              3,
              3
            ],
            [
              3,
              3,
              2
            ],
            [
              3,
              3,
              3
            ]
          ]
        },
        "paragraph_scoreT_avg": 2.9444444,
        "paragraph_id": "001"
      }
    ],
    "essay_scoreT": [
      30,
      24.055555,
      29.11111
    ],
    "essay_scoreT_avg": 27.722223,
    "essay_scoreT_detail": {
      "essay_scoreT_org": [
        [
          3,
          3,
          3,
          3
        ],
        [
          2,
          2,
          2,
          3
        ],
        [
          3,
          3,
          2,
          1
        ]
      ],
      "essay_scoreT_cont": [
        [
          3,
          3,
          0,
          3
        ],
        [
          2,
          2,
          0,
          3
        ],
        [
          3,
          3,
          0,
          3
        ]
      ],
      "essay_scoreT_exp": [
        [
          3,
          3,
          3
        ],
        [
          3,
          3,
          2
        ],
        [
          3,
          3,
          3
        ]
      ]
    }
  },
  "student": {
    "date": "2021.11.28",
    "student_educated": true,
    "student_grade": "중등_3학년",
    "location": "054",
    "student_grade_group": "중등",
    "student_reading": 2
  },
  "rubric": {
    "essay_grade": "중등_3학년",
    "organization_weight": {
      "org_paragraph": 2,
      "org": 2,
      "org_essay": 4,
      "org_coherence": 2,
      "org_quantity": 1
    },
    "essay_type": "설명글",
    "content_weight": {
      "con_clearance": 4,
      "con_novelty": 3,
      "con": 4,
      "con_prompt": 0,
      "con_description": 1
    },
    "essay_main_subject": "국내 여행",
    "expression_weight": {
      "exp_style": 1,
      "exp_grammar": 2,
      "exp_vocab": 3,
      "exp": 4
    }
  },
  "correction": [],
  "info": {
    "essay_id": "ESSAY_60694",
    "essay_prompt": " 코로나는 우리에게 많은 것을 앗아갔습니다. 그중 자유롭게 돌아다닐 수 없는 답답한 상황이 제일 크다고 많은 사람이 말합니다.\n\n 그만큼 산으로 바다로 더 나아가 해외로 여행을 가는 행위는 우리 모두에게 행복한 기분과 신선함을 주워줍니다.\n\n 여러분은 최근이나 코로나 이전에 국내 여행을 다녀온 적 있으신가요?\n\n 자신이 갔던 국내 여행지중에 가장 행복하고 즐거웠던 여행지를 추천해주세요. 그리고 그곳에서 어떤 일이 있었는지, 어떤 것을 했는지 설명해주세요.",
    "essay_type": "설명글",
    "essay_level": "3",
    "essay_len": 495,
    "essay_main_subject": "국내 여행"
  }
}