{
  "paragraph": [
    {
      "paragraph_txt": "저는 최근에 여행은 아니지만 잠깐 서울에 갈 일이 있었습니다. #@문장구분#아버지와 어머니께서 건강 검진을 받으신다고 해서 저도 따라간 것인데요,#@문장구분# 어머니의 자가용을 타고 갔다왔기 때문에 딱히 오고가는데 정해진 시간은 없었습니다.#@문장구분# 그래서 생각보다 건강검진이 일찍 끝났기 때문에 저희 가족은 병원과 아주 가까웠던 롯데백화점에 들렀습니다.#@문장구분# 거기에서 이런 저런 옷들을 많이 구경 했는데, 평소에 옷에 관심이 없던 저희 아버지께서 아주 비싼 셔츠를 마음에 들어하시는 걸 보고 저희 어머니께서 웬일로 옷에 관심을 가지냐고 하시면서 그거를 생일 선물로 바로 사 주시겠다고 그 자리에서 카드를 긁으셨습니다. #@문장구분#아버지께서는 아이처럼 좋아하시고 제가 보기에도 그 셔츠는 아버지에게 정말 어울렸습니다. #@문장구분#그리고 서울에 다녀오는 길에 원주에 있는 초밥 뷔페에 들러서 다같이 저녁을 먹고 왔습니다. #@문장구분#오랜만에 먹는 초밥이라 훨씬 맛있었습니다. #@문장구분#저희 부모님께서도 초밥이 오랜만이라며 정말 맛있게 드셨다고 만족 하시는 걸 보니 기분이 좋았습니다. #@문장구분#요즘 코로나 때문에 어디에 갈 일이 많이 적었었는데 이렇게라도 멀리 다녀올 일이 생기니까 우리 가족들 모두 답답한 기분을 풀 수 있어서 굉장히 좋았던 거 같습니다. #@문장구분#그리고 아무리 코로나라도 이렇게 조금 완화된 시기 쯤에 한번씩 바깥에 다녀오는 것도 나쁘지 않다고 생각합니다.",
      "paragraph_len": 858,
      "paragraph_id": "001"
    }
  ],
  "score": {
    "paragraph_score": [
      {
        "paragraph_scoreT": [
          3,
          2.3333333,
          3
        ],
        "paragraph_scoreT_detail": {
          "paragraph_scoreT_exp": [
            [
              3,
              3,
              3
            ],
            [
              3,
              2,
              2
            ],
            [
              3,
              3,
              3
            ]
          ]
        },
        "paragraph_scoreT_avg": 2.7777777,
        "paragraph_id": "001"
      }
    ],
    "essay_scoreT": [
      30,
      23.555555,
      30
    ],
    "essay_scoreT_avg": 27.851852,
    "essay_scoreT_detail": {
      "essay_scoreT_org": [
        [
          3,
          3,
          3,
          3
        ],
        [
          2,
          2,
          2,
          3
        ],
        [
          3,
          3,
          3,
          3
        ]
      ],
      "essay_scoreT_cont": [
        [
          3,
          3,
          0,
          3
        ],
        [
          3,
          2,
          0,
          2
        ],
        [
          3,
          3,
          0,
          3
        ]
      ],
      "essay_scoreT_exp": [
        [
          3,
          3,
          3
        ],
        [
          3,
          2,
          2
        ],
        [
          3,
          3,
          3
        ]
      ]
    }
  },
  "student": {
    "date": "2021.11.28",
    "student_educated": true,
    "student_grade": "중등_3학년",
    "location": "054",
    "student_grade_group": "중등",
    "student_reading": 2
  },
  "rubric": {
    "essay_grade": "중등_3학년",
    "organization_weight": {
      "org_paragraph": 2,
      "org": 2,
      "org_essay": 4,
      "org_coherence": 2,
      "org_quantity": 1
    },
    "essay_type": "설명글",
    "content_weight": {
      "con_clearance": 4,
      "con_novelty": 3,
      "con": 4,
      "con_prompt": 0,
      "con_description": 1
    },
    "essay_main_subject": "국내 여행",
    "expression_weight": {
      "exp_style": 1,
      "exp_grammar": 2,
      "exp_vocab": 3,
      "exp": 4
    }
  },
  "correction": [],
  "info": {
    "essay_id": "ESSAY_60675",
    "essay_prompt": " 코로나는 우리에게 많은 것을 앗아갔습니다. 그중 자유롭게 돌아다닐 수 없는 답답한 상황이 제일 크다고 많은 사람이 말합니다.\n\n 그만큼 산으로 바다로 더 나아가 해외로 여행을 가는 행위는 우리 모두에게 행복한 기분과 신선함을 주워줍니다.\n\n 여러분은 최근이나 코로나 이전에 국내 여행을 다녀온 적 있으신가요?\n\n 자신이 갔던 국내 여행지중에 가장 행복하고 즐거웠던 여행지를 추천해주세요. 그리고 그곳에서 어떤 일이 있었는지, 어떤 것을 했는지 설명해주세요.",
    "essay_type": "설명글",
    "essay_level": "3",
    "essay_len": 660,
    "essay_main_subject": "국내 여행"
  }
}