{
  "paragraph": [
    {
      "paragraph_txt": "나는 3학년때 지하철에서 어떤 할머니께 지하철 자리를 양보했다.#@문장구분# 참 뿌듯했다.#@문장구분# 그리고 어떤 아이가 자전거를 가지고 엘레베이터에 타려고 했는데 힘들어 보여서 도와주었다.#@문장구분# 기분이 참 좋았다.#@문장구분# 또 엄마가 아프실때 약국에서 파스약을 사다드렸다.#@문장구분# 엄마가 웃는걸보니 기뻤다.#@문장구분# 그리고 내가 비눗방울을 사고 놀이터에서 놀고 있는데 어떤 애기가 하고싶은거 같아서 비눗방울을 빌려주었다.#@문장구분# 정말 행복했다#@문장구분# ^_^#@문장구분# 또 제작년에는 바다에 갔는데 어떤 아이가 게 때문에 무서워 하길래 치워주었다.#@문장구분# 뿌듯했다.#@문장구분# 또 작년 여름엔 친구필통이 없어져서 같이 찾아주었다.#@문장구분# 기분이 상쾌했다.#@문장구분# 이처럼 많은 선행을 하니 기분이 좋았다.#@문장구분# 앞으로도 선행을 많이 할것이다.#@문장구분#",
      "paragraph_len": 649,
      "paragraph_id": "001"
    }
  ],
  "score": {
    "paragraph_score": [
      {
        "paragraph_scoreT": [
          2.5714285,
          2,
          2
        ],
        "paragraph_scoreT_detail": {
          "paragraph_scoreT_exp": [
            [
              3,
              2,
              0
            ],
            [
              2,
              2,
              0
            ],
            [
              2,
              2,
              0
            ]
          ]
        },
        "paragraph_scoreT_avg": 2.1904762,
        "paragraph_id": "001"
      }
    ],
    "essay_scoreT": [
      23.419048,
      21.133335,
      20.333334
    ],
    "essay_scoreT_avg": 21.628572,
    "essay_scoreT_detail": {
      "essay_scoreT_org": [
        [
          2,
          0,
          0,
          3
        ],
        [
          2,
          0,
          0,
          3
        ],
        [
          2,
          0,
          0,
          3
        ]
      ],
      "essay_scoreT_cont": [
        [
          2,
          2,
          0,
          3
        ],
        [
          2,
          2,
          0,
          3
        ],
        [
          2,
          2,
          0,
          2
        ]
      ],
      "essay_scoreT_exp": [
        [
          3,
          2,
          0
        ],
        [
          2,
          2,
          0
        ],
        [
          2,
          2,
          0
        ]
      ]
    }
  },
  "student": {
    "date": "2021.11.08",
    "student_educated": true,
    "student_grade": "초등_4학년",
    "location": "042",
    "student_grade_group": "초등",
    "student_reading": 3
  },
  "rubric": {
    "essay_grade": "초등_4학년",
    "organization_weight": {
      "org_paragraph": 0,
      "org": 2,
      "org_essay": 5,
      "org_coherence": 0,
      "org_quantity": 1
    },
    "essay_type": "설명글",
    "content_weight": {
      "con_clearance": 4,
      "con_novelty": 4,
      "con": 4,
      "con_prompt": 0,
      "con_description": 2
    },
    "essay_main_subject": "나의 선행",
    "expression_weight": {
      "exp_style": 0,
      "exp_grammar": 4,
      "exp_vocab": 3,
      "exp": 4
    }
  },
  "correction": [
    {
      "sentence_corr_txt_grammar": "나는 3학년 때 지하철에서 어떤 할머니께 지하철 자리를 양보했다.",
      "sentence_corr_reason": [
        "띄어쓰기"
      ],
      "sentence_id": "0001",
      "sentence_corr_type": [
        "문법"
      ],
      "sentence_corr_detail_type": [
        "맞춤법"
      ],
      "sentence_txt": "나는 3<문법_맞춤법>학년때 </문법_맞춤법>지하철에서 어떤 할머니께 지하철 자리를 양보했다.",
      "sentence_corr_txt_styling": "",
      "paragraph_id": "001"
    },
    {
      "sentence_corr_txt_grammar": " 또 엄마가 아프실 때 약국에서 파스약을 사다드렸다.",
      "sentence_corr_reason": [
        "띄어쓰기"
      ],
      "sentence_id": "0005",
      "sentence_corr_type": [
        "문법"
      ],
      "sentence_corr_detail_type": [
        "맞춤법"
      ],
      "sentence_txt": " 또 엄마가 <문법_맞춤법>아프실때 </문법_맞춤법>약국에서 파스약을 사다드렸다.",
      "sentence_corr_txt_styling": "",
      "paragraph_id": "001"
    },
    {
      "sentence_corr_txt_grammar": " 엄마가 웃는 걸 보니 기뻤다.",
      "sentence_corr_reason": [
        "띄어쓰기"
      ],
      "sentence_id": "0006",
      "sentence_corr_type": [
        "문법"
      ],
      "sentence_corr_detail_type": [
        "맞춤법"
      ],
      "sentence_txt": " 엄마가 <문법_맞춤법>웃는걸보니 </문법_맞춤법>기뻤다.",
      "sentence_corr_txt_styling": "",
      "paragraph_id": "001"
    },
    {
      "sentence_corr_txt_grammar": " 그리고 내가 비눗방울을 사고 놀이터에서 놀고 있는데 어떤 애기가 하고 싶은 거 같아서 비눗방울을 빌려주었다.",
      "sentence_corr_reason": [
        "띄어쓰기"
      ],
      "sentence_id": "0007",
      "sentence_corr_type": [
        "문법"
      ],
      "sentence_corr_detail_type": [
        "맞춤법"
      ],
      "sentence_txt": " 그리고 내가 비눗방울을 사고 놀이터에서 놀고 있는데 어떤 애기가 <문법_맞춤법>하고싶은거 </문법_맞춤법>같아서 비눗방울을 빌려주었다.",
      "sentence_corr_txt_styling": "",
      "paragraph_id": "001"
    },
    {
      "sentence_corr_txt_grammar": " 정말 행복했다.",
      "sentence_corr_reason": [
        "마침표"
      ],
      "sentence_id": "0008",
      "sentence_corr_type": [
        "문법"
      ],
      "sentence_corr_detail_type": [
        "기타"
      ],
      "sentence_txt": " 정말 <문법_기타>행복했다</문법_기타>",
      "sentence_corr_txt_styling": "",
      "paragraph_id": "001"
    },
    {
      "sentence_corr_txt_grammar": " 또 재작년에는 바다에 갔는데 어떤 아이가 게 때문에 무서워 하길래 치워주었다.",
      "sentence_corr_reason": [
        ""
      ],
      "sentence_id": "0010",
      "sentence_corr_type": [
        "문법"
      ],
      "sentence_corr_detail_type": [
        "맞춤법"
      ],
      "sentence_txt": " 또 <문법_맞춤법>제작년에는 </문법_맞춤법>바다에 갔는데 어떤 아이가 게 때문에 무서워 하길래 치워주었다.",
      "sentence_corr_txt_styling": "",
      "paragraph_id": "001"
    },
    {
      "sentence_corr_txt_grammar": " 또 작년 여름엔 친구 필통이 없어져서 같이 찾아주었다.",
      "sentence_corr_reason": [
        "띄어쓰기"
      ],
      "sentence_id": "0012",
      "sentence_corr_type": [
        "문법"
      ],
      "sentence_corr_detail_type": [
        "맞춤법"
      ],
      "sentence_txt": " 또 작년 여름엔 <문법_맞춤법>친구필통이 </문법_맞춤법>없어져서 같이 찾아주었다.",
      "sentence_corr_txt_styling": "",
      "paragraph_id": "001"
    },
    {
      "sentence_corr_txt_grammar": " 앞으로도 선행을 많이 할 것이다.",
      "sentence_corr_reason": [
        "띄어쓰기"
      ],
      "sentence_id": "0015",
      "sentence_corr_type": [
        "문법"
      ],
      "sentence_corr_detail_type": [
        "맞춤법"
      ],
      "sentence_txt": " 앞으로도 선행을 많이 <문법_맞춤법>할것이다.</문법_맞춤법>",
      "sentence_corr_txt_styling": "",
      "paragraph_id": "001"
    }
  ],
  "info": {
    "essay_id": "ESSAY_47559",
    "essay_prompt": " 우리 주변에는 선행으로 다른 사람들에게 모범을 보이는 이웃들이 많이 있습니다. 여기서 선행은 착한 행동과 착한 마음을 의미해요.\n\n 무거운 짐을 나르는 할머니를 도와드리는 착한 학생, 도망치는 소매치기를 같이 잡아주는 멋진 대학생, 서비스를 많이 주시는 떡볶이집 사장님같이 착한 행동을 기반으로 누군가에게 도움과 행복을 주지요.\n\n 이처럼 나의 착한 마음이 다른 사람에게 큰 기쁨을 줄 수도 있습니다. 여러분도 착한 행동을 한 경험이 있나요? 어떤 선행을 했었는지 자신의 경험을 적고 그때 느꼈던 감정도 작성해보세요.",
    "essay_type": "설명글",
    "essay_level": "3",
    "essay_len": 349,
    "essay_main_subject": "나의 선행"
  }
}