{
  "paragraph": [
    {
      "paragraph_txt": "내가 선행 했던거 몇가지만 써보려 합니다.#@문장구분# 첫번째 빌려줬던 일 이들은 학교에서 친구에게 연필을 빌려줬던 경험이 생각나서 쓰기도 친구가 고맙다고 하는 기분이 좋았어요.#@문장구분# 두번째 들어주기 그 일은 예전에 마트 다녀올때 엄마를 도와 장바구니를 들었던 일이고 엄마가 좋아하는 모습을 보니 행복했어요.#@문장구분# 세번째 언니에 심부름을 해줬던 일이세요.#@문장구분# 언니가 제것도 사줘서 고마웠어요.#@문장구분# 선행을 하면 기분이 좋아져요. #@문장구분#저도 착한 일을 더 많이 해야겠어요.#@문장구분#",
      "paragraph_len": 382,
      "paragraph_id": "001"
    }
  ],
  "score": {
    "paragraph_score": [
      {
        "paragraph_scoreT": [
          2,
          2,
          2
        ],
        "paragraph_scoreT_detail": {
          "paragraph_scoreT_exp": [
            [
              2,
              2,
              0
            ],
            [
              2,
              2,
              0
            ],
            [
              2,
              2,
              0
            ]
          ]
        },
        "paragraph_scoreT_avg": 2,
        "paragraph_id": "001"
      }
    ],
    "essay_scoreT": [
      15.933332,
      18.4,
      16.466667
    ],
    "essay_scoreT_avg": 16.933332,
    "essay_scoreT_detail": {
      "essay_scoreT_org": [
        [
          1,
          0,
          0,
          2
        ],
        [
          2,
          0,
          0,
          2
        ],
        [
          2,
          0,
          0,
          1
        ]
      ],
      "essay_scoreT_cont": [
        [
          2,
          1,
          0,
          1
        ],
        [
          2,
          1,
          0,
          2
        ],
        [
          1,
          1,
          0,
          2
        ]
      ],
      "essay_scoreT_exp": [
        [
          2,
          2,
          0
        ],
        [
          2,
          2,
          0
        ],
        [
          2,
          2,
          0
        ]
      ]
    }
  },
  "student": {
    "date": "2021.11.04",
    "student_educated": true,
    "student_grade": "초등_4학년",
    "location": "042",
    "student_grade_group": "초등",
    "student_reading": 2
  },
  "rubric": {
    "essay_grade": "초등_4학년",
    "organization_weight": {
      "org_paragraph": 0,
      "org": 2,
      "org_essay": 5,
      "org_coherence": 0,
      "org_quantity": 1
    },
    "essay_type": "설명글",
    "content_weight": {
      "con_clearance": 4,
      "con_novelty": 4,
      "con": 4,
      "con_prompt": 0,
      "con_description": 2
    },
    "essay_main_subject": "나의 선행",
    "expression_weight": {
      "exp_style": 0,
      "exp_grammar": 4,
      "exp_vocab": 3,
      "exp": 4
    }
  },
  "correction": [
    {
      "sentence_corr_txt_grammar": "내가 선행 했던 거 몇 가지만 써보려 합니다.",
      "sentence_corr_reason": [
        "띄어쓰기",
        ""
      ],
      "sentence_id": "0001",
      "sentence_corr_type": [
        "문법",
        "스타일링"
      ],
      "sentence_corr_detail_type": [
        "맞춤법",
        "패러프레이징"
      ],
      "sentence_txt": "내가 선행 <문법_맞춤법>했던거 </문법_맞춤법>몇가지만 써보려 합니다.",
      "sentence_corr_txt_styling": "내가 선행 했던 거 몇 가지만 써보려 합니다.",
      "paragraph_id": "001"
    },
    {
      "sentence_corr_txt_grammar": " 첫 번째 빌려줬던 일 이들은 학교에서 친구에게 연필을 빌려줬던 경험이 생각나서 쓰기도 친구가 고맙다고 하는 기분이 좋았어요.",
      "sentence_corr_reason": [
        "띄어쓰기",
        ""
      ],
      "sentence_id": "0002",
      "sentence_corr_type": [
        "문법",
        "스타일링"
      ],
      "sentence_corr_detail_type": [
        "맞춤법",
        "패러프레이징"
      ],
      "sentence_txt": " <문법_맞춤법>첫번째 </문법_맞춤법>빌려줬던 일 이들은 학교에서 친구에게 연필을 빌려줬던 경험이 생각나서 쓰기도 친구가 고맙다고 하는 기분이 좋았어요.",
      "sentence_corr_txt_styling": " 첫 번째 빌려줬던 일 이들은 학교에서 친구에게 연필을 빌려줬던 경험이 생각나서 쓰기도 친구가 고맙다고 하는 기분이 좋았어요.",
      "paragraph_id": "001"
    },
    {
      "sentence_corr_txt_grammar": " 두 번째 들어주기 그 일은 예전에 마트 다녀올 때 엄마를 도와 장바구니를 들었던 일이고 엄마가 좋아하는 모습을 보니 행복했어요.",
      "sentence_corr_reason": [
        "띄어쓰기",
        ""
      ],
      "sentence_id": "0003",
      "sentence_corr_type": [
        "문법",
        "스타일링"
      ],
      "sentence_corr_detail_type": [
        "맞춤법",
        "패러프레이징"
      ],
      "sentence_txt": " <문법_맞춤법>두번째 </문법_맞춤법>들어주기 그 일은 예전에 마트 다녀올때 엄마를 도와 장바구니를 들었던 일이고 엄마가 좋아하는 모습을 보니 행복했어요.",
      "sentence_corr_txt_styling": " 두 번째 들어주기 그 일은 예전에 마트 다녀올 때 엄마를 도와 장바구니를 들었던 일이고 엄마가 좋아하는 모습을 보니 행복했어요.",
      "paragraph_id": "001"
    },
    {
      "sentence_corr_txt_grammar": " 세 번째 언니의 심부름을 해줬던 일이에요.",
      "sentence_corr_reason": [
        "",
        "",
        "띄어쓰기",
        ""
      ],
      "sentence_id": "0004",
      "sentence_corr_type": [
        "문법",
        "문법",
        "문법",
        "스타일링"
      ],
      "sentence_corr_detail_type": [
        "조사",
        "높임법",
        "맞춤법",
        "패러프레이징"
      ],
      "sentence_txt": " <문법_맞춤법>세번째 </문법_맞춤법><문법_조사>언니에 </문법_조사>심부름을 해줬던 <문법_높임법>일이세요.</문법_높임법>",
      "sentence_corr_txt_styling": " 세 번째 언니의 심부름을 해줬던 일이에요.",
      "paragraph_id": "001"
    }
  ],
  "info": {
    "essay_id": "ESSAY_47545",
    "essay_prompt": " 우리 주변에는 선행으로 다른 사람들에게 모범을 보이는 이웃들이 많이 있습니다. 여기서 선행은 착한 행동과 착한 마음을 의미해요.\n\n 무거운 짐을 나르는 할머니를 도와드리는 착한 학생, 도망치는 소매치기를 같이 잡아주는 멋진 대학생, 서비스를 많이 주시는 떡볶이집 사장님같이 착한 행동을 기반으로 누군가에게 도움과 행복을 주지요.\n\n 이처럼 나의 착한 마음이 다른 사람에게 큰 기쁨을 줄 수도 있습니다. 여러분도 착한 행동을 한 경험이 있나요? 어떤 선행을 했었는지 자신의 경험을 적고 그때 느꼈던 감정도 작성해보세요.",
    "essay_type": "설명글",
    "essay_level": "3",
    "essay_len": 242,
    "essay_main_subject": "나의 선행"
  }
}