{
  "paragraph": [
    {
      "paragraph_txt": "작년 8월 정도에 언니 심부름을 하고 문구점에서 집으로 가다가 바로 앞에서 가던 분이 바닥에 지갑을 떨구고 가시길래 주워서 앞에 가시던 분께 지갑을 떨어뜨리고 가셨다고 말했는데 지갑 떨어뜨리가 가신분이 감사합니다 라고 하고 가셨다.#@문장구분# 지갑을 주웠을 때는 많이 황당했는데 지갑 떨어뜨리고 가신 분이 바로 앞에나 가시고 있었서 한도의 한숨을 내쉬면서 지갑을 들렸을 때 다행이라고 생각 했었다.#@문장구분# 또 저번주 수요일에 언니가 아프다고 학교에서 조퇴를 하고 집에서 누워있었다.#@문장구분# 그런데 언니가 점심을 못 먹었다고 해서 집에 들려서 지갑을 가지고 김밥집에 가서 일반 김밥 두 줄을 사가지고 가서 언니에게 주었다.#@문장구분# 그런데 언니가 참치김밥을 더 좋아한다고 해서 다음부터는 참치김밥을 사다주기로 했다.#@문장구분# 언니가 김밥을 맛있게 먹어주어서 뿌듯했다.#@문장구분# 그리고 저번주 토요일 저녁에 같이 영어방과후를 다니는 친구#@이름# 가 영어 문장의 우리말 뜻을 모른다고 해서 영상통화로 차근차근 알려주었다.#@문장구분# 친구에게 영어를 알려주니까 나는 정말 영어를 열심히 하고 있는 것 같아서 뿌듯했다.#@문장구분#",
      "paragraph_len": 704,
      "paragraph_id": "001"
    }
  ],
  "score": {
    "paragraph_score": [
      {
        "paragraph_scoreT": [
          2,
          2,
          1.5714285
        ],
        "paragraph_scoreT_detail": {
          "paragraph_scoreT_exp": [
            [
              2,
              2,
              0
            ],
            [
              2,
              2,
              0
            ],
            [
              2,
              1,
              0
            ]
          ]
        },
        "paragraph_scoreT_avg": 1.8571428,
        "paragraph_id": "001"
      }
    ],
    "essay_scoreT": [
      22.733334,
      21.133335,
      18.619047
    ],
    "essay_scoreT_avg": 20.828573,
    "essay_scoreT_detail": {
      "essay_scoreT_org": [
        [
          2,
          0,
          0,
          3
        ],
        [
          2,
          0,
          0,
          3
        ],
        [
          2,
          0,
          0,
          3
        ]
      ],
      "essay_scoreT_cont": [
        [
          2,
          3,
          0,
          3
        ],
        [
          2,
          2,
          0,
          3
        ],
        [
          2,
          2,
          0,
          2
        ]
      ],
      "essay_scoreT_exp": [
        [
          2,
          2,
          0
        ],
        [
          2,
          2,
          0
        ],
        [
          2,
          1,
          0
        ]
      ]
    }
  },
  "student": {
    "date": "2021.11.08",
    "student_educated": true,
    "student_grade": "초등_4학년",
    "location": "042",
    "student_grade_group": "초등",
    "student_reading": 2
  },
  "rubric": {
    "essay_grade": "초등_4학년",
    "organization_weight": {
      "org_paragraph": 0,
      "org": 2,
      "org_essay": 5,
      "org_coherence": 0,
      "org_quantity": 1
    },
    "essay_type": "설명글",
    "content_weight": {
      "con_clearance": 4,
      "con_novelty": 4,
      "con": 4,
      "con_prompt": 0,
      "con_description": 2
    },
    "essay_main_subject": "나의 선행",
    "expression_weight": {
      "exp_style": 0,
      "exp_grammar": 4,
      "exp_vocab": 3,
      "exp": 4
    }
  },
  "correction": [
    {
      "sentence_corr_txt_grammar": "작년 8월 정도에 언니 심부름을 하고 문구점에서 집으로 가다가 바로 앞에서 가던 분이 바닥에 지갑을 떨구고 가시길래 주워서 앞에 가시던 분께 지갑을 떨어뜨리고 가셨다고 말했는데 지갑 떨어뜨리가 가신 분이 감사합니다 라고 하고 가셨다.",
      "sentence_corr_reason": [
        "띄어쓰기"
      ],
      "sentence_id": "0001",
      "sentence_corr_type": [
        "문법"
      ],
      "sentence_corr_detail_type": [
        "맞춤법"
      ],
      "sentence_txt": "작년 8월 정도에 언니 심부름을 하고 문구점에서 집으로 가다가 바로 앞에서 가던 분이 바닥에 지갑을 떨구고 가시길래 주워서 앞에 가시던 분께 지갑을 떨어뜨리고 가셨다고 말했는데 지갑 떨어뜨리가 <문법_맞춤법>가신분이</문법_맞춤법> 감사합니다 라고 하고 가셨다.",
      "sentence_corr_txt_styling": "",
      "paragraph_id": "001"
    },
    {
      "sentence_corr_txt_grammar": " 지갑을 주웠을 때는 많이 황당했는데 지갑 떨어뜨리고 가신 분이 바로 앞에 가시고 있어서 안도의 한숨을 내쉬면서 지갑을 드렸을 때 다행이라고 생각했다.",
      "sentence_corr_reason": [
        "",
        "",
        "띄어쓰기",
        ""
      ],
      "sentence_id": "0002",
      "sentence_corr_type": [
        "문법",
        "문법",
        "문법",
        "문법"
      ],
      "sentence_corr_detail_type": [
        "조사",
        "맞춤법",
        "시제",
        "어미"
      ],
      "sentence_txt": " 지갑을 주웠을 때는 많이 황당했는데 지갑 떨어뜨리고 가신 분이 바로 <문법_조사>앞에나 </문법_조사>가시고 <문법_어미>있었서 </문법_어미>한도의 한숨을 내쉬면서 지갑을 <문법_맞춤법>들렸을 </문법_맞춤법>때 다행이라고 <문법_시제>생각 했었다.</문법_시제>",
      "sentence_corr_txt_styling": "",
      "paragraph_id": "001"
    },
    {
      "sentence_corr_txt_grammar": " 또 지난주 수요일에 언니가 아프다고 학교에서 조퇴를 하고 집에서 누워 있었다.",
      "sentence_corr_reason": [
        ""
      ],
      "sentence_id": "0003",
      "sentence_corr_type": [
        "문법"
      ],
      "sentence_corr_detail_type": [
        "맞춤법"
      ],
      "sentence_txt": " 또 <문법_맞춤법>저번주 </문법_맞춤법>수요일에 언니가 아프다고 학교에서 조퇴를 하고 집에서 누워있었다.",
      "sentence_corr_txt_styling": "",
      "paragraph_id": "001"
    }
  ],
  "info": {
    "essay_id": "ESSAY_47561",
    "essay_prompt": " 우리 주변에는 선행으로 다른 사람들에게 모범을 보이는 이웃들이 많이 있습니다. 여기서 선행은 착한 행동과 착한 마음을 의미해요.\n\n 무거운 짐을 나르는 할머니를 도와드리는 착한 학생, 도망치는 소매치기를 같이 잡아주는 멋진 대학생, 서비스를 많이 주시는 떡볶이집 사장님같이 착한 행동을 기반으로 누군가에게 도움과 행복을 주지요.\n\n 이처럼 나의 착한 마음이 다른 사람에게 큰 기쁨을 줄 수도 있습니다. 여러분도 착한 행동을 한 경험이 있나요? 어떤 선행을 했었는지 자신의 경험을 적고 그때 느꼈던 감정도 작성해보세요.",
    "essay_type": "설명글",
    "essay_level": "3",
    "essay_len": 534,
    "essay_main_subject": "나의 선행"
  }
}