{
  "paragraph": [
    {
      "paragraph_txt": "저는 추석때 부모님과 언니와 함께 동해바다에 갔습니다.#@문장구분# 동해바다는 엄청 아름다웠습니다.#@문장구분# 일단 동해에 다 도착할때쯤에 멀리서 수평선이 보입니다. #@문장구분#수평선이 보일때쯤 마음이 벅차오르기 시작합니다.#@문장구분# 그리고 차를대고 해수욕장에 내려서 바다를 감상했는데 엄청 시원하고 상쾌했습니다.#@문장구분# 바다에 발도 담그고 재밌게 놀다보니 배가 고파서 밥을 먹으러 갔습니다. #@문장구분#횟집에가서 회를 먹고 집에가기 전에 수산시장에서 회를 좀 더 사갔습니다.#@문장구분# 그리고는 집에가서 언니와 함께 바다에서 찍은 사진들을 구경했습니다.#@문장구분# 집에서 언니와 저녁에 언니가 해준 파스타를 먹으면서 영화를 같이보았습니다.#@문장구분# 역시 최고의 여행지는 집이 아닐까요? #@문장구분#그리고 언니랑 새벽5시까지 수다도 떨고 맛있는 과자도 엄청 많이 먹었습니다.#@문장구분# 그리고 다음날 아침에 언니와 일어나서 산책을하고 카페에가서 또 수다를 떨었습니다.#@문장구분# 그리고 언니가 카페에서 레몬에이드와 허니브레드를 사줘서 맛있게 먹고 집으로 돌아왔습니다.#@문장구분# 그리고 가족들이랑 다같이 목살을 구워먹었는데 약간 추억을 구운거처럼 아주 좋은 장면으로 저에게 기억되었습니다.#@문장구분# 역시 가족들이랑 함께 하는 여행은 언제나 즐거운거 같습니다.#@문장구분#\n 얼른 여행을 떠나보세요!",
      "paragraph_len": 883,
      "paragraph_id": "001"
    }
  ],
  "score": {
    "paragraph_score": [
      {
        "paragraph_scoreT": [
          3,
          2,
          3
        ],
        "paragraph_scoreT_detail": {
          "paragraph_scoreT_exp": [
            [
              3,
              3,
              3
            ],
            [
              2,
              2,
              2
            ],
            [
              3,
              3,
              3
            ]
          ]
        },
        "paragraph_scoreT_avg": 2.6666667,
        "paragraph_id": "001"
      }
    ],
    "essay_scoreT": [
      30,
      20.722221,
      29.11111
    ],
    "essay_scoreT_avg": 26.611109,
    "essay_scoreT_detail": {
      "essay_scoreT_org": [
        [
          3,
          3,
          3,
          3
        ],
        [
          2,
          2,
          2,
          3
        ],
        [
          2,
          3,
          3,
          3
        ]
      ],
      "essay_scoreT_cont": [
        [
          3,
          3,
          0,
          3
        ],
        [
          2,
          2,
          0,
          3
        ],
        [
          3,
          3,
          0,
          3
        ]
      ],
      "essay_scoreT_exp": [
        [
          3,
          3,
          3
        ],
        [
          2,
          2,
          2
        ],
        [
          3,
          3,
          3
        ]
      ]
    }
  },
  "student": {
    "date": "2021.12.04",
    "student_educated": true,
    "student_grade": "중등_3학년",
    "location": "054",
    "student_grade_group": "중등",
    "student_reading": 3
  },
  "rubric": {
    "essay_grade": "중등_3학년",
    "organization_weight": {
      "org_paragraph": 2,
      "org": 2,
      "org_essay": 4,
      "org_coherence": 2,
      "org_quantity": 1
    },
    "essay_type": "설명글",
    "content_weight": {
      "con_clearance": 4,
      "con_novelty": 3,
      "con": 4,
      "con_prompt": 0,
      "con_description": 1
    },
    "essay_main_subject": "국내 여행",
    "expression_weight": {
      "exp_style": 1,
      "exp_grammar": 2,
      "exp_vocab": 3,
      "exp": 4
    }
  },
  "correction": [],
  "info": {
    "essay_id": "ESSAY_60687",
    "essay_prompt": " 코로나는 우리에게 많은 것을 앗아갔습니다. 그중 자유롭게 돌아다닐 수 없는 답답한 상황이 제일 크다고 많은 사람이 말합니다.\n\n 그만큼 산으로 바다로 더 나아가 해외로 여행을 가는 행위는 우리 모두에게 행복한 기분과 신선함을 주워줍니다.\n\n 여러분은 최근이나 코로나 이전에 국내 여행을 다녀온 적 있으신가요?\n\n 자신이 갔던 국내 여행지중에 가장 행복하고 즐거웠던 여행지를 추천해주세요. 그리고 그곳에서 어떤 일이 있었는지, 어떤 것을 했는지 설명해주세요.",
    "essay_type": "설명글",
    "essay_level": "3",
    "essay_len": 585,
    "essay_main_subject": "국내 여행"
  }
}