{
  "paragraph": [
    {
      "paragraph_txt": "나는 가족들끼리 여행다니는 것을 매우 좋아한다.#@문장구분# 실제로 우리 가족 모두가 여행 다니는 것을 좋아해서, 못해도 1년에 한번씩은 여행을 다닌다.#@문장구분# 하지만 코로나로 인해서 여행을 마음대로 다니지 못하는 것이 매우 아쉽다.#@문장구분# 그래서 예전 기억을 살려서 여행을 갔던 얘기를 써 보고자 한다. #@문장구분#내가 갔던 여행지 중에서 가장 기억에 남았던 곳은 전라도 담양이다. #@문장구분#이곳은 가족들끼리 갈 생각도 없다가, 즉흥적으로 간 곳이다. #@문장구분#가서 대나무 그릇에 만든 밥을 먹었는데, 정말 맛있었던 기억이 난다.#@문장구분# 이곳에서 먹었던 것은 밥 뿐만이 아니라, 다른 메뉴들까지 매우 맛있었다. #@문장구분#그리고 밥을 다 먹은 후, 담양에서 유명하다는 대나무숲에 갔다.#@문장구분# 대나무숲에서는 올라가야 할 길이 매우 많았다. #@문장구분#하필 그때 날씨도 매우 더워서, 언덕을 올라가야 한다길래 매우 기분이 좋지 않았다.#@문장구분# 하지만 대나무숲을 걷고 있으니, 오히려 시원했고, 기분도 맑고 상쾌해졌다.#@문장구분# 그리고 대나무숲에서 가족들과 함께 사진도 찍은 기억이 있다.#@문장구분# 또 대나무숲쪽에 쉬어가는 공간이라며 카페가 있었는데, 그곳에서 기념품도 함께 팔았다.#@문장구분# 그래서 그곳에서 판다인형을 사왔는데, 그것을 아직도 간직하고 있다.#@문장구분# 그리고 그곳에서 먹었던 대나무잎 아이스크림도 매우 맛있었어서 아직까지 잊을 수 없다.",
      "paragraph_len": 926,
      "paragraph_id": "001"
    }
  ],
  "score": {
    "paragraph_score": [
      {
        "paragraph_scoreT": [
          3,
          2,
          3
        ],
        "paragraph_scoreT_detail": {
          "paragraph_scoreT_exp": [
            [
              3,
              3,
              3
            ],
            [
              2,
              2,
              2
            ],
            [
              3,
              3,
              3
            ]
          ]
        },
        "paragraph_scoreT_avg": 2.6666667,
        "paragraph_id": "001"
      }
    ],
    "essay_scoreT": [
      30,
      20.722221,
      30
    ],
    "essay_scoreT_avg": 26.907408,
    "essay_scoreT_detail": {
      "essay_scoreT_org": [
        [
          3,
          3,
          3,
          3
        ],
        [
          2,
          2,
          2,
          3
        ],
        [
          3,
          3,
          3,
          3
        ]
      ],
      "essay_scoreT_cont": [
        [
          3,
          3,
          0,
          3
        ],
        [
          2,
          2,
          0,
          3
        ],
        [
          3,
          3,
          0,
          3
        ]
      ],
      "essay_scoreT_exp": [
        [
          3,
          3,
          3
        ],
        [
          2,
          2,
          2
        ],
        [
          3,
          3,
          3
        ]
      ]
    }
  },
  "student": {
    "date": "2021.11.30",
    "student_educated": true,
    "student_grade": "중등_3학년",
    "location": "054",
    "student_grade_group": "중등",
    "student_reading": 3
  },
  "rubric": {
    "essay_grade": "중등_3학년",
    "organization_weight": {
      "org_paragraph": 2,
      "org": 2,
      "org_essay": 4,
      "org_coherence": 2,
      "org_quantity": 1
    },
    "essay_type": "설명글",
    "content_weight": {
      "con_clearance": 4,
      "con_novelty": 3,
      "con": 4,
      "con_prompt": 0,
      "con_description": 1
    },
    "essay_main_subject": "국내 여행",
    "expression_weight": {
      "exp_style": 1,
      "exp_grammar": 2,
      "exp_vocab": 3,
      "exp": 4
    }
  },
  "correction": [],
  "info": {
    "essay_id": "ESSAY_60684",
    "essay_prompt": " 코로나는 우리에게 많은 것을 앗아갔습니다. 그중 자유롭게 돌아다닐 수 없는 답답한 상황이 제일 크다고 많은 사람이 말합니다.\n\n 그만큼 산으로 바다로 더 나아가 해외로 여행을 가는 행위는 우리 모두에게 행복한 기분과 신선함을 주워줍니다.\n\n 여러분은 최근이나 코로나 이전에 국내 여행을 다녀온 적 있으신가요?\n\n 자신이 갔던 국내 여행지중에 가장 행복하고 즐거웠던 여행지를 추천해주세요. 그리고 그곳에서 어떤 일이 있었는지, 어떤 것을 했는지 설명해주세요.",
    "essay_type": "설명글",
    "essay_level": "3",
    "essay_len": 628,
    "essay_main_subject": "국내 여행"
  }
}