{
  "paragraph": [
    {
      "paragraph_txt": "언니가 남자 친구와 사귀고 있을 때 나의 어린이날을 기념하여 나를 데리고 이월드에 가기로 했다. #@문장구분#셋이서 가긴 조금 그래서 형부의 동생도 같이 나와서 놀기로 했다. #@문장구분#처음 만나는 형부의 동생이라 낯가림을 가렸기 때문에 놀러를 가기 전날에 넷이서 밥을 먹고 잠깐 놀았다. #@문장구분#형부의 성격이 좋았었는데 형부의 동생도 성격이 좋다고 느꼈었다.#@문장구분# 나는 성격이 착한 사람이 좋기 때문에 나에게 잘해주는 점이 좋았다. #@문장구분#오빠의 자취방에서 자고 난 뒤에 아침 일찍 고속버스를 타고 대구 이월드에 가 놀이기구들을 탔다. #@문장구분#확실히 수도권에 있는 놀이동산들 보다는 작았지만 처음 가보는 곳이다 보니 재미있었다.#@문장구분# 형부의 동생이 나에게 잘해주려고 애쓰는 모습에 조금 반했던 것도 있었다. #@문장구분#처음 가서 몸풀기로 바이킹을 타 주고 그 옆에 있던 놀이기구들도 연달아서 타 주었다. #@문장구분#이월드에 시각을 이용한 박물관이 있어 거기에 사진도 많이 찍었는데 언니의 폰에 그 사진이 아직도 남아있는데 흑역사가 따로 없더라. #@문장구분#그 일로 인해 나도 나중에 남자 친구가 생기면 나의 가족들에게 좋은 추억을 만들어주며 좋은 이미지를 만들어주기 위해 노력해야겠다는 생각이 들었고 자라면서 많이 잊힌 추억들 속에서 기억에 남는 추억 중 하나이다.",
      "paragraph_len": 804,
      "paragraph_id": "001"
    }
  ],
  "score": {
    "paragraph_score": [
      {
        "paragraph_scoreT": [
          3,
          2.8333333,
          3
        ],
        "paragraph_scoreT_detail": {
          "paragraph_scoreT_exp": [
            [
              3,
              3,
              3
            ],
            [
              3,
              3,
              2
            ],
            [
              3,
              3,
              3
            ]
          ]
        },
        "paragraph_scoreT_avg": 2.9444444,
        "paragraph_id": "001"
      }
    ],
    "essay_scoreT": [
      28.055555,
      24.5,
      28.666666
    ],
    "essay_scoreT_avg": 27.074074,
    "essay_scoreT_detail": {
      "essay_scoreT_org": [
        [
          3,
          3,
          2,
          3
        ],
        [
          2,
          2,
          3,
          3
        ],
        [
          2,
          2,
          3,
          3
        ]
      ],
      "essay_scoreT_cont": [
        [
          3,
          2,
          0,
          3
        ],
        [
          2,
          2,
          0,
          3
        ],
        [
          3,
          3,
          0,
          3
        ]
      ],
      "essay_scoreT_exp": [
        [
          3,
          3,
          3
        ],
        [
          3,
          3,
          2
        ],
        [
          3,
          3,
          3
        ]
      ]
    }
  },
  "student": {
    "date": "2021.12.04",
    "student_educated": true,
    "student_grade": "중등_3학년",
    "location": "054",
    "student_grade_group": "중등",
    "student_reading": 3
  },
  "rubric": {
    "essay_grade": "중등_3학년",
    "organization_weight": {
      "org_paragraph": 2,
      "org": 2,
      "org_essay": 4,
      "org_coherence": 2,
      "org_quantity": 1
    },
    "essay_type": "설명글",
    "content_weight": {
      "con_clearance": 4,
      "con_novelty": 3,
      "con": 4,
      "con_prompt": 0,
      "con_description": 1
    },
    "essay_main_subject": "국내 여행",
    "expression_weight": {
      "exp_style": 1,
      "exp_grammar": 2,
      "exp_vocab": 3,
      "exp": 4
    }
  },
  "correction": [],
  "info": {
    "essay_id": "ESSAY_60679",
    "essay_prompt": " 코로나는 우리에게 많은 것을 앗아갔습니다. 그중 자유롭게 돌아다닐 수 없는 답답한 상황이 제일 크다고 많은 사람이 말합니다.\n\n 그만큼 산으로 바다로 더 나아가 해외로 여행을 가는 행위는 우리 모두에게 행복한 기분과 신선함을 주워줍니다.\n\n 여러분은 최근이나 코로나 이전에 국내 여행을 다녀온 적 있으신가요?\n\n 자신이 갔던 국내 여행지중에 가장 행복하고 즐거웠던 여행지를 추천해주세요. 그리고 그곳에서 어떤 일이 있었는지, 어떤 것을 했는지 설명해주세요.",
    "essay_type": "설명글",
    "essay_level": "3",
    "essay_len": 606,
    "essay_main_subject": "국내 여행"
  }
}