{
  "paragraph": [
    {
      "paragraph_txt": "저는 할로윈에 올해 10월 31일에 #@이름#네집에서 언니가 누워서 아파하길래(감기) 언니 생일이니까 내가 30일에 라무네(음료)를 사서 포장까지 해서 주고 그때 언니 생일이여서 선물을 주고 \"언니가 밤에 하지마 고마워\"라고 말해서 좋았다.#@문장구분# 그때 내가 자랑스럽죠.#@문장구분# 뿌듯했다.#@문장구분# 또 작년에는 우리집 앞 놀이터에서 자전거를 타다 넘어진 친구가 있어서 엄마를 불러서 치료를 해줬다.#@문장구분# 사람이 앉아서 무릎에 피가 나고 있길래 치료를 해주고 그때 엄마가 멋져보였고 \"나도 엄마가 되면 이렇게 멋져 질수 있겠지?\" 라는 생각이 들었다.#@문장구분# 그래서 내가 한일(형한일)이 많지만 생각이 안나지만 그래도 너무 뿌듯했다.#@문장구분#",
      "paragraph_len": 466,
      "paragraph_id": "001"
    }
  ],
  "score": {
    "paragraph_score": [
      {
        "paragraph_scoreT": [
          1.4285715,
          2,
          1.4285715
        ],
        "paragraph_scoreT_detail": {
          "paragraph_scoreT_exp": [
            [
              1,
              2,
              0
            ],
            [
              2,
              2,
              0
            ],
            [
              1,
              2,
              0
            ]
          ]
        },
        "paragraph_scoreT_avg": 1.6190476,
        "paragraph_id": "001"
      }
    ],
    "essay_scoreT": [
      17.714287,
      15.133333,
      12.847619
    ],
    "essay_scoreT_avg": 15.231746,
    "essay_scoreT_detail": {
      "essay_scoreT_org": [
        [
          2,
          0,
          0,
          2
        ],
        [
          1,
          0,
          0,
          2
        ],
        [
          1,
          0,
          0,
          2
        ]
      ],
      "essay_scoreT_cont": [
        [
          2,
          2,
          0,
          2
        ],
        [
          1,
          1,
          0,
          2
        ],
        [
          1,
          1,
          0,
          2
        ]
      ],
      "essay_scoreT_exp": [
        [
          1,
          2,
          0
        ],
        [
          2,
          2,
          0
        ],
        [
          1,
          2,
          0
        ]
      ]
    }
  },
  "student": {
    "date": "2021.11.08",
    "student_educated": true,
    "student_grade": "초등_4학년",
    "location": "042",
    "student_grade_group": "초등",
    "student_reading": 2
  },
  "rubric": {
    "essay_grade": "초등_4학년",
    "organization_weight": {
      "org_paragraph": 0,
      "org": 2,
      "org_essay": 5,
      "org_coherence": 0,
      "org_quantity": 1
    },
    "essay_type": "설명글",
    "content_weight": {
      "con_clearance": 4,
      "con_novelty": 4,
      "con": 4,
      "con_prompt": 0,
      "con_description": 2
    },
    "essay_main_subject": "나의 선행",
    "expression_weight": {
      "exp_style": 0,
      "exp_grammar": 4,
      "exp_vocab": 3,
      "exp": 4
    }
  },
  "correction": [
    {
      "sentence_corr_txt_grammar": "",
      "sentence_corr_reason": [
        ""
      ],
      "sentence_id": "0002",
      "sentence_corr_type": [
        "스타일링"
      ],
      "sentence_corr_detail_type": [
        "패러프레이징"
      ],
      "sentence_txt": " 그때 내가 자랑스럽죠.",
      "sentence_corr_txt_styling": " 그때 내가 자랑스럽죠.",
      "paragraph_id": "001"
    },
    {
      "sentence_corr_txt_grammar": " 또 작년에는 우리 집 앞 놀이터에서 자전거를 타다 넘어진 친구가 있어서 엄마를 불러서 치료를 해줬다.",
      "sentence_corr_reason": [
        "띄어쓰기"
      ],
      "sentence_id": "0004",
      "sentence_corr_type": [
        "문법"
      ],
      "sentence_corr_detail_type": [
        "맞춤법"
      ],
      "sentence_txt": " 또 작년에는 <문법_맞춤법>우리집 </문법_맞춤법>앞 놀이터에서 자전거를 타다 넘어진 친구가 있어서 엄마를 불러서 치료를 해줬다.",
      "sentence_corr_txt_styling": "",
      "paragraph_id": "001"
    },
    {
      "sentence_corr_txt_grammar": " 사람이 앉아서 무릎에 피가 나고 있길래 치료를 해주고 그때 엄마가 멋져보였고 \"나도 엄마가 되면 이렇게 멋져질 수 있겠지?\" 라는 생각이 들었다.",
      "sentence_corr_reason": [
        "띄어쓰기",
        ""
      ],
      "sentence_id": "0005",
      "sentence_corr_type": [
        "문법",
        "스타일링"
      ],
      "sentence_corr_detail_type": [
        "맞춤법",
        "패러프레이징"
      ],
      "sentence_txt": " 사람이 앉아서 무릎에 피가 나고 있길래 치료를 해주고 그때 엄마가 멋져보였고 \"나도 엄마가 되면 이렇게 <문법_맞춤법>멋져 질수</문법_맞춤법> 있겠지?\" 라는 생각이 들었다.",
      "sentence_corr_txt_styling": " 사람이 앉아서 무릎에 피가 나고 있길래 치료를 해주고 그때 엄마가 멋져보였고 \"나도 엄마가 되면 이렇게 멋져질 수 있겠지?\" 라는 생각이 들었다.",
      "paragraph_id": "001"
    },
    {
      "sentence_corr_txt_grammar": " 그래서 내가 한 일(형한일)이 많지만 생각이 안 나지만 그래도 너무 뿌듯했다.",
      "sentence_corr_reason": [
        "띄어쓰기",
        ""
      ],
      "sentence_id": "0006",
      "sentence_corr_type": [
        "문법",
        "스타일링"
      ],
      "sentence_corr_detail_type": [
        "맞춤법",
        "패러프레이징"
      ],
      "sentence_txt": " 그래서 내가 <문법_맞춤법>한일</문법_맞춤법>(형<문법_맞춤법>한일</문법_맞춤법>)이 많지만 생각이 안나지만 그래도 너무 뿌듯했다.",
      "sentence_corr_txt_styling": " 그래서 내가 한 일(형한일)이 많지만 생각이 안 나지만 그래도 너무 뿌듯했다.",
      "paragraph_id": "001"
    }
  ],
  "info": {
    "essay_id": "ESSAY_47562",
    "essay_prompt": " 우리 주변에는 선행으로 다른 사람들에게 모범을 보이는 이웃들이 많이 있습니다. 여기서 선행은 착한 행동과 착한 마음을 의미해요.\n\n 무거운 짐을 나르는 할머니를 도와드리는 착한 학생, 도망치는 소매치기를 같이 잡아주는 멋진 대학생, 서비스를 많이 주시는 떡볶이집 사장님같이 착한 행동을 기반으로 누군가에게 도움과 행복을 주지요.\n\n 이처럼 나의 착한 마음이 다른 사람에게 큰 기쁨을 줄 수도 있습니다. 여러분도 착한 행동을 한 경험이 있나요? 어떤 선행을 했었는지 자신의 경험을 적고 그때 느꼈던 감정도 작성해보세요.",
    "essay_type": "설명글",
    "essay_level": "3",
    "essay_len": 331,
    "essay_main_subject": "나의 선행"
  }
}