{
  "paragraph": [
    {
      "paragraph_txt": "나는 초등학교 5학년 때 야영으로 갔던 울진바다가 가장 기억에 남는다. #@문장구분#울진에 있는 해양수련원으로 놀러 갔었는데, 굉장히 빡빡한 일정과 고된 훈련아닌 훈련이 있었지만, 굉장히 재미있었다. #@문장구분#해양수련원에서 우리는 래프팅도 했고, 스노클링도 했다. #@문장구분#그때 스노클링은 파도가 많이 쳐서 잘 안보여서 아쉬웠지만, 센 파도 덕에 래프팅은 굉장히 재미있었다. #@문장구분#또, 자전거도 탔다. #@문장구분#자전거를 타고 해안가를 따라 나있는 자전거도로를 쭉 한바퀴 달리는 일이었는데, 차타고 가면서 항상 여유롭게 자전거를 타는 아저씨들이 부러웠는데 내가 그런 경험을 할 수 있었기 때문에 굉장히 즐거웠던 기억이 난다. #@문장구분#그게 가장 일상적이면서도 특별한 기억이었다. #@문장구분#또 그렇게 신나게 놀고난 이후에 밤에 강당에 모여서 함께 레크레이션을 했다.#@문장구분# 도미노를 쌓고, 무너뜨리면서 반 친구들과 단합을 하게 되었다. #@문장구분#또, 마지막으로 강당에서 부모님을 떠올릴 수 있는 영상을 틀어주셨는데 그 영상을 보고나서 여학생, 남학생 가리지 않고 모두가 펑펑 울었던 것 같다.#@문장구분# 그렇게 정신없이 숙소로 와서 친구들과 함께 씻고, 점호를 하고, 선생님께 걸리지 않도록 숨죽여서 놀던 기억, 그리고 놀다가 걸렸던 그 기억들을 평생 잊지 못할 추억인 것 같다.",
      "paragraph_len": 808,
      "paragraph_id": "001"
    }
  ],
  "score": {
    "paragraph_score": [
      {
        "paragraph_scoreT": [
          3,
          2.8333333,
          3
        ],
        "paragraph_scoreT_detail": {
          "paragraph_scoreT_exp": [
            [
              3,
              3,
              3
            ],
            [
              3,
              3,
              2
            ],
            [
              3,
              3,
              3
            ]
          ]
        },
        "paragraph_scoreT_avg": 2.9444444,
        "paragraph_id": "001"
      }
    ],
    "essay_scoreT": [
      30,
      24.5,
      30
    ],
    "essay_scoreT_avg": 28.166666,
    "essay_scoreT_detail": {
      "essay_scoreT_org": [
        [
          3,
          3,
          3,
          3
        ],
        [
          2,
          2,
          3,
          3
        ],
        [
          3,
          3,
          3,
          3
        ]
      ],
      "essay_scoreT_cont": [
        [
          3,
          3,
          0,
          3
        ],
        [
          2,
          2,
          0,
          3
        ],
        [
          3,
          3,
          0,
          3
        ]
      ],
      "essay_scoreT_exp": [
        [
          3,
          3,
          3
        ],
        [
          3,
          3,
          2
        ],
        [
          3,
          3,
          3
        ]
      ]
    }
  },
  "student": {
    "date": "2021.12.05",
    "student_educated": true,
    "student_grade": "중등_3학년",
    "location": "054",
    "student_grade_group": "중등",
    "student_reading": 3
  },
  "rubric": {
    "essay_grade": "중등_3학년",
    "organization_weight": {
      "org_paragraph": 2,
      "org": 2,
      "org_essay": 4,
      "org_coherence": 2,
      "org_quantity": 1
    },
    "essay_type": "설명글",
    "content_weight": {
      "con_clearance": 4,
      "con_novelty": 3,
      "con": 4,
      "con_prompt": 0,
      "con_description": 1
    },
    "essay_main_subject": "국내 여행",
    "expression_weight": {
      "exp_style": 1,
      "exp_grammar": 2,
      "exp_vocab": 3,
      "exp": 4
    }
  },
  "correction": [],
  "info": {
    "essay_id": "ESSAY_60680",
    "essay_prompt": " 코로나는 우리에게 많은 것을 앗아갔습니다. 그중 자유롭게 돌아다닐 수 없는 답답한 상황이 제일 크다고 많은 사람이 말합니다.\n\n 그만큼 산으로 바다로 더 나아가 해외로 여행을 가는 행위는 우리 모두에게 행복한 기분과 신선함을 주워줍니다.\n\n 여러분은 최근이나 코로나 이전에 국내 여행을 다녀온 적 있으신가요?\n\n 자신이 갔던 국내 여행지중에 가장 행복하고 즐거웠던 여행지를 추천해주세요. 그리고 그곳에서 어떤 일이 있었는지, 어떤 것을 했는지 설명해주세요.",
    "essay_type": "설명글",
    "essay_level": "3",
    "essay_len": 610,
    "essay_main_subject": "국내 여행"
  }
}