{
  "paragraph": [
    {
      "paragraph_txt": "저는 제천을 가서 호숫가 주변을 걷다가 먹은 옥수수와 오뎅이 자꾸만 생각이 납니다.#@문장구분# 제천에는 의림지라는 호수가 있습니다. #@문장구분#그 주변에는 공원도 있고 낡은 놀이공원도 있고 오리배를 타는 사람들도 있습니다.#@문장구분#저는 평소에 간단한 걷기 운동조차 귀찮아하는 사람이라 하루는 부모님과 함께 걷자는 명목으로 의림지를 가게 되었습니다. #@문장구분#걸으면서 많은 사람들이 지나치는 걸 보았습니다.#@문장구분# 생기발랄한 어린 아이들. 젊은 커플들. 노부부들.#@문장구분# 많은 사람들이 이 길을 걷는 것을 보면서 왠지 모르게 가슴이 몽글몽글 해지는 기분이었습니다. #@문장구분#왠지 모르게 기분이 좋았습니다.#@문장구분# 다 걷고 나서 벤치에 앉아서 오뎅과 옥수수를 주문했습니다.#@문장구분# 아빠는 옥수수를 삶던 한 아주머니와 몇 분을 이야기 하고서 왔습니다.#@문장구분# \"옥수수를 삶을 때 껍질을 덮어놓으면 당분이 날아가지 않아서 정말 맛있다.\"#@문장구분# 초롱초롱한 눈빛으로 그 아주머니는 우리 테이블에 와서 아빠랑 대화를 나누었습니다.#@문장구분# 아빠는 사람들과 알아가는 것이 재밌다고 합니다. #@문장구분#그래서 말걸기도 좋아하지요. #@문장구분#저는 그곳에서 아빠의 그런 태도를 배우고 싶었습니다.",
      "paragraph_len": 816,
      "paragraph_id": "001"
    }
  ],
  "score": {
    "paragraph_score": [
      {
        "paragraph_scoreT": [
          3,
          2.3333333,
          3
        ],
        "paragraph_scoreT_detail": {
          "paragraph_scoreT_exp": [
            [
              3,
              3,
              3
            ],
            [
              3,
              2,
              2
            ],
            [
              3,
              3,
              3
            ]
          ]
        },
        "paragraph_scoreT_avg": 2.7777777,
        "paragraph_id": "001"
      }
    ],
    "essay_scoreT": [
      30,
      22,
      29.555555
    ],
    "essay_scoreT_avg": 27.185186,
    "essay_scoreT_detail": {
      "essay_scoreT_org": [
        [
          3,
          3,
          3,
          3
        ],
        [
          2,
          2,
          3,
          3
        ],
        [
          3,
          3,
          3,
          1
        ]
      ],
      "essay_scoreT_cont": [
        [
          3,
          3,
          0,
          3
        ],
        [
          2,
          2,
          0,
          2
        ],
        [
          3,
          3,
          0,
          3
        ]
      ],
      "essay_scoreT_exp": [
        [
          3,
          3,
          3
        ],
        [
          3,
          2,
          2
        ],
        [
          3,
          3,
          3
        ]
      ]
    }
  },
  "student": {
    "date": "2021.11.28",
    "student_educated": true,
    "student_grade": "중등_3학년",
    "location": "054",
    "student_grade_group": "중등",
    "student_reading": 2
  },
  "rubric": {
    "essay_grade": "중등_3학년",
    "organization_weight": {
      "org_paragraph": 2,
      "org": 2,
      "org_essay": 4,
      "org_coherence": 2,
      "org_quantity": 1
    },
    "essay_type": "설명글",
    "content_weight": {
      "con_clearance": 4,
      "con_novelty": 3,
      "con": 4,
      "con_prompt": 0,
      "con_description": 1
    },
    "essay_main_subject": "국내 여행",
    "expression_weight": {
      "exp_style": 1,
      "exp_grammar": 2,
      "exp_vocab": 3,
      "exp": 4
    }
  },
  "correction": [],
  "info": {
    "essay_id": "ESSAY_60696",
    "essay_prompt": " 코로나는 우리에게 많은 것을 앗아갔습니다. 그중 자유롭게 돌아다닐 수 없는 답답한 상황이 제일 크다고 많은 사람이 말합니다.\n\n 그만큼 산으로 바다로 더 나아가 해외로 여행을 가는 행위는 우리 모두에게 행복한 기분과 신선함을 주워줍니다.\n\n 여러분은 최근이나 코로나 이전에 국내 여행을 다녀온 적 있으신가요?\n\n 자신이 갔던 국내 여행지중에 가장 행복하고 즐거웠던 여행지를 추천해주세요. 그리고 그곳에서 어떤 일이 있었는지, 어떤 것을 했는지 설명해주세요.",
    "essay_type": "설명글",
    "essay_level": "3",
    "essay_len": 539,
    "essay_main_subject": "국내 여행"
  }
}