{
  "paragraph": [
    {
      "paragraph_txt": "친구들과 처음으로 먼 곳에 있는 타지로 여행을 가게 되었다. #@문장구분#처음으로 친구들과 타 지역으로 멀리 가는 것이다 보니 떨렸다.#@문장구분# 원래는 하루를 자고 오고 싶었지만 부모님이 엄하게 반대를 하셔서 1박은 물 건너 가버렸다. #@문장구분#연락만 하고 있다가 놀러를 가게 된 것이 2년 만인 것 같다. #@문장구분#예전에는 같이 만나서 놀기도 하고 얘기도 자주 했는데 요즘에는 버스에서 만나도 인사도 안 하고 서로를 피하게 되어버린 상태였어서 친구들끼리 어색한 것이 아닐까 걱정이 많았지만 확실히 친했었던 친구들이어서 그런지 한 시간 정도가 지나니까 그 어색함은 어디 가고 그 자리에 웃음소리만이 가득했다.#@문장구분# 바닷가로 놀러 가는 것이기 때문에 사진을 찍기 위해 이쁜 옷을 사서 입고 나갔다. #@문장구분#확실히 친구들도 사진을 위해 예쁜 옷을 시켜서 입고 온 것 같아 보였다.#@문장구분# 4명이서 같이 갔는데 둘둘씩 나뉘어 다니던 습관이 있어서 그런지 놀러를 가서도 둘둘씩 걸어 다녔다.#@문장구분# 그동안 듣지 못했던 일들도 듣게 되며 오해했던 일들도 풀게 되었다. #@문장구분#처음으로 멀리 놀러 가는 것을 가족들도 처음 봐서 그런지 오빠가 전화가 와서 \"어떻게 거기까지 갔냐고 허락해 주더냐\"라고 물었었다. #@문장구분#그러며 잘 놀라고 했다.#@문장구분# 처음으로 보호자 없이 멀리 갔던 여행이라 기억에 남는 것 같다.",
      "paragraph_len": 843,
      "paragraph_id": "001"
    }
  ],
  "score": {
    "paragraph_score": [
      {
        "paragraph_scoreT": [
          3,
          2.8333333,
          3
        ],
        "paragraph_scoreT_detail": {
          "paragraph_scoreT_exp": [
            [
              3,
              3,
              3
            ],
            [
              3,
              3,
              2
            ],
            [
              3,
              3,
              3
            ]
          ]
        },
        "paragraph_scoreT_avg": 2.9444444,
        "paragraph_id": "001"
      }
    ],
    "essay_scoreT": [
      30,
      26.055555,
      28.5
    ],
    "essay_scoreT_avg": 28.185186,
    "essay_scoreT_detail": {
      "essay_scoreT_org": [
        [
          3,
          3,
          3,
          3
        ],
        [
          2,
          2,
          2,
          3
        ],
        [
          3,
          3,
          3,
          3
        ]
      ],
      "essay_scoreT_cont": [
        [
          3,
          3,
          0,
          3
        ],
        [
          3,
          2,
          0,
          3
        ],
        [
          3,
          2,
          0,
          3
        ]
      ],
      "essay_scoreT_exp": [
        [
          3,
          3,
          3
        ],
        [
          3,
          3,
          2
        ],
        [
          3,
          3,
          3
        ]
      ]
    }
  },
  "student": {
    "date": "2021.12.04",
    "student_educated": true,
    "student_grade": "중등_3학년",
    "location": "054",
    "student_grade_group": "중등",
    "student_reading": 3
  },
  "rubric": {
    "essay_grade": "중등_3학년",
    "organization_weight": {
      "org_paragraph": 2,
      "org": 2,
      "org_essay": 4,
      "org_coherence": 2,
      "org_quantity": 1
    },
    "essay_type": "설명글",
    "content_weight": {
      "con_clearance": 4,
      "con_novelty": 3,
      "con": 4,
      "con_prompt": 0,
      "con_description": 1
    },
    "essay_main_subject": "국내 여행",
    "expression_weight": {
      "exp_style": 1,
      "exp_grammar": 2,
      "exp_vocab": 3,
      "exp": 4
    }
  },
  "correction": [],
  "info": {
    "essay_id": "ESSAY_60681",
    "essay_prompt": " 코로나는 우리에게 많은 것을 앗아갔습니다. 그중 자유롭게 돌아다닐 수 없는 답답한 상황이 제일 크다고 많은 사람이 말합니다.\n\n 그만큼 산으로 바다로 더 나아가 해외로 여행을 가는 행위는 우리 모두에게 행복한 기분과 신선함을 주워줍니다.\n\n 여러분은 최근이나 코로나 이전에 국내 여행을 다녀온 적 있으신가요?\n\n 자신이 갔던 국내 여행지중에 가장 행복하고 즐거웠던 여행지를 추천해주세요. 그리고 그곳에서 어떤 일이 있었는지, 어떤 것을 했는지 설명해주세요.",
    "essay_type": "설명글",
    "essay_level": "3",
    "essay_len": 625,
    "essay_main_subject": "국내 여행"
  }
}