{
  "paragraph": [
    {
      "paragraph_txt": "나는 가장 기억에 남는 여행지는 산이었던 것 같다.#@문장구분#사실 다른 친구들은 산을 좋아하지 않는 친구들이 더 많은데 나는 산을 정말 좋아한다.#@문장구분#왜냐하면 산에 올라가는 길에 초록초록한 자연환경들을 보고 있으면 마음이 참 편해지는 것 같다는 생각이 들기 때문이다.#@문장구분#또 정상에 가서 바라보는 경치는 사진으로 볼때와는 차원이 다르게 멋있는 것 같다.#@문장구분#그래서 나는 산을 참 좋아한다.#@문장구분#그리고 산에는 나무가 엄청나게 높게 자라있는데 그 사이로 들리는 새들의 노래소리는 내 마음을 참 편하게 해줘서 좋다.#@문장구분#나는 고민도 엄청 엄청 많고 생각도 많은데 산에 올라가면 그 생각들을 마음껏 눈치보지 않고 할수있어서 참 좋은거 같다.#@문장구분# 평소에 집에서 방에 박혀서 했을 생각이라면,아마 같은 생각이라도 부정적인 감정이나 두려움같은게 쉽게 생겼을 텐데 이상하게 산에만 올라가면 고민도 가볍게 여겨지고 더 긍정적인 생각들을 많이하게되는 것 같다.#@문장구분#그래서 나는 산을 좋아하는 이유가 많다.#@문장구분#그리고 가끔씩 산을 올라가다가 계곡이나 폭포같은걸 마주쳐서 보고있으면 물소리가 너무 좋아서 마음의 짐이 물과 함께 내려가는 것 같다.#@문장구분#그리고 산으로 여행을 가면 정상에서 먹는 김밥이 참 맛있어서 그것도 좋은것같다.",
      "paragraph_len": 788,
      "paragraph_id": "001"
    }
  ],
  "score": {
    "paragraph_score": [
      {
        "paragraph_scoreT": [
          3,
          2,
          3
        ],
        "paragraph_scoreT_detail": {
          "paragraph_scoreT_exp": [
            [
              3,
              3,
              3
            ],
            [
              2,
              2,
              2
            ],
            [
              3,
              3,
              3
            ]
          ]
        },
        "paragraph_scoreT_avg": 2.6666667,
        "paragraph_id": "001"
      }
    ],
    "essay_scoreT": [
      30,
      20.722221,
      29.777779
    ],
    "essay_scoreT_avg": 26.833334,
    "essay_scoreT_detail": {
      "essay_scoreT_org": [
        [
          3,
          3,
          3,
          3
        ],
        [
          2,
          2,
          2,
          3
        ],
        [
          3,
          3,
          3,
          2
        ]
      ],
      "essay_scoreT_cont": [
        [
          3,
          3,
          0,
          3
        ],
        [
          2,
          2,
          0,
          3
        ],
        [
          3,
          3,
          0,
          3
        ]
      ],
      "essay_scoreT_exp": [
        [
          3,
          3,
          3
        ],
        [
          2,
          2,
          2
        ],
        [
          3,
          3,
          3
        ]
      ]
    }
  },
  "student": {
    "date": "2021.12.06",
    "student_educated": true,
    "student_grade": "중등_3학년",
    "location": "054",
    "student_grade_group": "중등",
    "student_reading": 2
  },
  "rubric": {
    "essay_grade": "중등_3학년",
    "organization_weight": {
      "org_paragraph": 2,
      "org": 2,
      "org_essay": 4,
      "org_coherence": 2,
      "org_quantity": 1
    },
    "essay_type": "설명글",
    "content_weight": {
      "con_clearance": 4,
      "con_novelty": 3,
      "con": 4,
      "con_prompt": 0,
      "con_description": 1
    },
    "essay_main_subject": "국내 여행",
    "expression_weight": {
      "exp_style": 1,
      "exp_grammar": 2,
      "exp_vocab": 3,
      "exp": 4
    }
  },
  "correction": [],
  "info": {
    "essay_id": "ESSAY_60697",
    "essay_prompt": " 코로나는 우리에게 많은 것을 앗아갔습니다. 그중 자유롭게 돌아다닐 수 없는 답답한 상황이 제일 크다고 많은 사람이 말합니다.\n\n 그만큼 산으로 바다로 더 나아가 해외로 여행을 가는 행위는 우리 모두에게 행복한 기분과 신선함을 주워줍니다.\n\n 여러분은 최근이나 코로나 이전에 국내 여행을 다녀온 적 있으신가요?\n\n 자신이 갔던 국내 여행지중에 가장 행복하고 즐거웠던 여행지를 추천해주세요. 그리고 그곳에서 어떤 일이 있었는지, 어떤 것을 했는지 설명해주세요.",
    "essay_type": "설명글",
    "essay_level": "3",
    "essay_len": 588,
    "essay_main_subject": "국내 여행"
  }
}