{
  "paragraph": [
    {
      "paragraph_txt": "요즘같은 코로나 시대에 접어들면서, 여행을 자유롭게 다닌 것이 매우 먼 미래라고 생각된다.#@문장구분# 나는 평소에 여행을 다니는 것을 좋아하기 때문에 더 그런 것 같다. #@문장구분#그래서 이 글을 쓰기 위하여 내가 갔던 여행지중 가장 기억에 남은 곳이 어디였는지 떠올려 보고 있다.#@문장구분# 내가 갔던 여행지 중에서 가장 기억에 남는 곳은 부산이다. #@문장구분#부산으로 여행을 가기 전부터, 부산은 정말 가보고 싶은 도시중 한곳이였다. #@문장구분#근데 마침내 부산에 가게 되어서 매우 신났었다. #@문장구분#우선 부산에 도착하여, 해운대 근처에 있는 아쿠아리움에 갔다. #@문장구분#나는 평소에도 아쿠아리움을 좋아했기 때문에 재미있게 잘 즐길 수 있었다.#@문장구분# 나는 물고기 구경하는 것을 매우 좋아한다.#@문장구분# 아쿠아리움 구경을 끝낸 후에는, 점심을 간단하게 먹고 해운대에 나갔다.#@문장구분# 하필 갔었을때가 여름이 다가오고 있었을 때라 해가 매우 따가웠다. #@문장구분#해운대에서는 그냥 거의 사진을 찍고, 바닷물에 발을 담그면서 놀았다. #@문장구분#그 바닷물은 매우 시원했다.#@문장구분# 그리고 그때가 하필 해운대에 사람들이 몰리기 시작했던 때라서 한 방송국에서 인터뷰를 하러 나왔던 것을 보았다.#@문장구분# 인터뷰 하는 것을 그때 처음 봐서, 매우 신기했어다. #@문장구분#난 아직도 가장 기억에 남는 여행지가 부산이다. #@문장구분#갔다온지 오래 됐는데도 말이다. #@문장구분#부산은 내 생각보다 더 아름다운 곳이였다.",
      "paragraph_len": 980,
      "paragraph_id": "001"
    }
  ],
  "score": {
    "paragraph_score": [
      {
        "paragraph_scoreT": [
          3,
          2.5,
          3
        ],
        "paragraph_scoreT_detail": {
          "paragraph_scoreT_exp": [
            [
              3,
              3,
              3
            ],
            [
              2,
              3,
              2
            ],
            [
              3,
              3,
              3
            ]
          ]
        },
        "paragraph_scoreT_avg": 2.8333333,
        "paragraph_id": "001"
      }
    ],
    "essay_scoreT": [
      30,
      22.5,
      28
    ],
    "essay_scoreT_avg": 26.833334,
    "essay_scoreT_detail": {
      "essay_scoreT_org": [
        [
          3,
          3,
          3,
          3
        ],
        [
          2,
          2,
          2,
          2
        ],
        [
          3,
          3,
          3,
          3
        ]
      ],
      "essay_scoreT_cont": [
        [
          3,
          3,
          0,
          3
        ],
        [
          2,
          2,
          0,
          3
        ],
        [
          3,
          2,
          0,
          2
        ]
      ],
      "essay_scoreT_exp": [
        [
          3,
          3,
          3
        ],
        [
          2,
          3,
          2
        ],
        [
          3,
          3,
          3
        ]
      ]
    }
  },
  "student": {
    "date": "2021.12.04",
    "student_educated": true,
    "student_grade": "중등_3학년",
    "location": "054",
    "student_grade_group": "중등",
    "student_reading": 3
  },
  "rubric": {
    "essay_grade": "중등_3학년",
    "organization_weight": {
      "org_paragraph": 2,
      "org": 2,
      "org_essay": 4,
      "org_coherence": 2,
      "org_quantity": 1
    },
    "essay_type": "설명글",
    "content_weight": {
      "con_clearance": 4,
      "con_novelty": 3,
      "con": 4,
      "con_prompt": 0,
      "con_description": 1
    },
    "essay_main_subject": "국내 여행",
    "expression_weight": {
      "exp_style": 1,
      "exp_grammar": 2,
      "exp_vocab": 3,
      "exp": 4
    }
  },
  "correction": [],
  "info": {
    "essay_id": "ESSAY_60682",
    "essay_prompt": " 코로나는 우리에게 많은 것을 앗아갔습니다. 그중 자유롭게 돌아다닐 수 없는 답답한 상황이 제일 크다고 많은 사람이 말합니다.\n\n 그만큼 산으로 바다로 더 나아가 해외로 여행을 가는 행위는 우리 모두에게 행복한 기분과 신선함을 주워줍니다.\n\n 여러분은 최근이나 코로나 이전에 국내 여행을 다녀온 적 있으신가요?\n\n 자신이 갔던 국내 여행지중에 가장 행복하고 즐거웠던 여행지를 추천해주세요. 그리고 그곳에서 어떤 일이 있었는지, 어떤 것을 했는지 설명해주세요.",
    "essay_type": "설명글",
    "essay_level": "3",
    "essay_len": 642,
    "essay_main_subject": "국내 여행"
  }
}