{
  "paragraph": [
    {
      "paragraph_txt": "저는 선행을 많이 해보았습니다.#@문장구분# 저번에 엄마가 아프실때 설거지와 빨래를 하고 설거지를 할때 땀이 많이 나서 힘들었습니다.#@문장구분# 또 학교에서 사랑의 빵에 동전을 저금통에 탈탈 털어 넣었고 식당이나 집, 남의 집에 가서 밥을 먹고 \"잘먹었습니다, 안녕하계세요.\"라고 무조건 말하고 학교에서 친구들이 물건을 떨어뜨리면 주워주기도 하고 엘레베이터를 탈때 열림버튼을 눌러 사람들 기다려주기도 합니다.#@문장구분# 남의 일을 도울때 뿌듯하고 기쁩니다.#@문장구분#",
      "paragraph_len": 316,
      "paragraph_id": "001"
    }
  ],
  "score": {
    "paragraph_score": [
      {
        "paragraph_scoreT": [
          2,
          2,
          2
        ],
        "paragraph_scoreT_detail": {
          "paragraph_scoreT_exp": [
            [
              2,
              2,
              0
            ],
            [
              2,
              2,
              0
            ],
            [
              2,
              2,
              0
            ]
          ]
        },
        "paragraph_scoreT_avg": 2,
        "paragraph_id": "001"
      }
    ],
    "essay_scoreT": [
      18,
      19.666668,
      18.866667
    ],
    "essay_scoreT_avg": 18.844444,
    "essay_scoreT_detail": {
      "essay_scoreT_org": [
        [
          1,
          0,
          0,
          1
        ],
        [
          2,
          0,
          0,
          1
        ],
        [
          2,
          0,
          0,
          1
        ]
      ],
      "essay_scoreT_cont": [
        [
          2,
          2,
          0,
          2
        ],
        [
          2,
          2,
          0,
          2
        ],
        [
          2,
          2,
          0,
          1
        ]
      ],
      "essay_scoreT_exp": [
        [
          2,
          2,
          0
        ],
        [
          2,
          2,
          0
        ],
        [
          2,
          2,
          0
        ]
      ]
    }
  },
  "student": {
    "date": "2021.11.08",
    "student_educated": true,
    "student_grade": "초등_4학년",
    "location": "042",
    "student_grade_group": "초등",
    "student_reading": 2
  },
  "rubric": {
    "essay_grade": "초등_4학년",
    "organization_weight": {
      "org_paragraph": 0,
      "org": 2,
      "org_essay": 5,
      "org_coherence": 0,
      "org_quantity": 1
    },
    "essay_type": "설명글",
    "content_weight": {
      "con_clearance": 4,
      "con_novelty": 4,
      "con": 4,
      "con_prompt": 0,
      "con_description": 2
    },
    "essay_main_subject": "나의 선행",
    "expression_weight": {
      "exp_style": 0,
      "exp_grammar": 4,
      "exp_vocab": 3,
      "exp": 4
    }
  },
  "correction": [
    {
      "sentence_corr_txt_grammar": " 저번에 엄마가 아프실 때 설거지와 빨래를 하고 설거지를 할 때 땀이 많이 나서 힘들었습니다.",
      "sentence_corr_reason": [
        "띄어쓰기"
      ],
      "sentence_id": "0002",
      "sentence_corr_type": [
        "문법"
      ],
      "sentence_corr_detail_type": [
        "맞춤법"
      ],
      "sentence_txt": " 저번에 엄마가 <문법_맞춤법>아프실때 </문법_맞춤법>설거지와 빨래를 하고 설거지를 할때 땀이 많이 나서 힘들었습니다.",
      "sentence_corr_txt_styling": "",
      "paragraph_id": "001"
    },
    {
      "sentence_corr_txt_grammar": " 또 학교에서 사랑의 빵에 동전을 저금통에 탈탈 털어 넣었고 식당이나 집, 남의 집에 가서 밥을 먹고 \"잘 먹었습니다, 안녕히 계세요.\"라고 무조건 말하고 학교에서 친구들이 물건을 떨어뜨리면 주워주기도 하고 엘리베이터를 탈 때 열림 버튼을 눌러 사람들 기다려주기도 합니다.",
      "sentence_corr_reason": [
        "띄어쓰기"
      ],
      "sentence_id": "0003",
      "sentence_corr_type": [
        "문법"
      ],
      "sentence_corr_detail_type": [
        "맞춤법"
      ],
      "sentence_txt": " 또 학교에서 사랑의 빵에 동전을 저금통에 탈탈 털어 넣었고 식당이나 집, 남의 집에 가서 밥을 먹고 \"<문법_맞춤법>잘먹었습니다</문법_맞춤법>, 안녕하계세요.\"라고 무조건 말하고 학교에서 친구들이 물건을 떨어뜨리면 주워주기도 하고 엘레베이터를 탈때 열림버튼을 눌러 사람들 기다려주기도 합니다.",
      "sentence_corr_txt_styling": "",
      "paragraph_id": "001"
    },
    {
      "sentence_corr_txt_grammar": " 남의 일을 도울 때 뿌듯하고 기쁩니다.",
      "sentence_corr_reason": [
        "띄어쓰기"
      ],
      "sentence_id": "0004",
      "sentence_corr_type": [
        "문법"
      ],
      "sentence_corr_detail_type": [
        "맞춤법"
      ],
      "sentence_txt": " 남의 일을 <문법_맞춤법>도울때 </문법_맞춤법>뿌듯하고 기쁩니다.",
      "sentence_corr_txt_styling": "",
      "paragraph_id": "001"
    }
  ],
  "info": {
    "essay_id": "ESSAY_47550",
    "essay_prompt": " 우리 주변에는 선행으로 다른 사람들에게 모범을 보이는 이웃들이 많이 있습니다. 여기서 선행은 착한 행동과 착한 마음을 의미해요.\n\n 무거운 짐을 나르는 할머니를 도와드리는 착한 학생, 도망치는 소매치기를 같이 잡아주는 멋진 대학생, 서비스를 많이 주시는 떡볶이집 사장님같이 착한 행동을 기반으로 누군가에게 도움과 행복을 주지요.\n\n 이처럼 나의 착한 마음이 다른 사람에게 큰 기쁨을 줄 수도 있습니다. 여러분도 착한 행동을 한 경험이 있나요? 어떤 선행을 했었는지 자신의 경험을 적고 그때 느꼈던 감정도 작성해보세요.",
    "essay_type": "설명글",
    "essay_level": "3",
    "essay_len": 236,
    "essay_main_subject": "나의 선행"
  }
}