{
  "paragraph": [
    {
      "paragraph_txt": "저는 코로나 19 때문에 많은 곳을 여행다니지 못했습니다. #@문장구분#우선 저는 동남아지역에 가서 여행을 해 보고 싶었는데 갑작스럽게 코로나 19바이러스 때문에 비행기도 타지 못하고 사람들이 많은 곳에는 가지 못하고 또 학교조차 쉽게 나가지 못했었습니다.#@문장구분# 하지만 코로나가 이렇게 오래 지속되고있어서인지 현재 많은 사람들이 코로나 19바이러스와 함께 살아가자는 의미인 위드 코로나에 대해 이야기를 나누고 있습니다. #@문장구분#그래서 저도 이제 그만 집에서 벗어나 바깥에서 활동을 하고 싶어졌습니다.#@문장구분# 아무리 위드 코로나에 대해서 이야기하고 있다고 해도 사람이 너무 많은곳에 가는 것은 불가능하다고 생각을 했습니다.#@문장구분# 그래서 저는 저희 가족들와 함께 캠핑장을 갔습니다.#@문장구분# 저의 가족들끼리만 캠핑장에서 함께 있다보니 코로나 19바이러스에 대한 걱정은 별로 많이 않았습니다. #@문장구분#우리가족은 너무 집에서만 있다 보니 자연환경이 많은 곳으로 가고싶어서 숲 속에있는 캠핑장에 갔습니다.#@문장구분# 숲 속에있는 캠핑장은 정말 공기가 좋았습니다. #@문장구분#코로나19로 인해서 어쩔 수 없이 쓰고 있어야 했던 마스크를 잠시 벗어두고 산의 공기를 맡을 수 있어서 정말 좋았습니다.#@문장구분# 생각했던 것 보다 엄청 상쾌하고 또 머리가 맑아지는 기분이었습니다.#@문장구분# 팔리 일상에서도 마스크를 벗을 수 있으면 좋겟습니다.",
      "paragraph_len": 853,
      "paragraph_id": "001"
    }
  ],
  "score": {
    "paragraph_score": [
      {
        "paragraph_scoreT": [
          3,
          2.5,
          3
        ],
        "paragraph_scoreT_detail": {
          "paragraph_scoreT_exp": [
            [
              3,
              3,
              3
            ],
            [
              2,
              3,
              2
            ],
            [
              3,
              3,
              3
            ]
          ]
        },
        "paragraph_scoreT_avg": 2.8333333,
        "paragraph_id": "001"
      }
    ],
    "essay_scoreT": [
      28.5,
      23.166666,
      30
    ],
    "essay_scoreT_avg": 27.222221,
    "essay_scoreT_detail": {
      "essay_scoreT_org": [
        [
          3,
          3,
          3,
          3
        ],
        [
          2,
          2,
          3,
          3
        ],
        [
          3,
          3,
          3,
          3
        ]
      ],
      "essay_scoreT_cont": [
        [
          3,
          2,
          0,
          3
        ],
        [
          2,
          2,
          0,
          3
        ],
        [
          3,
          3,
          0,
          3
        ]
      ],
      "essay_scoreT_exp": [
        [
          3,
          3,
          3
        ],
        [
          2,
          3,
          2
        ],
        [
          3,
          3,
          3
        ]
      ]
    }
  },
  "student": {
    "date": "2021.12.02",
    "student_educated": true,
    "student_grade": "중등_3학년",
    "location": "054",
    "student_grade_group": "중등",
    "student_reading": 3
  },
  "rubric": {
    "essay_grade": "중등_3학년",
    "organization_weight": {
      "org_paragraph": 2,
      "org": 2,
      "org_essay": 4,
      "org_coherence": 2,
      "org_quantity": 1
    },
    "essay_type": "설명글",
    "content_weight": {
      "con_clearance": 4,
      "con_novelty": 3,
      "con": 4,
      "con_prompt": 0,
      "con_description": 1
    },
    "essay_main_subject": "국내 여행",
    "expression_weight": {
      "exp_style": 1,
      "exp_grammar": 2,
      "exp_vocab": 3,
      "exp": 4
    }
  },
  "correction": [],
  "info": {
    "essay_id": "ESSAY_60690",
    "essay_prompt": " 코로나는 우리에게 많은 것을 앗아갔습니다. 그중 자유롭게 돌아다닐 수 없는 답답한 상황이 제일 크다고 많은 사람이 말합니다.\n\n 그만큼 산으로 바다로 더 나아가 해외로 여행을 가는 행위는 우리 모두에게 행복한 기분과 신선함을 주워줍니다.\n\n 여러분은 최근이나 코로나 이전에 국내 여행을 다녀온 적 있으신가요?\n\n 자신이 갔던 국내 여행지중에 가장 행복하고 즐거웠던 여행지를 추천해주세요. 그리고 그곳에서 어떤 일이 있었는지, 어떤 것을 했는지 설명해주세요.",
    "essay_type": "설명글",
    "essay_level": "3",
    "essay_len": 635,
    "essay_main_subject": "국내 여행"
  }
}