{
  "paragraph": [
    {
      "paragraph_txt": "저는 저번 주에 풍기에 있는 친구 집에서 하룻밤을 자고 왔습니다. #@문장구분#저는 영주에 살아서 이게 국내여행이 되냐고 물을 수 있지만 이거를 빼면 저는 최근에 국내여행을 간 기억이 없어서 이것밖에 없습니다. #@문장구분#풍기는 영주 바로 옆이긴 해도 다시 집까지 오려면 꽤 멀었기 때문에 저는 여벌옷이나 이런저런 짐을 챙겨서 바깥으로 나갔습니다.#@문장구분# 저는 시내버스 말고는 다른 버스를 타보지 못했기 때문에 풍기로 가는 버스도 탈 줄 몰랐습니다. #@문장구분#그래서 고맙게도 친구가 저를 위해 영주로 마중을 나와줘서 친구와 함께 배스킨라빈스를 한 통씩 사서 다시 버스에 탔습니다.#@문장구분# 버스는 고속버스같이 등받이가 높은 형식의 버스였고, 저는 친구네 집에서 가장 가까운 정류장에 내려 함께 친구네 아파트로 걸어갔습니다.#@문장구분# 풍기는 어릴 때 처음 가보고 그 후로 다시 처음 가보는 것이라서 풍경을 보는 것이 재미있었습니다.#@문장구분# 영주와 비슷한 분위기가 나서 신기했습니다.#@문장구분# 친구네 아파트에서 치킨을 시켜서 함께 아이돌 영상을 틀어놓고 아이돌에 대한 이야기를 하면서 치킨을 뜯었습니다. #@문장구분#그리고 나서 미리 사온 아이스크림을 꺼내 먹으면서 코로나가 싫다는 것같은 쓸데없는 이야기를 많이 했습니다.#@문장구분# 친구네 아버지께서 제게 선물로 비싼 초콜릿을 주셔서 다음 날 오는 길에 저도 모르게 다먹어버렸습니다.#@문장구분# 재미있게 놀았던 일박 이일였습니다.",
      "paragraph_len": 875,
      "paragraph_id": "001"
    }
  ],
  "score": {
    "paragraph_score": [
      {
        "paragraph_scoreT": [
          3,
          2.5,
          3
        ],
        "paragraph_scoreT_detail": {
          "paragraph_scoreT_exp": [
            [
              3,
              3,
              3
            ],
            [
              3,
              2,
              3
            ],
            [
              3,
              3,
              3
            ]
          ]
        },
        "paragraph_scoreT_avg": 2.8333333,
        "paragraph_id": "001"
      }
    ],
    "essay_scoreT": [
      30,
      23.166666,
      30
    ],
    "essay_scoreT_avg": 27.722221,
    "essay_scoreT_detail": {
      "essay_scoreT_org": [
        [
          3,
          3,
          3,
          3
        ],
        [
          2,
          2,
          3,
          3
        ],
        [
          3,
          3,
          3,
          3
        ]
      ],
      "essay_scoreT_cont": [
        [
          3,
          3,
          0,
          3
        ],
        [
          2,
          2,
          0,
          3
        ],
        [
          3,
          3,
          0,
          3
        ]
      ],
      "essay_scoreT_exp": [
        [
          3,
          3,
          3
        ],
        [
          3,
          2,
          3
        ],
        [
          3,
          3,
          3
        ]
      ]
    }
  },
  "student": {
    "date": "2021.12.03",
    "student_educated": true,
    "student_grade": "중등_3학년",
    "location": "054",
    "student_grade_group": "중등",
    "student_reading": 1
  },
  "rubric": {
    "essay_grade": "중등_3학년",
    "organization_weight": {
      "org_paragraph": 2,
      "org": 2,
      "org_essay": 4,
      "org_coherence": 2,
      "org_quantity": 1
    },
    "essay_type": "설명글",
    "content_weight": {
      "con_clearance": 4,
      "con_novelty": 3,
      "con": 4,
      "con_prompt": 0,
      "con_description": 1
    },
    "essay_main_subject": "국내 여행",
    "expression_weight": {
      "exp_style": 1,
      "exp_grammar": 2,
      "exp_vocab": 3,
      "exp": 4
    }
  },
  "correction": [],
  "info": {
    "essay_id": "ESSAY_60691",
    "essay_prompt": " 코로나는 우리에게 많은 것을 앗아갔습니다. 그중 자유롭게 돌아다닐 수 없는 답답한 상황이 제일 크다고 많은 사람이 말합니다.\n\n 그만큼 산으로 바다로 더 나아가 해외로 여행을 가는 행위는 우리 모두에게 행복한 기분과 신선함을 주워줍니다.\n\n 여러분은 최근이나 코로나 이전에 국내 여행을 다녀온 적 있으신가요?\n\n 자신이 갔던 국내 여행지중에 가장 행복하고 즐거웠던 여행지를 추천해주세요. 그리고 그곳에서 어떤 일이 있었는지, 어떤 것을 했는지 설명해주세요.",
    "essay_type": "설명글",
    "essay_level": "3",
    "essay_len": 657,
    "essay_main_subject": "국내 여행"
  }
}