{
  "paragraph": [
    {
      "paragraph_txt": "제가 코로나 이전에 갔던 국내 여행지 중 가장 기억에 남는 곳은 춘천이었습니다. #@문장구분#부모님과 1박 2일로 좋은 추억을 남길 수 있었습니다.#@문장구분# 가장 먼저 간 코스는 소양강 스카이워크였습니다. #@문장구분#바닥이 유리로 되어있어 투명하게 보이는 곳인데 소양강의 아름다운 물결을 감상할 수 있었습니다.#@문장구분# 닭갈비와 같이 유명한 춘천의 막국수를 맛있게 먹고 김유정역으로 향했습니다. #@문장구분#김유정 작가님을 떠올리면 가장 먼저 점순이가 생각이 났습니다.#@문장구분# 재밌게 읽었던 소설의 작가와 관련된 관광지를 방문한다는 것이 무척 설레었습니다.#@문장구분# 당시 작가가 나고 자란 생가에 방문해 구경도 하고 당시의 기차역 풍경을 재현한 곳에 가서 기관사의 복장을 입어보며 사진도 많이 남겼습니다.#@문장구분# 춘천 중도 물레길에서 카누도 타고 유명한 닭갈비집에서 춘천 닭갈비를 맛볼 수 있었습니다.#@문장구분# 둘째 날에는 춘천에 유명한 감자밭, 감자 카페에 방문해 감자빵도 구입하고 아름다운 풍경 구경하고 좋은 시간이었습니다. #@문장구분#닭갈비로 유명한 춘천은 들어만 보았지 가본 적이 없었는데 그때 처음으로 가게 되어 기대보다 더 즐거운 시간을 보냈습니다.#@문장구분# 맛있는 맛집도 많고 기억에 남던 소설의 작가의 이름을 본뜬 역에도 가보고 부모님과 좋은 추억을 남길 수 있었습니다. #@문장구분#다음에는 친구들과 함께 다시 찾아와 친구들에게 좋은 추억을 남기고 싶은 곳입니다.",
      "paragraph_len": 890,
      "paragraph_id": "001"
    }
  ],
  "score": {
    "paragraph_score": [
      {
        "paragraph_scoreT": [
          3,
          2.3333333,
          3
        ],
        "paragraph_scoreT_detail": {
          "paragraph_scoreT_exp": [
            [
              3,
              3,
              3
            ],
            [
              3,
              2,
              2
            ],
            [
              3,
              3,
              3
            ]
          ]
        },
        "paragraph_scoreT_avg": 2.7777777,
        "paragraph_id": "001"
      }
    ],
    "essay_scoreT": [
      30,
      22.5,
      30
    ],
    "essay_scoreT_avg": 27.5,
    "essay_scoreT_detail": {
      "essay_scoreT_org": [
        [
          3,
          3,
          3,
          3
        ],
        [
          2,
          2,
          3,
          3
        ],
        [
          3,
          3,
          3,
          3
        ]
      ],
      "essay_scoreT_cont": [
        [
          3,
          3,
          0,
          3
        ],
        [
          2,
          2,
          0,
          3
        ],
        [
          3,
          3,
          0,
          3
        ]
      ],
      "essay_scoreT_exp": [
        [
          3,
          3,
          3
        ],
        [
          3,
          2,
          2
        ],
        [
          3,
          3,
          3
        ]
      ]
    }
  },
  "student": {
    "date": "2021.12.04",
    "student_educated": true,
    "student_grade": "중등_3학년",
    "location": "054",
    "student_grade_group": "중등",
    "student_reading": 3
  },
  "rubric": {
    "essay_grade": "중등_3학년",
    "organization_weight": {
      "org_paragraph": 2,
      "org": 2,
      "org_essay": 4,
      "org_coherence": 2,
      "org_quantity": 1
    },
    "essay_type": "설명글",
    "content_weight": {
      "con_clearance": 4,
      "con_novelty": 3,
      "con": 4,
      "con_prompt": 0,
      "con_description": 1
    },
    "essay_main_subject": "국내 여행",
    "expression_weight": {
      "exp_style": 1,
      "exp_grammar": 2,
      "exp_vocab": 3,
      "exp": 4
    }
  },
  "correction": [],
  "info": {
    "essay_id": "ESSAY_60692",
    "essay_prompt": " 코로나는 우리에게 많은 것을 앗아갔습니다. 그중 자유롭게 돌아다닐 수 없는 답답한 상황이 제일 크다고 많은 사람이 말합니다.\n\n 그만큼 산으로 바다로 더 나아가 해외로 여행을 가는 행위는 우리 모두에게 행복한 기분과 신선함을 주워줍니다.\n\n 여러분은 최근이나 코로나 이전에 국내 여행을 다녀온 적 있으신가요?\n\n 자신이 갔던 국내 여행지중에 가장 행복하고 즐거웠던 여행지를 추천해주세요. 그리고 그곳에서 어떤 일이 있었는지, 어떤 것을 했는지 설명해주세요.",
    "essay_type": "설명글",
    "essay_level": "3",
    "essay_len": 652,
    "essay_main_subject": "국내 여행"
  }
}