{
  "paragraph": [
    {
      "paragraph_txt": "최근 가족들과 캠핑을 다녀온 적이 있다.#@문장구분# 캠핑장 바로 앞에 바닷가가 있어서 한여름이었음에도 불구하고 시원하게 즐길 수 있었다. #@문장구분#차를 타고 이동하는 거리가 좀 있어서 이동중에는 지루했다.#@문장구분# 하지만 점점 바다가 보이자 다시 신나는 마음으로 바뀌었다.#@문장구분# 우리는 글램핑장을 예약했다. #@문장구분#앞에는 바닷가가 있었고, 우리 가족이 예약한 글램핑장 옆에는 해먹이 있었다. #@문장구분#낮동안 해먹 위에 누워서 여유를 만끽했다. #@문장구분#그 후 근처 항에서 사온 회를 먹고, 실컷 낮잠을 잔 뒤 열심히 고기를 먹었다. #@문장구분#부모님과 함께 놀러다닐 일이 잘 없어서 이번 캠핑에서도 어색하고 재미없을 것 같아 걱정했는데, 전혀 그렇지 않았다.#@문장구분# 오랜만에 엄마아빠와 대화하는 시간을 갖게 될 수 있어서 오히려 좋았다.#@문장구분# 고기를 먹고 밤이 되어서 우리가족 모두 앞의 바다로 산책을 갔다. #@문장구분#서로 장난치고 사진도 찍으며 놀다가 바지를 다 적시게 되었지만 더 신나고 즐거울 뿐이었다.#@문장구분# 한참을 놀다가 해수욕장에서 불꽃놀이를 하는 사람들도 구경하고, 평소에 보고싶어하던 밤바다도 앉아서 구경을 했다.#@문장구분# 바다를 보며 친구들도 함께 왔으면 좋았겠다고 생각했다.#@문장구분# 그때 가족들과 얘기를 하던 도중 다음에도 또 올 일이 있으면 좋겠다고 말했는데, 정말 이렇게 함께 놀러다닐 기회가 앞으로도 많았으면 좋겠다.",
      "paragraph_len": 910,
      "paragraph_id": "001"
    }
  ],
  "score": {
    "paragraph_score": [
      {
        "paragraph_scoreT": [
          3,
          2.3333333,
          3
        ],
        "paragraph_scoreT_detail": {
          "paragraph_scoreT_exp": [
            [
              3,
              3,
              3
            ],
            [
              3,
              2,
              2
            ],
            [
              3,
              3,
              3
            ]
          ]
        },
        "paragraph_scoreT_avg": 2.7777777,
        "paragraph_id": "001"
      }
    ],
    "essay_scoreT": [
      30,
      22.5,
      28.5
    ],
    "essay_scoreT_avg": 27,
    "essay_scoreT_detail": {
      "essay_scoreT_org": [
        [
          3,
          3,
          3,
          3
        ],
        [
          2,
          2,
          3,
          3
        ],
        [
          3,
          3,
          3,
          3
        ]
      ],
      "essay_scoreT_cont": [
        [
          3,
          3,
          0,
          3
        ],
        [
          2,
          2,
          0,
          3
        ],
        [
          3,
          2,
          0,
          3
        ]
      ],
      "essay_scoreT_exp": [
        [
          3,
          3,
          3
        ],
        [
          3,
          2,
          2
        ],
        [
          3,
          3,
          3
        ]
      ]
    }
  },
  "student": {
    "date": "2021.11.30",
    "student_educated": true,
    "student_grade": "중등_3학년",
    "location": "054",
    "student_grade_group": "중등",
    "student_reading": 2
  },
  "rubric": {
    "essay_grade": "중등_3학년",
    "organization_weight": {
      "org_paragraph": 2,
      "org": 2,
      "org_essay": 4,
      "org_coherence": 2,
      "org_quantity": 1
    },
    "essay_type": "설명글",
    "content_weight": {
      "con_clearance": 4,
      "con_novelty": 3,
      "con": 4,
      "con_prompt": 0,
      "con_description": 1
    },
    "essay_main_subject": "국내 여행",
    "expression_weight": {
      "exp_style": 1,
      "exp_grammar": 2,
      "exp_vocab": 3,
      "exp": 4
    }
  },
  "correction": [],
  "info": {
    "essay_id": "ESSAY_60685",
    "essay_prompt": " 코로나는 우리에게 많은 것을 앗아갔습니다. 그중 자유롭게 돌아다닐 수 없는 답답한 상황이 제일 크다고 많은 사람이 말합니다.\n\n 그만큼 산으로 바다로 더 나아가 해외로 여행을 가는 행위는 우리 모두에게 행복한 기분과 신선함을 주워줍니다.\n\n 여러분은 최근이나 코로나 이전에 국내 여행을 다녀온 적 있으신가요?\n\n 자신이 갔던 국내 여행지중에 가장 행복하고 즐거웠던 여행지를 추천해주세요. 그리고 그곳에서 어떤 일이 있었는지, 어떤 것을 했는지 설명해주세요.",
    "essay_type": "설명글",
    "essay_level": "3",
    "essay_len": 632,
    "essay_main_subject": "국내 여행"
  }
}