{
  "paragraph": [
    {
      "paragraph_txt": "나는 여행을 좋아하지는 않는다.#@문장구분#왜냐하면 나는 멀미가 심하고 잠자리도 많이 가리기 때문이다.#@문장구분#그래서 특히 비행기를 타고 먼 나라로 떠나는 해외여행이 마냥 즐겁지는 않다.#@문장구분#물론 많이 다녀보지는 않았지만,그래도 낯선 곳에 가는게 즐거운 사람들도 있는 것 같은데 나는 마냥 막 즐겁지는 않다.#@문장구분#오히려 나는 쉴수 있는 기회가 생기면 집에서 그동안 못잔 잠을 보충하거나 맛있는 요리를 만들어서 재미있는 드라마랑 같이 먹는 것이 더 즐거운 것 같다.#@문장구분#그러나 가까운 국내 여행이라면 조금 다르지 않을까?#@문장구분#싶기도 하다.#@문장구분#이제 우리가 고등학생이 되고,대학생이 되면 부모님과 함꼐할 수 있는 시간은 더 줄어들 것이다.#@문장구분#그래서 나는 가족들과 함께 여행을 가서 우리 가족의 추억을 많이 만들고 싶기도 하다.#@문장구분#평생 잊지 못할 것 같다.#@문장구분#그래서 국내 여행은 좋은 것 같다.#@문장구분#부담스럽지 않기 때문이다.#@문장구분#따라서 나는 여행이 꼭 어디를 가느냐보다는 누구랑 가느냐가 더더 중요한 것이라고 생각하고 국내여행이 지금보다 더 활성화 됐으면 좋겠다.#@문장구분#가까운 곳에 여행을 가더라도,심지어는 집 앞 공원으로 나들이를 가더라도 좋아하는 가족들이나 친구들이라면 멀리  해외여행을 가는 것 만큼이나 오래오래내 기억에 남아 있을 것 같다.#@문장구분#그래서 나는 가까운 국내여행이라도 이제는 많이 다녀서 내가 좋아하는 사람들과 좋은 추억들을 많이 쌓을 수 있었으면 참 좋겠다.",
      "paragraph_len": 946,
      "paragraph_id": "001"
    }
  ],
  "score": {
    "paragraph_score": [
      {
        "paragraph_scoreT": [
          3,
          2,
          3
        ],
        "paragraph_scoreT_detail": {
          "paragraph_scoreT_exp": [
            [
              3,
              3,
              3
            ],
            [
              2,
              2,
              2
            ],
            [
              3,
              3,
              3
            ]
          ]
        },
        "paragraph_scoreT_avg": 2.6666667,
        "paragraph_id": "001"
      }
    ],
    "essay_scoreT": [
      30,
      20.222221,
      28
    ],
    "essay_scoreT_avg": 26.074074,
    "essay_scoreT_detail": {
      "essay_scoreT_org": [
        [
          3,
          3,
          3,
          3
        ],
        [
          2,
          2,
          2,
          3
        ],
        [
          3,
          3,
          3,
          3
        ]
      ],
      "essay_scoreT_cont": [
        [
          3,
          3,
          0,
          3
        ],
        [
          2,
          2,
          0,
          2
        ],
        [
          2,
          3,
          0,
          3
        ]
      ],
      "essay_scoreT_exp": [
        [
          3,
          3,
          3
        ],
        [
          2,
          2,
          2
        ],
        [
          3,
          3,
          3
        ]
      ]
    }
  },
  "student": {
    "date": "2021.12.04",
    "student_educated": true,
    "student_grade": "중등_3학년",
    "location": "054",
    "student_grade_group": "중등",
    "student_reading": 2
  },
  "rubric": {
    "essay_grade": "중등_3학년",
    "organization_weight": {
      "org_paragraph": 2,
      "org": 2,
      "org_essay": 4,
      "org_coherence": 2,
      "org_quantity": 1
    },
    "essay_type": "설명글",
    "content_weight": {
      "con_clearance": 4,
      "con_novelty": 3,
      "con": 4,
      "con_prompt": 0,
      "con_description": 1
    },
    "essay_main_subject": "국내 여행",
    "expression_weight": {
      "exp_style": 1,
      "exp_grammar": 2,
      "exp_vocab": 3,
      "exp": 4
    }
  },
  "correction": [],
  "info": {
    "essay_id": "ESSAY_60674",
    "essay_prompt": " 코로나는 우리에게 많은 것을 앗아갔습니다. 그중 자유롭게 돌아다닐 수 없는 답답한 상황이 제일 크다고 많은 사람이 말합니다.\n\n 그만큼 산으로 바다로 더 나아가 해외로 여행을 가는 행위는 우리 모두에게 행복한 기분과 신선함을 주워줍니다.\n\n 여러분은 최근이나 코로나 이전에 국내 여행을 다녀온 적 있으신가요?\n\n 자신이 갔던 국내 여행지중에 가장 행복하고 즐거웠던 여행지를 추천해주세요. 그리고 그곳에서 어떤 일이 있었는지, 어떤 것을 했는지 설명해주세요.",
    "essay_type": "설명글",
    "essay_level": "3",
    "essay_len": 668,
    "essay_main_subject": "국내 여행"
  }
}