{
  "paragraph": [
    {
      "paragraph_txt": "내가 잘한일은 친구에게 연필도 빌려주고 지우개도 빌려줬다.#@문장구분# 그리고 아침에 올때 인사를 했다.#@문장구분# 그리고 또 지하철 에서 노인에게 인사를 하고 자리를 양보해주었다.#@문장구분# 그리고 집에서 청소를 다해 노았다.#@문장구분# 빨래접기 청소기돌리기 를 해노았다.#@문장구분#그리고 또 학교에서 청소를 했다.#@문장구분# 그리고 친구에게 괜찮냐고 물어보았다. #@문장구분#그리고 미술 시간에 만들기를 도와 주었다.#@문장구분# 그리고 친구에게 먹을것을 사주었다.#@문장구분#",
      "paragraph_len": 391,
      "paragraph_id": "001"
    }
  ],
  "score": {
    "paragraph_score": [
      {
        "paragraph_scoreT": [
          1,
          2,
          2
        ],
        "paragraph_scoreT_detail": {
          "paragraph_scoreT_exp": [
            [
              1,
              1,
              0
            ],
            [
              2,
              2,
              0
            ],
            [
              2,
              2,
              0
            ]
          ]
        },
        "paragraph_scoreT_avg": 1.6666666,
        "paragraph_id": "001"
      }
    ],
    "essay_scoreT": [
      10.8,
      15.133333,
      14.8
    ],
    "essay_scoreT_avg": 13.577778,
    "essay_scoreT_detail": {
      "essay_scoreT_org": [
        [
          1,
          0,
          0,
          1
        ],
        [
          1,
          0,
          0,
          2
        ],
        [
          1,
          0,
          0,
          1
        ]
      ],
      "essay_scoreT_cont": [
        [
          1,
          1,
          0,
          2
        ],
        [
          1,
          1,
          0,
          2
        ],
        [
          1,
          1,
          0,
          2
        ]
      ],
      "essay_scoreT_exp": [
        [
          1,
          1,
          0
        ],
        [
          2,
          2,
          0
        ],
        [
          2,
          2,
          0
        ]
      ]
    }
  },
  "student": {
    "date": "2021.11.04",
    "student_educated": true,
    "student_grade": "초등_4학년",
    "location": "042",
    "student_grade_group": "초등",
    "student_reading": 2
  },
  "rubric": {
    "essay_grade": "초등_4학년",
    "organization_weight": {
      "org_paragraph": 0,
      "org": 2,
      "org_essay": 5,
      "org_coherence": 0,
      "org_quantity": 1
    },
    "essay_type": "설명글",
    "content_weight": {
      "con_clearance": 4,
      "con_novelty": 4,
      "con": 4,
      "con_prompt": 0,
      "con_description": 2
    },
    "essay_main_subject": "나의 선행",
    "expression_weight": {
      "exp_style": 0,
      "exp_grammar": 4,
      "exp_vocab": 3,
      "exp": 4
    }
  },
  "correction": [
    {
      "sentence_corr_txt_grammar": "내가 잘한 일은 친구에게 연필도 빌려주고 지우개도 빌려줬다.",
      "sentence_corr_reason": [
        "띄어쓰기",
        ""
      ],
      "sentence_id": "0001",
      "sentence_corr_type": [
        "문법",
        "스타일링"
      ],
      "sentence_corr_detail_type": [
        "맞춤법",
        "패러프레이징"
      ],
      "sentence_txt": "내가 <문법_맞춤법>잘한일은 </문법_맞춤법>친구에게 연필도 빌려주고 지우개도 빌려줬다.",
      "sentence_corr_txt_styling": "내가 잘한 일은 친구에게 연필도 빌려주고 지우개도 빌려줬다.",
      "paragraph_id": "001"
    },
    {
      "sentence_corr_txt_grammar": " 그리고 아침에 올 때 인사를 했다.",
      "sentence_corr_reason": [
        "띄어쓰기"
      ],
      "sentence_id": "0002",
      "sentence_corr_type": [
        "문법"
      ],
      "sentence_corr_detail_type": [
        "맞춤법"
      ],
      "sentence_txt": " 그리고 아침에 <문법_맞춤법>올때 </문법_맞춤법>인사를 했다.",
      "sentence_corr_txt_styling": "",
      "paragraph_id": "001"
    },
    {
      "sentence_corr_txt_grammar": " 그리고 또 지하철에서 노인께 인사를 하고 자리를 양보해드렸다.",
      "sentence_corr_reason": [
        "띄어쓰기",
        "",
        ""
      ],
      "sentence_id": "0003",
      "sentence_corr_type": [
        "문법",
        "문법",
        "스타일링"
      ],
      "sentence_corr_detail_type": [
        "맞춤법",
        "높임법",
        "패러프레이징"
      ],
      "sentence_txt": " 그리고 또 <문법_맞춤법>지하철 에서</문법_맞춤법> <문법_높임법>노인에게 </문법_높임법>인사를 하고 자리를 양보해주었다.",
      "sentence_corr_txt_styling": " 그리고 또 지하철에서 노인께 인사를 하고 자리를 양보해드렸다.",
      "paragraph_id": "001"
    },
    {
      "sentence_corr_txt_grammar": " 그리고 집에서 청소를 다 해 놓았다.",
      "sentence_corr_reason": [
        "띄어쓰기"
      ],
      "sentence_id": "0004",
      "sentence_corr_type": [
        "문법"
      ],
      "sentence_corr_detail_type": [
        "맞춤법"
      ],
      "sentence_txt": " 그리고 집에서 청소를 <문법_맞춤법>다해 노았다.</문법_맞춤법>",
      "sentence_corr_txt_styling": "",
      "paragraph_id": "001"
    },
    {
      "sentence_corr_txt_grammar": " 빨래 접기 청소기 돌리기를 해 놓았다.",
      "sentence_corr_reason": [
        "띄어쓰기",
        ""
      ],
      "sentence_id": "0005",
      "sentence_corr_type": [
        "문법",
        "스타일링"
      ],
      "sentence_corr_detail_type": [
        "맞춤법",
        "패러프레이징"
      ],
      "sentence_txt": " <문법_맞춤법>빨래접기 </문법_맞춤법>청소기돌리기 를 해노았다.",
      "sentence_corr_txt_styling": " 빨래 접기 청소기 돌리기를 해 놓았다.",
      "paragraph_id": "001"
    },
    {
      "sentence_corr_txt_grammar": "그리고 미술 시간에 만들기를 도와주었다.",
      "sentence_corr_reason": [
        "띄어쓰기"
      ],
      "sentence_id": "0008",
      "sentence_corr_type": [
        "문법"
      ],
      "sentence_corr_detail_type": [
        "맞춤법"
      ],
      "sentence_txt": "그리고 미술 시간에 만들기를 <문법_맞춤법>도와 주었다.</문법_맞춤법>",
      "sentence_corr_txt_styling": "",
      "paragraph_id": "001"
    },
    {
      "sentence_corr_txt_grammar": " 그리고 친구에게 먹을 것을 사주었다.",
      "sentence_corr_reason": [
        "띄어쓰기"
      ],
      "sentence_id": "0009",
      "sentence_corr_type": [
        "문법"
      ],
      "sentence_corr_detail_type": [
        "맞춤법"
      ],
      "sentence_txt": " 그리고 친구에게 <문법_맞춤법>먹을것을 </문법_맞춤법>사주었다.",
      "sentence_corr_txt_styling": "",
      "paragraph_id": "001"
    }
  ],
  "info": {
    "essay_id": "ESSAY_47542",
    "essay_prompt": " 우리 주변에는 선행으로 다른 사람들에게 모범을 보이는 이웃들이 많이 있습니다. 여기서 선행은 착한 행동과 착한 마음을 의미해요.\n\n 무거운 짐을 나르는 할머니를 도와드리는 착한 학생, 도망치는 소매치기를 같이 잡아주는 멋진 대학생, 서비스를 많이 주시는 떡볶이집 사장님같이 착한 행동을 기반으로 누군가에게 도움과 행복을 주지요.\n\n 이처럼 나의 착한 마음이 다른 사람에게 큰 기쁨을 줄 수도 있습니다. 여러분도 착한 행동을 한 경험이 있나요? 어떤 선행을 했었는지 자신의 경험을 적고 그때 느꼈던 감정도 작성해보세요.",
    "essay_type": "설명글",
    "essay_level": "3",
    "essay_len": 212,
    "essay_main_subject": "나의 선행"
  }
}