{
  "paragraph": [
    {
      "paragraph_txt": "나는 버스에서 할머니께 자리를 비켜드린 적이 있어.#@문장구분# 그리고 나는 연필을 안가지고 온 친구에게 연필을 빌려드린 적이 있어.#@문장구분# 그때 나의 마음은 뿌듯했어.#@문장구분# 그리고 나는 학교에 있는 쓰레기를 주어서 버린적이 있어.#@문장구분# 그리고 난 지우개를 안가지고 온 친구에게 지우개를 빌려준 적이 있어.#@문장구분#그리고 나는 다리아픈 친구를 도와준 적이 있어.#@문장구분# 그리고 나는 지우개를 잃어버린 친구에게 지우개를 찾아줬어.#@문장구분#",
      "paragraph_len": 353,
      "paragraph_id": "001"
    }
  ],
  "score": {
    "paragraph_score": [
      {
        "paragraph_scoreT": [
          1,
          1.4285715,
          1
        ],
        "paragraph_scoreT_detail": {
          "paragraph_scoreT_exp": [
            [
              1,
              1,
              0
            ],
            [
              1,
              2,
              0
            ],
            [
              1,
              1,
              0
            ]
          ]
        },
        "paragraph_scoreT_avg": 1.1428572,
        "paragraph_id": "001"
      }
    ],
    "essay_scoreT": [
      12.4,
      14.4476185,
      11.666667
    ],
    "essay_scoreT_avg": 12.838096,
    "essay_scoreT_detail": {
      "essay_scoreT_org": [
        [
          1,
          0,
          0,
          1
        ],
        [
          1,
          0,
          0,
          2
        ],
        [
          2,
          0,
          0,
          1
        ]
      ],
      "essay_scoreT_cont": [
        [
          2,
          1,
          0,
          2
        ],
        [
          2,
          1,
          0,
          2
        ],
        [
          1,
          1,
          0,
          1
        ]
      ],
      "essay_scoreT_exp": [
        [
          1,
          1,
          0
        ],
        [
          1,
          2,
          0
        ],
        [
          1,
          1,
          0
        ]
      ]
    }
  },
  "student": {
    "date": "2021.11.04",
    "student_educated": true,
    "student_grade": "초등_4학년",
    "location": "042",
    "student_grade_group": "초등",
    "student_reading": 3
  },
  "rubric": {
    "essay_grade": "초등_4학년",
    "organization_weight": {
      "org_paragraph": 0,
      "org": 2,
      "org_essay": 5,
      "org_coherence": 0,
      "org_quantity": 1
    },
    "essay_type": "설명글",
    "content_weight": {
      "con_clearance": 4,
      "con_novelty": 4,
      "con": 4,
      "con_prompt": 0,
      "con_description": 2
    },
    "essay_main_subject": "나의 선행",
    "expression_weight": {
      "exp_style": 0,
      "exp_grammar": 4,
      "exp_vocab": 3,
      "exp": 4
    }
  },
  "correction": [
    {
      "sentence_corr_txt_grammar": " 그리고 나는 연필을 안 가지고 온 친구에게 연필을 빌려준 적이 있어.",
      "sentence_corr_reason": [
        "띄어쓰기",
        ""
      ],
      "sentence_id": "0002",
      "sentence_corr_type": [
        "문법",
        "문법"
      ],
      "sentence_corr_detail_type": [
        "맞춤법",
        "높임법"
      ],
      "sentence_txt": " 그리고 나는 연필을 <문법_맞춤법>안가지고 </문법_맞춤법>온 친구에게 연필을 <문법_높임법>빌려드린 </문법_높임법>적이 있어.",
      "sentence_corr_txt_styling": "",
      "paragraph_id": "001"
    },
    {
      "sentence_corr_txt_grammar": " 그리고 나는 학교에 있는 쓰레기를 주워서 버린 적이 있어.",
      "sentence_corr_reason": [
        "",
        "띄어쓰기"
      ],
      "sentence_id": "0004",
      "sentence_corr_type": [
        "문법",
        "문법"
      ],
      "sentence_corr_detail_type": [
        "어미",
        "맞춤법"
      ],
      "sentence_txt": " 그리고 나는 학교에 있는 쓰레기를 <문법_어미>주어서 </문법_어미><문법_맞춤법>버린적이 </문법_맞춤법>있어.",
      "sentence_corr_txt_styling": "",
      "paragraph_id": "001"
    },
    {
      "sentence_corr_txt_grammar": " 그리고 난 지우개를 안 가지고 온 친구에게 지우개를 빌려준 적이 있어.",
      "sentence_corr_reason": [
        "띄어쓰기"
      ],
      "sentence_id": "0005",
      "sentence_corr_type": [
        "문법"
      ],
      "sentence_corr_detail_type": [
        "맞춤법"
      ],
      "sentence_txt": " 그리고 난 지우개를 <문법_맞춤법>안가지고 </문법_맞춤법>온 친구에게 지우개를 빌려준 적이 있어.",
      "sentence_corr_txt_styling": "",
      "paragraph_id": "001"
    },
    {
      "sentence_corr_txt_grammar": "그리고 나는 다리 아픈 친구를 도와준 적이 있어.",
      "sentence_corr_reason": [
        "띄어쓰기"
      ],
      "sentence_id": "0006",
      "sentence_corr_type": [
        "문법"
      ],
      "sentence_corr_detail_type": [
        "맞춤법"
      ],
      "sentence_txt": "그리고 나는 <문법_맞춤법>다리아픈 </문법_맞춤법>친구를 도와준 적이 있어.",
      "sentence_corr_txt_styling": "",
      "paragraph_id": "001"
    }
  ],
  "info": {
    "essay_id": "ESSAY_47544",
    "essay_prompt": " 우리 주변에는 선행으로 다른 사람들에게 모범을 보이는 이웃들이 많이 있습니다. 여기서 선행은 착한 행동과 착한 마음을 의미해요.\n\n 무거운 짐을 나르는 할머니를 도와드리는 착한 학생, 도망치는 소매치기를 같이 잡아주는 멋진 대학생, 서비스를 많이 주시는 떡볶이집 사장님같이 착한 행동을 기반으로 누군가에게 도움과 행복을 주지요.\n\n 이처럼 나의 착한 마음이 다른 사람에게 큰 기쁨을 줄 수도 있습니다. 여러분도 착한 행동을 한 경험이 있나요? 어떤 선행을 했었는지 자신의 경험을 적고 그때 느꼈던 감정도 작성해보세요.",
    "essay_type": "설명글",
    "essay_level": "3",
    "essay_len": 214,
    "essay_main_subject": "나의 선행"
  }
}