{
  "paragraph": [
    {
      "paragraph_txt": "저는 유치원 생활을 할때 비가 오는날 나는 우산을 가져왔지만 원장선생님이 우산을 안가지고 오셔서 나는 원장선생님께 이렇게 말했다.#@문장구분# \"선생님 이우산 쓰고 가세요\"라고 말했다.#@문장구분# 뿌듯했다.#@문장구분# 그리고 친구와 달리기를 하던 도중에 뱀에 물린 사람을 발견해서 내가 응급처치를 했다.#@문장구분# 일단 119에 신고를 하면서 이렇게 말했다.#@문장구분# \"흥분하지마세요. 흥분하면 오히려 독이 더 빨리 퍼질수 있어요\"#@문장구분# 그리고 구급대원이 도착하고 나는 안도의 한숨을 쉬었다.#@문장구분# 그래서 구급대원이 나한테 아이스크림을 사주셨다.#@문장구분# 나는 기쁘고 뿌듯했다.#@문장구분#",
      "paragraph_len": 462,
      "paragraph_id": "001"
    }
  ],
  "score": {
    "paragraph_score": [
      {
        "paragraph_scoreT": [
          2,
          2,
          2
        ],
        "paragraph_scoreT_detail": {
          "paragraph_scoreT_exp": [
            [
              2,
              2,
              0
            ],
            [
              2,
              2,
              0
            ],
            [
              2,
              2,
              0
            ]
          ]
        },
        "paragraph_scoreT_avg": 2,
        "paragraph_id": "001"
      }
    ],
    "essay_scoreT": [
      26,
      16.733334,
      16.8
    ],
    "essay_scoreT_avg": 19.844444,
    "essay_scoreT_detail": {
      "essay_scoreT_org": [
        [
          3,
          0,
          0,
          3
        ],
        [
          1,
          0,
          0,
          2
        ],
        [
          2,
          0,
          0,
          2
        ]
      ],
      "essay_scoreT_cont": [
        [
          3,
          3,
          0,
          3
        ],
        [
          2,
          1,
          0,
          2
        ],
        [
          1,
          1,
          0,
          2
        ]
      ],
      "essay_scoreT_exp": [
        [
          2,
          2,
          0
        ],
        [
          2,
          2,
          0
        ],
        [
          2,
          2,
          0
        ]
      ]
    }
  },
  "student": {
    "date": "2021.11.04",
    "student_educated": true,
    "student_grade": "초등_4학년",
    "location": "042",
    "student_grade_group": "초등",
    "student_reading": 3
  },
  "rubric": {
    "essay_grade": "초등_4학년",
    "organization_weight": {
      "org_paragraph": 0,
      "org": 2,
      "org_essay": 5,
      "org_coherence": 0,
      "org_quantity": 1
    },
    "essay_type": "설명글",
    "content_weight": {
      "con_clearance": 4,
      "con_novelty": 4,
      "con": 4,
      "con_prompt": 0,
      "con_description": 2
    },
    "essay_main_subject": "나의 선행",
    "expression_weight": {
      "exp_style": 0,
      "exp_grammar": 4,
      "exp_vocab": 3,
      "exp": 4
    }
  },
  "correction": [
    {
      "sentence_corr_txt_grammar": "저는 유치원 생활을 할 때 비가 오는 날 나는 우산을 가져왔지만 원장 선생님이 우산을 안 가지고 오셔서 나는 원장 선생님께 이렇게 말했다.",
      "sentence_corr_reason": [
        "띄어쓰기",
        ""
      ],
      "sentence_id": "0001",
      "sentence_corr_type": [
        "문법",
        "스타일링"
      ],
      "sentence_corr_detail_type": [
        "맞춤법",
        "패러프레이징"
      ],
      "sentence_txt": "저는 유치원 생활을 <문법_맞춤법>할때 </문법_맞춤법>비가 오는날 나는 우산을 가져왔지만 원장선생님이 우산을 안가지고 오셔서 나는 원장선생님께 이렇게 말했다.",
      "sentence_corr_txt_styling": "저는 유치원 생활을 할 때 비가 오는 날 나는 우산을 가져왔지만 원장 선생님이 우산을 안 가지고 오셔서 나는 원장 선생님께 이렇게 말했다.",
      "paragraph_id": "001"
    },
    {
      "sentence_corr_txt_grammar": " \"선생님 이 우산 쓰고 가세요\"라고 말했다.",
      "sentence_corr_reason": [
        "띄어쓰기"
      ],
      "sentence_id": "0002",
      "sentence_corr_type": [
        "문법"
      ],
      "sentence_corr_detail_type": [
        "맞춤법"
      ],
      "sentence_txt": " \"선생님 <문법_맞춤법>이우산 </문법_맞춤법>쓰고 가세요\"라고 말했다.",
      "sentence_corr_txt_styling": "",
      "paragraph_id": "001"
    },
    {
      "sentence_corr_txt_grammar": " \"흥분하지 마세요. 흥분하면 오히려 독이 더 빨리 퍼질 수 있어요\"",
      "sentence_corr_reason": [
        "띄어쓰기"
      ],
      "sentence_id": "0006",
      "sentence_corr_type": [
        "문법"
      ],
      "sentence_corr_detail_type": [
        "맞춤법"
      ],
      "sentence_txt": " \"<문법_맞춤법>흥분하지마세요</문법_맞춤법>. 흥분하면 오히려 독이 더 빨리 퍼질수 있어요\"",
      "sentence_corr_txt_styling": "",
      "paragraph_id": "001"
    }
  ],
  "info": {
    "essay_id": "ESSAY_47560",
    "essay_prompt": " 우리 주변에는 선행으로 다른 사람들에게 모범을 보이는 이웃들이 많이 있습니다. 여기서 선행은 착한 행동과 착한 마음을 의미해요.\n\n 무거운 짐을 나르는 할머니를 도와드리는 착한 학생, 도망치는 소매치기를 같이 잡아주는 멋진 대학생, 서비스를 많이 주시는 떡볶이집 사장님같이 착한 행동을 기반으로 누군가에게 도움과 행복을 주지요.\n\n 이처럼 나의 착한 마음이 다른 사람에게 큰 기쁨을 줄 수도 있습니다. 여러분도 착한 행동을 한 경험이 있나요? 어떤 선행을 했었는지 자신의 경험을 적고 그때 느꼈던 감정도 작성해보세요.",
    "essay_type": "설명글",
    "essay_level": "3",
    "essay_len": 282,
    "essay_main_subject": "나의 선행"
  }
}