{
  "paragraph": [
    {
      "paragraph_txt": "무거운 짐을 들고 계시는 할머니에 짐을 들어줬다.#@문장구분# 버스에 타서 앉고 있는데 앞에 할아버지가 계셔서 자리를 양보했다.#@문장구분# 놀다가 다친 친구가 있어서 치료해줬다.#@문장구분# 엄마가 힘들어 보이셔서 집안일을 도와줬다.#@문장구분# 가다가 지갑이 떨어져 있어 관리사무소 아저씨께 드렸다.#@문장구분# 친구가 준비물을 못갖고 와서 준비물을 빌려줬다.#@문장구분# 연필 잃어버린 친구에 연필을 찾아 줬다.#@문장구분# (더 많은데 생각이 안남)#@문장구분#",
      "paragraph_len": 366,
      "paragraph_id": "001"
    }
  ],
  "score": {
    "paragraph_score": [
      {
        "paragraph_scoreT": [
          1.5714285,
          2,
          2
        ],
        "paragraph_scoreT_detail": {
          "paragraph_scoreT_exp": [
            [
              2,
              1,
              0
            ],
            [
              2,
              2,
              0
            ],
            [
              2,
              2,
              0
            ]
          ]
        },
        "paragraph_scoreT_avg": 1.8571428,
        "paragraph_id": "001"
      }
    ],
    "essay_scoreT": [
      16.285713,
      16.4,
      16.466667
    ],
    "essay_scoreT_avg": 16.384127,
    "essay_scoreT_detail": {
      "essay_scoreT_org": [
        [
          1,
          0,
          0,
          1
        ],
        [
          1,
          0,
          0,
          1
        ],
        [
          2,
          0,
          0,
          1
        ]
      ],
      "essay_scoreT_cont": [
        [
          2,
          2,
          0,
          2
        ],
        [
          2,
          1,
          0,
          2
        ],
        [
          1,
          1,
          0,
          2
        ]
      ],
      "essay_scoreT_exp": [
        [
          2,
          1,
          0
        ],
        [
          2,
          2,
          0
        ],
        [
          2,
          2,
          0
        ]
      ]
    }
  },
  "student": {
    "date": "2021.11.04",
    "student_educated": true,
    "student_grade": "초등_4학년",
    "location": "042",
    "student_grade_group": "초등",
    "student_reading": 2
  },
  "rubric": {
    "essay_grade": "초등_4학년",
    "organization_weight": {
      "org_paragraph": 0,
      "org": 2,
      "org_essay": 5,
      "org_coherence": 0,
      "org_quantity": 1
    },
    "essay_type": "설명글",
    "content_weight": {
      "con_clearance": 4,
      "con_novelty": 4,
      "con": 4,
      "con_prompt": 0,
      "con_description": 2
    },
    "essay_main_subject": "나의 선행",
    "expression_weight": {
      "exp_style": 0,
      "exp_grammar": 4,
      "exp_vocab": 3,
      "exp": 4
    }
  },
  "correction": [
    {
      "sentence_corr_txt_grammar": "무거운 짐을 들고 계시는 할머니에 짐을 들어드렸다.",
      "sentence_corr_reason": [
        ""
      ],
      "sentence_id": "0001",
      "sentence_corr_type": [
        "문법"
      ],
      "sentence_corr_detail_type": [
        "높임법"
      ],
      "sentence_txt": "무거운 짐을 들고 계시는 할머니에 짐을 <문법_높임법>들어줬다.</문법_높임법>",
      "sentence_corr_txt_styling": "",
      "paragraph_id": "001"
    },
    {
      "sentence_corr_txt_grammar": " 버스에 타서 앉아 있는데 앞에 할아버지가 계셔서 자리를 양보했다.",
      "sentence_corr_reason": [
        ""
      ],
      "sentence_id": "0002",
      "sentence_corr_type": [
        "문법"
      ],
      "sentence_corr_detail_type": [
        "어미"
      ],
      "sentence_txt": " 버스에 타서 <문법_어미>앉고 </문법_어미>있는데 앞에 할아버지가 계셔서 자리를 양보했다.",
      "sentence_corr_txt_styling": "",
      "paragraph_id": "001"
    },
    {
      "sentence_corr_txt_grammar": " 엄마가 힘들어 보이셔서 집안일을 도와드렸다.",
      "sentence_corr_reason": [
        ""
      ],
      "sentence_id": "0004",
      "sentence_corr_type": [
        "문법"
      ],
      "sentence_corr_detail_type": [
        "높임법"
      ],
      "sentence_txt": " 엄마가 힘들어 보이셔서 집안일을 <문법_높임법>도와줬다.</문법_높임법>",
      "sentence_corr_txt_styling": "",
      "paragraph_id": "001"
    },
    {
      "sentence_corr_txt_grammar": " 친구가 준비물을 못 갖고 와서 준비물을 빌려줬다.",
      "sentence_corr_reason": [
        "띄어쓰기"
      ],
      "sentence_id": "0006",
      "sentence_corr_type": [
        "문법"
      ],
      "sentence_corr_detail_type": [
        "맞춤법"
      ],
      "sentence_txt": " 친구가 준비물을 <문법_맞춤법>못갖고 </문법_맞춤법>와서 준비물을 빌려줬다.",
      "sentence_corr_txt_styling": "",
      "paragraph_id": "001"
    },
    {
      "sentence_corr_txt_grammar": " 연필 잃어버린 친구의 연필을 찾아 줬다.",
      "sentence_corr_reason": [
        ""
      ],
      "sentence_id": "0007",
      "sentence_corr_type": [
        "문법"
      ],
      "sentence_corr_detail_type": [
        "조사"
      ],
      "sentence_txt": " 연필 잃어버린 <문법_조사>친구에 </문법_조사>연필을 찾아 줬다.",
      "sentence_corr_txt_styling": "",
      "paragraph_id": "001"
    }
  ],
  "info": {
    "essay_id": "ESSAY_47546",
    "essay_prompt": " 우리 주변에는 선행으로 다른 사람들에게 모범을 보이는 이웃들이 많이 있습니다. 여기서 선행은 착한 행동과 착한 마음을 의미해요.\n\n 무거운 짐을 나르는 할머니를 도와드리는 착한 학생, 도망치는 소매치기를 같이 잡아주는 멋진 대학생, 서비스를 많이 주시는 떡볶이집 사장님같이 착한 행동을 기반으로 누군가에게 도움과 행복을 주지요.\n\n 이처럼 나의 착한 마음이 다른 사람에게 큰 기쁨을 줄 수도 있습니다. 여러분도 착한 행동을 한 경험이 있나요? 어떤 선행을 했었는지 자신의 경험을 적고 그때 느꼈던 감정도 작성해보세요.",
    "essay_type": "설명글",
    "essay_level": "3",
    "essay_len": 206,
    "essay_main_subject": "나의 선행"
  }
}