{
  "paragraph": [
    {
      "paragraph_txt": "나는 재활용을 가지고 작품을 만드는 프리랜서 디자이너가 되고 싶다.#@문장구분#요즘 환경에 관심을 가지는 사람들이 많아지고 있고, 나 또한 이런 환경에 관심을 가지고 뉴스를 구독하여 지금 지구에 어떤 일이 일어나고 있는지 친환경 제품은 무엇이 있는지 알아보고는 하는데, 이처럼 환경에 관심이 있는 내가 최근에 마스크를 녹여 의자를 만드는 영상을 보게 되엇따. #@문장구분#영상ㅇ에서는 코로나로 인해 수천개의 폐마스크가 생겨나고 있고 이러한 쓰레기들을 재활용하기 위해서 의자로 만들었다고 마래주고 있엇따.#@문장구분# 나는 그곳에서 영감을 얻어 재활용 쓰레기로 제품을 만들거나  디자인ㅇ르 하는 친환경 주의 디자이너가 되고 싶다는 생각을 하게 되었다. #@문장구분#나의 미래를 위해서 지금처럼 환경에 대한 이야기들에 관심을 높이고 지구를 오염시키지 않기 위해 어떤 활동을 해야하는지 귀를 기울여야한다고 생각한다. #@문장구분#나중에 커서 친환경 디자이너가 되었을 때, 나의 친환경 재활용 제품이 대중화되면 그 제품으로 얻은 금액의 반은 기부하고, 나의 제품을 많은 사람들이 쓰면서, 환경을 생각할 수 있도록 만들고 싶다.#@문장구분#",
      "paragraph_len": 655,
      "paragraph_id": "001"
    }
  ],
  "score": {
    "paragraph_score": [
      {
        "paragraph_scoreT": [
          2.6666667,
          3,
          2.6666667
        ],
        "paragraph_scoreT_detail": {
          "paragraph_scoreT_exp": [
            [
              2,
              3,
              3
            ],
            [
              3,
              3,
              3
            ],
            [
              2,
              3,
              3
            ]
          ]
        },
        "paragraph_scoreT_avg": 2.777778,
        "paragraph_id": "001"
      }
    ],
    "essay_scoreT": [
      24.666668,
      30,
      28.666668
    ],
    "essay_scoreT_avg": 27.777779,
    "essay_scoreT_detail": {
      "essay_scoreT_org": [
        [
          3,
          3,
          3,
          3
        ],
        [
          3,
          3,
          3,
          3
        ],
        [
          3,
          3,
          3,
          3
        ]
      ],
      "essay_scoreT_cont": [
        [
          2,
          2,
          0,
          2
        ],
        [
          3,
          3,
          0,
          3
        ],
        [
          3,
          3,
          0,
          3
        ]
      ],
      "essay_scoreT_exp": [
        [
          2,
          3,
          3
        ],
        [
          3,
          3,
          3
        ],
        [
          2,
          3,
          3
        ]
      ]
    }
  },
  "student": {
    "date": "2021.11.29",
    "student_educated": true,
    "student_grade": "중등_2학년",
    "location": "054",
    "student_grade_group": "중등",
    "student_reading": 2
  },
  "rubric": {
    "essay_grade": "중등_2학년",
    "organization_weight": {
      "org_paragraph": 2,
      "org": 2,
      "org_essay": 4,
      "org_coherence": 2,
      "org_quantity": 1
    },
    "essay_type": "글짓기",
    "content_weight": {
      "con_clearance": 4,
      "con_novelty": 3,
      "con": 4,
      "con_prompt": 0,
      "con_description": 1
    },
    "essay_main_subject": "미래의 나의 모습",
    "expression_weight": {
      "exp_style": 1,
      "exp_grammar": 2,
      "exp_vocab": 3,
      "exp": 4
    }
  },
  "correction": [],
  "info": {
    "essay_id": "ESSAY_70659",
    "essay_prompt": " 우리는 모두 미래의 나를 한 번씩 상상해보곤 합니다. 유명한 사람이 돼서 많은 사람과 소통하는 상상, 훌륭한 의사가 돼서 많은 사람을 살리는 상상 등 어떤 사람이 되고 싶다는 미래를 생각하지요.\n\n 여러분은 미래의 나를 상상해보신 적이 있으신가요? 10년 뒤, 20년 뒤, 30년 뒤에 여러분은 어떤 일을 하고 어떤 가치관을 가지고 살아가고 있을까요?\n\n 나의 10년 뒤, 20년 뒤, 30년 뒷모습을 각각 상상해보고 어떤 일을 하고 있을지, 그러한 모습을 갖추기 위해 어떤 노력을 하였을지 작성해보세요.",
    "essay_type": "글짓기",
    "essay_level": "2",
    "essay_len": 536,
    "essay_main_subject": "미래의 나의 모습"
  }
}