{
  "paragraph": [
    {
      "paragraph_txt": "UFO 가 진짜 있다고 생각하는 사람들들에게 대표적인 경우가 바로 가평 UFO 사진인데 그걸 믿는 사람들은은 이 사진을 한국에서 찍힌 세계적으로 가장 유명한 UFO 사진으로 사진 원본과 필름까지 모두 온전히 남아있었기 때문에 유례가 드물 정도로 전 세계에서 철저한 검증이 이루어진 결과 어떠한 조작도 없다고 판명되었다. #@문장구분# 따라서 유에프오를 믿는 사람들은 이 UFO는 최소한 인류가 알고있는 원리나 기술력으로는 구현할 수 없는 물체일 가능성을 주장하고 있으며, 지구를 공전하는 인공 위성이거나 전문가도 구분하지 못할 정도로 매우 정교한 조작, 혹은 무언가의 요인으로 생겨난 잔상일 가능성도 존재한다고 주장하고 있다.#@문장구분# 물론 회의론자들 쪽에서는 가평 UFO건에서 사실로 밝혀진 것은 \"사진이 조작되지 않았다는 것\" 뿐이고 나머지는 모두 특정 가설을 바탕으로 한 일방적인 주장이라고 여기고 있다.실제로 문제가 되는 가평 UFO 사진만으로는 그 사진에 찍힌 UFO라고 여겨지는 물체의 크기나 고도, 속도를 도출해내는 건 과학적으로 불가능하다고 밝혀진 바 있다. #@문장구분#거기다 한국 UFO 연구 협회나 프랑스 국립 우주 연구 센터 등에서 주장하는 식의 운동방식이 현 물리법칙으로도 불가능한 것도 사실이다. #@문장구분#또한 애초에 한국 UFO 협회는 공적으로 인증받은 기관이 절대 아니며 회장 역시 전문학위를 받은 것으로 보이지 않는다.#@문장구분# 우주선이라기보단 곤충이나 새일 가능성도 매우 충분하다.#@문장구분# 이렇게 지금까지 모두 ufo라고 주장하는 사진들은 모두 다 거짓이였다.#@문장구분# 그래서 나는 이 세계에 외계인 생물체는 없다고 생각한다.#@문장구분# 우리가 아무리 과학이 발전하고 우주에 대한 궁금증들이 생겼다 해도 다른 미생물체가 살수있다는건 믿고싶지 않다, 물론 가능할지도 모르지만 아니였으면 좋겠다.",
      "paragraph_len": 1025,
      "paragraph_id": "001"
    }
  ],
  "score": {
    "paragraph_score": [
      {
        "paragraph_scoreT": [
          3,
          3,
          3
        ],
        "paragraph_scoreT_detail": {
          "paragraph_scoreT_exp": [
            [
              3,
              3,
              3
            ],
            [
              3,
              3,
              3
            ],
            [
              3,
              3,
              3
            ]
          ]
        },
        "paragraph_scoreT_avg": 3,
        "paragraph_id": "001"
      }
    ],
    "essay_scoreT": [
      30,
      30,
      30
    ],
    "essay_scoreT_avg": 30,
    "essay_scoreT_detail": {
      "essay_scoreT_org": [
        [
          3,
          3,
          3,
          3
        ],
        [
          3,
          3,
          3,
          3
        ],
        [
          3,
          3,
          3,
          3
        ]
      ],
      "essay_scoreT_cont": [
        [
          3,
          3,
          0,
          3
        ],
        [
          3,
          3,
          0,
          3
        ],
        [
          3,
          3,
          0,
          3
        ]
      ],
      "essay_scoreT_exp": [
        [
          3,
          3,
          3
        ],
        [
          3,
          3,
          3
        ],
        [
          3,
          3,
          3
        ]
      ]
    }
  },
  "student": {
    "date": "2021.12.22",
    "student_educated": true,
    "student_grade": "고등_2학년",
    "location": "063",
    "student_grade_group": "고등",
    "student_reading": 2
  },
  "rubric": {
    "essay_grade": "고등_2학년",
    "organization_weight": {
      "org_paragraph": 3,
      "org": 2,
      "org_essay": 3,
      "org_coherence": 2,
      "org_quantity": 1
    },
    "essay_type": "글짓기",
    "content_weight": {
      "con_clearance": 4,
      "con_novelty": 3,
      "con": 4,
      "con_prompt": 0,
      "con_description": 1
    },
    "essay_main_subject": "우주에 대한 나의 생각",
    "expression_weight": {
      "exp_style": 2,
      "exp_grammar": 2,
      "exp_vocab": 3,
      "exp": 4
    }
  },
  "correction": [],
  "info": {
    "essay_id": "ESSAY_79439",
    "essay_prompt": " 여러분은 '우주'라는 것에 대해 어떻게 생각하나요?\n\n 한 번도 생각해보지 않은 사람도 있을 것이고 평소에 우주의 신비에 대해 궁금해하는 사람도 있을 것 같아요.\n\n '우주'라는 공간은 아직 밝혀진 것도 많이 없고 많은 과학자에게 숙제 같은 곳이랍니다. 많은 SF영화에서는 저명한 우주학자들을 초빙하고 수많은 회의를 기반으로 다양한 해석을 통해 우주를 설명하고는 하지요. 인터스텔라나 마블유니버스의 스토리 처럼요!\n\n 여러분은 외계인이 있다고 생각하나요? 블랙홀이나 화이트홀은 어떻게 생각하나요? 우주여행이 가능하다고 생각하시나요? 아바타 같은 영화처럼 새로운 문명이 있다고 생각하나요? 진짜로 화성에 새로운 지구를 만들 수 있다고 생각하나요?\n\n 여러분은 이미 우주에 대한 영화나 책으로 많이 접해보았을 것 같아요. 그리고 10년, 20년 후의 우주에 대해 상상해 본 적이 있을 것 같아요. 우주에 대한 본인의 생각이나 미래의 일들을 자유롭게 작성해주세요.",
    "essay_type": "글짓기",
    "essay_level": "2",
    "essay_len": 865,
    "essay_main_subject": "우주에 대한 나의 생각"
  }
}