{
  "paragraph": [
    {
      "paragraph_txt": "요즘 금쪽이를 모르는 대한국민이 있을까? #@문장구분#우리 모두는 누군가의 금쪽 위로 태어났다.#@문장구분# 그런데 성장하면서 우리는 먹고 자고 싸기만 해도 대단한 환영을 받던 존재에서 가장 가까운 존재로부터 상처를 받고 인정 받지 못하는 존재가 되어간다, 가슴 깊이 내면의 상처를 들여다보고 딱 맞는 처방을 내려주고 아무 사심없이 한 인간 존재를 공감해주는 오은영 박사는 나의 롤모델이다.#@문장구분# 그녀는 연세대 의과대학 출신으로 고려대 대학원에서 의학 박사학위를 취득하였다. #@문장구분# 우리 아이가 달라졌어요 프로그램을 통해 유년기 자녀를 둔 부모들에게 인지도가 높아졌으며, 요즘엔 금쪽 상담소를 통해 성인의 지난 유년기를 되돌아보며 형성된 상처들과 본인의 모습에 직면해 모든 이들에게 공감과 위안을 주고 있다.#@문장구분# 오죽하면 요즘엔 싱글들이 이 프로그램을 더 챙겨보고 있다고 하니, 그녀가 가진 위로의 힘과 나를 헤쳐나가는 힘을 배울 수 있는 통로가 되는 것이다. #@문장구분#그녀의 업적 중 생각하는 의자 라는 게 있다#@문장구분#. 꾸짖음이나 가르침, 때로는 체벌로 문제 상황을 환기시키며 하던 기존의 교육 방법에서 벗어나 이 생각하는 의자는 아이에게 스스로 생각할 수 있는 힘을 기르는 방법을 가르쳤던 한 수단 이기도 했고 실로 이런 방법으로 육아에 접근한 부분들도 많았다.#@문장구분# 그에 반해 지금의 컨설팅은 부모의 관심과 사랑으로 서 변화될 수 있는 방법에 대해 집중적으로 제시하는 방법론이 제시되고 있으며, 우리는 아이의 변화를 통해 그 깨달음을 얻는다.#@문장구분# 아직 학생 신분인 나에게 오은영 박사의 존재는 매우 큰 존재이나, 언젠가는 나의 꿈을 고찰 시켜 사람들에게 위안을 주고 위로를 하며 공감의 힘을 보여줄 수 있는 그러한 성숙한 사람이 되고 싶다.",
      "paragraph_len": 1010,
      "paragraph_id": "001"
    }
  ],
  "score": {
    "paragraph_score": [
      {
        "paragraph_scoreT": [
          2.7142856,
          3,
          3
        ],
        "paragraph_scoreT_detail": {
          "paragraph_scoreT_exp": [
            [
              3,
              3,
              2
            ],
            [
              3,
              3,
              3
            ],
            [
              3,
              3,
              3
            ]
          ]
        },
        "paragraph_scoreT_avg": 2.904762,
        "paragraph_id": "001"
      }
    ],
    "essay_scoreT": [
      24.857143,
      30,
      30
    ],
    "essay_scoreT_avg": 28.285715,
    "essay_scoreT_detail": {
      "essay_scoreT_org": [
        [
          3,
          3,
          3,
          3
        ],
        [
          3,
          3,
          3,
          3
        ],
        [
          3,
          3,
          3,
          3
        ]
      ],
      "essay_scoreT_cont": [
        [
          2,
          2,
          0,
          2
        ],
        [
          3,
          3,
          0,
          3
        ],
        [
          3,
          3,
          0,
          3
        ]
      ],
      "essay_scoreT_exp": [
        [
          3,
          3,
          2
        ],
        [
          3,
          3,
          3
        ],
        [
          3,
          3,
          3
        ]
      ]
    }
  },
  "student": {
    "date": "2021.11.12",
    "student_educated": true,
    "student_grade": "고등_3학년",
    "location": "063",
    "student_grade_group": "고등",
    "student_reading": 1
  },
  "rubric": {
    "essay_grade": "고등_3학년",
    "organization_weight": {
      "org_paragraph": 3,
      "org": 2,
      "org_essay": 3,
      "org_coherence": 2,
      "org_quantity": 1
    },
    "essay_type": "설명글",
    "content_weight": {
      "con_clearance": 4,
      "con_novelty": 3,
      "con": 4,
      "con_prompt": 0,
      "con_description": 1
    },
    "essay_main_subject": "나의 위인전",
    "expression_weight": {
      "exp_style": 2,
      "exp_grammar": 2,
      "exp_vocab": 3,
      "exp": 4
    }
  },
  "correction": [],
  "info": {
    "essay_id": "ESSAY_45980",
    "essay_prompt": " 요즘은 책을 통해서뿐만 아니라 유튜브, 강의와 같이 다양한 매체를 통해 자신만의 롤모델을 찾을 수 있습니다.\n\n 여러분도 자신만의 롤모델이 있을 것 같은데요. 자신의 롤모델인 인물처럼 되었다고 생각하고 나만의 위인전을 작성해보세요. 본인이 그 사람이 되었다고 생각하고 작성해도 좋고, 제 3자의 입장에서 바라보는 형식으로 작성해도 좋아요.\n\n 나의 롤모델은 목표를 이루기 위해 어떤 노력을 했을지, 어떤 행운이 있었을지, 목표를 이루고 난 다음에 어떤 기분이 들었을지 마음 껏 상상해보시고 작성해주세요.",
    "essay_type": "글짓기",
    "essay_level": "2",
    "essay_len": 830,
    "essay_main_subject": "나의 위인전"
  }
}