{
  "paragraph": [
    {
      "paragraph_txt": "10년 뒤에 저는 방사선사 시험에 합격하여 멋진 방사선사가 되어 있을 것입니다. #@문장구분#20년 뒤에는 대학 병원에 방사선사로 들어가서 X-ray 검사라든지 초음파 검사, 전산화 단층촬영 등의 일을 하고 있을 것이며 30년 뒤에는 가정으로 이루고 안정된 월급 아래에서 화목한 가정을 꾸릴 것입니다.#@문장구분# 제가 방사선사가 되려면 먼저 방사선을 배우는 대학 학과에 들어가는 것이 좋습니다.#@문장구분# 그러면 방사선에 대한 폭넓은 공부도 할 수 있기 때문입니다. #@문장구분#그리고 방사선사 시험을 통과하기 위한 공부를 꾸준히 할 것입니다.#@문장구분# 국가 자격증이라서 경쟁률도 치열하고 힘들기도 하겠지만 저의 꿈과 생계가 관련되는 일이니 그만큼 열심히 준비하여서 빨리 합격할 것입니다. #@문장구분#또한 그냥 시험만을 치는 사람들과는 다르게 대학도 졸업해서 병원에서 근무할 것입니다.#@문장구분# 아무래도 병원에 들어가려는 이유는 안정적인 월급에 있다고 볼 수 있습니다. #@문장구분#제가 하고 싶고 꿈꾸는 일은 저의 즐거움도 중요하긴 하지만 저의 생계와 연관되는 일이기도 하기 때문에 병원에 꼭 들어가서 방사선사가 되었으면 좋겠습니다.#@문장구분#",
      "paragraph_len": 710,
      "paragraph_id": "001"
    }
  ],
  "score": {
    "paragraph_score": [
      {
        "paragraph_scoreT": [
          2.6666667,
          3,
          3
        ],
        "paragraph_scoreT_detail": {
          "paragraph_scoreT_exp": [
            [
              2,
              3,
              3
            ],
            [
              3,
              3,
              3
            ],
            [
              3,
              3,
              3
            ]
          ]
        },
        "paragraph_scoreT_avg": 2.888889,
        "paragraph_id": "001"
      }
    ],
    "essay_scoreT": [
      25.166668,
      26.5,
      30
    ],
    "essay_scoreT_avg": 27.222223,
    "essay_scoreT_detail": {
      "essay_scoreT_org": [
        [
          3,
          3,
          3,
          3
        ],
        [
          3,
          3,
          3,
          3
        ],
        [
          3,
          3,
          3,
          3
        ]
      ],
      "essay_scoreT_cont": [
        [
          2,
          2,
          0,
          3
        ],
        [
          2,
          2,
          0,
          3
        ],
        [
          3,
          3,
          0,
          3
        ]
      ],
      "essay_scoreT_exp": [
        [
          2,
          3,
          3
        ],
        [
          3,
          3,
          3
        ],
        [
          3,
          3,
          3
        ]
      ]
    }
  },
  "student": {
    "date": "2021.11.25",
    "student_educated": true,
    "student_grade": "중등_2학년",
    "location": "054",
    "student_grade_group": "중등",
    "student_reading": 1
  },
  "rubric": {
    "essay_grade": "중등_2학년",
    "organization_weight": {
      "org_paragraph": 2,
      "org": 2,
      "org_essay": 4,
      "org_coherence": 2,
      "org_quantity": 1
    },
    "essay_type": "글짓기",
    "content_weight": {
      "con_clearance": 4,
      "con_novelty": 3,
      "con": 4,
      "con_prompt": 0,
      "con_description": 1
    },
    "essay_main_subject": "미래의 나의 모습",
    "expression_weight": {
      "exp_style": 1,
      "exp_grammar": 2,
      "exp_vocab": 3,
      "exp": 4
    }
  },
  "correction": [],
  "info": {
    "essay_id": "ESSAY_70645",
    "essay_prompt": " 우리는 모두 미래의 나를 한 번씩 상상해보곤 합니다. 유명한 사람이 돼서 많은 사람과 소통하는 상상, 훌륭한 의사가 돼서 많은 사람을 살리는 상상 등 어떤 사람이 되고 싶다는 미래를 생각하지요.\n\n 여러분은 미래의 나를 상상해보신 적이 있으신가요? 10년 뒤, 20년 뒤, 30년 뒤에 여러분은 어떤 일을 하고 어떤 가치관을 가지고 살아가고 있을까요?\n\n 나의 10년 뒤, 20년 뒤, 30년 뒷모습을 각각 상상해보고 어떤 일을 하고 있을지, 그러한 모습을 갖추기 위해 어떤 노력을 하였을지 작성해보세요.",
    "essay_type": "글짓기",
    "essay_level": "2",
    "essay_len": 531,
    "essay_main_subject": "미래의 나의 모습"
  }
}