{
  "paragraph": [
    {
      "paragraph_txt": "책은 제 인생의 동반자라고 생각합니다. #@문장구분#인간은 살아가며 끊임없이 배우고, 책은 각종 지식의 원천이기 때문입니다.#@문장구분# 그래서 저는 책을 만드는 직업인 소설가가 되고 싶습니다. #@문장구분#소설가가 되기 위한 가장 필수적인 덕목은 글을 읽는 것이라고 생각합니다. #@문장구분#많은 글을 읽고, 많은 책을 읽어 기본적인 지식을 쌓고 기본 소양을 제일 먼저 갖춰야 한다고 생각합니다. #@문장구분#그 후에 소설을 쓸 때 갖춰야 할 요소, 즉 인물 사건 배경 설정 등 자세한 것을 배워나가야 합니다. #@문장구분#소설 뿐만 아니라 제 이야기를 쓰는 에세이 또한 써보고 싶습니다.#@문장구분# 뿐만 아니라 장르를 불문하고 남들에게 도움이 될 수 있는 책이라면 한 번 써보고 싶습니다. #@문장구분#책을 안보고 살아갈 수는 없습니다. #@문장구분#책은 언제나 존재하고, 존재했으며, 존재 할 것입니다. #@문장구분#좋으나 싫으나 항상 우리 곁에 책은 존재 할 것이며, 그 중 하나쯤은 제가 쓴 책이었으면 하는 바람이 있습니다. #@문장구분#제가 쓴 책을 보며 단순히 즐기는 것을 넘어서 그 속에서 무언가를 찾아내어 스스로 배울 수 있으면 좋겠습니다. #@문장구분#그리고 그런 책을 쓰는 것이 제 목표이자 바람입니다.#@문장구분#",
      "paragraph_len": 805,
      "paragraph_id": "001"
    }
  ],
  "score": {
    "paragraph_score": [
      {
        "paragraph_scoreT": [
          3,
          2.6666667,
          2.6666667
        ],
        "paragraph_scoreT_detail": {
          "paragraph_scoreT_exp": [
            [
              3,
              3,
              3
            ],
            [
              2,
              3,
              3
            ],
            [
              2,
              3,
              3
            ]
          ]
        },
        "paragraph_scoreT_avg": 2.777778,
        "paragraph_id": "001"
      }
    ],
    "essay_scoreT": [
      30,
      25.166668,
      26.666668
    ],
    "essay_scoreT_avg": 27.277779,
    "essay_scoreT_detail": {
      "essay_scoreT_org": [
        [
          3,
          3,
          3,
          3
        ],
        [
          3,
          3,
          3,
          3
        ],
        [
          3,
          3,
          3,
          3
        ]
      ],
      "essay_scoreT_cont": [
        [
          3,
          3,
          0,
          3
        ],
        [
          2,
          2,
          0,
          3
        ],
        [
          2,
          3,
          0,
          3
        ]
      ],
      "essay_scoreT_exp": [
        [
          3,
          3,
          3
        ],
        [
          2,
          3,
          3
        ],
        [
          2,
          3,
          3
        ]
      ]
    }
  },
  "student": {
    "date": "2021.11.26",
    "student_educated": true,
    "student_grade": "중등_2학년",
    "location": "054",
    "student_grade_group": "중등",
    "student_reading": 2
  },
  "rubric": {
    "essay_grade": "중등_2학년",
    "organization_weight": {
      "org_paragraph": 2,
      "org": 2,
      "org_essay": 4,
      "org_coherence": 2,
      "org_quantity": 1
    },
    "essay_type": "글짓기",
    "content_weight": {
      "con_clearance": 4,
      "con_novelty": 3,
      "con": 4,
      "con_prompt": 0,
      "con_description": 1
    },
    "essay_main_subject": "미래의 나의 모습",
    "expression_weight": {
      "exp_style": 1,
      "exp_grammar": 2,
      "exp_vocab": 3,
      "exp": 4
    }
  },
  "correction": [],
  "info": {
    "essay_id": "ESSAY_70642",
    "essay_prompt": " 우리는 모두 미래의 나를 한 번씩 상상해보곤 합니다. 유명한 사람이 돼서 많은 사람과 소통하는 상상, 훌륭한 의사가 돼서 많은 사람을 살리는 상상 등 어떤 사람이 되고 싶다는 미래를 생각하지요.\n\n 여러분은 미래의 나를 상상해보신 적이 있으신가요? 10년 뒤, 20년 뒤, 30년 뒤에 여러분은 어떤 일을 하고 어떤 가치관을 가지고 살아가고 있을까요?\n\n 나의 10년 뒤, 20년 뒤, 30년 뒷모습을 각각 상상해보고 어떤 일을 하고 있을지, 그러한 모습을 갖추기 위해 어떤 노력을 하였을지 작성해보세요.",
    "essay_type": "글짓기",
    "essay_level": "2",
    "essay_len": 546,
    "essay_main_subject": "미래의 나의 모습"
  }
}