{
  "paragraph": [
    {
      "paragraph_txt": "최근 블루오리진의 우주여행 기사를 읽었습니다.#@문장구분# 우주여행은 문자 그대로 우주를 여행하는 것으로 기술 자체는 있으나 천문학적인 재정적 문제 때문에 우주여행이 먼 미래의 일로 여겨졌으나 오히려 우주산업이 돈이 된다는 인식이 생기면서 우주여행을 연구하는 민간기업들이 생겨나고 있다고 합니다.#@문장구분# 블루오리진도 민간기업 중 하나인데 이번 우주여행이 4번째 시도라고 하더군요.#@문장구분# 비록 우주로 나가는 우주여행은 아니었지만 준궤도까지 상승했다 하강하는 형태의 여행이었다고 합니다.#@문장구분# 이런 기사를 접하게 되니 확실히 우주여행이 까마득하게 먼 미래는 아니겠다 싶었습니다.#@문장구분# 초등학생 때는 공상과학그림대회 같은 곳에 나가서 발전한 미래의 모습을 많이 그리곤 했는데 날아다니는 자동차도 많이 그리고 우주복을 입고 우주를 직접 여행하거나 지구와 다른 행성을 이은 통로를 통해 아쿠아리움을 구경하듯 우주 여행을 나들이 하듯 다니는 그림을 그리곤 했던거 같아요.#@문장구분# 그게 그 당시에는 정말 말도 안되는 일이라고 생각했던거 같은데 지금은 가능할 수도 있겠다 싶어서 새삼 과학과 기술의 발전에 박수를 보낸답니다.#@문장구분# 닐 암스트롱처럼 우주를 직접 다녀온 사람들의 의견도 조금 궁금해지네요.#@문장구분# 제 2의 지구라고 부르는 화성여행 또는 화성의 식민지개척 등 멀지만 가까운 미래에 가능해질 것이다라는 의견이 많은 것 같은데 이와 관련해서 직접 우주를 다녀와보신 우주비행사 분들의 인터뷰가 나와주면 정말 흥미롭게 볼 것 같아요.#@문장구분# 제 세대에 우주여행에 조금은 가까워져서 저도 간접적으로나마 경험 할 수 있는 나날들이 와주었으면 좋겠네요.#@문장구분# 우주란 공간은 참으로 신비롭고 흥미로운 공간인 것 같아요.#@문장구분#",
      "paragraph_len": 1022,
      "paragraph_id": "001"
    }
  ],
  "score": {
    "paragraph_score": [
      {
        "paragraph_scoreT": [
          2.7142856,
          3,
          2.4285715
        ],
        "paragraph_scoreT_detail": {
          "paragraph_scoreT_exp": [
            [
              3,
              3,
              2
            ],
            [
              3,
              3,
              3
            ],
            [
              2,
              3,
              2
            ]
          ]
        },
        "paragraph_scoreT_avg": 2.7142859,
        "paragraph_id": "001"
      }
    ],
    "essay_scoreT": [
      23.079365,
      29.333334,
      23.103174
    ],
    "essay_scoreT_avg": 25.171957,
    "essay_scoreT_detail": {
      "essay_scoreT_org": [
        [
          2,
          2,
          2,
          3
        ],
        [
          2,
          3,
          3,
          3
        ],
        [
          2,
          3,
          2,
          3
        ]
      ],
      "essay_scoreT_cont": [
        [
          2,
          2,
          0,
          2
        ],
        [
          3,
          3,
          0,
          3
        ],
        [
          2,
          2,
          0,
          3
        ]
      ],
      "essay_scoreT_exp": [
        [
          3,
          3,
          2
        ],
        [
          3,
          3,
          3
        ],
        [
          2,
          3,
          2
        ]
      ]
    }
  },
  "student": {
    "date": "2021.12.28",
    "student_educated": true,
    "student_grade": "고등_2학년",
    "location": "063",
    "student_grade_group": "고등",
    "student_reading": 2
  },
  "rubric": {
    "essay_grade": "고등_2학년",
    "organization_weight": {
      "org_paragraph": 3,
      "org": 2,
      "org_essay": 3,
      "org_coherence": 2,
      "org_quantity": 1
    },
    "essay_type": "글짓기",
    "content_weight": {
      "con_clearance": 4,
      "con_novelty": 3,
      "con": 4,
      "con_prompt": 0,
      "con_description": 1
    },
    "essay_main_subject": "우주에 대한 나의 생각",
    "expression_weight": {
      "exp_style": 2,
      "exp_grammar": 2,
      "exp_vocab": 3,
      "exp": 4
    }
  },
  "correction": [],
  "info": {
    "essay_id": "ESSAY_81043",
    "essay_prompt": " 여러분은 '우주'라는 것에 대해 어떻게 생각하나요?\n\n 한 번도 생각해보지 않은 사람도 있을 것이고 평소에 우주의 신비에 대해 궁금해하는 사람도 있을 것 같아요.\n\n '우주'라는 공간은 아직 밝혀진 것도 많이 없고 많은 과학자에게 숙제 같은 곳이랍니다. 많은 SF영화에서는 저명한 우주학자들을 초빙하고 수많은 회의를 기반으로 다양한 해석을 통해 우주를 설명하고는 하지요. 인터스텔라나 마블유니버스의 스토리 처럼요!\n\n 여러분은 외계인이 있다고 생각하나요? 블랙홀이나 화이트홀은 어떻게 생각하나요? 우주여행이 가능하다고 생각하시나요? 아바타 같은 영화처럼 새로운 문명이 있다고 생각하나요? 진짜로 화성에 새로운 지구를 만들 수 있다고 생각하나요?\n\n 여러분은 이미 우주에 대한 영화나 책으로 많이 접해보았을 것 같아요. 그리고 10년, 20년 후의 우주에 대해 상상해 본 적이 있을 것 같아요. 우주에 대한 본인의 생각이나 미래의 일들을 자유롭게 작성해주세요.",
    "essay_type": "글짓기",
    "essay_level": "2",
    "essay_len": 802,
    "essay_main_subject": "우주에 대한 나의 생각"
  }
}