{
  "paragraph": [
    {
      "paragraph_txt": "내 꿈은 요리사이다. #@문장구분#어렸을 때부터 부모님이 요리사는 아니셨지만, 요리를 하는 것을 좋아하셔서 여러가지를 시도해보시는 것을 보고 자랐다.#@문장구분# 특히 아빠는 색다른 요리를 하는 것을 시도하는 것을 좋아하시는데, 전에는 빵에 마늘을 넣어서 마늘빵과는 또 다른 매력이 있는 빵을 만들어서 나에게 주신 적이 있었다. #@문장구분#그리고 치킨까스를 만드시는데 직접 닭을 손질하셔서 반죽을 하시고, 소스 또한 직접 만들어 주신 것이 아직도 기억이 난다. #@문장구분#그래서 내가 요리하면 생각나는 기억은 전부 좋은 기억 뿐이고, 나도 덩달아 요리에 관심을 가지기 시작했다. #@문장구분#초등학생 때, 요리 경연 프로그램을 TV에서 시청한 적이 있다. #@문장구분#그 때, 참가자들이 요리를 직접 만들고 시도해보는 모습이 너무나 멋있어서의 이유도 포함해서, 나는 요리사를 꿈꾸고 있다.#@문장구분#그래서 나는 내후년에 영주에 있는 조리고등학교에 진학할 것이다. #@문장구분#10년 뒤에 그곳에서 졸업한 나는, 조리과를 가서 나와 맞는 세부과를 선택해서 연습하고 있을 것 같다. #@문장구분#그리고 20년 뒤에는 호텔 조리사로 임명이 되어서 최고급 요리를 조리하고 있을 것이다. #@문장구분#그리고 30년 뒤에는 호텔 주방장이 되어서 나의 이름을 널리 알리고 있을 것 같다.#@문장구분#",
      "paragraph_len": 810,
      "paragraph_id": "001"
    }
  ],
  "score": {
    "paragraph_score": [
      {
        "paragraph_scoreT": [
          3,
          3,
          2.1666667
        ],
        "paragraph_scoreT_detail": {
          "paragraph_scoreT_exp": [
            [
              3,
              3,
              3
            ],
            [
              3,
              3,
              3
            ],
            [
              2,
              2,
              3
            ]
          ]
        },
        "paragraph_scoreT_avg": 2.7222223,
        "paragraph_id": "001"
      }
    ],
    "essay_scoreT": [
      26.5,
      26.5,
      26.666668
    ],
    "essay_scoreT_avg": 26.555557,
    "essay_scoreT_detail": {
      "essay_scoreT_org": [
        [
          3,
          3,
          3,
          3
        ],
        [
          3,
          3,
          3,
          3
        ],
        [
          3,
          3,
          3,
          3
        ]
      ],
      "essay_scoreT_cont": [
        [
          2,
          2,
          0,
          3
        ],
        [
          2,
          2,
          0,
          3
        ],
        [
          3,
          3,
          0,
          3
        ]
      ],
      "essay_scoreT_exp": [
        [
          3,
          3,
          3
        ],
        [
          3,
          3,
          3
        ],
        [
          2,
          2,
          3
        ]
      ]
    }
  },
  "student": {
    "date": "2021.12.05",
    "student_educated": true,
    "student_grade": "중등_2학년",
    "location": "054",
    "student_grade_group": "중등",
    "student_reading": 2
  },
  "rubric": {
    "essay_grade": "중등_2학년",
    "organization_weight": {
      "org_paragraph": 2,
      "org": 2,
      "org_essay": 4,
      "org_coherence": 2,
      "org_quantity": 1
    },
    "essay_type": "글짓기",
    "content_weight": {
      "con_clearance": 4,
      "con_novelty": 3,
      "con": 4,
      "con_prompt": 0,
      "con_description": 1
    },
    "essay_main_subject": "미래의 나의 모습",
    "expression_weight": {
      "exp_style": 1,
      "exp_grammar": 2,
      "exp_vocab": 3,
      "exp": 4
    }
  },
  "correction": [],
  "info": {
    "essay_id": "ESSAY_70660",
    "essay_prompt": " 우리는 모두 미래의 나를 한 번씩 상상해보곤 합니다. 유명한 사람이 돼서 많은 사람과 소통하는 상상, 훌륭한 의사가 돼서 많은 사람을 살리는 상상 등 어떤 사람이 되고 싶다는 미래를 생각하지요.\n\n 여러분은 미래의 나를 상상해보신 적이 있으신가요? 10년 뒤, 20년 뒤, 30년 뒤에 여러분은 어떤 일을 하고 어떤 가치관을 가지고 살아가고 있을까요?\n\n 나의 10년 뒤, 20년 뒤, 30년 뒷모습을 각각 상상해보고 어떤 일을 하고 있을지, 그러한 모습을 갖추기 위해 어떤 노력을 하였을지 작성해보세요.",
    "essay_type": "글짓기",
    "essay_level": "2",
    "essay_len": 592,
    "essay_main_subject": "미래의 나의 모습"
  }
}