{
  "paragraph": [
    {
      "paragraph_txt": "저는 이 세상에는 외계인이 있다고 생각합니다. #@문장구분#왜냐하면 외계인이 있다는 사실은 너무나도 많기 때문입니다. #@문장구분#특히 어렸을 때부터 지금까지 \"외계인이 있다.\" 에 대해서 반 비고 여론이 없어서입니다. #@문장구분#많은 사건 중 한 가지를 예로 들자면 바로 51구역입니다. #@문장구분#51구역은 미국 레버 자주에 있습니다. #@문장구분#51구역은 많은 음모론이 존재하는 곳입니다. #@문장구분#51구역이란? #@문장구분#UFO를 목격했다는 증언들이 지금도 종종 나오고 있는 곳입니다. #@문장구분# 로즈웰 UFO 추락 사건과 관련이 깊은 곳이며 51구역 지하에 몇 대의 UFO가 존재하고 외계인들의 기술을 빌려 온갖 실험을 하며 신무기를 개발하고 있다는 갖가지 추측이 난무하는 곳이 51구역입니다.#@문장구분#  이곳은 표면상 미국 정부의 네바다 실험 훈련 지역이라 칭하며 51구역의 주요 목적은 일반인들에게 잘 알려지지 않다고 합니다. #@문장구분# 이곳을 들어가는 것은 불가능에 가깝고 철저하게 제한된 공간이며 무장 경비원이 항상 경계선을 순찰한다고 합니다. #@문장구분#이 말조차 쉽게 믿을 수 없긴 합니다. #@문장구분#저도 처음에는 우주에서 경계선을 순찰 한다는 게 믿기지 않았지만 제한된 공간이기 때문에 있을 수 있겠다는 생각이 들기도 했습니다. #@문장구분# 항공교통관제의 허가 없이 상공으로도 51구역을 지나가는 것은 불가능하다 하며 당연히 허가받는 거 조차 어렵다고 합니다. #@문장구분# 실체가 공개된 51구역은 접근조차 불가능한가 합니다. #@문장구분#만약 경고를 무시하고 51구역에 가는 순간 경고 없이 체포나 심하면 바로 그 자리에서 사살까지 가능하다고 합니다. #@문장구분#그렇게 철저히 베일에 싸여있는 51구역에서 정말 외계인이 나타났는지 궁금합니다.#@문장구분# 그리고 2019년 9월 20일 미국 레버 자주 라스베이거스 51구역 앞 세계 각국에 있는 사람들이 모여 시위를 합니다.#@문장구분# 이 시위의 정체는 51구역에 있는 외계인과 UFO의 정체를 밝히라는 시위였습니다. #@문장구분# 그런데 당연히도 절대 51구역을 들여보내 주지 않았죠.#@문장구분# 저는 곰곰이 생각해본 결과 정말 51구역에 외계인과 UFO가 있다고 생각합니다.#@문장구분#저는 왜 51구역을 이렇게 숨기는지 고민 끝에 생각해본 결과 정말 외계인 때문에 숨기는 것이라고 생각합니다. #@문장구분#외계인을 숨기는 이유가 정말 궁금하지만 아직은 정확한 이유가 안 나와서 우리가 추측밖에 할 수 없습니다.",
      "paragraph_len": 1531,
      "paragraph_id": "001"
    }
  ],
  "score": {
    "paragraph_score": [
      {
        "paragraph_scoreT": [
          3,
          3,
          3
        ],
        "paragraph_scoreT_detail": {
          "paragraph_scoreT_exp": [
            [
              3,
              3,
              3
            ],
            [
              3,
              3,
              3
            ],
            [
              3,
              3,
              3
            ]
          ]
        },
        "paragraph_scoreT_avg": 3,
        "paragraph_id": "001"
      }
    ],
    "essay_scoreT": [
      30,
      28.666666,
      26.666666
    ],
    "essay_scoreT_avg": 28.444443,
    "essay_scoreT_detail": {
      "essay_scoreT_org": [
        [
          3,
          3,
          3,
          3
        ],
        [
          2,
          2,
          3,
          3
        ],
        [
          2,
          2,
          3,
          3
        ]
      ],
      "essay_scoreT_cont": [
        [
          3,
          3,
          0,
          3
        ],
        [
          3,
          3,
          0,
          3
        ],
        [
          3,
          2,
          0,
          2
        ]
      ],
      "essay_scoreT_exp": [
        [
          3,
          3,
          3
        ],
        [
          3,
          3,
          3
        ],
        [
          3,
          3,
          3
        ]
      ]
    }
  },
  "student": {
    "date": "2021.12.25",
    "student_educated": true,
    "student_grade": "고등_2학년",
    "location": "063",
    "student_grade_group": "고등",
    "student_reading": 2
  },
  "rubric": {
    "essay_grade": "고등_2학년",
    "organization_weight": {
      "org_paragraph": 3,
      "org": 2,
      "org_essay": 3,
      "org_coherence": 2,
      "org_quantity": 1
    },
    "essay_type": "글짓기",
    "content_weight": {
      "con_clearance": 4,
      "con_novelty": 3,
      "con": 4,
      "con_prompt": 0,
      "con_description": 1
    },
    "essay_main_subject": "우주에 대한 나의 생각",
    "expression_weight": {
      "exp_style": 2,
      "exp_grammar": 2,
      "exp_vocab": 3,
      "exp": 4
    }
  },
  "correction": [],
  "info": {
    "essay_id": "ESSAY_79450",
    "essay_prompt": " 여러분은 '우주'라는 것에 대해 어떻게 생각하나요?\n\n 한 번도 생각해보지 않은 사람도 있을 것이고 평소에 우주의 신비에 대해 궁금해하는 사람도 있을 것 같아요.\n\n '우주'라는 공간은 아직 밝혀진 것도 많이 없고 많은 과학자에게 숙제 같은 곳이랍니다. 많은 SF영화에서는 저명한 우주학자들을 초빙하고 수많은 회의를 기반으로 다양한 해석을 통해 우주를 설명하고는 하지요. 인터스텔라나 마블유니버스의 스토리 처럼요!\n\n 여러분은 외계인이 있다고 생각하나요? 블랙홀이나 화이트홀은 어떻게 생각하나요? 우주여행이 가능하다고 생각하시나요? 아바타 같은 영화처럼 새로운 문명이 있다고 생각하나요? 진짜로 화성에 새로운 지구를 만들 수 있다고 생각하나요?\n\n 여러분은 이미 우주에 대한 영화나 책으로 많이 접해보았을 것 같아요. 그리고 10년, 20년 후의 우주에 대해 상상해 본 적이 있을 것 같아요. 우주에 대한 본인의 생각이나 미래의 일들을 자유롭게 작성해주세요.",
    "essay_type": "글짓기",
    "essay_level": "2",
    "essay_len": 1091,
    "essay_main_subject": "우주에 대한 나의 생각"
  }
}