{
  "paragraph": [
    {
      "paragraph_txt": "10년 뒤에 나는 성악과를 막 졸업한 사람일 것이다. #@문장구분#그리고 20년 뒤에는 한국 공무원인 성악가가 되어 있을 것이다.#@문장구분# 공무원 성악가가 되기 위해서는 서울시나 부산시 자체의 연주단에 들어갈 수 있는 실력이 되어야 한다. #@문장구분#30년 뒤에는 아프리카에 가서 아이들에게 노래를 알려줄 것이다.#@문장구분# 내가 이렇게 멋진 사람이 되기 위해서 나는 성악 실력을 지금 키워서 예술 고등학교에 진학해야 한다.#@문장구분# 예술 고등학교에 진학한 후에는 지금보다 훨씬 더 실력을 키운 성악가가 되어있어야 한다. #@문장구분#왜냐하면 여러 지역에서 성악만을 공부한 실력 좋은 아이들과 대학 진학을 위해 경쟁해야 할 것이기 때문에 예고 진학보다 그 후에 더 열심히 연주해서 누가 봐도 실력 차이가 느껴지게끔 연습을 해야 한다. #@문장구분#또한 대학에서는 성적도 평가하기 때문에 성적을 놓아서는 안된다. #@문장구분#그러기 위해서 나는 지금 어느 정도의 기초지식을 베이스로 깔아놓아야 하기 때문에 학교 공부를 틈틈이 계속하여서 좋은 성적을 받아야 하며 고등학교에 들어가서도 성적과 실기를 잘 챙겨야 한다. #@문장구분#그리고 음악을 하려면 피아노가 기본이 되어야 하기 때문에 피아노와 성악 레슨을 받으며 정말 많은 연습을 할 것이다.#@문장구분#",
      "paragraph_len": 781,
      "paragraph_id": "001"
    }
  ],
  "score": {
    "paragraph_score": [
      {
        "paragraph_scoreT": [
          3,
          3,
          2.6666667
        ],
        "paragraph_scoreT_detail": {
          "paragraph_scoreT_exp": [
            [
              3,
              3,
              3
            ],
            [
              3,
              3,
              3
            ],
            [
              2,
              3,
              3
            ]
          ]
        },
        "paragraph_scoreT_avg": 2.888889,
        "paragraph_id": "001"
      }
    ],
    "essay_scoreT": [
      26,
      28,
      26.666668
    ],
    "essay_scoreT_avg": 26.888891,
    "essay_scoreT_detail": {
      "essay_scoreT_org": [
        [
          3,
          3,
          3,
          3
        ],
        [
          3,
          3,
          3,
          3
        ],
        [
          3,
          3,
          3,
          3
        ]
      ],
      "essay_scoreT_cont": [
        [
          2,
          2,
          0,
          2
        ],
        [
          2,
          3,
          0,
          3
        ],
        [
          2,
          3,
          0,
          3
        ]
      ],
      "essay_scoreT_exp": [
        [
          3,
          3,
          3
        ],
        [
          3,
          3,
          3
        ],
        [
          2,
          3,
          3
        ]
      ]
    }
  },
  "student": {
    "date": "2021.11.29",
    "student_educated": true,
    "student_grade": "중등_2학년",
    "location": "054",
    "student_grade_group": "중등",
    "student_reading": 1
  },
  "rubric": {
    "essay_grade": "중등_2학년",
    "organization_weight": {
      "org_paragraph": 2,
      "org": 2,
      "org_essay": 4,
      "org_coherence": 2,
      "org_quantity": 1
    },
    "essay_type": "글짓기",
    "content_weight": {
      "con_clearance": 4,
      "con_novelty": 3,
      "con": 4,
      "con_prompt": 0,
      "con_description": 1
    },
    "essay_main_subject": "미래의 나의 모습",
    "expression_weight": {
      "exp_style": 1,
      "exp_grammar": 2,
      "exp_vocab": 3,
      "exp": 4
    }
  },
  "correction": [],
  "info": {
    "essay_id": "ESSAY_70647",
    "essay_prompt": " 우리는 모두 미래의 나를 한 번씩 상상해보곤 합니다. 유명한 사람이 돼서 많은 사람과 소통하는 상상, 훌륭한 의사가 돼서 많은 사람을 살리는 상상 등 어떤 사람이 되고 싶다는 미래를 생각하지요.\n\n 여러분은 미래의 나를 상상해보신 적이 있으신가요? 10년 뒤, 20년 뒤, 30년 뒤에 여러분은 어떤 일을 하고 어떤 가치관을 가지고 살아가고 있을까요?\n\n 나의 10년 뒤, 20년 뒤, 30년 뒷모습을 각각 상상해보고 어떤 일을 하고 있을지, 그러한 모습을 갖추기 위해 어떤 노력을 하였을지 작성해보세요.",
    "essay_type": "글짓기",
    "essay_level": "2",
    "essay_len": 582,
    "essay_main_subject": "미래의 나의 모습"
  }
}