{
  "paragraph": [
    {
      "paragraph_txt": "저는 우주여행이 가능하다고 생각합니다. #@문장구분#왜냐하면 Virgin galactic이라는 우주여행 회사가 있습니다. #@문장구분#이 회사 Virgin galactic 새로운 우주선을 비행에 성공시켰습니다. #@문장구분#우주선 비행에 성공한다고 해서 무조건 계속한다는 보장한다는 것은 아니지만우주선을 만드는데 약 3년이 걸렸고 2014년 10월에는 비행에 실패하여 한 명의 조종사가 사망하기도 하기도 했죠 #@문장구분#그 이후 같은 실수가 반복되지 않도록  주요보안 기능을 수정하여 보안을 유지했습니다. #@문장구분#약 3년 시간 동안 비행에 집중하였기에 실수가 더는 반복되지 않겠죠?#@문장구분#Virgin galactic의 우주선은 White knight 2 라 부르는 이 제트기로부터 상공에서 분리되어 발사됩니다. #@문장구분#2명의 우주비행사와 6명의 승객이 탈 수 있습니다.#@문장구분# 탑승객들은 우주에서 바라보는 전망과 몇 분 동안의 무중력 상태를 체험할 수 있다고 합니다.#@문장구분#  이짧은 비행을 맛보기 위해 레이디 가가 저스틴 비버 등의 이미 약 700명의 고객이 약 2억 원을 지불하고 기다리고 있습니다. #@문장구분# 그리고 우주여행을 위한 다른 시도 도 세계 곳곳에서 벌어지고 있습니다.#@문장구분#  지상 20KM 위로 올라가는 이 엘리베이터는 영국과 미국에서 특허받았습니다.#@문장구분#  우주선이 수직으로 발사 될 때 엄청난 양의 연료가 소모되는 것과 그 외에 많은 연료를 운반해야 하는 것을 바꿀 수 있는 아이디어입니다. #@문장구분#이론상, 이 구조는 지상 20KM 위에 존재합니다. #@문장구분# 이것은 세계에서 가장 높은 빌딩보다 20배나 더 높죠. #@문장구분#최상층에서 우주선은 간단하게 궤도에 진입할 수 있습니다. #@문장구분# 설계자 Ben Quine 는 CBC와의 인터뷰에서 이 타워는 번개나 유성 5단계의 허리케인으로부터 안전하다고 밝혔습니다. #@문장구분# 이회사의 CEO인 Carolyn Roberts는 이 기술이 항공우주에서 새로운 지평을 열거라고 확신했습니다. #@문장구분# 이와같이 우리는 지금 당장은 아니지만, 곧 있으면 우주여행이 가능하다고 말할 수 있습니다. #@문장구분#우주비행사와 항공우주 분야 과학자는 완전히 다릅니다. #@문장구분#우리나라에서 우주선, 우주왕복선 개발 시점이 되어야 우주선 조종사가 필요합니다. #@문장구분#아직 통신위성, 정찰, 기사 관측용 위성을 개발하는 단계이므로 시간이 걸릴 걸로 보입니다. #@문장구분#우주여행을 가려면 여러 조건에 맞춰야 위험에 안전하다고 생각합니다.",
      "paragraph_len": 1556,
      "paragraph_id": "001"
    }
  ],
  "score": {
    "paragraph_score": [
      {
        "paragraph_scoreT": [
          3,
          3,
          3
        ],
        "paragraph_scoreT_detail": {
          "paragraph_scoreT_exp": [
            [
              3,
              3,
              3
            ],
            [
              3,
              3,
              3
            ],
            [
              3,
              3,
              3
            ]
          ]
        },
        "paragraph_scoreT_avg": 3,
        "paragraph_id": "001"
      }
    ],
    "essay_scoreT": [
      30,
      26.666666,
      27.333334
    ],
    "essay_scoreT_avg": 28,
    "essay_scoreT_detail": {
      "essay_scoreT_org": [
        [
          3,
          3,
          3,
          3
        ],
        [
          2,
          2,
          3,
          3
        ],
        [
          2,
          3,
          3,
          3
        ]
      ],
      "essay_scoreT_cont": [
        [
          3,
          3,
          0,
          3
        ],
        [
          3,
          2,
          0,
          2
        ],
        [
          3,
          2,
          0,
          2
        ]
      ],
      "essay_scoreT_exp": [
        [
          3,
          3,
          3
        ],
        [
          3,
          3,
          3
        ],
        [
          3,
          3,
          3
        ]
      ]
    }
  },
  "student": {
    "date": "2021.12.25",
    "student_educated": true,
    "student_grade": "고등_2학년",
    "location": "063",
    "student_grade_group": "고등",
    "student_reading": 2
  },
  "rubric": {
    "essay_grade": "고등_2학년",
    "organization_weight": {
      "org_paragraph": 3,
      "org": 2,
      "org_essay": 3,
      "org_coherence": 2,
      "org_quantity": 1
    },
    "essay_type": "글짓기",
    "content_weight": {
      "con_clearance": 4,
      "con_novelty": 3,
      "con": 4,
      "con_prompt": 0,
      "con_description": 1
    },
    "essay_main_subject": "우주에 대한 나의 생각",
    "expression_weight": {
      "exp_style": 2,
      "exp_grammar": 2,
      "exp_vocab": 3,
      "exp": 4
    }
  },
  "correction": [],
  "info": {
    "essay_id": "ESSAY_79449",
    "essay_prompt": " 여러분은 '우주'라는 것에 대해 어떻게 생각하나요?\n\n 한 번도 생각해보지 않은 사람도 있을 것이고 평소에 우주의 신비에 대해 궁금해하는 사람도 있을 것 같아요.\n\n '우주'라는 공간은 아직 밝혀진 것도 많이 없고 많은 과학자에게 숙제 같은 곳이랍니다. 많은 SF영화에서는 저명한 우주학자들을 초빙하고 수많은 회의를 기반으로 다양한 해석을 통해 우주를 설명하고는 하지요. 인터스텔라나 마블유니버스의 스토리 처럼요!\n\n 여러분은 외계인이 있다고 생각하나요? 블랙홀이나 화이트홀은 어떻게 생각하나요? 우주여행이 가능하다고 생각하시나요? 아바타 같은 영화처럼 새로운 문명이 있다고 생각하나요? 진짜로 화성에 새로운 지구를 만들 수 있다고 생각하나요?\n\n 여러분은 이미 우주에 대한 영화나 책으로 많이 접해보았을 것 같아요. 그리고 10년, 20년 후의 우주에 대해 상상해 본 적이 있을 것 같아요. 우주에 대한 본인의 생각이나 미래의 일들을 자유롭게 작성해주세요.",
    "essay_type": "글짓기",
    "essay_level": "2",
    "essay_len": 1116,
    "essay_main_subject": "우주에 대한 나의 생각"
  }
}