{
  "paragraph": [
    {
      "paragraph_txt": "나는 나중에 죄를 지은 사람들에게 엄한 벌을 내리도록 피해자의 입장에서 뒷받침할 수 있는 똑똑한 검사가 되고 싶다. #@문장구분#요즈음 꼬리에꼬리를무는그날이야기라는 프로그램을 자주 보는데, 이런 범죄에 연루된 사람들에 이야기를 듣고 피해자의 이야기를 들으면서 범죄자를 잡아서 올바른 처벌을 내릴 수 있도록 해줄 수 있는 의로운 검사가 꼭 필요하다는 생각이 들었다.#@문장구분# 또 재판을 진행하기에 비용이 부족해서 어려운 사람들에게 비용을 덜 받고도 검사로 나와 재판을 해주고 싶기도 하다.#@문장구분# 이런 생각을 하게 된 이유는 나는 돈을 벌려고 하는 것이 아닌 피해자의 편에서 피해자를 위해서 움직이는 검사가 되어 많은 사람들에게 큰 지지를 얻는 사람으로 성장하고 싶다.#@문장구분# 이런 나의 미래를 위해 검사가 되기 위해서는 법학 관련 학과를 들어가야 하고 그러기 위해서는 공부를 열심히 해야하는데, 검사가 되기 위한 하나의 과정이라고 생각하고, 당연히 훌륭한 검사가 되기 위해서는 훌륭한 성적이 뒷받침되어야한다고 생각한다.#@문장구분# 때문에 나는 지금껏 그래왔듯 앞으로도 열심히 공부하여 부끄럽지 않은 검사가 되기 위해 노력해야겠다고 다짐했다.#@문장구분#",
      "paragraph_len": 676,
      "paragraph_id": "001"
    }
  ],
  "score": {
    "paragraph_score": [
      {
        "paragraph_scoreT": [
          2.6666667,
          2.6666667,
          2.6666667
        ],
        "paragraph_scoreT_detail": {
          "paragraph_scoreT_exp": [
            [
              2,
              3,
              3
            ],
            [
              2,
              3,
              3
            ],
            [
              2,
              3,
              3
            ]
          ]
        },
        "paragraph_scoreT_avg": 2.6666667,
        "paragraph_id": "001"
      }
    ],
    "essay_scoreT": [
      25.166668,
      28.666668,
      28.666668
    ],
    "essay_scoreT_avg": 27.5,
    "essay_scoreT_detail": {
      "essay_scoreT_org": [
        [
          3,
          3,
          3,
          3
        ],
        [
          3,
          3,
          3,
          3
        ],
        [
          3,
          3,
          3,
          3
        ]
      ],
      "essay_scoreT_cont": [
        [
          2,
          2,
          0,
          3
        ],
        [
          3,
          3,
          0,
          3
        ],
        [
          3,
          3,
          0,
          3
        ]
      ],
      "essay_scoreT_exp": [
        [
          2,
          3,
          3
        ],
        [
          2,
          3,
          3
        ],
        [
          2,
          3,
          3
        ]
      ]
    }
  },
  "student": {
    "date": "2021.11.30",
    "student_educated": true,
    "student_grade": "중등_2학년",
    "location": "054",
    "student_grade_group": "중등",
    "student_reading": 1
  },
  "rubric": {
    "essay_grade": "중등_2학년",
    "organization_weight": {
      "org_paragraph": 2,
      "org": 2,
      "org_essay": 4,
      "org_coherence": 2,
      "org_quantity": 1
    },
    "essay_type": "글짓기",
    "content_weight": {
      "con_clearance": 4,
      "con_novelty": 3,
      "con": 4,
      "con_prompt": 0,
      "con_description": 1
    },
    "essay_main_subject": "미래의 나의 모습",
    "expression_weight": {
      "exp_style": 1,
      "exp_grammar": 2,
      "exp_vocab": 3,
      "exp": 4
    }
  },
  "correction": [],
  "info": {
    "essay_id": "ESSAY_70658",
    "essay_prompt": " 우리는 모두 미래의 나를 한 번씩 상상해보곤 합니다. 유명한 사람이 돼서 많은 사람과 소통하는 상상, 훌륭한 의사가 돼서 많은 사람을 살리는 상상 등 어떤 사람이 되고 싶다는 미래를 생각하지요.\n\n 여러분은 미래의 나를 상상해보신 적이 있으신가요? 10년 뒤, 20년 뒤, 30년 뒤에 여러분은 어떤 일을 하고 어떤 가치관을 가지고 살아가고 있을까요?\n\n 나의 10년 뒤, 20년 뒤, 30년 뒷모습을 각각 상상해보고 어떤 일을 하고 있을지, 그러한 모습을 갖추기 위해 어떤 노력을 하였을지 작성해보세요.",
    "essay_type": "글짓기",
    "essay_level": "2",
    "essay_len": 557,
    "essay_main_subject": "미래의 나의 모습"
  }
}