{
  "paragraph": [
    {
      "paragraph_txt": "제 롤모델은 저희 아버지 이십니다.#@문장구분#\n 제가 가장 존경하는 사람은 저희 아버지입니다,\n 아버지 직업은 발명가 이신데 어릴적부터 혼자서 독학으로 전기 전자를 배우셨다고 들었습니다#@문장구분#\n 지금 제 나이보다 어릴때부터 혼자서 라디오를 분해하시기도 하면서 정말 모든 것을 혼자서 배우셨다고 하셨습니다.#@문장구분# 그런 저희 아버지는 발명품을 만들어 판매하시기도 하면서 저희 가족을 돌봐주십니다.#@문장구분#\n 무엇보다 제가 존경하는 가장 큰 이유는 아들인 저에게 바라시는게 없다는 것입니다.#@문장구분#\n 사람이라면 당연히도 보상심리가 대부분은 있을텐데 저희 아버지는 전혀 그렇지 않으십니다.#@문장구분#\n 만약에 제가 아버지라면 내아들도 나처럼 이라는 생각을 가질 것 같은데 아버지는 그렇지 않으십니다.#@문장구분#\n 저에게 강요하는것도 없고 바라시는게 없으셔서 저는 자라면서 자유롭게 하고싶은 것을 하면서 자랐습니다.#@문장구분# 그게 늘 항상 감사했습니다 만약에 제가 미래에 우리 가족을 위해서 희생할수 있다면\n 거리낌 없이 희생할수 있을정도입니다.#@문장구분# 그뿐만이 아니라 아버지는 언제나 열심히 하십니다#@문장구분# \n 무엇이든지요, 제작의뢰를 받았는데 의뢰측에서 불가피하게 계약기간을 줄이게 되어도\n 그 기간에 맞추기 위해서 어떻게든 열심히 기간을 맞추십니다.#@문장구분#\n 그만큼 잠을 줄여가며 일하시는 아버지를 보면 참 존경스럽습니다.#@문장구분#\n 그런 존경스러운 아버지가 제 롤모델입니다.#@문장구분#",
      "paragraph_len": 916,
      "paragraph_id": "001"
    }
  ],
  "score": {
    "paragraph_score": [
      {
        "paragraph_scoreT": [
          2.2857144,
          2.2857144,
          2
        ],
        "paragraph_scoreT_detail": {
          "paragraph_scoreT_exp": [
            [
              3,
              2,
              2
            ],
            [
              3,
              2,
              2
            ],
            [
              2,
              2,
              2
            ]
          ]
        },
        "paragraph_scoreT_avg": 2.1904762,
        "paragraph_id": "001"
      }
    ],
    "essay_scoreT": [
      24.25397,
      24.25397,
      24.666666
    ],
    "essay_scoreT_avg": 24.391535,
    "essay_scoreT_detail": {
      "essay_scoreT_org": [
        [
          2,
          3,
          3,
          2
        ],
        [
          2,
          3,
          3,
          2
        ],
        [
          2,
          2,
          3,
          3
        ]
      ],
      "essay_scoreT_cont": [
        [
          3,
          2,
          0,
          2
        ],
        [
          3,
          2,
          0,
          2
        ],
        [
          3,
          3,
          0,
          3
        ]
      ],
      "essay_scoreT_exp": [
        [
          3,
          2,
          2
        ],
        [
          3,
          2,
          2
        ],
        [
          2,
          2,
          2
        ]
      ]
    }
  },
  "student": {
    "date": "2021.08.02",
    "student_educated": true,
    "student_grade": "고등_3학년",
    "location": "063",
    "student_grade_group": "고등",
    "student_reading": 3
  },
  "rubric": {
    "essay_grade": "고등_3학년",
    "organization_weight": {
      "org_paragraph": 3,
      "org": 2,
      "org_essay": 3,
      "org_coherence": 2,
      "org_quantity": 1
    },
    "essay_type": "설명글",
    "content_weight": {
      "con_clearance": 4,
      "con_novelty": 3,
      "con": 4,
      "con_prompt": 0,
      "con_description": 1
    },
    "essay_main_subject": "나의 위인전",
    "expression_weight": {
      "exp_style": 2,
      "exp_grammar": 2,
      "exp_vocab": 3,
      "exp": 4
    }
  },
  "correction": [],
  "info": {
    "essay_id": "ESSAY_36837",
    "essay_prompt": " 요즘은 책을 통해서뿐만 아니라 유튜브, 강의와 같이 다양한 매체를 통해 자신만의 롤모델을 찾을 수 있습니다.\n\n 여러분도 자신만의 롤모델이 있을 것 같은데요. 자신의 롤모델인 인물처럼 되었다고 생각하고 나만의 위인전을 작성해보세요. 본인이 그 사람이 되었다고 생각하고 작성해도 좋고, 제 3자의 입장에서 바라보는 형식으로 작성해도 좋아요.\n\n 나의 롤모델은 목표를 이루기 위해 어떤 노력을 했을지, 어떤 행운이 있었을지, 목표를 이루고 난 다음에 어떤 기분이 들었을지 마음 껏 상상해보시고 작성해주세요.",
    "essay_type": "글짓기",
    "essay_level": "2",
    "essay_len": 656,
    "essay_main_subject": "나의 위인전"
  }
}