{
  "paragraph": [
    {
      "paragraph_txt": "'저스틴 드루 비버' 2010년대 이후 전 세계에서 가장 핫한 아티스트로 꼽히는 이 가수는 1994년 캐나다 온타리오 주의 런던에서 태어나 시골 소도시인 스트랫피드에서 자라났습니다.#@문장구분# 어려서부터 비버는 어머니의 영향으로 음악을 좋아했고, 타고난 음색과 음악성 덕분에 초등학생 시절 나간 캐나다의 오디션 프로그램 지역 예선에서 3위를 하게 됩니다.#@문장구분# 이때 니요의 'So sick'을 부른 영상을 친척들에게 보여주기 위해 유튜브에 올렸는데, 미국의 연예 기획자인 스쿠터 브라운의 눈에 띄여 애틀랜타로 넘어가 가수 생활을 하게 됩니다.#@문장구분# 2009년 데뷔 싱글 'One Time'은 발매된 지 30시간 만에 10개국에서 각종 차트를 휩쓸었습니다.#@문장구분# 특히 2010년 2월에 발매된 세 번째 싱글 'Baby'는 세계적으로 대성공을 거두면서 16살이라는 어린 나이에 비버를 월드 스타의 자리에 올려줍니다.#@문장구분# 3집 'Believe' 이후 비버에게도 변성기가 찾아옵니다.#@문장구분# 그러나 가수 커리어에 타격을 입기는커녕 더 서정적이고 고급직 음색과 함께 4집 'Purpose'로 돌아옵니다.#@문장구분# 한국에서도 널리 알려진 'Love yourself'부터 'Sorry', 'What do you mean'등의 수록곡으로 첫 주 판매량을 무려 52만장이라는 놀라운 수치를 달성하였고, 음악 외적으로도 최전성기를 구가하게 됩니다.#@문장구분# 그러나 어려서부터 많은 인기를 얻으면서 사건 사고도 많았습니다.#@문장구분# 강도, 음주운전 등 기행들을 수 없이 일으켜 안티도 엄청나게 생겼으며, SNS상 부주의한 멘트로 욕도 많이 먹었습니다.#@문장구분# 5집 'Change'가 설상가상으로 나쁜 평과 전작에 한참 미치지 못한 흥행력을 기록했습니다.#@문장구분# 하지만 헤일리 비버와 결혼을 한 이후로 그의 기행들은 빈도가 줄어 거의 없어졌고, 6집 'Justice'로 자신의 천재성을 다시 한번 입증하는데 성공합니다.#@문장구분#'Peaches'와 'Holy'등 그의 음악성을 여실히 보여주는 곡들을 즐길 수 있습니다.#@문장구분# 현재 비버는 피처링 활동도 열심히 하여 후배들에게 좋은 영향력을 전파하고 있습니다.#@문장구분# 어려서부터 큰 인기를 얻어 많은 부담과 의문 부호가 따라 다녔지만, 타고난 재능과 진솔한 가사로 항상 전세계의 팬들에게 위안과 감동을 선사했습니다.#@문장구분# 세상 트렌드의 정점인 그에게 저 역시 반해서 롤모델로 꼽게 되었습니다.#@문장구분#",
      "paragraph_len": 1446,
      "paragraph_id": "001"
    }
  ],
  "score": {
    "paragraph_score": [
      {
        "paragraph_scoreT": [
          2.7142856,
          2.7142856,
          2
        ],
        "paragraph_scoreT_detail": {
          "paragraph_scoreT_exp": [
            [
              3,
              3,
              2
            ],
            [
              3,
              3,
              2
            ],
            [
              2,
              2,
              2
            ]
          ]
        },
        "paragraph_scoreT_avg": 2.4761903,
        "paragraph_id": "001"
      }
    ],
    "essay_scoreT": [
      26.690475,
      26.690475,
      24.666666
    ],
    "essay_scoreT_avg": 26.015871,
    "essay_scoreT_detail": {
      "essay_scoreT_org": [
        [
          2,
          3,
          3,
          3
        ],
        [
          2,
          3,
          3,
          3
        ],
        [
          2,
          2,
          3,
          3
        ]
      ],
      "essay_scoreT_cont": [
        [
          3,
          2,
          0,
          3
        ],
        [
          3,
          2,
          0,
          3
        ],
        [
          3,
          3,
          0,
          3
        ]
      ],
      "essay_scoreT_exp": [
        [
          3,
          3,
          2
        ],
        [
          3,
          3,
          2
        ],
        [
          2,
          2,
          2
        ]
      ]
    }
  },
  "student": {
    "date": "2021.09.24",
    "student_educated": true,
    "student_grade": "고등_3학년",
    "location": "051",
    "student_grade_group": "고등",
    "student_reading": 2
  },
  "rubric": {
    "essay_grade": "고등_3학년",
    "organization_weight": {
      "org_paragraph": 3,
      "org": 2,
      "org_essay": 3,
      "org_coherence": 2,
      "org_quantity": 1
    },
    "essay_type": "설명글",
    "content_weight": {
      "con_clearance": 4,
      "con_novelty": 3,
      "con": 4,
      "con_prompt": 0,
      "con_description": 1
    },
    "essay_main_subject": "나의 위인전",
    "expression_weight": {
      "exp_style": 2,
      "exp_grammar": 2,
      "exp_vocab": 3,
      "exp": 4
    }
  },
  "correction": [],
  "info": {
    "essay_id": "ESSAY_36814",
    "essay_prompt": " 요즘은 책을 통해서뿐만 아니라 유튜브, 강의와 같이 다양한 매체를 통해 자신만의 롤모델을 찾을 수 있습니다.\n\n 여러분도 자신만의 롤모델이 있을 것 같은데요. 자신의 롤모델인 인물처럼 되었다고 생각하고 나만의 위인전을 작성해보세요. 본인이 그 사람이 되었다고 생각하고 작성해도 좋고, 제 3자의 입장에서 바라보는 형식으로 작성해도 좋아요.\n\n 나의 롤모델은 목표를 이루기 위해 어떤 노력을 했을지, 어떤 행운이 있었을지, 목표를 이루고 난 다음에 어떤 기분이 들었을지 마음 껏 상상해보시고 작성해주세요.",
    "essay_type": "글짓기",
    "essay_level": "2",
    "essay_len": 1127,
    "essay_main_subject": "나의 위인전"
  }
}