{
  "paragraph": [
    {
      "paragraph_txt": "우주에 관해서는 현재 공개된 논문이 여럿 존재하지만 제가 직접 확인하고 체감하지 못하는 현상과 사실이 많기 때문에 저에게 우주란 공간은 신비롭지만 가까운 존재는 아니었습니다.#@문장구분# 다만 우리가 밤하늘을 올려다 보았을 때 보이는 별들에 이름이 있다는 건 다소 신기하고 흥미가 갔습니다.#@문장구분# 별자리에 대해 알아보게 되었고 그 후로는 가끔 하늘을 올려다보며 별자리를 찾기도 한답니다.#@문장구분# 별자리는 천구에 투영된 별을 이어 사물이나 인물, 동물을 연상하도록 이름을 붙인 것입니다.#@문장구분# 따라서 별자리는 문화권과 시대마다 모양이 달랐고, 다른 이름으로 불렸습니다. #@문장구분#현재는 1930년 국제천문연맹에서 천구 전체를 채우도록 정한 88개의 별자리가 공식적인 별자리로 인정받고 있다고 합니다.#@문장구분# 종종 천구상 대략적인 위치를 언급하기 위해 천체의 위치를 좌푯값으로 주는 대신 익숙한 별자리 혹은 별자리 중 밝은 별을 기준으로 소개하기 하는데 아울러 아마추어 천문학의 입문자들을 위해 별자리는 아니지만 북두칠성처럼 익숙한 이름의 성군을 사용하기도 합니다.#@문장구분# 계절마다 보이는 별자리가 다르다는 사실 알고 계신가요? #@문장구분#엄밀하게 정의되는 용어는 아니지만 특정한 계절 밤 9시경 남쪽 하늘에서 잘 보이는 별자리들을 계절별 별자리라고 하는데요.#@문장구분# 봄에는 목동자리, 큰곰자리, 처녀자리 등이 있고 여름에는 백조자리, 독수리자리 등이 있습니다. #@문장구분#가을에는 카시오페이아자리 페가수스자리 등이 있고 마지막으로 겨울에는 쌍둥이자리, 오리온자리 등이 있답니다.#@문장구분# 과거 우리의 조상들은 별자리를 보고 길을 찾아갔다고도 하지요.#@문장구분# 별을 이어 모양을 떠올려 이름을 붙인 점도 흥미롭고 늘 같은 자리에서 빛나주는 별이 신기하기도 합니다. #@문장구분#기술이 더 발전해서 훗날 화성여행처럼 우주여행이 가능해진다면 광활하고도 신비로운 우주가 더 실감나는 날이 오겠죠?",
      "paragraph_len": 1141,
      "paragraph_id": "001"
    }
  ],
  "score": {
    "paragraph_score": [
      {
        "paragraph_scoreT": [
          2.7142856,
          2,
          2
        ],
        "paragraph_scoreT_detail": {
          "paragraph_scoreT_exp": [
            [
              2,
              3,
              3
            ],
            [
              2,
              2,
              2
            ],
            [
              2,
              2,
              2
            ]
          ]
        },
        "paragraph_scoreT_avg": 2.2380953,
        "paragraph_id": "001"
      }
    ],
    "essay_scoreT": [
      23.079365,
      24.222221,
      24.88889
    ],
    "essay_scoreT_avg": 24.063492,
    "essay_scoreT_detail": {
      "essay_scoreT_org": [
        [
          2,
          2,
          2,
          3
        ],
        [
          2,
          2,
          2,
          3
        ],
        [
          2,
          3,
          2,
          3
        ]
      ],
      "essay_scoreT_cont": [
        [
          2,
          2,
          0,
          2
        ],
        [
          3,
          3,
          0,
          3
        ],
        [
          3,
          3,
          0,
          3
        ]
      ],
      "essay_scoreT_exp": [
        [
          2,
          3,
          3
        ],
        [
          2,
          2,
          2
        ],
        [
          2,
          2,
          2
        ]
      ]
    }
  },
  "student": {
    "date": "2021.12.28",
    "student_educated": true,
    "student_grade": "고등_2학년",
    "location": "063",
    "student_grade_group": "고등",
    "student_reading": 2
  },
  "rubric": {
    "essay_grade": "고등_2학년",
    "organization_weight": {
      "org_paragraph": 3,
      "org": 2,
      "org_essay": 3,
      "org_coherence": 2,
      "org_quantity": 1
    },
    "essay_type": "글짓기",
    "content_weight": {
      "con_clearance": 4,
      "con_novelty": 3,
      "con": 4,
      "con_prompt": 0,
      "con_description": 1
    },
    "essay_main_subject": "우주에 대한 나의 생각",
    "expression_weight": {
      "exp_style": 2,
      "exp_grammar": 2,
      "exp_vocab": 3,
      "exp": 4
    }
  },
  "correction": [],
  "info": {
    "essay_id": "ESSAY_81035",
    "essay_prompt": " 여러분은 '우주'라는 것에 대해 어떻게 생각하나요?\n\n 한 번도 생각해보지 않은 사람도 있을 것이고 평소에 우주의 신비에 대해 궁금해하는 사람도 있을 것 같아요.\n\n '우주'라는 공간은 아직 밝혀진 것도 많이 없고 많은 과학자에게 숙제 같은 곳이랍니다. 많은 SF영화에서는 저명한 우주학자들을 초빙하고 수많은 회의를 기반으로 다양한 해석을 통해 우주를 설명하고는 하지요. 인터스텔라나 마블유니버스의 스토리 처럼요!\n\n 여러분은 외계인이 있다고 생각하나요? 블랙홀이나 화이트홀은 어떻게 생각하나요? 우주여행이 가능하다고 생각하시나요? 아바타 같은 영화처럼 새로운 문명이 있다고 생각하나요? 진짜로 화성에 새로운 지구를 만들 수 있다고 생각하나요?\n\n 여러분은 이미 우주에 대한 영화나 책으로 많이 접해보았을 것 같아요. 그리고 10년, 20년 후의 우주에 대해 상상해 본 적이 있을 것 같아요. 우주에 대한 본인의 생각이나 미래의 일들을 자유롭게 작성해주세요.",
    "essay_type": "글짓기",
    "essay_level": "2",
    "essay_len": 881,
    "essay_main_subject": "우주에 대한 나의 생각"
  }
}