{
  "paragraph": [
    {
      "paragraph_txt": "\"'우주'라는 공간은 아직 밝혀진 것도 많이 없고 많은 과학자들에게 숙제 같은 곳이다.\" 라는 제시문의 문장을 보니 인류가 우주에 대해 완벽하게 알게 되는 날이 과연 올까? 하는 의문이 들었습니다.#@문장구분# 물론 어느 과학자나 철학자도 이 같은 의문을 갖고 이런 질문을 스스로에게, 또는 다른 사람에게 던져보았을 것 같습니다.#@문장구분# 언젠가 과학의 모든 문제들이 해결되고, 우리가 우주의 모든 것에 대해 완벽하게 알게 되어 더 이상 풀 문제가 없는 날이 올까?#@문장구분# 아니면 우리가 모든 것을 알게 되는 그런 상황은 결코 영원히 오지 않을까?#@문장구분# 이런 질문들을 말이죠.#@문장구분# 이 글을 쓰게 되면서 논문 등을 조금 찾아보았는데 제시된 답안 중 가장 설득력 있는 답안을 발견했습니다.#@문장구분# 공상과학 소설가인 아이작 아시모프의 답변이였는데 그는 \"우주는 본질적으로 매우 복잡한 프랙탈적 성질을 지니고 있으며, 과학이 연구하는 대상도 이러한 성질을 공유하고 있다는 것이 내 신념이다. 따라서 우주의 어떤 일부분이 이해도지 않은 채 남아 있고, 과학이 탐구하는 도정에 어떤 일부가 밝혀지지 않은 채 남아 있다면, 그것이 이해되고 해결된 부분에 비해 아무리 작은 부분이라 하더라도, 그 속에는 원래의 것과 다름없는 모든 복잡성이 들어 있다고 본다. 따라서 우리는 결코 그 끝에 도달할 수 없을 것이다. 우리가 아무리 멀리 나아가더라도 우리 앞에 남아 있는 길은 여전히 처음과 마찬가지로 먼 길일 것이다. 이것이 우주의 신비다.\" 라고 말했습니다.#@문장구분# 프랙탈이란 차원 분열 도형을 일컫는 말로, 작은 구조가 전체 구조와 닮은 형태로 끝없이 되풀이되는 구조를 말한다고 합니다.#@문장구분# 자연에서 쉽게 찾을 수 있는 예로는 고사리와 같은 양치류 식물, 구름과 산, 은하수 모습 등인데, 아시모프의 우주관은 우주 자체가 프랙탈이라는 것이었는데 그 속성은 무한반복이니 하나를 알게 되면 열 개의 수수께끼가 튀어나오는 구조로 '우주'에 대해 제가 생각하는 것과 가장 근접한 답변이었습니다.#@문장구분# 결국 우주는 우리 인간에게 결코 풀리지 않는 신비일 것 같습니다.#@문장구분# 하긴 풀리는 것이라면 애초에 신비가 아니겠죠?#@문장구분#",
      "paragraph_len": 1244,
      "paragraph_id": "001"
    }
  ],
  "score": {
    "paragraph_score": [
      {
        "paragraph_scoreT": [
          3,
          3,
          2.2857144
        ],
        "paragraph_scoreT_detail": {
          "paragraph_scoreT_exp": [
            [
              3,
              3,
              3
            ],
            [
              3,
              3,
              3
            ],
            [
              3,
              2,
              2
            ]
          ]
        },
        "paragraph_scoreT_avg": 2.7619047,
        "paragraph_id": "001"
      }
    ],
    "essay_scoreT": [
      26.222221,
      29.333334,
      22.531746
    ],
    "essay_scoreT_avg": 26.0291,
    "essay_scoreT_detail": {
      "essay_scoreT_org": [
        [
          2,
          2,
          2,
          3
        ],
        [
          2,
          3,
          3,
          3
        ],
        [
          2,
          3,
          2,
          3
        ]
      ],
      "essay_scoreT_cont": [
        [
          2,
          3,
          0,
          3
        ],
        [
          3,
          3,
          0,
          3
        ],
        [
          2,
          2,
          0,
          3
        ]
      ],
      "essay_scoreT_exp": [
        [
          3,
          3,
          3
        ],
        [
          3,
          3,
          3
        ],
        [
          3,
          2,
          2
        ]
      ]
    }
  },
  "student": {
    "date": "2021.12.28",
    "student_educated": true,
    "student_grade": "고등_2학년",
    "location": "063",
    "student_grade_group": "고등",
    "student_reading": 2
  },
  "rubric": {
    "essay_grade": "고등_2학년",
    "organization_weight": {
      "org_paragraph": 3,
      "org": 2,
      "org_essay": 3,
      "org_coherence": 2,
      "org_quantity": 1
    },
    "essay_type": "글짓기",
    "content_weight": {
      "con_clearance": 4,
      "con_novelty": 3,
      "con": 4,
      "con_prompt": 0,
      "con_description": 1
    },
    "essay_main_subject": "우주에 대한 나의 생각",
    "expression_weight": {
      "exp_style": 2,
      "exp_grammar": 2,
      "exp_vocab": 3,
      "exp": 4
    }
  },
  "correction": [],
  "info": {
    "essay_id": "ESSAY_81044",
    "essay_prompt": " 여러분은 '우주'라는 것에 대해 어떻게 생각하나요?\n\n 한 번도 생각해보지 않은 사람도 있을 것이고 평소에 우주의 신비에 대해 궁금해하는 사람도 있을 것 같아요.\n\n '우주'라는 공간은 아직 밝혀진 것도 많이 없고 많은 과학자에게 숙제 같은 곳이랍니다. 많은 SF영화에서는 저명한 우주학자들을 초빙하고 수많은 회의를 기반으로 다양한 해석을 통해 우주를 설명하고는 하지요. 인터스텔라나 마블유니버스의 스토리 처럼요!\n\n 여러분은 외계인이 있다고 생각하나요? 블랙홀이나 화이트홀은 어떻게 생각하나요? 우주여행이 가능하다고 생각하시나요? 아바타 같은 영화처럼 새로운 문명이 있다고 생각하나요? 진짜로 화성에 새로운 지구를 만들 수 있다고 생각하나요?\n\n 여러분은 이미 우주에 대한 영화나 책으로 많이 접해보았을 것 같아요. 그리고 10년, 20년 후의 우주에 대해 상상해 본 적이 있을 것 같아요. 우주에 대한 본인의 생각이나 미래의 일들을 자유롭게 작성해주세요.",
    "essay_type": "글짓기",
    "essay_level": "2",
    "essay_len": 1024,
    "essay_main_subject": "우주에 대한 나의 생각"
  }
}