{
  "paragraph": [
    {
      "paragraph_txt": "내 꿈은 경찰이다.#@문장구분# 우리 아버지와 어머니는 모두 경찰이시다.#@문장구분# 아버지는 경찰 청장이시고, 어머니는 유능한 형사이시다.#@문장구분# 부모님의 직업을 어렸을 때부터 계속해서 봐 오다 보니, 경찰이라는 직업에 대해서 멋있다고 느끼고 경찰이 나도 되고 싶었다. #@문장구분#그래서 어렸을 때부터 경찰이 되기 위해서 노력 아닌 노력을 했던 것 같다. #@문장구분#일단, 경찰 관련된 영화나 드라마는 거의 되는대로 다 봤던 것 같다.#@문장구분# 물론, 과장된 것도 많긴 하겠지만, 영화나 드라마를 시청하는 과정에서 재미를 느꼈던 것 같다. #@문장구분#가장 인상깊은 영화는 '극한직업'인데, 극한직업에서 경찰들이 잠복수사를 해서 결국 마약범들을 모조리 체포하는 내용이다.#@문장구분# 이런 영화를 보면서 나는 경찰이 되어야겠음을 다짐했다. #@문장구분#10년 뒤의 나는, 경찰 공무원이 되기 위해서 공무원 시험을 준비하고 있을 것 같다. #@문장구분#그리고 20년 뒤에는, 경찰이 되어서 내 위의 선배님들과 함께 범인이나 사건위 실마리를 해결하기 위해서 노력하고 있을 것이다.#@문장구분# 30년 뒤에는 높은 직급에 올라서 우리나라를 지키기 위해서 노력하는 경찰이 될 것 같다.#@문장구분#",
      "paragraph_len": 774,
      "paragraph_id": "001"
    }
  ],
  "score": {
    "paragraph_score": [
      {
        "paragraph_scoreT": [
          3,
          3,
          3
        ],
        "paragraph_scoreT_detail": {
          "paragraph_scoreT_exp": [
            [
              3,
              3,
              3
            ],
            [
              3,
              3,
              3
            ],
            [
              3,
              3,
              3
            ]
          ]
        },
        "paragraph_scoreT_avg": 3,
        "paragraph_id": "001"
      }
    ],
    "essay_scoreT": [
      30,
      28,
      30
    ],
    "essay_scoreT_avg": 29.333334,
    "essay_scoreT_detail": {
      "essay_scoreT_org": [
        [
          3,
          3,
          3,
          3
        ],
        [
          3,
          3,
          3,
          3
        ],
        [
          3,
          3,
          3,
          3
        ]
      ],
      "essay_scoreT_cont": [
        [
          3,
          3,
          0,
          3
        ],
        [
          2,
          3,
          0,
          3
        ],
        [
          3,
          3,
          0,
          3
        ]
      ],
      "essay_scoreT_exp": [
        [
          3,
          3,
          3
        ],
        [
          3,
          3,
          3
        ],
        [
          3,
          3,
          3
        ]
      ]
    }
  },
  "student": {
    "date": "2021.12.05",
    "student_educated": true,
    "student_grade": "중등_2학년",
    "location": "054",
    "student_grade_group": "중등",
    "student_reading": 2
  },
  "rubric": {
    "essay_grade": "중등_2학년",
    "organization_weight": {
      "org_paragraph": 2,
      "org": 2,
      "org_essay": 4,
      "org_coherence": 2,
      "org_quantity": 1
    },
    "essay_type": "글짓기",
    "content_weight": {
      "con_clearance": 4,
      "con_novelty": 3,
      "con": 4,
      "con_prompt": 0,
      "con_description": 1
    },
    "essay_main_subject": "미래의 나의 모습",
    "expression_weight": {
      "exp_style": 1,
      "exp_grammar": 2,
      "exp_vocab": 3,
      "exp": 4
    }
  },
  "correction": [],
  "info": {
    "essay_id": "ESSAY_70653",
    "essay_prompt": " 우리는 모두 미래의 나를 한 번씩 상상해보곤 합니다. 유명한 사람이 돼서 많은 사람과 소통하는 상상, 훌륭한 의사가 돼서 많은 사람을 살리는 상상 등 어떤 사람이 되고 싶다는 미래를 생각하지요.\n\n 여러분은 미래의 나를 상상해보신 적이 있으신가요? 10년 뒤, 20년 뒤, 30년 뒤에 여러분은 어떤 일을 하고 어떤 가치관을 가지고 살아가고 있을까요?\n\n 나의 10년 뒤, 20년 뒤, 30년 뒷모습을 각각 상상해보고 어떤 일을 하고 있을지, 그러한 모습을 갖추기 위해 어떤 노력을 하였을지 작성해보세요.",
    "essay_type": "글짓기",
    "essay_level": "2",
    "essay_len": 535,
    "essay_main_subject": "미래의 나의 모습"
  }
}