{
  "paragraph": [
    {
      "paragraph_txt": "내 꿈은 군인이다. #@문장구분#나는 어렸을 때부터 군인이 꿈이었다.#@문장구분# 전에 군인 아저씨들이 행진하는 것을 우연히 본 적이 있는데, 진짜 멋있었다.#@문장구분# 그 뒤로부터 나는 그냥 누군가가 내 꿈이 뭐냐고 묻는다면, 군인이라고 항상 대답했다.#@문장구분# 군인이 되기 위해서는, 내가 아는 바로 여자인 나에게는 두가지 길이 있다.#@문장구분# 첫번째로, 사관학교에 진학하는 것이다. #@문장구분#혹은 두번째로, 대학교에 들어가서 ROTC에 지원하는 것이다. #@문장구분#내가 가장 원하는 방향은 사관학교에 입학하는 것이다. #@문장구분#사관학교를 가려면 공부를 잘 해야한다.#@문장구분# 사관학교에 가기 위해서는 입학시험이 따로 있기 때문이다.#@문장구분# 그래서 나는 입학시험을 미리 쳤던 오빠와 언니들에게 팁을 배우거나 공부를 어떻게 해야할 지 방향을 여쭈어보았다.#@문장구분# 그래서 나는 10년 뒤에, 공부를 열심히 해서 육군사관학교에 진학했을 것 같다.#@문장구분# 그리고, 20년 뒤에는 군인이 되어서 각종 군사 자료 정리, 군대 통솔 등을 하고 있을 것 같다. #@문장구분#그리고 30년 뒤에는 군대의 큰 주축이 되어서 군대의 기밀작전 등을 세우고 그것에 맞춰 하나의 군 무리를 통솔하고 있을 것 같다.#@문장구분#",
      "paragraph_len": 821,
      "paragraph_id": "001"
    }
  ],
  "score": {
    "paragraph_score": [
      {
        "paragraph_scoreT": [
          2.6666667,
          3,
          3
        ],
        "paragraph_scoreT_detail": {
          "paragraph_scoreT_exp": [
            [
              2,
              3,
              3
            ],
            [
              3,
              3,
              3
            ],
            [
              3,
              3,
              3
            ]
          ]
        },
        "paragraph_scoreT_avg": 2.888889,
        "paragraph_id": "001"
      }
    ],
    "essay_scoreT": [
      25.166668,
      30,
      30
    ],
    "essay_scoreT_avg": 28.388891,
    "essay_scoreT_detail": {
      "essay_scoreT_org": [
        [
          3,
          3,
          3,
          3
        ],
        [
          3,
          3,
          3,
          3
        ],
        [
          3,
          3,
          3,
          3
        ]
      ],
      "essay_scoreT_cont": [
        [
          2,
          2,
          0,
          3
        ],
        [
          3,
          3,
          0,
          3
        ],
        [
          3,
          3,
          0,
          3
        ]
      ],
      "essay_scoreT_exp": [
        [
          2,
          3,
          3
        ],
        [
          3,
          3,
          3
        ],
        [
          3,
          3,
          3
        ]
      ]
    }
  },
  "student": {
    "date": "2021.12.05",
    "student_educated": true,
    "student_grade": "중등_2학년",
    "location": "054",
    "student_grade_group": "중등",
    "student_reading": 2
  },
  "rubric": {
    "essay_grade": "중등_2학년",
    "organization_weight": {
      "org_paragraph": 2,
      "org": 2,
      "org_essay": 4,
      "org_coherence": 2,
      "org_quantity": 1
    },
    "essay_type": "글짓기",
    "content_weight": {
      "con_clearance": 4,
      "con_novelty": 3,
      "con": 4,
      "con_prompt": 0,
      "con_description": 1
    },
    "essay_main_subject": "미래의 나의 모습",
    "expression_weight": {
      "exp_style": 1,
      "exp_grammar": 2,
      "exp_vocab": 3,
      "exp": 4
    }
  },
  "correction": [],
  "info": {
    "essay_id": "ESSAY_70646",
    "essay_prompt": " 우리는 모두 미래의 나를 한 번씩 상상해보곤 합니다. 유명한 사람이 돼서 많은 사람과 소통하는 상상, 훌륭한 의사가 돼서 많은 사람을 살리는 상상 등 어떤 사람이 되고 싶다는 미래를 생각하지요.\n\n 여러분은 미래의 나를 상상해보신 적이 있으신가요? 10년 뒤, 20년 뒤, 30년 뒤에 여러분은 어떤 일을 하고 어떤 가치관을 가지고 살아가고 있을까요?\n\n 나의 10년 뒤, 20년 뒤, 30년 뒷모습을 각각 상상해보고 어떤 일을 하고 있을지, 그러한 모습을 갖추기 위해 어떤 노력을 하였을지 작성해보세요.",
    "essay_type": "글짓기",
    "essay_level": "2",
    "essay_len": 542,
    "essay_main_subject": "미래의 나의 모습"
  }
}