{
  "paragraph": [
    {
      "paragraph_txt": "우주에 관해서는 종종 생각하곤 하는데 우주의 신비는 어렵고도 멀게만 느껴지는, 궁금증만 유발시키는 것 같습니다.#@문장구분# 최근에는 초신성 폭발에 대해 생각했는데 다소 엉뚱하지만 초신성 폭발은 우리에게 위험한가? 라는 궁금증을 가지게 되었습니다.#@문장구분# 초신성 폭발은 그 거리가 얼마인가에 따라 인류에게 치명적인 사건이 될 수도 있다고 해요.#@문장구분# 질량이 태양보다 10배 이상 무거운 별들이 항성진화의 마지막 단계에서 대폭발로 생애를 마감하는 방식이 바로 초신성 폭발인데요.#@문장구분# 말하자면, 새로운 별이 아니라, 늙은 별의 임종인 셈이죠.#@문장구분# 초신성 폭발은 한 은하당 100년에 한 번 꼴로 일어나는데, 우리은하에서 가장 최근에 일어난 초신성 폭발은 약 400년 전 케플러가 본 초신성 폭발이었다고 합니다.#@문장구분# 여러 자료를 찾아본 결과 과학자들에 따르면 베텔게우스가 폭발할 수도 있다고 하는데 언제가 될지는 모르지만 태양의 900배에 달하는 이 베텔게우스가 폭발하면 지구에는 최소한 1~2주간 밤이 없는 상태가 계속될 거라고 합니다.#@문장구분# 초신성이 폭발하면 폭발시에 방출되는 X선과 감마선이 인체에 아주 나쁜 영향을 미칠 수도 있다고 합니다.#@문장구분# 특히 사람의 유전인자를 파괴할 수 있는 고에너지 전자기파인데 시간에 흐름에 따라 급격히 감소하지만 어쨌든 초신성이 폭발한 부근의 우주공간은 은하적인 체르노빌 지역이 되어 유해한 고에너지 방사선으로 가득 차게 될 것임을 알게 되었습니다.#@문장구분# 지구와 인류가 전부 파괴되진 않겠지만 초신성이 폭발하게 된다면 우리의 삶에 많은 영향을 끼칠 것 같아서 조금은 무섭기도 합니다.#@문장구분# 저는 우주가 해저처럼 인간의 영역 밖의 구간이 아닐까 싶습니다.#@문장구분# 초신성이 폭발한다는 사실을 안다고해도 피해가 오지 않도록 막을 수 있는 방법은 없을 것 같습니다.#@문장구분# 우주는 우리의 힘으로 해결할 수 없는 영역의 대자연인 것 같아요.#@문장구분#",
      "paragraph_len": 1152,
      "paragraph_id": "001"
    }
  ],
  "score": {
    "paragraph_score": [
      {
        "paragraph_scoreT": [
          2.7142856,
          3,
          2.7142856
        ],
        "paragraph_scoreT_detail": {
          "paragraph_scoreT_exp": [
            [
              3,
              3,
              2
            ],
            [
              3,
              3,
              3
            ],
            [
              2,
              3,
              3
            ]
          ]
        },
        "paragraph_scoreT_avg": 2.8095238,
        "paragraph_id": "001"
      }
    ],
    "essay_scoreT": [
      23.079365,
      27.833334,
      23.579365
    ],
    "essay_scoreT_avg": 24.830688,
    "essay_scoreT_detail": {
      "essay_scoreT_org": [
        [
          2,
          2,
          2,
          3
        ],
        [
          2,
          3,
          3,
          3
        ],
        [
          2,
          2,
          2,
          3
        ]
      ],
      "essay_scoreT_cont": [
        [
          2,
          2,
          0,
          2
        ],
        [
          3,
          2,
          0,
          3
        ],
        [
          2,
          2,
          0,
          3
        ]
      ],
      "essay_scoreT_exp": [
        [
          3,
          3,
          2
        ],
        [
          3,
          3,
          3
        ],
        [
          2,
          3,
          3
        ]
      ]
    }
  },
  "student": {
    "date": "2021.12.28",
    "student_educated": true,
    "student_grade": "고등_2학년",
    "location": "063",
    "student_grade_group": "고등",
    "student_reading": 2
  },
  "rubric": {
    "essay_grade": "고등_2학년",
    "organization_weight": {
      "org_paragraph": 3,
      "org": 2,
      "org_essay": 3,
      "org_coherence": 2,
      "org_quantity": 1
    },
    "essay_type": "글짓기",
    "content_weight": {
      "con_clearance": 4,
      "con_novelty": 3,
      "con": 4,
      "con_prompt": 0,
      "con_description": 1
    },
    "essay_main_subject": "우주에 대한 나의 생각",
    "expression_weight": {
      "exp_style": 2,
      "exp_grammar": 2,
      "exp_vocab": 3,
      "exp": 4
    }
  },
  "correction": [],
  "info": {
    "essay_id": "ESSAY_81045",
    "essay_prompt": " 여러분은 '우주'라는 것에 대해 어떻게 생각하나요?\n\n 한 번도 생각해보지 않은 사람도 있을 것이고 평소에 우주의 신비에 대해 궁금해하는 사람도 있을 것 같아요.\n\n '우주'라는 공간은 아직 밝혀진 것도 많이 없고 많은 과학자에게 숙제 같은 곳이랍니다. 많은 SF영화에서는 저명한 우주학자들을 초빙하고 수많은 회의를 기반으로 다양한 해석을 통해 우주를 설명하고는 하지요. 인터스텔라나 마블유니버스의 스토리 처럼요!\n\n 여러분은 외계인이 있다고 생각하나요? 블랙홀이나 화이트홀은 어떻게 생각하나요? 우주여행이 가능하다고 생각하시나요? 아바타 같은 영화처럼 새로운 문명이 있다고 생각하나요? 진짜로 화성에 새로운 지구를 만들 수 있다고 생각하나요?\n\n 여러분은 이미 우주에 대한 영화나 책으로 많이 접해보았을 것 같아요. 그리고 10년, 20년 후의 우주에 대해 상상해 본 적이 있을 것 같아요. 우주에 대한 본인의 생각이나 미래의 일들을 자유롭게 작성해주세요.",
    "essay_type": "글짓기",
    "essay_level": "2",
    "essay_len": 892,
    "essay_main_subject": "우주에 대한 나의 생각"
  }
}