{
  "paragraph": [
    {
      "paragraph_txt": "오랜시간동안 UFO 와 외계인의 존재와 또 존재 한다면 외계인의 능력은 어느 정도일까? #@문장구분#라는 부분은 여전히 궁금증을 자아내고 있는 부분입니다. #@문장구분#그런데, 어찌 보면 UFO 와 외계인이 존재 하지 않는다는 생각 자체가 오만한 인간의 기준에서 비롯된 생각은 아닐까 라는 생각이 들기도 합니다. #@문장구분#끝을 알수 없는 우주 속에서 인간이 살고 있는 지구가 유일한 생명의 별이라고 단정짓는 것은 오히려 비논리적이지 않을까? #@문장구분#라는 생각이 드는 요즘 입니다. #@문장구분#원래 울프는 증명되지 않은 사실을 잘 믿지 않는 체질 이기는 하지만 적어도 우주의 무한한 가능성에 대해서는 생각을 열고 생각해 봐야 하지 않을까?#@문장구분# 라는 생각이 들기도 합니다. #@문장구분#진짜 우주란 너무 광범위해서 외계인이 살수있는 행성이 없다고 하기에도 정말 애매하고 알려진것도 없지만 자꾸만 루머들이 생성되고 근데 왜 외계인에 대한 이미지는 진짜 이상할까요? #@문장구분#너무 기괴하게 생기고 눈도 이상하고 코도 이상하고 몸도 이상하게 생겼습니다.#@문장구분# 실제로 보면 너무 무서울거같아요. #@문장구분#그래서 그래서 전 개인적으로 외계인이 없었으면 좋겠지만 그래도 저 우주에 생명체가 지구에 사는 사람들밖에 없다는게 가능하기는 좀 그러니깐 생겨도 좀 사람처럼 생기고 이미지에 나오는 그런 이미지로는 안생겼으면 좋겠습니다.#@문장구분# 근데 아직 외계인에 대해서 있다고 밝혀진 사실도 없고 외계인이 찍힌 사진도 없는데 왜 사람들은 외계인을 왜 그렇게 기괴하게 그려놀까요?#@문장구분# 그것 또한 궁금증이 안생길수가 없습니다. #@문장구분#왜냐하면 그렇게 외계인을 그린사람은 누구이며 외계인을 실제로 봤다고 하는 사람들의 말도 완전히 믿기는 힘들기 때문에 진실이 뭔지는 아무도 모릅니다. #@문장구분#하지만 그런 외계인 이미지는 그대로 굳어졌습니다. #@문장구분#많은 사람들이 외계인을 그릴때 그렇게 그립니다. #@문장구분#저는 외계인이 그렇게 안생겼으면 좋겠습니다. #@문장구분#제발",
      "paragraph_len": 1232,
      "paragraph_id": "001"
    }
  ],
  "score": {
    "paragraph_score": [
      {
        "paragraph_scoreT": [
          3,
          3,
          3
        ],
        "paragraph_scoreT_detail": {
          "paragraph_scoreT_exp": [
            [
              3,
              3,
              3
            ],
            [
              3,
              3,
              3
            ],
            [
              3,
              3,
              3
            ]
          ]
        },
        "paragraph_scoreT_avg": 3,
        "paragraph_id": "001"
      }
    ],
    "essay_scoreT": [
      30,
      27.38889,
      26.222221
    ],
    "essay_scoreT_avg": 27.87037,
    "essay_scoreT_detail": {
      "essay_scoreT_org": [
        [
          3,
          3,
          3,
          3
        ],
        [
          2,
          3,
          2,
          3
        ],
        [
          2,
          2,
          2,
          3
        ]
      ],
      "essay_scoreT_cont": [
        [
          3,
          3,
          0,
          3
        ],
        [
          3,
          2,
          0,
          3
        ],
        [
          3,
          2,
          0,
          2
        ]
      ],
      "essay_scoreT_exp": [
        [
          3,
          3,
          3
        ],
        [
          3,
          3,
          3
        ],
        [
          3,
          3,
          3
        ]
      ]
    }
  },
  "student": {
    "date": "2021.12.22",
    "student_educated": true,
    "student_grade": "고등_2학년",
    "location": "063",
    "student_grade_group": "고등",
    "student_reading": 1
  },
  "rubric": {
    "essay_grade": "고등_2학년",
    "organization_weight": {
      "org_paragraph": 3,
      "org": 2,
      "org_essay": 3,
      "org_coherence": 2,
      "org_quantity": 1
    },
    "essay_type": "글짓기",
    "content_weight": {
      "con_clearance": 4,
      "con_novelty": 3,
      "con": 4,
      "con_prompt": 0,
      "con_description": 1
    },
    "essay_main_subject": "우주에 대한 나의 생각",
    "expression_weight": {
      "exp_style": 2,
      "exp_grammar": 2,
      "exp_vocab": 3,
      "exp": 4
    }
  },
  "correction": [],
  "info": {
    "essay_id": "ESSAY_79441",
    "essay_prompt": " 여러분은 '우주'라는 것에 대해 어떻게 생각하나요?\n\n 한 번도 생각해보지 않은 사람도 있을 것이고 평소에 우주의 신비에 대해 궁금해하는 사람도 있을 것 같아요.\n\n '우주'라는 공간은 아직 밝혀진 것도 많이 없고 많은 과학자에게 숙제 같은 곳이랍니다. 많은 SF영화에서는 저명한 우주학자들을 초빙하고 수많은 회의를 기반으로 다양한 해석을 통해 우주를 설명하고는 하지요. 인터스텔라나 마블유니버스의 스토리 처럼요!\n\n 여러분은 외계인이 있다고 생각하나요? 블랙홀이나 화이트홀은 어떻게 생각하나요? 우주여행이 가능하다고 생각하시나요? 아바타 같은 영화처럼 새로운 문명이 있다고 생각하나요? 진짜로 화성에 새로운 지구를 만들 수 있다고 생각하나요?\n\n 여러분은 이미 우주에 대한 영화나 책으로 많이 접해보았을 것 같아요. 그리고 10년, 20년 후의 우주에 대해 상상해 본 적이 있을 것 같아요. 우주에 대한 본인의 생각이나 미래의 일들을 자유롭게 작성해주세요.",
    "essay_type": "글짓기",
    "essay_level": "2",
    "essay_len": 892,
    "essay_main_subject": "우주에 대한 나의 생각"
  }
}