{
  "paragraph": [
    {
      "paragraph_txt": "우연히 보게 된 사진이 있습니다.#@문장구분# 아이슬란드의 오로라.#@문장구분# 윈도우 배경화면으로도 종종 보이는 반짝거리는 은하수를 배경으로 한 오로라 사진을 좋아합니다.#@문장구분# 처음에는 후보정과 각종 편집기술이 들어간 사진일 것이라 생각했습니다.#@문장구분# 추후에 어느 한 프로그램을 통해 이러한 사진은 사람이 직접 찍은 사진이며 후보정은 노출을 손보는 정도로만 이루어진다는 사실을 알게 되었고 말도 안되는 아름다운 풍경을 실제로 관측한 사람이 있다고 생각하니 가슴이 두근거리고 당시의 짜릿한 기분을 잊을 수 없습니다.#@문장구분# 이후 제 꿈은 아이슬란드의 오로라를 보는게 되었답니다.#@문장구분# 제가 저장해둔 아름다운 이 사진들을 공유해드리고 싶지만 그러지 못해 안타까울 따름입니다.#@문장구분# 마음이 울적할 때면 오로라 사진을 찾아보며 위로를 받는데 자연이 주는 위로와 감동은 대단한 것 같습니다.#@문장구분# 평소에도 빌딩숲, 도시의 야경보다는 공원이 좋고 대자연이 주는 감동과 그 압도감을 좋아했습니다.#@문장구분# 그 중 가장 신비롭다고 생각한게 오로라였기에 제 꿈이 이뤄지는 날이 어서 오길 소망한답니다.#@문장구분# 아이슬란드에서 비교적 오로라가 잘 보이지만 늘 볼 수 있는 현상은 아니라고 합니다.#@문장구분# 때문에 오로라라는 현상이 더욱 아름답고 귀중하게 느껴지는게 아닐까 합니다. #@문장구분#알고보면 오로라는 '새벽'이라는 뜻의 라틴어라고 합니다.#@문장구분# 원래보다 높은 에너지를 가진 전자가 다시 원래 상태로 돌아오면서 방출한 빛인데 산소에서 나오는 파장의 빛과 붉은색의 질소에 의해 황록색, 붉은색, 오렌지색, 푸른색 등 여러 색을 띄게 되는 거라고 합니다. #@문장구분#과학적으로 설명되지만 제겐 마냥 신비롭게 느껴지는 오로라입니다.",
      "paragraph_len": 1066,
      "paragraph_id": "001"
    }
  ],
  "score": {
    "paragraph_score": [
      {
        "paragraph_scoreT": [
          2.2857144,
          2,
          2
        ],
        "paragraph_scoreT_detail": {
          "paragraph_scoreT_exp": [
            [
              2,
              2,
              3
            ],
            [
              2,
              2,
              2
            ],
            [
              2,
              2,
              2
            ]
          ]
        },
        "paragraph_scoreT_avg": 2.095238,
        "paragraph_id": "001"
      }
    ],
    "essay_scoreT": [
      18.031746,
      24.61111,
      24.38889
    ],
    "essay_scoreT_avg": 22.343916,
    "essay_scoreT_detail": {
      "essay_scoreT_org": [
        [
          2,
          3,
          2,
          3
        ],
        [
          2,
          3,
          3,
          2
        ],
        [
          2,
          3,
          2,
          3
        ]
      ],
      "essay_scoreT_cont": [
        [
          1,
          1,
          0,
          1
        ],
        [
          3,
          3,
          0,
          2
        ],
        [
          3,
          3,
          0,
          2
        ]
      ],
      "essay_scoreT_exp": [
        [
          2,
          2,
          3
        ],
        [
          2,
          2,
          2
        ],
        [
          2,
          2,
          2
        ]
      ]
    }
  },
  "student": {
    "date": "2021.12.28",
    "student_educated": true,
    "student_grade": "고등_2학년",
    "location": "063",
    "student_grade_group": "고등",
    "student_reading": 2
  },
  "rubric": {
    "essay_grade": "고등_2학년",
    "organization_weight": {
      "org_paragraph": 3,
      "org": 2,
      "org_essay": 3,
      "org_coherence": 2,
      "org_quantity": 1
    },
    "essay_type": "글짓기",
    "content_weight": {
      "con_clearance": 4,
      "con_novelty": 3,
      "con": 4,
      "con_prompt": 0,
      "con_description": 1
    },
    "essay_main_subject": "우주에 대한 나의 생각",
    "expression_weight": {
      "exp_style": 2,
      "exp_grammar": 2,
      "exp_vocab": 3,
      "exp": 4
    }
  },
  "correction": [],
  "info": {
    "essay_id": "ESSAY_81037",
    "essay_prompt": " 여러분은 '우주'라는 것에 대해 어떻게 생각하나요?\n\n 한 번도 생각해보지 않은 사람도 있을 것이고 평소에 우주의 신비에 대해 궁금해하는 사람도 있을 것 같아요.\n\n '우주'라는 공간은 아직 밝혀진 것도 많이 없고 많은 과학자에게 숙제 같은 곳이랍니다. 많은 SF영화에서는 저명한 우주학자들을 초빙하고 수많은 회의를 기반으로 다양한 해석을 통해 우주를 설명하고는 하지요. 인터스텔라나 마블유니버스의 스토리 처럼요!\n\n 여러분은 외계인이 있다고 생각하나요? 블랙홀이나 화이트홀은 어떻게 생각하나요? 우주여행이 가능하다고 생각하시나요? 아바타 같은 영화처럼 새로운 문명이 있다고 생각하나요? 진짜로 화성에 새로운 지구를 만들 수 있다고 생각하나요?\n\n 여러분은 이미 우주에 대한 영화나 책으로 많이 접해보았을 것 같아요. 그리고 10년, 20년 후의 우주에 대해 상상해 본 적이 있을 것 같아요. 우주에 대한 본인의 생각이나 미래의 일들을 자유롭게 작성해주세요.",
    "essay_type": "글짓기",
    "essay_level": "2",
    "essay_len": 786,
    "essay_main_subject": "우주에 대한 나의 생각"
  }
}