{
  "paragraph": [
    {
      "paragraph_txt": "나는 외교관이 되는 것이 꿈이다. #@문장구분#외교관이 되기 위해서는 다른 나라의 언어까지 섭렵하는 것이 중요하다. #@문장구분#나는 초등학생 때부터 영어 회화를 자유자제로 하기 위해 노력하였다. #@문장구분#영어 회화가 처음에는 어려웠지만 조금 감을 잡으니 지금은 영어가 조금 친밀하다. #@문장구분#그래서 이제는 일본어를 유튜브를 통해 혼자 독학하고 있다. #@문장구분#유튜브에는 다양한 선생님들이 많아서 혼자이지만 열심히 독학하면 조금이나마 알아들을 수 있을 정도로 할 수는 있었다. #@문장구분#10년 뒤의 나는, 외교관이 되기 위해 관련된 과를 가서, 내가 할 수 있는 언어 이외에 프랑스어, 독일어, 터키어, 인도어, 중국어, 스페인어를 열심히 공부하고 있을 것이며, 이 언어들이 모두 내가 알아 들을 수 있고, 자신있게 말을 할 수 있을 정도로 열심히 다른 나라 언어를 공부하고 있을 것 같다. #@문장구분#20년 뒤에는, 정식 외교관이 되어서 우리나라의 외교에 도움이 되는 새싹 외교관이 되어 있을 것이다. #@문장구분#30년 뒤에는, 외교관 중에서도 높은 직급의 외교관이 되어서 우리나라의 사회와 수출이나 경제 활동에 도움을 직접적으로 크게 줄 수 있는 멋진 외교관이 되어 있을 것 같다.#@문장구분#",
      "paragraph_len": 742,
      "paragraph_id": "001"
    }
  ],
  "score": {
    "paragraph_score": [
      {
        "paragraph_scoreT": [
          3,
          3,
          2.6666667
        ],
        "paragraph_scoreT_detail": {
          "paragraph_scoreT_exp": [
            [
              3,
              3,
              3
            ],
            [
              3,
              3,
              3
            ],
            [
              2,
              3,
              3
            ]
          ]
        },
        "paragraph_scoreT_avg": 2.888889,
        "paragraph_id": "001"
      }
    ],
    "essay_scoreT": [
      30,
      30,
      28.666668
    ],
    "essay_scoreT_avg": 29.555557,
    "essay_scoreT_detail": {
      "essay_scoreT_org": [
        [
          3,
          3,
          3,
          3
        ],
        [
          3,
          3,
          3,
          3
        ],
        [
          3,
          3,
          3,
          3
        ]
      ],
      "essay_scoreT_cont": [
        [
          3,
          3,
          0,
          3
        ],
        [
          3,
          3,
          0,
          3
        ],
        [
          3,
          3,
          0,
          3
        ]
      ],
      "essay_scoreT_exp": [
        [
          3,
          3,
          3
        ],
        [
          3,
          3,
          3
        ],
        [
          2,
          3,
          3
        ]
      ]
    }
  },
  "student": {
    "date": "2021.12.05",
    "student_educated": true,
    "student_grade": "중등_2학년",
    "location": "054",
    "student_grade_group": "중등",
    "student_reading": 2
  },
  "rubric": {
    "essay_grade": "중등_2학년",
    "organization_weight": {
      "org_paragraph": 2,
      "org": 2,
      "org_essay": 4,
      "org_coherence": 2,
      "org_quantity": 1
    },
    "essay_type": "글짓기",
    "content_weight": {
      "con_clearance": 4,
      "con_novelty": 3,
      "con": 4,
      "con_prompt": 0,
      "con_description": 1
    },
    "essay_main_subject": "미래의 나의 모습",
    "expression_weight": {
      "exp_style": 1,
      "exp_grammar": 2,
      "exp_vocab": 3,
      "exp": 4
    }
  },
  "correction": [],
  "info": {
    "essay_id": "ESSAY_70651",
    "essay_prompt": " 우리는 모두 미래의 나를 한 번씩 상상해보곤 합니다. 유명한 사람이 돼서 많은 사람과 소통하는 상상, 훌륭한 의사가 돼서 많은 사람을 살리는 상상 등 어떤 사람이 되고 싶다는 미래를 생각하지요.\n\n 여러분은 미래의 나를 상상해보신 적이 있으신가요? 10년 뒤, 20년 뒤, 30년 뒤에 여러분은 어떤 일을 하고 어떤 가치관을 가지고 살아가고 있을까요?\n\n 나의 10년 뒤, 20년 뒤, 30년 뒷모습을 각각 상상해보고 어떤 일을 하고 있을지, 그러한 모습을 갖추기 위해 어떤 노력을 하였을지 작성해보세요.",
    "essay_type": "글짓기",
    "essay_level": "2",
    "essay_len": 563,
    "essay_main_subject": "미래의 나의 모습"
  }
}