{
  "paragraph": [
    {
      "paragraph_txt": "20세기 후반에 들어 인류는 여러 외계 행성들을 찾아내기 시작했는데, 이 중에는 생명 발생 잠재력이 상당히 높은 행성들도 있어 대중의 관심을 끌기도 했으며, 글리제 581의 행성들이 그 중에서 주인공에 가까운 이들이였다. #@문장구분#현재의 망원경 기술로는 외계 행성의 표면까지 들여다볼 수는 없지만, 대기 성분의 스펙트럼을 조사하여 생명체의 증거를 찾을 수는 있다.#@문장구분#장담하는데 엄청난 양의 메탄과 수증기, 오존 등의 존재는 생명 활동의 강력한 증거가 될 수 있으며, 프레온 가스 등 인공적인 물질은 문명 활동의 증거가 될 수 있다.#@문장구분# 이런 상황들을 기초로, 2014년 7월 14일 NASA는 공개 토론회를 통해 향후 20년 안에 외계 생명체의 존재를 확인할 수 있을 것이라고 예측하기도 했다. #@문장구분#하지만 현존하는 외계 생명체나 과거 존재했던 외계 생명체의 흔적은, 의외로 태양계 안에서 이루어질 수도 있다.#@문장구분# 우리는 아직 태양계 내 행성들에 대해서 정교하게 알지는 못하여, 기술이 발전함에 따라 새로운 정보를 얻고 있는데, 화성은 오래전 지구와 같이 물이 풍부했고, 유로파와 엔셀라두스는 현재 지하에 거대한 바다가 있다는 사실이 밝혀졌다.#@문장구분# 바다 위로는 두꺼운 얼음층이 우주 방사선을 막아줘, 생명체가 있을 가능성이 있다고. #@문장구분#자세한 내용은 해당 문서들에 나온다. #@문장구분#정말 20년 후에 외계 생명체가 있다면 얼마나 신기할까? #@문장구분#뭐랄까 마음이 좀 다른의미로 두근거릴거같다. #@문장구분#만약 우리 지구를 침략하면 어떡하지?#@문장구분# 그 외계인들은 어떻게 생겼을까. #@문장구분#잭과 콩나물처럼 우리는 엄청 작고 그 외계인들은 지구 만하면 어쩌나 하는 이런 생각들. 물론 지금은 그냥 허구한 망상일 뿐이지만 미래는 정말 모르는것이다. #@문장구분#우리가 지금까지 살아온 지구에서도 공룡들, 새들 인간이 없다가 생겨나고 이런 말도 안되는 일들이 일어나기때문에 망상이라고까진 생각할수 없을거같다.",
      "paragraph_len": 1163,
      "paragraph_id": "001"
    }
  ],
  "score": {
    "paragraph_score": [
      {
        "paragraph_scoreT": [
          3,
          3,
          3
        ],
        "paragraph_scoreT_detail": {
          "paragraph_scoreT_exp": [
            [
              3,
              3,
              3
            ],
            [
              3,
              3,
              3
            ],
            [
              3,
              3,
              3
            ]
          ]
        },
        "paragraph_scoreT_avg": 3,
        "paragraph_id": "001"
      }
    ],
    "essay_scoreT": [
      30,
      28,
      24.222221
    ],
    "essay_scoreT_avg": 27.407408,
    "essay_scoreT_detail": {
      "essay_scoreT_org": [
        [
          3,
          3,
          3,
          3
        ],
        [
          3,
          3,
          3,
          3
        ],
        [
          2,
          2,
          2,
          3
        ]
      ],
      "essay_scoreT_cont": [
        [
          3,
          3,
          0,
          3
        ],
        [
          3,
          2,
          0,
          2
        ],
        [
          2,
          2,
          0,
          2
        ]
      ],
      "essay_scoreT_exp": [
        [
          3,
          3,
          3
        ],
        [
          3,
          3,
          3
        ],
        [
          3,
          3,
          3
        ]
      ]
    }
  },
  "student": {
    "date": "2021.12.22",
    "student_educated": true,
    "student_grade": "고등_2학년",
    "location": "063",
    "student_grade_group": "고등",
    "student_reading": 2
  },
  "rubric": {
    "essay_grade": "고등_2학년",
    "organization_weight": {
      "org_paragraph": 3,
      "org": 2,
      "org_essay": 3,
      "org_coherence": 2,
      "org_quantity": 1
    },
    "essay_type": "글짓기",
    "content_weight": {
      "con_clearance": 4,
      "con_novelty": 3,
      "con": 4,
      "con_prompt": 0,
      "con_description": 1
    },
    "essay_main_subject": "우주에 대한 나의 생각",
    "expression_weight": {
      "exp_style": 2,
      "exp_grammar": 2,
      "exp_vocab": 3,
      "exp": 4
    }
  },
  "correction": [],
  "info": {
    "essay_id": "ESSAY_79438",
    "essay_prompt": " 여러분은 '우주'라는 것에 대해 어떻게 생각하나요?\n\n 한 번도 생각해보지 않은 사람도 있을 것이고 평소에 우주의 신비에 대해 궁금해하는 사람도 있을 것 같아요.\n\n '우주'라는 공간은 아직 밝혀진 것도 많이 없고 많은 과학자에게 숙제 같은 곳이랍니다. 많은 SF영화에서는 저명한 우주학자들을 초빙하고 수많은 회의를 기반으로 다양한 해석을 통해 우주를 설명하고는 하지요. 인터스텔라나 마블유니버스의 스토리 처럼요!\n\n 여러분은 외계인이 있다고 생각하나요? 블랙홀이나 화이트홀은 어떻게 생각하나요? 우주여행이 가능하다고 생각하시나요? 아바타 같은 영화처럼 새로운 문명이 있다고 생각하나요? 진짜로 화성에 새로운 지구를 만들 수 있다고 생각하나요?\n\n 여러분은 이미 우주에 대한 영화나 책으로 많이 접해보았을 것 같아요. 그리고 10년, 20년 후의 우주에 대해 상상해 본 적이 있을 것 같아요. 우주에 대한 본인의 생각이나 미래의 일들을 자유롭게 작성해주세요.",
    "essay_type": "글짓기",
    "essay_level": "2",
    "essay_len": 903,
    "essay_main_subject": "우주에 대한 나의 생각"
  }
}