{
  "paragraph": [
    {
      "paragraph_txt": "제 롤모델은 저희 어머니 이십니다.#@문장구분#\n 저희 어머니는 전업주부이신데, 항상 웃는 모습이십니다.#@문장구분#\n 저는그게 참 신기하면서도 존경스럽습니다.#@문장구분# 왜냐하면 사람은 누구든지 살다보면 힘든날도 있을것이며\n 어떠한 사유로든 기분이 나쁠때가 있을텐데 저희 어머니는 항상 웃어주십니다.#@문장구분# 그게 첫 번째로 존경하는 롤모델이 된 이유중 하나입니다.#@문장구분# 언제나 웃어주시는 어머니를 보는 저는 저까지도 마음이 편안해지고\n 삶에 활력이 도는 느낌이 듭니다.#@문장구분# 하물며 어머니가 쉬시는 모습을 잘 못볼정도로 항상 집안을 위해서\n 열심히 일해주십니다#@문장구분# 그럴때마다 조금은 죄송하기도 하며 감사할뿐입니다.#@문장구분# 때문에 저도 집에있을때는\n 항상 집안일을 도와드리며 어머니의 손이 되어 드립니다.#@문장구분#\n 롤모델로 어머니를 생각한 가장 큰 이유는 자기관리를 정말 잘하신다는 점입니다.#@문장구분#\n 전업주부라는 점에서 자기관리를 하기 힘들 것 같은데 어머니는 항상 꾸준하게도 자기관리를 잘 하십니다.#@문장구분# 예를 들면 tv를 보시는 중에도 운동을 하시며 시청하시고 편하게 휴식을 하실때도\n 책을 읽으시거나 취미로 하고 계시는 십자수를 하시는데 완성품을 볼때마다 늘 돈주고 팔아도 \n 될 정도로 잘 만드십니다.#@문장구분# 그정도로 스스로의 취미를 갈고 닦거나 건강을 생각하시며 운동하시는 모습을\n 보면 저도 자기관리를 열심히 해야겠다는 생각이 듭니다.#@문장구분#\n 여기까지가 제가 어머니를 롤모델로 생각하는 이유들입니다.#@문장구분#",
      "paragraph_len": 960,
      "paragraph_id": "001"
    }
  ],
  "score": {
    "paragraph_score": [
      {
        "paragraph_scoreT": [
          2.2857144,
          2.2857144,
          2.4285715
        ],
        "paragraph_scoreT_detail": {
          "paragraph_scoreT_exp": [
            [
              3,
              2,
              2
            ],
            [
              3,
              2,
              2
            ],
            [
              2,
              3,
              2
            ]
          ]
        },
        "paragraph_scoreT_avg": 2.3333333,
        "paragraph_id": "001"
      }
    ],
    "essay_scoreT": [
      24.25397,
      24.25397,
      24.65873
    ],
    "essay_scoreT_avg": 24.388891,
    "essay_scoreT_detail": {
      "essay_scoreT_org": [
        [
          2,
          3,
          3,
          2
        ],
        [
          2,
          3,
          3,
          2
        ],
        [
          2,
          2,
          3,
          2
        ]
      ],
      "essay_scoreT_cont": [
        [
          3,
          2,
          0,
          2
        ],
        [
          3,
          2,
          0,
          2
        ],
        [
          3,
          2,
          0,
          3
        ]
      ],
      "essay_scoreT_exp": [
        [
          3,
          2,
          2
        ],
        [
          3,
          2,
          2
        ],
        [
          2,
          3,
          2
        ]
      ]
    }
  },
  "student": {
    "date": "2021.08.02",
    "student_educated": true,
    "student_grade": "고등_3학년",
    "location": "063",
    "student_grade_group": "고등",
    "student_reading": 1
  },
  "rubric": {
    "essay_grade": "고등_3학년",
    "organization_weight": {
      "org_paragraph": 3,
      "org": 2,
      "org_essay": 3,
      "org_coherence": 2,
      "org_quantity": 1
    },
    "essay_type": "설명글",
    "content_weight": {
      "con_clearance": 4,
      "con_novelty": 3,
      "con": 4,
      "con_prompt": 0,
      "con_description": 1
    },
    "essay_main_subject": "나의 위인전",
    "expression_weight": {
      "exp_style": 2,
      "exp_grammar": 2,
      "exp_vocab": 3,
      "exp": 4
    }
  },
  "correction": [],
  "info": {
    "essay_id": "ESSAY_36836",
    "essay_prompt": " 요즘은 책을 통해서뿐만 아니라 유튜브, 강의와 같이 다양한 매체를 통해 자신만의 롤모델을 찾을 수 있습니다.\n\n 여러분도 자신만의 롤모델이 있을 것 같은데요. 자신의 롤모델인 인물처럼 되었다고 생각하고 나만의 위인전을 작성해보세요. 본인이 그 사람이 되었다고 생각하고 작성해도 좋고, 제 3자의 입장에서 바라보는 형식으로 작성해도 좋아요.\n\n 나의 롤모델은 목표를 이루기 위해 어떤 노력을 했을지, 어떤 행운이 있었을지, 목표를 이루고 난 다음에 어떤 기분이 들었을지 마음 껏 상상해보시고 작성해주세요.",
    "essay_type": "글짓기",
    "essay_level": "2",
    "essay_len": 680,
    "essay_main_subject": "나의 위인전"
  }
}