{
  "paragraph": [
    {
      "paragraph_txt": "10년 뒤에 저는 고등학교 영어 선생님이 되기 위해서 임용고시 준비를 하고 있을 것입니다. #@문장구분#그리고 20년 뒤에는 고등학교 영어 선생님이자 학생들의 담임선생님이 되어있을 것입니다. #@문장구분#그리고 30년 뒤에는 어느 정도의 경력이 있는 부장 선생님이 될 것입니다. #@문장구분#영어 선생님이라는 꿈을 이루기 위해서 저는 당연히 교직 이수가 되는 학과를 들어가거나 교대에 합격해야 합니다. #@문장구분#그러기 위해서는 학교 공부에 몰두하여서 성적을 잘 받는 것이 저의 꿈을 이루는 큰 한 걸음이 될 수 있을 것입니다. #@문장구분#또한 영어와 관련된 학과에 들어가야 하니까 영어 실력은 기본으로 받쳐줘야 할 것이며 학교에서의 활동도 영어와 관련지어서 하면 더 좋은 성과를 이룰 수 있을 것이라고 생각합니다. #@문장구분#그리고 대학에 들어가서는 당연하게 대학 학점 관리와 임용고시 준비를 병행해서 준비해야 합니다.#@문장구분# 그때가 가장 힘들 시기이기는 하지만 2년 준비해도 떨어진다면 영어 전문 과외 선생님이 되어서 학생들을 가르칠 것입니다.#@문장구분# 힘들다면 다른 대책도 있기 때문에 대학 졸업 후에는 학생들이 저의 수업을 잘 따라올 수 있는 방법이나 노하우를 찾기 위해 노력할 것입니다.#@문장구분#",
      "paragraph_len": 745,
      "paragraph_id": "001"
    }
  ],
  "score": {
    "paragraph_score": [
      {
        "paragraph_scoreT": [
          3,
          3,
          2.6666667
        ],
        "paragraph_scoreT_detail": {
          "paragraph_scoreT_exp": [
            [
              3,
              3,
              3
            ],
            [
              3,
              3,
              3
            ],
            [
              2,
              3,
              3
            ]
          ]
        },
        "paragraph_scoreT_avg": 2.888889,
        "paragraph_id": "001"
      }
    ],
    "essay_scoreT": [
      30,
      30,
      28.666668
    ],
    "essay_scoreT_avg": 29.555557,
    "essay_scoreT_detail": {
      "essay_scoreT_org": [
        [
          3,
          3,
          3,
          3
        ],
        [
          3,
          3,
          3,
          3
        ],
        [
          3,
          3,
          3,
          3
        ]
      ],
      "essay_scoreT_cont": [
        [
          3,
          3,
          0,
          3
        ],
        [
          3,
          3,
          0,
          3
        ],
        [
          3,
          3,
          0,
          3
        ]
      ],
      "essay_scoreT_exp": [
        [
          3,
          3,
          3
        ],
        [
          3,
          3,
          3
        ],
        [
          2,
          3,
          3
        ]
      ]
    }
  },
  "student": {
    "date": "2021.11.30",
    "student_educated": true,
    "student_grade": "중등_2학년",
    "location": "054",
    "student_grade_group": "중등",
    "student_reading": 1
  },
  "rubric": {
    "essay_grade": "중등_2학년",
    "organization_weight": {
      "org_paragraph": 2,
      "org": 2,
      "org_essay": 4,
      "org_coherence": 2,
      "org_quantity": 1
    },
    "essay_type": "글짓기",
    "content_weight": {
      "con_clearance": 4,
      "con_novelty": 3,
      "con": 4,
      "con_prompt": 0,
      "con_description": 1
    },
    "essay_main_subject": "미래의 나의 모습",
    "expression_weight": {
      "exp_style": 1,
      "exp_grammar": 2,
      "exp_vocab": 3,
      "exp": 4
    }
  },
  "correction": [],
  "info": {
    "essay_id": "ESSAY_70649",
    "essay_prompt": " 우리는 모두 미래의 나를 한 번씩 상상해보곤 합니다. 유명한 사람이 돼서 많은 사람과 소통하는 상상, 훌륭한 의사가 돼서 많은 사람을 살리는 상상 등 어떤 사람이 되고 싶다는 미래를 생각하지요.\n\n 여러분은 미래의 나를 상상해보신 적이 있으신가요? 10년 뒤, 20년 뒤, 30년 뒤에 여러분은 어떤 일을 하고 어떤 가치관을 가지고 살아가고 있을까요?\n\n 나의 10년 뒤, 20년 뒤, 30년 뒷모습을 각각 상상해보고 어떤 일을 하고 있을지, 그러한 모습을 갖추기 위해 어떤 노력을 하였을지 작성해보세요.",
    "essay_type": "글짓기",
    "essay_level": "2",
    "essay_len": 566,
    "essay_main_subject": "미래의 나의 모습"
  }
}