{
  "paragraph": [
    {
      "paragraph_txt": "실제로 NASA의 발표에 따르면 지구와 같은 생명 발생 잠재력을 가진 행성은 이제서야 채 8%밖에 탄생하지 않은 것으로 밝혀졌다. #@문장구분#이는 인류 문명이 의외로 우주 역사 초창기에 건설된 문명이며, 대중매체에서 흔히 묘사되는 선구자 문명일 수도 있다는 것이다. #@문장구분#현재는 우주배경복사라는 빅뱅의 잔재가 아직도 남아있는 우주 역사 초창기에 해당한다.#@문장구분# 해로운 우주 방사선을 막아줄 거대한 행성 자기장을 형성할 수 있는 활발한 지각 활동과 지금은 그러한 행성이 만들어지는 것이 어렵고 앞으로는 더욱 어려워질 것이라고 주장했는데 이에 따르면 인류 문명 이후 세대의 문명들이 새롭게 탄생되기는 커녕 우리 우주에서 점차 생명 잉태 자체가 힘들어질 수 있다는 것을 의미한다.#@문장구분#결국 그렇다면 현재 지금의 우리 우주에는 많든 적든 분명 외계 문명이 존재하나 아직 관측하지 못하는 것일 수도 있다. #@문장구분#이해가 쉽도록 외계인 입장에서 생각하면 인류 문명은 산업혁명을 일으킨 지 이제 채 200년 밖에 되지 않은 새로운 문명이기 때문에 200 광년 밖의 외계 문명들은 지구로부터 엔트로피를 관측할 수 없다.#@문장구분# 이를 다시 우리 입장으로 바꿔서 생각하면 만일 500 광년 정도 떨어진 행성에서 이웃 외계 문명이 발생한다 한들 우리는 최소 500년 이상 그 존재를 알아챌 수 없다는 것이다.#@문장구분# 즉 우주는 하염없이 넓고 아직 어리기 때문에 우리가 외계 문명과 접촉하기 어려운 것은 당연한 이치라는 의미이다.#@문장구분#허나 여기에는 생명이 자연적으로 잉태되는 수십억 년에 비해 지적 생명체가 탄생해 발전하는 수백만 년 남짓한 시간은 매우 짧다는 점이 고려되어야 한다. #@문장구분#우리가 전 우주의 역사에서 선구자 문명이라고 해서 더 빠른 문명이 없으리라는 보장도 없고, 문명의 기술력은 기하급수적으로 발전하기 때문에 조금의 시간 차이가 큰 기술 격차를 만들어낼 수 있기 때문이다.#@문장구분# 예컨데 지구 또한 멸종이 1만 년만 일찍 발생해 포유류가 번성했다면 지금 인류의 운명이 어떻게 되었을지는 장담할 수가 없다.#@문장구분# 생명이 탄생할 정도로 우주가 안정되기까지 흐른 100억년이라는 시간은 결코 짧지 않다.",
      "paragraph_len": 1240,
      "paragraph_id": "001"
    }
  ],
  "score": {
    "paragraph_score": [
      {
        "paragraph_scoreT": [
          3,
          3,
          3
        ],
        "paragraph_scoreT_detail": {
          "paragraph_scoreT_exp": [
            [
              3,
              3,
              3
            ],
            [
              3,
              3,
              3
            ],
            [
              3,
              3,
              3
            ]
          ]
        },
        "paragraph_scoreT_avg": 3,
        "paragraph_id": "001"
      }
    ],
    "essay_scoreT": [
      29.333334,
      28,
      24.222221
    ],
    "essay_scoreT_avg": 27.185186,
    "essay_scoreT_detail": {
      "essay_scoreT_org": [
        [
          2,
          3,
          3,
          3
        ],
        [
          3,
          3,
          3,
          3
        ],
        [
          2,
          2,
          2,
          3
        ]
      ],
      "essay_scoreT_cont": [
        [
          3,
          3,
          0,
          3
        ],
        [
          3,
          2,
          0,
          2
        ],
        [
          2,
          2,
          0,
          2
        ]
      ],
      "essay_scoreT_exp": [
        [
          3,
          3,
          3
        ],
        [
          3,
          3,
          3
        ],
        [
          3,
          3,
          3
        ]
      ]
    }
  },
  "student": {
    "date": "2021.12.22",
    "student_educated": true,
    "student_grade": "고등_2학년",
    "location": "063",
    "student_grade_group": "고등",
    "student_reading": 2
  },
  "rubric": {
    "essay_grade": "고등_2학년",
    "organization_weight": {
      "org_paragraph": 3,
      "org": 2,
      "org_essay": 3,
      "org_coherence": 2,
      "org_quantity": 1
    },
    "essay_type": "글짓기",
    "content_weight": {
      "con_clearance": 4,
      "con_novelty": 3,
      "con": 4,
      "con_prompt": 0,
      "con_description": 1
    },
    "essay_main_subject": "우주에 대한 나의 생각",
    "expression_weight": {
      "exp_style": 2,
      "exp_grammar": 2,
      "exp_vocab": 3,
      "exp": 4
    }
  },
  "correction": [],
  "info": {
    "essay_id": "ESSAY_79435",
    "essay_prompt": " 여러분은 '우주'라는 것에 대해 어떻게 생각하나요?\n\n 한 번도 생각해보지 않은 사람도 있을 것이고 평소에 우주의 신비에 대해 궁금해하는 사람도 있을 것 같아요.\n\n '우주'라는 공간은 아직 밝혀진 것도 많이 없고 많은 과학자에게 숙제 같은 곳이랍니다. 많은 SF영화에서는 저명한 우주학자들을 초빙하고 수많은 회의를 기반으로 다양한 해석을 통해 우주를 설명하고는 하지요. 인터스텔라나 마블유니버스의 스토리 처럼요!\n\n 여러분은 외계인이 있다고 생각하나요? 블랙홀이나 화이트홀은 어떻게 생각하나요? 우주여행이 가능하다고 생각하시나요? 아바타 같은 영화처럼 새로운 문명이 있다고 생각하나요? 진짜로 화성에 새로운 지구를 만들 수 있다고 생각하나요?\n\n 여러분은 이미 우주에 대한 영화나 책으로 많이 접해보았을 것 같아요. 그리고 10년, 20년 후의 우주에 대해 상상해 본 적이 있을 것 같아요. 우주에 대한 본인의 생각이나 미래의 일들을 자유롭게 작성해주세요.",
    "essay_type": "글짓기",
    "essay_level": "2",
    "essay_len": 1020,
    "essay_main_subject": "우주에 대한 나의 생각"
  }
}