{
  "paragraph": [
    {
      "paragraph_txt": "나의 멘토는 백범 김구 선생이다.#@문장구분# 백범 김구 선생님은 평민으로 태어났지만 공부에 대한 열정이 잇어 공부를 해서 과거를 시도할 정도로 학문을 갈고 닦았다.#@문장구분# 나와 비슷한 나이에 동학 농민 운동에 동학의 교지를 따르는 사람들을 이끄는 참주에 올랐다.#@문장구분# 또, 자신이 갖고 있는 소신에 따라 명성황후 시해에 가담한자를 처단하고, 임시정부를 이끌고, 윤봉준 의사와 같은 무장 투쟁을 주도 하셨다.#@문장구분# 나는 이런 김구선생님의 행동들을 보면서 내가 어떻게 노력하고 어떻게 소신을 갖고 살아 가야 할지를 배울수 있다고 생각했다.#@문장구분# 김구 선생님처럼 학업을 재미있어서 하지는 못하더라도 나의 꿈을 갖고 그 꿈을 성취할 수 있도록 학업을 지속적으로 노력하는 자세를 가져야 겠다는 마음이 들었다.#@문장구분# 또한 자신의 소신에 따라 일체에 대항하는 대한민국 임시정부를 창시해 이끌고 무장 투쟁해 나가는 모습에서는 나의 소신에 따라 어떻게 잘못을 보고 대처해야 하는지 생각하게 되었다.#@문장구분#  특히, 해방 이후에 남북이 분단되고 있을때도 남북이 하나의 정부를 이끌도록 노력하는 모습에서 화합을 위해 노력하는 자세를 가져야겠다는 다짐을 하게 되었다.#@문장구분#  김구 선생님의 삶을 통해 나는 내가 살아가면서 가져야할 자세를 배울 수 있다는 점에서 김구 선생님이 나의 멘토라고 생각한다.#@문장구분#",
      "paragraph_len": 810,
      "paragraph_id": "001"
    }
  ],
  "score": {
    "paragraph_score": [
      {
        "paragraph_scoreT": [
          2.4285715,
          2.4285715,
          2.4285715
        ],
        "paragraph_scoreT_detail": {
          "paragraph_scoreT_exp": [
            [
              2,
              3,
              2
            ],
            [
              2,
              3,
              2
            ],
            [
              2,
              3,
              2
            ]
          ]
        },
        "paragraph_scoreT_avg": 2.4285715,
        "paragraph_id": "001"
      }
    ],
    "essay_scoreT": [
      25.047619,
      25.992064,
      27.492064
    ],
    "essay_scoreT_avg": 26.177248,
    "essay_scoreT_detail": {
      "essay_scoreT_org": [
        [
          2,
          3,
          3,
          3
        ],
        [
          3,
          3,
          3,
          2
        ],
        [
          3,
          3,
          3,
          2
        ]
      ],
      "essay_scoreT_cont": [
        [
          3,
          2,
          0,
          2
        ],
        [
          3,
          2,
          0,
          3
        ],
        [
          3,
          3,
          0,
          3
        ]
      ],
      "essay_scoreT_exp": [
        [
          2,
          3,
          2
        ],
        [
          2,
          3,
          2
        ],
        [
          2,
          3,
          2
        ]
      ]
    }
  },
  "student": {
    "date": "2021.09.03",
    "student_educated": true,
    "student_grade": "고등_3학년",
    "location": "051",
    "student_grade_group": "고등",
    "student_reading": 1
  },
  "rubric": {
    "essay_grade": "고등_3학년",
    "organization_weight": {
      "org_paragraph": 3,
      "org": 2,
      "org_essay": 3,
      "org_coherence": 2,
      "org_quantity": 1
    },
    "essay_type": "설명글",
    "content_weight": {
      "con_clearance": 4,
      "con_novelty": 3,
      "con": 4,
      "con_prompt": 0,
      "con_description": 1
    },
    "essay_main_subject": "나의 위인전",
    "expression_weight": {
      "exp_style": 2,
      "exp_grammar": 2,
      "exp_vocab": 3,
      "exp": 4
    }
  },
  "correction": [],
  "info": {
    "essay_id": "ESSAY_37163",
    "essay_prompt": " 요즘은 책을 통해서뿐만 아니라 유튜브, 강의와 같이 다양한 매체를 통해 자신만의 롤모델을 찾을 수 있습니다.\n\n 여러분도 자신만의 롤모델이 있을 것 같은데요. 자신의 롤모델인 인물처럼 되었다고 생각하고 나만의 위인전을 작성해보세요. 본인이 그 사람이 되었다고 생각하고 작성해도 좋고, 제 3자의 입장에서 바라보는 형식으로 작성해도 좋아요.\n\n 나의 롤모델은 목표를 이루기 위해 어떤 노력을 했을지, 어떤 행운이 있었을지, 목표를 이루고 난 다음에 어떤 기분이 들었을지 마음 껏 상상해보시고 작성해주세요.",
    "essay_type": "글짓기",
    "essay_level": "2",
    "essay_len": 630,
    "essay_main_subject": "나의 위인전"
  }
}