{
  "paragraph": [
    {
      "paragraph_txt": "나는 지구 밖의 공간이 언젠가 인류의 다음 활동 무대가 될 거라고 생각한다.#@문장구분# 하지만 그 미래에 반드시 긍정적인 작용만 있으리라 상상할 수는 없다.#@문장구분# 아직 인류는 우주에서 다른 행성의 생명체를 발견하지 못했지만, 생존할 수 있는 다른 행성들은 발견한 것에서 알 수 있듯, 인류가 지구 밖 다른 공간에서 문명을 세울 가능성도 있다.#@문장구분# 스타크래프트라는 게임에서 지구에서 추방당한 인간들은 고도의 문명사회를 이룬 외계인 '프로토스'와 조우하기도 했고, 인류의 기준에서 문명이라 할 수 없지만 번식체계를 갖추고 전쟁을 수행하는 '저그'와 전투하기도 한다.#@문장구분# 외계 생명체와 교류하기도 전쟁하기도 하는 모습은 과거 인류의 과학기술이 발전에 따른 인류의 역사와 닮았다.#@문장구분# 스타크래프트는 사람이 창작한 이야기에 불과하지만, 우주에 진출한 인류의 모습을 아름답게만 묘사하지 않았다.#@문장구분# 증기기관이 상징하는 산업혁명의 이면을 그린 '스팀펑크'로써 역사를 반성하듯 미래 우주산업이 발전함에 따를 폭력과 비극을 미리 생각해보는 것은 의미가 있다.#@문장구분# 최근 우주항공 기술이 발전하면서 우주관광이 상품이 되었다.#@문장구분# 인류는 지구 밖으로 진출할 준비를 하고 있다.#@문장구분# 언젠가는 인류가 지구 밖에 거주하게 될 것을 기대해볼 수 있다.#@문장구분# 기술의 진보를 통해 인류가 아직 설명하지 못했던 우주의 영역을 발견하고 다른 문명과 교류하며 더욱 더 인류가 진보할 것임은 기대할 수 있지만, 과연 우리와 처음으로 만난 존재들은 우리와 과연 호의적인 관계를 갖게 될까?#@문장구분# 스타크래프트에서처럼 인류는 무기를 먼저 들이밀어야 한다면, 민간인이 지구 밖에서 거주하기 전에 수많은 군인들의 희생 다음에 이어지게 될 것이다.#@문장구분#",
      "paragraph_len": 1049,
      "paragraph_id": "001"
    }
  ],
  "score": {
    "paragraph_score": [
      {
        "paragraph_scoreT": [
          2.7142856,
          2,
          2.5714285
        ],
        "paragraph_scoreT_detail": {
          "paragraph_scoreT_exp": [
            [
              2,
              3,
              3
            ],
            [
              2,
              2,
              2
            ],
            [
              3,
              2,
              3
            ]
          ]
        },
        "paragraph_scoreT_avg": 2.4285715,
        "paragraph_id": "001"
      }
    ],
    "essay_scoreT": [
      24.801586,
      24.666666,
      27.119047
    ],
    "essay_scoreT_avg": 25.5291,
    "essay_scoreT_detail": {
      "essay_scoreT_org": [
        [
          2,
          2,
          3,
          2
        ],
        [
          2,
          2,
          3,
          3
        ],
        [
          3,
          2,
          3,
          3
        ]
      ],
      "essay_scoreT_cont": [
        [
          2,
          3,
          0,
          2
        ],
        [
          3,
          3,
          0,
          3
        ],
        [
          3,
          3,
          0,
          2
        ]
      ],
      "essay_scoreT_exp": [
        [
          2,
          3,
          3
        ],
        [
          2,
          2,
          2
        ],
        [
          3,
          2,
          3
        ]
      ]
    }
  },
  "student": {
    "date": "2021.12.28",
    "student_educated": true,
    "student_grade": "고등_2학년",
    "location": "063",
    "student_grade_group": "고등",
    "student_reading": 1
  },
  "rubric": {
    "essay_grade": "고등_2학년",
    "organization_weight": {
      "org_paragraph": 3,
      "org": 2,
      "org_essay": 3,
      "org_coherence": 2,
      "org_quantity": 1
    },
    "essay_type": "글짓기",
    "content_weight": {
      "con_clearance": 4,
      "con_novelty": 3,
      "con": 4,
      "con_prompt": 0,
      "con_description": 1
    },
    "essay_main_subject": "우주에 대한 나의 생각",
    "expression_weight": {
      "exp_style": 2,
      "exp_grammar": 2,
      "exp_vocab": 3,
      "exp": 4
    }
  },
  "correction": [],
  "info": {
    "essay_id": "ESSAY_81030",
    "essay_prompt": " 여러분은 '우주'라는 것에 대해 어떻게 생각하나요?\n\n 한 번도 생각해보지 않은 사람도 있을 것이고 평소에 우주의 신비에 대해 궁금해하는 사람도 있을 것 같아요.\n\n '우주'라는 공간은 아직 밝혀진 것도 많이 없고 많은 과학자에게 숙제 같은 곳이랍니다. 많은 SF영화에서는 저명한 우주학자들을 초빙하고 수많은 회의를 기반으로 다양한 해석을 통해 우주를 설명하고는 하지요. 인터스텔라나 마블유니버스의 스토리 처럼요!\n\n 여러분은 외계인이 있다고 생각하나요? 블랙홀이나 화이트홀은 어떻게 생각하나요? 우주여행이 가능하다고 생각하시나요? 아바타 같은 영화처럼 새로운 문명이 있다고 생각하나요? 진짜로 화성에 새로운 지구를 만들 수 있다고 생각하나요?\n\n 여러분은 이미 우주에 대한 영화나 책으로 많이 접해보았을 것 같아요. 그리고 10년, 20년 후의 우주에 대해 상상해 본 적이 있을 것 같아요. 우주에 대한 본인의 생각이나 미래의 일들을 자유롭게 작성해주세요.",
    "essay_type": "글짓기",
    "essay_level": "2",
    "essay_len": 824,
    "essay_main_subject": "우주에 대한 나의 생각"
  }
}