{
  "paragraph": [
    {
      "paragraph_txt": "저는 은하계에 관심이 있어서 조금 찾아보았습니다.#@문장구분# 은하는 우주를 구성하고 있는 단위의 하나로, 수천억 개 이상의 별, 가스성운, 암흑성운 등으로 이루어진 대집단을 가르킵니다.#@문장구분# 은하계는 이러한 우주의 수많은 은하 중에 태양계가 포함되어 있는 은하로, 은하수라고도 합니다.#@문장구분# 은하계는 태양계를 비롯하여 약 1000억 개의 항성, 성단 및 성간 물질로 이루어져 있다고 합니다.#@문장구분# 은하계는 편탄한 원반 모양의 나선 은하로, 중심부가 약간 부풀어 있다고 하는데요.#@문장구분# 은하 중심으로부터 동쪽으로 회전하고 있고 중심부로 갈수록 회전속도가 빠르다고 합니다. #@문장구분#사실 과거 기술의 발전이 제로인 상황에서 우주란 존재를 찾아내고 그 안에 별, 가스성운, 암흑성운 등의 물체를 찾아내고 이름을 붙이게 된 것까지 전부 저에게는 신기하고 신비로운 일인 것 같습니다.#@문장구분# 현재는 우주에 대한 글도 많고 연구와 그에 관련된 논문을 토대로 만들어진 영화나 상상이 더해져 만들어진 영화나 소설로 우주라는 존재가 비교적 가깝고 친근하게 느껴지지만 과거에는 우주라는 존재여부 조차 몰랐을텐데 그 존재를 발견한게 참 대단한 것 같다고 생각했습니다. #@문장구분#문득 든 생각이 있다면 뭐든 인간의 상상력과 호기심으로부터 새 문명이 발견되고 발전하는 것 같습니다.#@문장구분# 낮이면 해가 뜨고 밤이면 달과 별이 보이는 이 현상에 대해 궁금해하고 그렇다면 저 달은 어디에 있는걸까 이 하늘의 끝은 어디일까 등의 생각으로 시작된 우주에 관한 연구는 벌써 화성 여행을 가네마네 할 정도로 발전되었고 이 사실이 매우 뿌듯합니다. #@문장구분#우주에 관한 연구가 더 활발하게 일어나고 많은 사람들이 우주라는 공간에 관심을 가지다보면 정말 머지않아 화성여행도 다니고 우주의 끝은 어디일지, 우주에 우리와 같은 행성이 또 존재할지, 인간과 같은 존재가 정말 있는지, 있다면 그들도 우리와 같은 문명을 이루고 살아갈지 등등 궁금한 점이 많습니다.#@문장구분# 우주라는 신비로운 공간에 대한 호기심은 끝이 없고 과학자들도 지금 이 시각까지 우주의 존재에 대한 연구를 하고 있겠죠?",
      "paragraph_len": 1208,
      "paragraph_id": "001"
    }
  ],
  "score": {
    "paragraph_score": [
      {
        "paragraph_scoreT": [
          2,
          2,
          2
        ],
        "paragraph_scoreT_detail": {
          "paragraph_scoreT_exp": [
            [
              2,
              2,
              2
            ],
            [
              2,
              2,
              2
            ],
            [
              2,
              2,
              2
            ]
          ]
        },
        "paragraph_scoreT_avg": 2,
        "paragraph_id": "001"
      }
    ],
    "essay_scoreT": [
      19.38889,
      24.222221,
      25.555555
    ],
    "essay_scoreT_avg": 23.055555,
    "essay_scoreT_detail": {
      "essay_scoreT_org": [
        [
          2,
          3,
          2,
          3
        ],
        [
          2,
          2,
          2,
          3
        ],
        [
          3,
          3,
          2,
          3
        ]
      ],
      "essay_scoreT_cont": [
        [
          2,
          1,
          0,
          2
        ],
        [
          3,
          3,
          0,
          3
        ],
        [
          3,
          3,
          0,
          3
        ]
      ],
      "essay_scoreT_exp": [
        [
          2,
          2,
          2
        ],
        [
          2,
          2,
          2
        ],
        [
          2,
          2,
          2
        ]
      ]
    }
  },
  "student": {
    "date": "2021.12.28",
    "student_educated": true,
    "student_grade": "고등_2학년",
    "location": "063",
    "student_grade_group": "고등",
    "student_reading": 1
  },
  "rubric": {
    "essay_grade": "고등_2학년",
    "organization_weight": {
      "org_paragraph": 3,
      "org": 2,
      "org_essay": 3,
      "org_coherence": 2,
      "org_quantity": 1
    },
    "essay_type": "글짓기",
    "content_weight": {
      "con_clearance": 4,
      "con_novelty": 3,
      "con": 4,
      "con_prompt": 0,
      "con_description": 1
    },
    "essay_main_subject": "우주에 대한 나의 생각",
    "expression_weight": {
      "exp_style": 2,
      "exp_grammar": 2,
      "exp_vocab": 3,
      "exp": 4
    }
  },
  "correction": [],
  "info": {
    "essay_id": "ESSAY_81034",
    "essay_prompt": " 여러분은 '우주'라는 것에 대해 어떻게 생각하나요?\n\n 한 번도 생각해보지 않은 사람도 있을 것이고 평소에 우주의 신비에 대해 궁금해하는 사람도 있을 것 같아요.\n\n '우주'라는 공간은 아직 밝혀진 것도 많이 없고 많은 과학자에게 숙제 같은 곳이랍니다. 많은 SF영화에서는 저명한 우주학자들을 초빙하고 수많은 회의를 기반으로 다양한 해석을 통해 우주를 설명하고는 하지요. 인터스텔라나 마블유니버스의 스토리 처럼요!\n\n 여러분은 외계인이 있다고 생각하나요? 블랙홀이나 화이트홀은 어떻게 생각하나요? 우주여행이 가능하다고 생각하시나요? 아바타 같은 영화처럼 새로운 문명이 있다고 생각하나요? 진짜로 화성에 새로운 지구를 만들 수 있다고 생각하나요?\n\n 여러분은 이미 우주에 대한 영화나 책으로 많이 접해보았을 것 같아요. 그리고 10년, 20년 후의 우주에 대해 상상해 본 적이 있을 것 같아요. 우주에 대한 본인의 생각이나 미래의 일들을 자유롭게 작성해주세요.",
    "essay_type": "글짓기",
    "essay_level": "2",
    "essay_len": 988,
    "essay_main_subject": "우주에 대한 나의 생각"
  }
}