{
  "paragraph": [
    {
      "paragraph_txt": "예전에 우주에 관한 책을 읽은 적이 있었다. #@문장구분#거기에는 달의 생성 과정이 적혀있었는데 달은 원시 지구가 화성만 한 원시 행성과 출돌하며 지구 맨들의 일부와 화성만 한 해성이 부셔졌다#@문장구분# 그러나 지구 중력에 이끌려서 지구로 되돌아오게 되고 작은 파편들이 토성의 띠처럼 모여서 지구 둘레를 돌게된다. #@문장구분#그 작은 파편이 모이고 달이 되는것이다.#@문장구분# 과학자들은 이과정을 프로그램으로 만들어서 이 이론의 가능성이 높다는걸 알게 되었다. #@문장구분#커다란 소행성이 지구에 떨어지는 일은 안 좋은 결과를 낳는다. #@문장구분#얼마나 그러는지 그런 가설도 있다.#@문장구분# 중생대에 번성했던 공룡도 소행성 충돌 때문에 멸종했다는 가설이 정설로  받아들여지고 있을 정도이다. #@문장구분#그치만 지구가 생길 무렵 소행성이 지구를 때리지 않았다면 달은 없었을 것이고 자전축이 기울지 않아 사계절이 생기는 일은 없었을 것이다.#@문장구분# 자정이 지나면 우린 달을 자세히 볼 수 있다. #@문장구분#우리는 음력 매달 7~8일에 나타나는 달의 형태를 상현이라고 한다. #@문장구분#상현은 둥근 쪽이 아래로 향하는 특징을 가지고 있다. #@문장구분#또 하현은 음력 매월 23일경에 뜨는 달로 만월과 신월과의 중간이며 하현달은늦은 밤에 뜨고, 상현달은 저녁에 뜬다. #@문장구분#우리는 늦게까지 자지 않지 않기 때문에 상현달이 더 익숙하다. #@문장구분#또 상현달, 하현달, 반달이 떴다면 분화구를 보면 가장 잘 보인다고 한다. #@문장구분#특히 달이 반 잘라진 부분을 망원경으로 보게 되면 분화구가 크고 선명하게 잘 보인다고 한다. #@문장구분#하지만 보름달은 태양이 달의 바로 앞에서 빛을 내서 분화구가 오히려 잘 보이지 않은다고 한다.#@문장구분# 이렇게 달의 모양이 변하는걸 볼 수 있는건 너무 신기하고 재미있는 일인거 같다. #@문장구분#또 우주와 연관이 있어서 더 유심히 봤던거 같다.",
      "paragraph_len": 1193,
      "paragraph_id": "001"
    }
  ],
  "score": {
    "paragraph_score": [
      {
        "paragraph_scoreT": [
          3,
          3,
          3
        ],
        "paragraph_scoreT_detail": {
          "paragraph_scoreT_exp": [
            [
              3,
              3,
              3
            ],
            [
              3,
              3,
              3
            ],
            [
              3,
              3,
              3
            ]
          ]
        },
        "paragraph_scoreT_avg": 3,
        "paragraph_id": "001"
      }
    ],
    "essay_scoreT": [
      30,
      30,
      24.666666
    ],
    "essay_scoreT_avg": 28.222221,
    "essay_scoreT_detail": {
      "essay_scoreT_org": [
        [
          3,
          3,
          3,
          3
        ],
        [
          3,
          3,
          3,
          3
        ],
        [
          2,
          2,
          3,
          3
        ]
      ],
      "essay_scoreT_cont": [
        [
          3,
          3,
          0,
          3
        ],
        [
          3,
          3,
          0,
          3
        ],
        [
          2,
          2,
          0,
          2
        ]
      ],
      "essay_scoreT_exp": [
        [
          3,
          3,
          3
        ],
        [
          3,
          3,
          3
        ],
        [
          3,
          3,
          3
        ]
      ]
    }
  },
  "student": {
    "date": "2021.12.22",
    "student_educated": true,
    "student_grade": "고등_2학년",
    "location": "063",
    "student_grade_group": "고등",
    "student_reading": 2
  },
  "rubric": {
    "essay_grade": "고등_2학년",
    "organization_weight": {
      "org_paragraph": 3,
      "org": 2,
      "org_essay": 3,
      "org_coherence": 2,
      "org_quantity": 1
    },
    "essay_type": "글짓기",
    "content_weight": {
      "con_clearance": 4,
      "con_novelty": 3,
      "con": 4,
      "con_prompt": 0,
      "con_description": 1
    },
    "essay_main_subject": "우주에 대한 나의 생각",
    "expression_weight": {
      "exp_style": 2,
      "exp_grammar": 2,
      "exp_vocab": 3,
      "exp": 4
    }
  },
  "correction": [],
  "info": {
    "essay_id": "ESSAY_79437",
    "essay_prompt": " 여러분은 '우주'라는 것에 대해 어떻게 생각하나요?\n\n 한 번도 생각해보지 않은 사람도 있을 것이고 평소에 우주의 신비에 대해 궁금해하는 사람도 있을 것 같아요.\n\n '우주'라는 공간은 아직 밝혀진 것도 많이 없고 많은 과학자에게 숙제 같은 곳이랍니다. 많은 SF영화에서는 저명한 우주학자들을 초빙하고 수많은 회의를 기반으로 다양한 해석을 통해 우주를 설명하고는 하지요. 인터스텔라나 마블유니버스의 스토리 처럼요!\n\n 여러분은 외계인이 있다고 생각하나요? 블랙홀이나 화이트홀은 어떻게 생각하나요? 우주여행이 가능하다고 생각하시나요? 아바타 같은 영화처럼 새로운 문명이 있다고 생각하나요? 진짜로 화성에 새로운 지구를 만들 수 있다고 생각하나요?\n\n 여러분은 이미 우주에 대한 영화나 책으로 많이 접해보았을 것 같아요. 그리고 10년, 20년 후의 우주에 대해 상상해 본 적이 있을 것 같아요. 우주에 대한 본인의 생각이나 미래의 일들을 자유롭게 작성해주세요.",
    "essay_type": "글짓기",
    "essay_level": "2",
    "essay_len": 833,
    "essay_main_subject": "우주에 대한 나의 생각"
  }
}