{
  "paragraph": [
    {
      "paragraph_txt": "나의 롤모델, 세상에는 다양한 위인들이 존재한다.#@문장구분# 마더 테레사, 세종대왕, 이순신 장군 등등....#@문장구분# 이들 모두 누군가를 빛내고 위험으로부터 지켜내신 멋진 분들이다.#@문장구분# 그러나 진정한 나의 롤모델은 누구일까 라고 고민하던 내게 정답은 이분들이 아니었고 해답은 멀지 않은 곳에 있었다.#@문장구분# \"심지은\" 지금쯤 다들 이 사람은 누구이냐며 고개를 갸우뚱하고 있을 것이다.#@문장구분# 사실 심지은의 또 다른 이름은 우리 엄마이다.#@문장구분# 책을 통해서만이 아닌 다양한 분야에서 나만의 롤모델을 구하라고 했던 글쓰기의 설명은 내게 다른 시각으로의 롤모델을 찾으라 하였고 나는 엄마와 사랑이라는 분야의 롤모델로 심지은이라는 사람을 선택했다.#@문장구분# ",
      "paragraph_len": 474,
      "paragraph_id": "001"
    },
    {
      "paragraph_txt": "  빛난 사랑, 한 아이를 남부럽지 않은 사랑으로 키워내고 싶었던 그녀는 자기의 방식으로 아이에게 사랑을 주었다.#@문장구분# 물론 때론 그녀도 틀렸다. #@문장구분#하지만 그녀가 나만의 위인이 될 수 있었던 이유는 그녀는 남들과 다르게 나아갔다.#@문장구분# 잘못과 실수를 감추지 않았다.#@문장구분# 보다 더 나은 방법의 사랑을 위해 끊임없이 연구했다.#@문장구분# 그렇게 온전한 사랑의 방식을 남들보다 더 빨리 찾은 그녀는 아낌없이 주는 나무가 되었다.#@문장구분# 자신을 포기하면서까지 그 아이의 실수를 사랑으로 보듬었고 대가 없이 무한한 사랑을 나누었다.#@문장구분# 사랑의 힘은 대단했다.#@문장구분# 불안정했던 그 아이는 사랑을 먹고 자라 어느새 온전함 속에 살았으며 더 불행하지 않았다.#@문장구분# 또한, 다른 사람들에게서 받았던 상처들을 그녀의 사랑을 통해 극복해냈다.#@문장구분# 이 과정에서 그녀는 분명 아이로부터 수많은 상처를 받았을 것이다.#@문장구분# 치이고 눈물을 머금는 날도 많았다.#@문장구분# 그러나 사랑이라는 이름 하나로 포기하지 않고 끊임없이 도전하며 가시 길을 끝내 꽃길로 바꾸어냈다.#@문장구분#",
      "paragraph_len": 749,
      "paragraph_id": "002"
    },
    {
      "paragraph_txt": "  세상의 모든 엄마는 대단하다.#@문장구분# 나는 그중에 심지은을 내 롤모델이자 위인으로 생각하며 살고 있으며 그녀의 사랑 방식을 닮아 살아가고 싶다.#@문장구분# 누군가를 빛내고 지켜주는 사람은 위인이듯 멀지 않은 곳에 우리의 위인은 존재한다.#@문장구분#",
      "paragraph_len": 184,
      "paragraph_id": "003"
    }
  ],
  "score": {
    "paragraph_score": [
      {
        "paragraph_scoreT": [
          2.2857144,
          2.7142856,
          2.4285715
        ],
        "paragraph_scoreT_detail": {
          "paragraph_scoreT_exp": [
            [
              3,
              2,
              2
            ],
            [
              3,
              3,
              2
            ],
            [
              2,
              3,
              2
            ]
          ]
        },
        "paragraph_scoreT_avg": 2.4761906,
        "paragraph_id": "001"
      },
      {
        "paragraph_scoreT": [
          2.2857144,
          2.7142856,
          2.4285715
        ],
        "paragraph_scoreT_detail": {
          "paragraph_scoreT_exp": [
            [
              3,
              2,
              2
            ],
            [
              3,
              3,
              2
            ],
            [
              2,
              3,
              2
            ]
          ]
        },
        "paragraph_scoreT_avg": 2.4761906,
        "paragraph_id": "002"
      },
      {
        "paragraph_scoreT": [
          2.2857144,
          2.7142856,
          2.4285715
        ],
        "paragraph_scoreT_detail": {
          "paragraph_scoreT_exp": [
            [
              3,
              2,
              2
            ],
            [
              3,
              3,
              2
            ],
            [
              2,
              3,
              2
            ]
          ]
        },
        "paragraph_scoreT_avg": 2.4761906,
        "paragraph_id": "003"
      }
    ],
    "essay_scoreT": [
      24.25397,
      28.190475,
      26.380953
    ],
    "essay_scoreT_avg": 26.275131,
    "essay_scoreT_detail": {
      "essay_scoreT_org": [
        [
          2,
          3,
          3,
          2
        ],
        [
          2,
          3,
          3,
          3
        ],
        [
          2,
          2,
          3,
          3
        ]
      ],
      "essay_scoreT_cont": [
        [
          3,
          2,
          0,
          2
        ],
        [
          3,
          3,
          0,
          3
        ],
        [
          3,
          3,
          0,
          3
        ]
      ],
      "essay_scoreT_exp": [
        [
          3,
          2,
          2
        ],
        [
          3,
          3,
          2
        ],
        [
          2,
          3,
          2
        ]
      ]
    }
  },
  "student": {
    "date": "2021.09.30",
    "student_educated": true,
    "student_grade": "고등_3학년",
    "location": "051",
    "student_grade_group": "고등",
    "student_reading": 3
  },
  "rubric": {
    "essay_grade": "고등_3학년",
    "organization_weight": {
      "org_paragraph": 3,
      "org": 2,
      "org_essay": 3,
      "org_coherence": 2,
      "org_quantity": 1
    },
    "essay_type": "설명글",
    "content_weight": {
      "con_clearance": 4,
      "con_novelty": 3,
      "con": 4,
      "con_prompt": 0,
      "con_description": 1
    },
    "essay_main_subject": "나의 위인전",
    "expression_weight": {
      "exp_style": 2,
      "exp_grammar": 2,
      "exp_vocab": 3,
      "exp": 4
    }
  },
  "correction": [],
  "info": {
    "essay_id": "ESSAY_36835",
    "essay_prompt": " 요즘은 책을 통해서뿐만 아니라 유튜브, 강의와 같이 다양한 매체를 통해 자신만의 롤모델을 찾을 수 있습니다.\n\n 여러분도 자신만의 롤모델이 있을 것 같은데요. 자신의 롤모델인 인물처럼 되었다고 생각하고 나만의 위인전을 작성해보세요. 본인이 그 사람이 되었다고 생각하고 작성해도 좋고, 제 3자의 입장에서 바라보는 형식으로 작성해도 좋아요.\n\n 나의 롤모델은 목표를 이루기 위해 어떤 노력을 했을지, 어떤 행운이 있었을지, 목표를 이루고 난 다음에 어떤 기분이 들었을지 마음 껏 상상해보시고 작성해주세요.",
    "essay_type": "글짓기",
    "essay_level": "2",
    "essay_len": 951,
    "essay_main_subject": "나의 위인전"
  }
}