{
  "paragraph": [
    {
      "paragraph_txt": "'우주'하니 생각난 기사가 있는데, 바로 어제 '블루오리진, 유로 탑승객 4명 등 모두 6명 우주여행'이란 제목의 기사를 보았습니다.#@문장구분# 아마존 창업자 제프 베이조스의 우주개발업체 블루오리집이 11일 유로 탑승객 4명을 포함해 모두 6명을 우주로 쏘아올렸다고 합니다.#@문장구분# CNN등 외신에 따르면 미 우주인 앨런 셰퍼드의 딸인 로라 셰퍼드, 미 ABC 방송 간판 아침프로그램인 '굿모닝아메리카' 진행자 마이클 스트런, 그리고 유료 탑승객 4명이 이날 오전 지구 준궤도를 다녀오는 우주 여행을 했다고 합니다.#@문장구분# 그러나 이들은 일반적으로 생각하는 우주여행과는 조금 거리가 있는 비행을 했는데, 이날 발사된 블루오리진의 뉴셰퍼드 로켓을 통한 우주여행은 마치 엘리베이터처럼 단순히 상승 뒤 다시 하강하는 간단한 것이었습니다.#@문장구분# 궤도를 돌거나 하는 것은 아니었지요. 비록 해발 100Km 상공까지 올라가기는 하지만 이는 지구 궤도는 아니기 때문에 지구에서 우주로 나가기 위한 끝자락 정도를 보고 오는 것으로 생각하면 된다고 합니다.#@문장구분# 유료 탑승객들이 얼마를 냈는지는 공개되지 않았지만 블루오리진은 탑승권 판매를 통해 모은 돈을 바탕으로 강력한 추진력을 갖춘 약 91m짜리 로켓을 개발할 계획이라고 합니다.#@문장구분# 또 장기적으로는 우주식민지 개척이 목표라고 밝혔다고 하는데, 기사 제목에 비해 기대에 부응하지는 못한 기사였지만 블루오리진의 포부와 같이 저도 우주여행이 가능한 날이 올 것이라 믿습니다.#@문장구분# 우주선 개발에 관한 기술력이 늘어날수록 우주선 개발에 필요한 비용은 적어질 것이라 생각합니다.#@문장구분# 우주선 개발이 성공적이고 상업적으로 변화한다면 블루오리진의 야심찼던 우주여행처럼 혹은 보다 발전해 정말 우주를 여행하는 코스가 되는 것으로 발전할 수 있을 것 같습니다.#@문장구분# 블루오리진의 목표를 응원하고 NASA의 연구가 박차를 가하길 바라며 우주여행이 저에게도 가까운 미래이길 바라봅니다!#@문장구분#",
      "paragraph_len": 1123,
      "paragraph_id": "001"
    }
  ],
  "score": {
    "paragraph_score": [
      {
        "paragraph_scoreT": [
          2.4285715,
          1.7142857,
          2.2857144
        ],
        "paragraph_scoreT_detail": {
          "paragraph_scoreT_exp": [
            [
              2,
              3,
              2
            ],
            [
              2,
              2,
              1
            ],
            [
              3,
              2,
              2
            ]
          ]
        },
        "paragraph_scoreT_avg": 2.1428573,
        "paragraph_id": "001"
      }
    ],
    "essay_scoreT": [
      22.436508,
      23.02381,
      24.86508
    ],
    "essay_scoreT_avg": 23.441801,
    "essay_scoreT_detail": {
      "essay_scoreT_org": [
        [
          2,
          2,
          2,
          3
        ],
        [
          2,
          2,
          3,
          3
        ],
        [
          2,
          2,
          2,
          3
        ]
      ],
      "essay_scoreT_cont": [
        [
          2,
          2,
          0,
          3
        ],
        [
          3,
          3,
          0,
          2
        ],
        [
          3,
          3,
          0,
          2
        ]
      ],
      "essay_scoreT_exp": [
        [
          2,
          3,
          2
        ],
        [
          2,
          2,
          1
        ],
        [
          3,
          2,
          2
        ]
      ]
    }
  },
  "student": {
    "date": "2021.12.28",
    "student_educated": true,
    "student_grade": "고등_2학년",
    "location": "063",
    "student_grade_group": "고등",
    "student_reading": 2
  },
  "rubric": {
    "essay_grade": "고등_2학년",
    "organization_weight": {
      "org_paragraph": 3,
      "org": 2,
      "org_essay": 3,
      "org_coherence": 2,
      "org_quantity": 1
    },
    "essay_type": "글짓기",
    "content_weight": {
      "con_clearance": 4,
      "con_novelty": 3,
      "con": 4,
      "con_prompt": 0,
      "con_description": 1
    },
    "essay_main_subject": "우주에 대한 나의 생각",
    "expression_weight": {
      "exp_style": 2,
      "exp_grammar": 2,
      "exp_vocab": 3,
      "exp": 4
    }
  },
  "correction": [],
  "info": {
    "essay_id": "ESSAY_81041",
    "essay_prompt": " 여러분은 '우주'라는 것에 대해 어떻게 생각하나요?\n\n 한 번도 생각해보지 않은 사람도 있을 것이고 평소에 우주의 신비에 대해 궁금해하는 사람도 있을 것 같아요.\n\n '우주'라는 공간은 아직 밝혀진 것도 많이 없고 많은 과학자에게 숙제 같은 곳이랍니다. 많은 SF영화에서는 저명한 우주학자들을 초빙하고 수많은 회의를 기반으로 다양한 해석을 통해 우주를 설명하고는 하지요. 인터스텔라나 마블유니버스의 스토리 처럼요!\n\n 여러분은 외계인이 있다고 생각하나요? 블랙홀이나 화이트홀은 어떻게 생각하나요? 우주여행이 가능하다고 생각하시나요? 아바타 같은 영화처럼 새로운 문명이 있다고 생각하나요? 진짜로 화성에 새로운 지구를 만들 수 있다고 생각하나요?\n\n 여러분은 이미 우주에 대한 영화나 책으로 많이 접해보았을 것 같아요. 그리고 10년, 20년 후의 우주에 대해 상상해 본 적이 있을 것 같아요. 우주에 대한 본인의 생각이나 미래의 일들을 자유롭게 작성해주세요.",
    "essay_type": "글짓기",
    "essay_level": "2",
    "essay_len": 924,
    "essay_main_subject": "우주에 대한 나의 생각"
  }
}