{
  "paragraph": [
    {
      "paragraph_txt": "인간은 모두 옷을 입습니다. #@문장구분#그 용도가 단순히 몸을 가리기 위해서부터, 개성을 드러내기 위해서까지 정말 다양합니다. #@문장구분#그리고 같은 옷을 입어도 누가 입느냐에 따라서 풍기는 분위기가 완전히 달라지고, 사용되는 용도 또한 완전히 달라집니디.#@문장구분# 이렇듯 누가 어떻게 착용하느냐에 따라 달라지는 옷에 굉장한 흥미를 느껴 패션 디자이너가 되고자 결심하게 되었습니다.#@문장구분# 지금의 제가 패션 디자이너라는 미래의 꿈을 위해 노력할 수 있는 것으로는 여러 패션 잡지 찾아보기, 각종 브랜드의 옷 디자인 비교하기, 패션쇼 관람하기 등이 있다고 생각합니다.#@문장구분# 그리고 디자이너로서의 감각을 키우기 위해 여러가지 색깔을 비교해보며 아는 것도 도움이 될 것이라고 생각이 됩니다. #@문장구분#제가 패션 디자이너가 된다면, 우선 무엇보다도 제가 만들고 싶은 옷을 만들고 싶습니다.#@문장구분# 이후 각종 셀럽들이 찾아서 입을 만큼 영향력있고 의미 있는 저만의 브랜드를 만들어 내고 싶습니다. #@문장구분#그렇게 만들어진 제 브랜드를 전 세계에 널리 알리고, 결국 세계적인 브랜드로 만드는 것이 제 최종 목표이고, 그것을 위해 끊임없이 노력할 것입니다.#@문장구분#",
      "paragraph_len": 726,
      "paragraph_id": "001"
    }
  ],
  "score": {
    "paragraph_score": [
      {
        "paragraph_scoreT": [
          3,
          3,
          2
        ],
        "paragraph_scoreT_detail": {
          "paragraph_scoreT_exp": [
            [
              3,
              3,
              3
            ],
            [
              3,
              3,
              3
            ],
            [
              2,
              2,
              2
            ]
          ]
        },
        "paragraph_scoreT_avg": 2.6666667,
        "paragraph_id": "001"
      }
    ],
    "essay_scoreT": [
      30,
      26.5,
      26
    ],
    "essay_scoreT_avg": 27.5,
    "essay_scoreT_detail": {
      "essay_scoreT_org": [
        [
          3,
          3,
          3,
          3
        ],
        [
          3,
          3,
          3,
          3
        ],
        [
          3,
          3,
          3,
          3
        ]
      ],
      "essay_scoreT_cont": [
        [
          3,
          3,
          0,
          3
        ],
        [
          2,
          2,
          0,
          3
        ],
        [
          3,
          3,
          0,
          3
        ]
      ],
      "essay_scoreT_exp": [
        [
          3,
          3,
          3
        ],
        [
          3,
          3,
          3
        ],
        [
          2,
          2,
          2
        ]
      ]
    }
  },
  "student": {
    "date": "2021.11.26",
    "student_educated": true,
    "student_grade": "중등_2학년",
    "location": "054",
    "student_grade_group": "중등",
    "student_reading": 2
  },
  "rubric": {
    "essay_grade": "중등_2학년",
    "organization_weight": {
      "org_paragraph": 2,
      "org": 2,
      "org_essay": 4,
      "org_coherence": 2,
      "org_quantity": 1
    },
    "essay_type": "글짓기",
    "content_weight": {
      "con_clearance": 4,
      "con_novelty": 3,
      "con": 4,
      "con_prompt": 0,
      "con_description": 1
    },
    "essay_main_subject": "미래의 나의 모습",
    "expression_weight": {
      "exp_style": 1,
      "exp_grammar": 2,
      "exp_vocab": 3,
      "exp": 4
    }
  },
  "correction": [],
  "info": {
    "essay_id": "ESSAY_70641",
    "essay_prompt": " 우리는 모두 미래의 나를 한 번씩 상상해보곤 합니다. 유명한 사람이 돼서 많은 사람과 소통하는 상상, 훌륭한 의사가 돼서 많은 사람을 살리는 상상 등 어떤 사람이 되고 싶다는 미래를 생각하지요.\n\n 여러분은 미래의 나를 상상해보신 적이 있으신가요? 10년 뒤, 20년 뒤, 30년 뒤에 여러분은 어떤 일을 하고 어떤 가치관을 가지고 살아가고 있을까요?\n\n 나의 10년 뒤, 20년 뒤, 30년 뒷모습을 각각 상상해보고 어떤 일을 하고 있을지, 그러한 모습을 갖추기 위해 어떤 노력을 하였을지 작성해보세요.",
    "essay_type": "글짓기",
    "essay_level": "2",
    "essay_len": 547,
    "essay_main_subject": "미래의 나의 모습"
  }
}