{
  "paragraph": [
    {
      "paragraph_txt": "저는 이 넓은 하늘과 우주에 있는 별이 모두 별이라 생각하지 않을 뿐더러 많은 행성 중 외계인이 사는 행성도 있을 것 입니다.#@문장구분#일단 우주는 단순히 넓은 정도가 아니라 우리가 상상 할 수 없을 정도로 넓습니다.#@문장구분# 우리 태양계를 모래알 하나라고 보면 우주는 엄청나게 큰 해수욕장이라고 보면 됩니다 . #@문장구분#그 정도로 우주는 큰 존재입니다 .#@문장구분# 불과 500 년 전까지만 해도 우리는 지구가 우주의 중심에 있고, 태양을 포함한 모든 천체가 지구를 중심으로 돌고 있다고 믿었습니다 .#@문장구분#그러나 지구는 단지 태양을 도는 행성의 하나에 지나지 않는다는 사실을 알게 되었습니다. #@문장구분#그래서 천문 학자들은 지구와 비슷한 환경이 어딘가에 있고 생명체가 탄생하고 진화 했을 것이라고 충분히 추측할 수 있었지만 충분한 과학적 증거가 없었습니다.#@문장구분# 최근 몇년 전부터 드디어 행성의 존재 증거가 있는 행성들이 발견되기 시작했습니다. #@문장구분#이 사실은 태양계만이 우주에서 유일하게 존재하는 행성계가 아니라는 것을 증명하게 되었습니다. #@문장구분#결론 적으로 말하자면 우리와 같은 생명체들이 우주 어딘가에 많이 존재 하겠죠. #@문장구분#그들도 역시 우리가 신비로운 것이고 우리가 그들의 존재를 찾듯이 그들 역시 우리들을 찾기 위해 이런 여러가지  가설들을 세워 놓고 우리들을 찾고 있을 것이라고 생각합니다. #@문장구분#위에서 말했듯이 우주는 매우 넓고 우리에게 알려지지 않은 행성들 또한 많을 것 입니다. #@문장구분#그 많은 행성들 중 어딘가엔 우리처럼 많은 국가들을 이루고 그들만의 규칙을 정해 지구처럼 살아가는 행성이 있을 것이고 그들도 우리를 신비롭다 생각하며 우리를 찾고 있을 지도 모릅니다.",
      "paragraph_len": 1024,
      "paragraph_id": "001"
    }
  ],
  "score": {
    "paragraph_score": [
      {
        "paragraph_scoreT": [
          3,
          3,
          3
        ],
        "paragraph_scoreT_detail": {
          "paragraph_scoreT_exp": [
            [
              3,
              3,
              3
            ],
            [
              3,
              3,
              3
            ],
            [
              3,
              3,
              3
            ]
          ]
        },
        "paragraph_scoreT_avg": 3,
        "paragraph_id": "001"
      }
    ],
    "essay_scoreT": [
      30,
      30,
      30
    ],
    "essay_scoreT_avg": 30,
    "essay_scoreT_detail": {
      "essay_scoreT_org": [
        [
          3,
          3,
          3,
          3
        ],
        [
          3,
          3,
          3,
          3
        ],
        [
          3,
          3,
          3,
          3
        ]
      ],
      "essay_scoreT_cont": [
        [
          3,
          3,
          0,
          3
        ],
        [
          3,
          3,
          0,
          3
        ],
        [
          3,
          3,
          0,
          3
        ]
      ],
      "essay_scoreT_exp": [
        [
          3,
          3,
          3
        ],
        [
          3,
          3,
          3
        ],
        [
          3,
          3,
          3
        ]
      ]
    }
  },
  "student": {
    "date": "2021.12.25",
    "student_educated": true,
    "student_grade": "고등_2학년",
    "location": "063",
    "student_grade_group": "고등",
    "student_reading": 2
  },
  "rubric": {
    "essay_grade": "고등_2학년",
    "organization_weight": {
      "org_paragraph": 3,
      "org": 2,
      "org_essay": 3,
      "org_coherence": 2,
      "org_quantity": 1
    },
    "essay_type": "글짓기",
    "content_weight": {
      "con_clearance": 4,
      "con_novelty": 3,
      "con": 4,
      "con_prompt": 0,
      "con_description": 1
    },
    "essay_main_subject": "우주에 대한 나의 생각",
    "expression_weight": {
      "exp_style": 2,
      "exp_grammar": 2,
      "exp_vocab": 3,
      "exp": 4
    }
  },
  "correction": [],
  "info": {
    "essay_id": "ESSAY_79448",
    "essay_prompt": " 여러분은 '우주'라는 것에 대해 어떻게 생각하나요?\n\n 한 번도 생각해보지 않은 사람도 있을 것이고 평소에 우주의 신비에 대해 궁금해하는 사람도 있을 것 같아요.\n\n '우주'라는 공간은 아직 밝혀진 것도 많이 없고 많은 과학자에게 숙제 같은 곳이랍니다. 많은 SF영화에서는 저명한 우주학자들을 초빙하고 수많은 회의를 기반으로 다양한 해석을 통해 우주를 설명하고는 하지요. 인터스텔라나 마블유니버스의 스토리 처럼요!\n\n 여러분은 외계인이 있다고 생각하나요? 블랙홀이나 화이트홀은 어떻게 생각하나요? 우주여행이 가능하다고 생각하시나요? 아바타 같은 영화처럼 새로운 문명이 있다고 생각하나요? 진짜로 화성에 새로운 지구를 만들 수 있다고 생각하나요?\n\n 여러분은 이미 우주에 대한 영화나 책으로 많이 접해보았을 것 같아요. 그리고 10년, 20년 후의 우주에 대해 상상해 본 적이 있을 것 같아요. 우주에 대한 본인의 생각이나 미래의 일들을 자유롭게 작성해주세요.",
    "essay_type": "글짓기",
    "essay_level": "2",
    "essay_len": 784,
    "essay_main_subject": "우주에 대한 나의 생각"
  }
}