{
  "paragraph": [
    {
      "paragraph_txt": "나는 우주란 존재가 참 신기하다 #@문장구분#아직도 우주에대해 연구하는 사람들이많으며 우주는 무궁무진하며 끝이보이지 않기 때문에 신기하다 #@문장구분#그리고 우주에는 다양한 일들이 일어나고있고 우주에는 많은 행성과 우리가 모르는 행성 또는 생명체가 살고있을거 같다고 생각하니 더욱 신기하고 매력적이다 #@문장구분#그래서 나는 우주에관해 조사하다보니 우주에 관한 신기한 사실 5 가지 사실을 보게돼었다#@문장구분# 지금부터 그것에 대해 소개하겠다#@문장구분# 첫번째 우주비행사들은 소변을 재활용해 식수로 사용한다는 것이다#@문장구분# 나는 이것을 듣게되자 조금 놀라기도했고 더럽다고 생각도 들었다#@문장구분# 그리고 우주에서 그렇게 힘들게 생활하는 우주인들이 대단하게도 느껴졌다#@문장구분# 두번째 토성의 위성 타이탄은 지구 초창기의 모습과 비슷하다 라는 얘기를 듣고 신기했다 #@문장구분#정말 우주에 지구말고 다른 생명체들이 살 수 있는 행성이 있는걸까? #@문장구분#외계인이 있는걸 까 라는 생각이 들었다 #@문장구분#세번째 우주에서 생활하면 발바닥이 아기 피부같이 부드러워 진다 라는 얘기를 듣고 과연 정말로 그럴까?#@문장구분# 라는 생각과 함께 나도 우주에 가보고싶다고 느꼈고 신기하다고 느꼈다#@문장구분# 네번째 우주의 가장자리에서 지구 바닷물 양의 140조 배에 이르는 물이 발견되었다 라는 얘기를 듣고 이렇게 많은 물이 우주에 있다니 너무신기했고 우주물은 지구의 물과는 다를까? #@문장구분#라는 생각이 들어 우주물에대해 조사하고싶어졌다#@문장구분# 다섯번째 지구에는 매일 100톤에 달하는 물질이 우주로 부터 유입되고 있다 라는 얘기를 듣고 나는 정말 그럴까? #@문장구분#지구에도 우주에있던 물질이 존재할까?#@문장구분# 어떤 물질일까?#@문장구분# 라는 생각이 들기 시작했고 너무 나도 신기했다#@문장구분# 이렇게 우주에관한 5가지 사실들을 조사하며 신기한 느낌을 정말 많이 받았다",
      "paragraph_len": 1198,
      "paragraph_id": "001"
    }
  ],
  "score": {
    "paragraph_score": [
      {
        "paragraph_scoreT": [
          3,
          3,
          2.7142856
        ],
        "paragraph_scoreT_detail": {
          "paragraph_scoreT_exp": [
            [
              3,
              3,
              3
            ],
            [
              3,
              3,
              3
            ],
            [
              2,
              3,
              3
            ]
          ]
        },
        "paragraph_scoreT_avg": 2.904762,
        "paragraph_id": "001"
      }
    ],
    "essay_scoreT": [
      30,
      30,
      26.190475
    ],
    "essay_scoreT_avg": 28.730158,
    "essay_scoreT_detail": {
      "essay_scoreT_org": [
        [
          3,
          3,
          3,
          3
        ],
        [
          3,
          3,
          3,
          3
        ],
        [
          3,
          2,
          3,
          3
        ]
      ],
      "essay_scoreT_cont": [
        [
          3,
          3,
          0,
          3
        ],
        [
          3,
          3,
          0,
          3
        ],
        [
          3,
          2,
          0,
          2
        ]
      ],
      "essay_scoreT_exp": [
        [
          3,
          3,
          3
        ],
        [
          3,
          3,
          3
        ],
        [
          2,
          3,
          3
        ]
      ]
    }
  },
  "student": {
    "date": "2021.12.22",
    "student_educated": true,
    "student_grade": "고등_2학년",
    "location": "063",
    "student_grade_group": "고등",
    "student_reading": 2
  },
  "rubric": {
    "essay_grade": "고등_2학년",
    "organization_weight": {
      "org_paragraph": 3,
      "org": 2,
      "org_essay": 3,
      "org_coherence": 2,
      "org_quantity": 1
    },
    "essay_type": "글짓기",
    "content_weight": {
      "con_clearance": 4,
      "con_novelty": 3,
      "con": 4,
      "con_prompt": 0,
      "con_description": 1
    },
    "essay_main_subject": "우주에 대한 나의 생각",
    "expression_weight": {
      "exp_style": 2,
      "exp_grammar": 2,
      "exp_vocab": 3,
      "exp": 4
    }
  },
  "correction": [],
  "info": {
    "essay_id": "ESSAY_79444",
    "essay_prompt": " 여러분은 '우주'라는 것에 대해 어떻게 생각하나요?\n\n 한 번도 생각해보지 않은 사람도 있을 것이고 평소에 우주의 신비에 대해 궁금해하는 사람도 있을 것 같아요.\n\n '우주'라는 공간은 아직 밝혀진 것도 많이 없고 많은 과학자에게 숙제 같은 곳이랍니다. 많은 SF영화에서는 저명한 우주학자들을 초빙하고 수많은 회의를 기반으로 다양한 해석을 통해 우주를 설명하고는 하지요. 인터스텔라나 마블유니버스의 스토리 처럼요!\n\n 여러분은 외계인이 있다고 생각하나요? 블랙홀이나 화이트홀은 어떻게 생각하나요? 우주여행이 가능하다고 생각하시나요? 아바타 같은 영화처럼 새로운 문명이 있다고 생각하나요? 진짜로 화성에 새로운 지구를 만들 수 있다고 생각하나요?\n\n 여러분은 이미 우주에 대한 영화나 책으로 많이 접해보았을 것 같아요. 그리고 10년, 20년 후의 우주에 대해 상상해 본 적이 있을 것 같아요. 우주에 대한 본인의 생각이나 미래의 일들을 자유롭게 작성해주세요.",
    "essay_type": "글짓기",
    "essay_level": "2",
    "essay_len": 818,
    "essay_main_subject": "우주에 대한 나의 생각"
  }
}