{
  "paragraph": [
    {
      "paragraph_txt": "예전에 화성 탐사 로봇 생존기에 관한 다큐멘터리를 본 적이 있습니다.#@문장구분# 스피릿과 오퍼튜니티는 화성을 누비며 활동하고 있는 쌍둥이 화성 탐사로봇인데요.#@문장구분# 두 로봇의 눈을 통해 우리는 1억 6천만 Km 떨어진 외계 세상, 화성을 탐험할 수 있었습니다.#@문장구분# 마치 마법에 걸린 것처럼 실제 현장에 있는 기분이 들만큼 탐사 로봇들은 우리에게 화성의 놀랍고도 새로운 모습들을 보여주었습니다.#@문장구분# 영상에는 로봇과 위성이 촬영한 화성의 실제 풍경이 담겨 있었고 그 영상을 본 순간 절로 감탄이 나왔던 기억이 납니다.#@문장구분# 오퍼튜니티가 첫 사진으로 전송한 건 탐사로봇 앞에 펼쳐진 노출된 암반층이었습니다.#@문장구분# 암반은 화성의 역사를 알려주는 지질학적 단서를 지니고 있으며, 우주 과학계의 궁극적 의문인 외계 생명체의 존재 여부가 밝여질지도 모르는 중요한 조사 대상이었다고 합니다.#@문장구분# 깎아지른 분화구 절벽을 따라 용감하게 이동하며 임무를 수행한 오퍼튜니티.#@문장구분# 이는 수억 달러짜리 탐사로봇을 다른 행성에 보내 절벽 끝에 까치발로 세우는 엄청난 모험이었기에 잠시라도 방심하면 한 순간에 나뒹굴어지는 사태가 벌어지므로 고도의 조종 작업이 필요했다고 합니다.#@문장구분# 화성 탐사 위성이 찍은 빅토리아 분화구의 사진을 보면 로봇의 죽음을 무릎쓴 이동 경로가 나타나는데 이는 곧, 우주 탐사로봇 역사에서 가장 훌륭한 업적의 상징이 되었다고 합니다.#@문장구분# 이들이 그간 전송한 수십만 장의 사진은 화성에 존재했던 물의 역사를 수십 년간 연구할 수 있는 양이었고 앞으로도 탐사로봇은 매일 아침 태양이 전지판을 비추면 잠에서 깨어나 지구로 신호를 보낼 것입니다.#@문장구분# 그 수명이 다할 때까지 말이지요.#@문장구분# 외롭고 무서울 연구를 도와주는 스피릿과 오퍼튜니티의 수명이 언제 다할지 모르는 상황이지만 그들이 오래도록 함께 화성을 여행하고 연구에 도움을 주는 멋진 사진들을 찍어 보내주는 카메라감독이 되어주길 바라봅니다.#@문장구분#",
      "paragraph_len": 1172,
      "paragraph_id": "001"
    }
  ],
  "score": {
    "paragraph_score": [
      {
        "paragraph_scoreT": [
          2.7142856,
          2,
          2.4285715
        ],
        "paragraph_scoreT_detail": {
          "paragraph_scoreT_exp": [
            [
              2,
              3,
              3
            ],
            [
              2,
              2,
              2
            ],
            [
              2,
              3,
              2
            ]
          ]
        },
        "paragraph_scoreT_avg": 2.3809526,
        "paragraph_id": "001"
      }
    ],
    "essay_scoreT": [
      26.02381,
      19.833334,
      25.936508
    ],
    "essay_scoreT_avg": 23.93122,
    "essay_scoreT_detail": {
      "essay_scoreT_org": [
        [
          2,
          2,
          3,
          3
        ],
        [
          2,
          3,
          3,
          3
        ],
        [
          2,
          2,
          2,
          3
        ]
      ],
      "essay_scoreT_cont": [
        [
          3,
          2,
          0,
          3
        ],
        [
          2,
          1,
          0,
          2
        ],
        [
          3,
          3,
          0,
          3
        ]
      ],
      "essay_scoreT_exp": [
        [
          2,
          3,
          3
        ],
        [
          2,
          2,
          2
        ],
        [
          2,
          3,
          2
        ]
      ]
    }
  },
  "student": {
    "date": "2021.12.28",
    "student_educated": true,
    "student_grade": "고등_2학년",
    "location": "063",
    "student_grade_group": "고등",
    "student_reading": 2
  },
  "rubric": {
    "essay_grade": "고등_2학년",
    "organization_weight": {
      "org_paragraph": 3,
      "org": 2,
      "org_essay": 3,
      "org_coherence": 2,
      "org_quantity": 1
    },
    "essay_type": "글짓기",
    "content_weight": {
      "con_clearance": 4,
      "con_novelty": 3,
      "con": 4,
      "con_prompt": 0,
      "con_description": 1
    },
    "essay_main_subject": "우주에 대한 나의 생각",
    "expression_weight": {
      "exp_style": 2,
      "exp_grammar": 2,
      "exp_vocab": 3,
      "exp": 4
    }
  },
  "correction": [],
  "info": {
    "essay_id": "ESSAY_81042",
    "essay_prompt": " 여러분은 '우주'라는 것에 대해 어떻게 생각하나요?\n\n 한 번도 생각해보지 않은 사람도 있을 것이고 평소에 우주의 신비에 대해 궁금해하는 사람도 있을 것 같아요.\n\n '우주'라는 공간은 아직 밝혀진 것도 많이 없고 많은 과학자에게 숙제 같은 곳이랍니다. 많은 SF영화에서는 저명한 우주학자들을 초빙하고 수많은 회의를 기반으로 다양한 해석을 통해 우주를 설명하고는 하지요. 인터스텔라나 마블유니버스의 스토리 처럼요!\n\n 여러분은 외계인이 있다고 생각하나요? 블랙홀이나 화이트홀은 어떻게 생각하나요? 우주여행이 가능하다고 생각하시나요? 아바타 같은 영화처럼 새로운 문명이 있다고 생각하나요? 진짜로 화성에 새로운 지구를 만들 수 있다고 생각하나요?\n\n 여러분은 이미 우주에 대한 영화나 책으로 많이 접해보았을 것 같아요. 그리고 10년, 20년 후의 우주에 대해 상상해 본 적이 있을 것 같아요. 우주에 대한 본인의 생각이나 미래의 일들을 자유롭게 작성해주세요.",
    "essay_type": "글짓기",
    "essay_level": "2",
    "essay_len": 912,
    "essay_main_subject": "우주에 대한 나의 생각"
  }
}