{
  "paragraph": [
    {
      "paragraph_txt": "소중함을 잃어버리는 것은 살아가면서 많이 일어나는데 문제는 나도 모르게 일어난다는 것이다.#@문장구분# 그것을 알려면 익숙하다는 것에 속지 않고 어떤 일이든 그것의 소중함은 잠시라도 생각을 해서 잃어버리지 않아야 한다.#@문장구분# 이렇게 소중함을 잃어버리는 경험은 많이 있는데 그 중 생각이 나는것은 어릴적 휴대폰을 처음 받았을 때 일이다.#@문장구분# 그 당시 휴대폰을 받았을때는 소중히 다뤄야 하겠다는 생각으로 절대 잃어버리거나 깨뜨리지 말아야겠다고 하면서 첫 휴대폰을 사용하였는데 언제부턴가 그 소중함을 잃어버리게 되었다.#@문장구분# 그때는 몰랐지만 지금 와서 생각을 해보니 소중함을 잃었다는 것을 이제 알게되었고 그때의 익숙함 때문에 소중함을 잃어버린 것 같다.#@문장구분# ",
      "paragraph_len": 449,
      "paragraph_id": "001"
    },
    {
      "paragraph_txt": "이게 끝이 아니라 첫 휴대폰을 사용하고 휴대폰을 바꾸고 나서도 이런 일이 일어났다.#@문장구분# 새로운 휴대폰으로 바꿨을 때도 처음엔 소중히 다뤄야 하겠다는 생각하고 또 시간이 지나 익숙함으로 소중함을 잃어버리게되었다.#@문장구분# 이것이 아직까지도 반복하면서 일어나는 것으로 보아 익숙함으로 소중함을 잃는 것은 고칠 수 없는 습관인 것 같다.#@문장구분#",
      "paragraph_len": 238,
      "paragraph_id": "002"
    },
    {
      "paragraph_txt": "이렇게 잃어버린 소중함을 회복하고자 한 적은 많이 없었던 것 같다.#@문장구분# 잃어버린 소중함은 생각해보는 것이 아니면 모르게 지나가기 때문에 이런 경험은 많이 없는 것 같다.#@문장구분# \n회복하고자 한 적은 그래도 한 번 정도는 있는 것 같다.#@문장구분# 그 한 번은 익숙함으로 잃어버렸으니 그 익숙함을 없애려고 해 보았지만 그것은 쉽지 않았다.#@문장구분# \n익숙함을 없앤다고 없애 보았지만 그것은 얼마 못가고 실패하고 말았고 소중함을 회복하고자 다른 방법으로 그 소중함에 대해 생각을 해서 회복은 한 것같지만 큰 영향은 못끼친 것 같다.#@문장구분#",
      "paragraph_len": 378,
      "paragraph_id": "003"
    },
    {
      "paragraph_txt": "사람은 익숙함을 없애지 못해서 소중함을 계속 잃어버릴것 같다.#@문장구분# 그래도 이렇게 소중함을 잃어버리지 않으려고  노력을 해보면 언젠가 큰 도움이 될 것 같기 때문에 계속은 아니여도 한 번씩은 꼭 해 보면 좋을 것 같다.#@문장구분#",
      "paragraph_len": 159,
      "paragraph_id": "004"
    }
  ],
  "score": {
    "paragraph_score": [
      {
        "paragraph_scoreT": [
          2,
          2.8333333,
          3
        ],
        "paragraph_scoreT_detail": {
          "paragraph_scoreT_exp": [
            [
              2,
              2,
              2
            ],
            [
              3,
              3,
              2
            ],
            [
              3,
              3,
              3
            ]
          ]
        },
        "paragraph_scoreT_avg": 2.611111,
        "paragraph_id": "001"
      },
      {
        "paragraph_scoreT": [
          2,
          2.8333333,
          3
        ],
        "paragraph_scoreT_detail": {
          "paragraph_scoreT_exp": [
            [
              2,
              2,
              2
            ],
            [
              3,
              3,
              2
            ],
            [
              3,
              3,
              3
            ]
          ]
        },
        "paragraph_scoreT_avg": 2.611111,
        "paragraph_id": "002"
      },
      {
        "paragraph_scoreT": [
          2,
          2.8333333,
          3
        ],
        "paragraph_scoreT_detail": {
          "paragraph_scoreT_exp": [
            [
              2,
              2,
              2
            ],
            [
              3,
              3,
              2
            ],
            [
              3,
              3,
              3
            ]
          ]
        },
        "paragraph_scoreT_avg": 2.611111,
        "paragraph_id": "003"
      },
      {
        "paragraph_scoreT": [
          2,
          2.8333333,
          3
        ],
        "paragraph_scoreT_detail": {
          "paragraph_scoreT_exp": [
            [
              2,
              2,
              2
            ],
            [
              3,
              3,
              2
            ],
            [
              3,
              3,
              3
            ]
          ]
        },
        "paragraph_scoreT_avg": 2.611111,
        "paragraph_id": "004"
      }
    ],
    "essay_scoreT": [
      20.722221,
      26.444445,
      30
    ],
    "essay_scoreT_avg": 25.722221,
    "essay_scoreT_detail": {
      "essay_scoreT_org": [
        [
          2,
          2,
          2,
          3
        ],
        [
          2,
          3,
          3,
          3
        ],
        [
          3,
          3,
          3,
          3
        ]
      ],
      "essay_scoreT_cont": [
        [
          2,
          2,
          0,
          3
        ],
        [
          3,
          2,
          0,
          2
        ],
        [
          3,
          3,
          0,
          3
        ]
      ],
      "essay_scoreT_exp": [
        [
          2,
          2,
          2
        ],
        [
          3,
          3,
          2
        ],
        [
          3,
          3,
          3
        ]
      ]
    }
  },
  "student": {
    "date": "2021.09.29",
    "student_educated": true,
    "student_grade": "고등_1학년",
    "location": "051",
    "student_grade_group": "고등",
    "student_reading": 1
  },
  "rubric": {
    "essay_grade": "고등_1학년",
    "organization_weight": {
      "org_paragraph": 2,
      "org": 2,
      "org_essay": 4,
      "org_coherence": 2,
      "org_quantity": 1
    },
    "essay_type": "글짓기",
    "content_weight": {
      "con_clearance": 4,
      "con_novelty": 3,
      "con": 4,
      "con_prompt": 0,
      "con_description": 1
    },
    "essay_main_subject": "소중함을 잃었던 경험",
    "expression_weight": {
      "exp_style": 1,
      "exp_grammar": 2,
      "exp_vocab": 3,
      "exp": 4
    }
  },
  "correction": [],
  "info": {
    "essay_id": "ESSAY_35760",
    "essay_prompt": " 익숙함에 속아 소중함을 잊지 말자는 명언 (Do not get fooled by something familiar and forget what is priceless.)이 있습니다.\n\n 부모님께서 매일 해주시는 아침밥이나, 너무 친해서 매일 맛있는 간식을 사주는 친구 등 처음에는 매우 감사했지만 반복되는 호의에 우리는 소중함을 잊어가기도 합니다.\n\n 작은 소중함일지라도 그 소중함을 잃게 되면 호의를 베푸는 사람 입장에서는 매우 당황스럽고 기분이 나쁠 수 있어요.\n\n 여러분은 익숙함에 속아 소중함을 잊었던 사례와 그로 인해 상대방의 기분을 나쁘게 했던 경험이 있나요? 만약 있다면 관계를 회복하기 위해 어떤 노력을 하셨나요? 본인의 경험을 작성해주세요.\n\n 만약 그런 적이 없다면 주변의 이야기나 본인에게 소중함을 주는 사람들에 관해 설명해주세요.",
    "essay_type": "글짓기",
    "essay_level": "2",
    "essay_len": 930,
    "essay_main_subject": "소중함을 잃었던 경험"
  }
}