{
  "paragraph": [
    {
      "paragraph_txt": "여름의 밤하늘을 가로지르는 별들의 강, 은하수. #@문장구분#코 끝이 시려오는 추운 아이슬란드에 가서 이 은하수를 보는게 제 평생의 로망입니다. #@문장구분#우리나라의 견우직녀 동화에서 서로 사랑하는 두 주인공을 갈라놓은 강으로 잘 알려져 있는 은하수는 1610년 갈릴레오 갈릴레이가 최초로 망원경으로 관측했습니다.#@문장구분# 또한 수많은 별의 집단이라는 것도 알아냈습니다.#@문장구분# 우주에는 우리 은하 뿐만 아니라 다양한 외부은하들이 많이 존재합니다.#@문장구분# 그 중 가장 대표적인 은하는 우리 은하로부터 가장 가까운 안드로메다은하입니다. #@문장구분#처음에 사람들은 안드로메다 은하가 별의 작은 집단인 성운일 것이라 생각하여 안드로메다 성운이라 불렀다고 합니다. #@문장구분#에드윈 허블이 월슨산에 설치된 망원경을 이용해 안드로메다성운이 가스와 먼지로만 이루어진 것이 아니라 별들이 모여 이루어진 것을 확인함으로써 성운이 아니라 은하계 밖의 외부은하라고 인식하게 된 것이죠.#@문장구분# 하지만 현재에는 은하를 연구하여 우주 팽창을 알아내는 등 많은 연구결과가 나타나며 아직 연구해야 할 과제가 많이 남은 신비로운 은하임을 알려주고 있습니다.#@문장구분# 제가 은하수에 관심이 간 건 전시회에 들러 사진작품을 감상하다 우연히 아이슬란드의 은하수 사진을 보게 되었을 때입니다. #@문장구분#두꺼운 옷을 입고 팔짱을 낀 사람들의 어깨 너머로 보이는 은하수는 정말 아름다웠습니다.#@문장구분# 제가 한적한 시골에서 본 별들과는 차원이 다르게 반짝이는 하늘이 너무 신기하고 아름다워 이후 은하수에 관심을 가지게 되었고 직접 제 눈으로 관찰하는 날이 오기까지 사진과 영상을 통해 은하수에 대한 반짝임을 마음 속에 간직하고 있답니다.",
      "paragraph_len": 1002,
      "paragraph_id": "001"
    }
  ],
  "score": {
    "paragraph_score": [
      {
        "paragraph_scoreT": [
          1.7142857,
          2,
          2
        ],
        "paragraph_scoreT_detail": {
          "paragraph_scoreT_exp": [
            [
              1,
              2,
              2
            ],
            [
              2,
              2,
              2
            ],
            [
              2,
              2,
              2
            ]
          ]
        },
        "paragraph_scoreT_avg": 1.9047619,
        "paragraph_id": "001"
      }
    ],
    "essay_scoreT": [
      14.468254,
      24.444445,
      24.88889
    ],
    "essay_scoreT_avg": 21.267195,
    "essay_scoreT_detail": {
      "essay_scoreT_org": [
        [
          1,
          2,
          1,
          3
        ],
        [
          2,
          2,
          3,
          2
        ],
        [
          2,
          3,
          2,
          3
        ]
      ],
      "essay_scoreT_cont": [
        [
          1,
          1,
          0,
          2
        ],
        [
          3,
          3,
          0,
          3
        ],
        [
          3,
          3,
          0,
          3
        ]
      ],
      "essay_scoreT_exp": [
        [
          1,
          2,
          2
        ],
        [
          2,
          2,
          2
        ],
        [
          2,
          2,
          2
        ]
      ]
    }
  },
  "student": {
    "date": "2021.12.28",
    "student_educated": true,
    "student_grade": "고등_2학년",
    "location": "063",
    "student_grade_group": "고등",
    "student_reading": 2
  },
  "rubric": {
    "essay_grade": "고등_2학년",
    "organization_weight": {
      "org_paragraph": 3,
      "org": 2,
      "org_essay": 3,
      "org_coherence": 2,
      "org_quantity": 1
    },
    "essay_type": "글짓기",
    "content_weight": {
      "con_clearance": 4,
      "con_novelty": 3,
      "con": 4,
      "con_prompt": 0,
      "con_description": 1
    },
    "essay_main_subject": "우주에 대한 나의 생각",
    "expression_weight": {
      "exp_style": 2,
      "exp_grammar": 2,
      "exp_vocab": 3,
      "exp": 4
    }
  },
  "correction": [],
  "info": {
    "essay_id": "ESSAY_81036",
    "essay_prompt": " 여러분은 '우주'라는 것에 대해 어떻게 생각하나요?\n\n 한 번도 생각해보지 않은 사람도 있을 것이고 평소에 우주의 신비에 대해 궁금해하는 사람도 있을 것 같아요.\n\n '우주'라는 공간은 아직 밝혀진 것도 많이 없고 많은 과학자에게 숙제 같은 곳이랍니다. 많은 SF영화에서는 저명한 우주학자들을 초빙하고 수많은 회의를 기반으로 다양한 해석을 통해 우주를 설명하고는 하지요. 인터스텔라나 마블유니버스의 스토리 처럼요!\n\n 여러분은 외계인이 있다고 생각하나요? 블랙홀이나 화이트홀은 어떻게 생각하나요? 우주여행이 가능하다고 생각하시나요? 아바타 같은 영화처럼 새로운 문명이 있다고 생각하나요? 진짜로 화성에 새로운 지구를 만들 수 있다고 생각하나요?\n\n 여러분은 이미 우주에 대한 영화나 책으로 많이 접해보았을 것 같아요. 그리고 10년, 20년 후의 우주에 대해 상상해 본 적이 있을 것 같아요. 우주에 대한 본인의 생각이나 미래의 일들을 자유롭게 작성해주세요.",
    "essay_type": "글짓기",
    "essay_level": "2",
    "essay_len": 782,
    "essay_main_subject": "우주에 대한 나의 생각"
  }
}