{
  "paragraph": [
    {
      "paragraph_txt": "우주란 무엇이고 우주에는 어떤 사람이 살고있을까? #@문장구분#우주에는 어떠한 사실들이 있을까?#@문장구분# 너무나도 궁금한  나는 우주에관해 조사하다보니 우주에 관한 신기한 사실 4가지 사실을 보게 되었다#@문장구분# 첫 번째, 우주에선 탄 냄새 소독약 냄새 때로는 쓰레기 냄새가 난다고 한다 #@문장구분#나는 이이야기를 듣고 정말로 우주에선 그런 냄새가 날까? #@문장구분#라는 생각이 들며 나도 우주에 가서 우주의 냄새를 한번 맡아보고 싶다라는 생각이 들었다 #@문장구분#두번째 우주는 위 아래가 없고 중심도 없다#@문장구분# 나는 이말이 정말 신기했다 #@문장구분#정말 우주에는 위 아래 중심이 없을까?#@문장구분# 우주는 정말 무 의 공간 인걸까 #@문장구분#너무나도 신기해졌고 우주에 가보고 싶다는 생각이 더욱 들었다#@문장구분# 세번째 1977년 먼 우주로 부터 72초 동안 어떤 신호를 받았는데 아직 그 출처를 알 수가 없다#@문장구분# 나는 이 이야기를 듣고 정말 그 신호는 어떤 신호였을까? #@문장구분#과거에 우주에 갔다가 지구로 못돌아온 사람이 살려달라는 신호를 보낸것일끼?#@문장구분# 아님 외계인이 지구에 대해 조사하기 위해서 지구에게 신호를 보낸것일끼?#@문장구분# 라는 생각이들며 우주가 점점 무서워 지기 시작했다 #@문장구분#세번째 우주에는 1초마다 와인 500병 양의 알코올을 내뿜는 러브조이 라는 혜성이 있다#@문장구분# 나는 이 이야기를 듣고 이 혜성의 이름이 이쁘다고 생각하기도 했고 알코올을 내뿜는 다는게 정말 신기했다#@문장구분# 네번째 1969년 아폴로 10호는 탐사 도중 달의 뒷 면에서 정체불명의 음악소리를 포착했다 #@문장구분#나는 이 이야기를 듣고 달의 뒷면에 대해 궁금해지기 시작했고 달의 뒷면에는 외계인이 살고 있나? #@문장구분#라는 생각이 들었다 #@문장구분#이렇게 우주에관한 4가지 사실들을 조사하며 우주가 무서워지기도 했고 우주에 한번 가보고 싶다는 생각이 들었다",
      "paragraph_len": 1238,
      "paragraph_id": "001"
    }
  ],
  "score": {
    "paragraph_score": [
      {
        "paragraph_scoreT": [
          3,
          3,
          3
        ],
        "paragraph_scoreT_detail": {
          "paragraph_scoreT_exp": [
            [
              3,
              3,
              3
            ],
            [
              3,
              3,
              3
            ],
            [
              3,
              3,
              3
            ]
          ]
        },
        "paragraph_scoreT_avg": 3,
        "paragraph_id": "001"
      }
    ],
    "essay_scoreT": [
      29.333334,
      28.277779,
      26.666666
    ],
    "essay_scoreT_avg": 28.092592,
    "essay_scoreT_detail": {
      "essay_scoreT_org": [
        [
          3,
          2,
          3,
          3
        ],
        [
          3,
          3,
          3,
          2
        ],
        [
          2,
          2,
          3,
          3
        ]
      ],
      "essay_scoreT_cont": [
        [
          3,
          3,
          0,
          3
        ],
        [
          3,
          2,
          0,
          3
        ],
        [
          3,
          2,
          0,
          2
        ]
      ],
      "essay_scoreT_exp": [
        [
          3,
          3,
          3
        ],
        [
          3,
          3,
          3
        ],
        [
          3,
          3,
          3
        ]
      ]
    }
  },
  "student": {
    "date": "2021.12.22",
    "student_educated": true,
    "student_grade": "고등_2학년",
    "location": "063",
    "student_grade_group": "고등",
    "student_reading": 2
  },
  "rubric": {
    "essay_grade": "고등_2학년",
    "organization_weight": {
      "org_paragraph": 3,
      "org": 2,
      "org_essay": 3,
      "org_coherence": 2,
      "org_quantity": 1
    },
    "essay_type": "글짓기",
    "content_weight": {
      "con_clearance": 4,
      "con_novelty": 3,
      "con": 4,
      "con_prompt": 0,
      "con_description": 1
    },
    "essay_main_subject": "우주에 대한 나의 생각",
    "expression_weight": {
      "exp_style": 2,
      "exp_grammar": 2,
      "exp_vocab": 3,
      "exp": 4
    }
  },
  "correction": [],
  "info": {
    "essay_id": "ESSAY_79445",
    "essay_prompt": " 여러분은 '우주'라는 것에 대해 어떻게 생각하나요?\n\n 한 번도 생각해보지 않은 사람도 있을 것이고 평소에 우주의 신비에 대해 궁금해하는 사람도 있을 것 같아요.\n\n '우주'라는 공간은 아직 밝혀진 것도 많이 없고 많은 과학자에게 숙제 같은 곳이랍니다. 많은 SF영화에서는 저명한 우주학자들을 초빙하고 수많은 회의를 기반으로 다양한 해석을 통해 우주를 설명하고는 하지요. 인터스텔라나 마블유니버스의 스토리 처럼요!\n\n 여러분은 외계인이 있다고 생각하나요? 블랙홀이나 화이트홀은 어떻게 생각하나요? 우주여행이 가능하다고 생각하시나요? 아바타 같은 영화처럼 새로운 문명이 있다고 생각하나요? 진짜로 화성에 새로운 지구를 만들 수 있다고 생각하나요?\n\n 여러분은 이미 우주에 대한 영화나 책으로 많이 접해보았을 것 같아요. 그리고 10년, 20년 후의 우주에 대해 상상해 본 적이 있을 것 같아요. 우주에 대한 본인의 생각이나 미래의 일들을 자유롭게 작성해주세요.",
    "essay_type": "글짓기",
    "essay_level": "2",
    "essay_len": 818,
    "essay_main_subject": "우주에 대한 나의 생각"
  }
}