{
  "paragraph": [
    {
      "paragraph_txt": "제 2의 지구를 찾아 머나먼 우주 저편을 향해 떠나는 영화 '인터스텔라'처럼, 인류의 새로운 보금자리를 찾아가는 여정이 과연 현실이 될 수 있을까? 하는 생각을 자주 하곤 합니다.#@문장구분# 예전부터 제 2의 지구라 불린 화성을 두고 미래에는 화성으로 여행을 다닐 것이라는 이야기를 누구나 한 번 쯤 들어보셨을거라 생각합니다.#@문장구분# 화성은 물론 지금 당장 생명체들이 거주할 수 있는 환경은 아니지만, 현재 태양계에 있는 행성들 중에서는 가장 지구와 닮아있습니다.#@문장구분# 우선 화성의 하루는 지구와 흡사한 24시간 40분입니다.#@문장구분# 그리고 지구와 비슷한 자전축을 지녔으며 극지방과 지하에 얼음의 형태로 물이 존재한다는 점도 지구와 닮은 점이라고 할 수 있습니다.#@문장구분# 특히 물의 존재는 NASA의 연구를 통해 밝혀낸 사실이라 화성의 효용 가치를 더욱 높여주고 있답니다.#@문장구분# 비록 발견된 물이 얼음 형태이기는 하지만, 액체 상태의 물이 존재할 가능성도 높아진 만큼 향후 화성 개척에 많은 도움을 줄 것으로 기대를 모으고 있지요.#@문장구분# 반면에 크기가 지구의 반 밖에 되지 않고 중력도 1/3정도에 불과하기 때문에 전체 대기밀도는 지구의 1%도 안된다고 합니다.#@문장구분# 그나마 존재하는 대기도 이산화탄소가 96%를 차지하고 있기 때문에 지구상의 생명체는 화성에서 생존하기 어렵다고 합니다.#@문장구분# 그러나 화성의 특징을 모두 알고있고 기술이 발전함에 따라 화성에서 인류가 거주할 수 있는 공간을 만드는 단기적인 방법을 선택하거나, 자연 환경 자체를 개조하는 장기적인 방법을 추진하여 인간을 화성으로 이주시켜 제 2의 지구로 만들거나 화성을 관광지로 개발하겠다는 의견이 나올 수 있는 것이죠.#@문장구분# 저는 전자의 단기적인 방법은 가능성이 있다고 생각합니다.#@문장구분# 물론 위험성과 오랜 기간, 엄청나게 발전해야할 기술력이 동반되겠지만 언젠가 가능한 일이 되지 않을까 싶습니다.#@문장구분# 참으로 신비롭고 기대되는 일인 것 같습니다.#@문장구분#",
      "paragraph_len": 1177,
      "paragraph_id": "001"
    }
  ],
  "score": {
    "paragraph_score": [
      {
        "paragraph_scoreT": [
          2.4285715,
          2.2857144,
          2
        ],
        "paragraph_scoreT_detail": {
          "paragraph_scoreT_exp": [
            [
              2,
              3,
              2
            ],
            [
              2,
              2,
              3
            ],
            [
              2,
              2,
              2
            ]
          ]
        },
        "paragraph_scoreT_avg": 2.2380953,
        "paragraph_id": "001"
      }
    ],
    "essay_scoreT": [
      26.214287,
      25.142857,
      24.88889
    ],
    "essay_scoreT_avg": 25.415344,
    "essay_scoreT_detail": {
      "essay_scoreT_org": [
        [
          3,
          3,
          3,
          3
        ],
        [
          3,
          3,
          3,
          3
        ],
        [
          3,
          2,
          2,
          3
        ]
      ],
      "essay_scoreT_cont": [
        [
          3,
          2,
          0,
          3
        ],
        [
          3,
          2,
          0,
          2
        ],
        [
          3,
          3,
          0,
          3
        ]
      ],
      "essay_scoreT_exp": [
        [
          2,
          3,
          2
        ],
        [
          2,
          2,
          3
        ],
        [
          2,
          2,
          2
        ]
      ]
    }
  },
  "student": {
    "date": "2021.12.28",
    "student_educated": true,
    "student_grade": "고등_2학년",
    "location": "063",
    "student_grade_group": "고등",
    "student_reading": 2
  },
  "rubric": {
    "essay_grade": "고등_2학년",
    "organization_weight": {
      "org_paragraph": 3,
      "org": 2,
      "org_essay": 3,
      "org_coherence": 2,
      "org_quantity": 1
    },
    "essay_type": "글짓기",
    "content_weight": {
      "con_clearance": 4,
      "con_novelty": 3,
      "con": 4,
      "con_prompt": 0,
      "con_description": 1
    },
    "essay_main_subject": "우주에 대한 나의 생각",
    "expression_weight": {
      "exp_style": 2,
      "exp_grammar": 2,
      "exp_vocab": 3,
      "exp": 4
    }
  },
  "correction": [],
  "info": {
    "essay_id": "ESSAY_81039",
    "essay_prompt": " 여러분은 '우주'라는 것에 대해 어떻게 생각하나요?\n\n 한 번도 생각해보지 않은 사람도 있을 것이고 평소에 우주의 신비에 대해 궁금해하는 사람도 있을 것 같아요.\n\n '우주'라는 공간은 아직 밝혀진 것도 많이 없고 많은 과학자에게 숙제 같은 곳이랍니다. 많은 SF영화에서는 저명한 우주학자들을 초빙하고 수많은 회의를 기반으로 다양한 해석을 통해 우주를 설명하고는 하지요. 인터스텔라나 마블유니버스의 스토리 처럼요!\n\n 여러분은 외계인이 있다고 생각하나요? 블랙홀이나 화이트홀은 어떻게 생각하나요? 우주여행이 가능하다고 생각하시나요? 아바타 같은 영화처럼 새로운 문명이 있다고 생각하나요? 진짜로 화성에 새로운 지구를 만들 수 있다고 생각하나요?\n\n 여러분은 이미 우주에 대한 영화나 책으로 많이 접해보았을 것 같아요. 그리고 10년, 20년 후의 우주에 대해 상상해 본 적이 있을 것 같아요. 우주에 대한 본인의 생각이나 미래의 일들을 자유롭게 작성해주세요.",
    "essay_type": "글짓기",
    "essay_level": "2",
    "essay_len": 918,
    "essay_main_subject": "우주에 대한 나의 생각"
  }
}