{
  "paragraph": [
    {
      "paragraph_txt": "나는 어렸을 때부터 우주에 대해 많은 기대와 상상을 가지고 살았다.#@문장구분# 어렸을 때 만화나 영화를 보면 종종 아바타와 같은 새로운 운명이나 외계인들이 자주 등장했다. #@문장구분#지금 다시 생각해 보면 우리와 같은 다른 별에는 새로운 문명이 있을 것 같다. #@문장구분#심지어 많을 것 같다. #@문장구분#우리도 넓고 넓은 우주 안에 티클만 한 지구에 사는데 과연 이 넓은 우주 안에 우리만 살까?#@문장구분#라는 생각이 든다. #@문장구분#그리고 문명이었다면 분명 거기에 다른 새로운 외계인이 징그러운 해골 모양이든 팔이 없고 날개가 있든 다리 대신 뱀처럼 꼬리가 있든 아니면 완전 우리처럼 똑같이 생겼든 일단 살아있는 생물체는 있을 것 같다. #@문장구분#보통 외국에서 UFO나 외계인을 발견했다는 글이나 영상들이 많다. #@문장구분#난 그런 것들을 보면 진짜 외계인은 존재한다고 믿는다. #@문장구분#우주는 우리의 상상 이상으로 넓기 때문이다.#@문장구분# 그리고 난 가끔 블랙홀에 빨려 들어가는 상상도 한다. #@문장구분#사람들은 보통 블랙홀 안에는 다른 평행 세계가 있다고 말하곤 한다. #@문장구분#아니면 완전히 다른 공간, 아무것도 없는 텅텅 비인 검은 공간 같은 곳 말이다.#@문장구분# 우리나라가 60년 만에 이렇게 빠르게 성장했고 전 세계가 엄청 빠른 속도로 성장하고 있는데 30년 뒤엔 자동차에 로켓 기능이 달려서 사람들이 자유롭게 우주와 지구를 넘나드는 날이 오지 않을까 싶다.#@문장구분# 그럼 화성에도 자주 가게 되고 화성은 사람이 지구에 살다가 지구가 질리거나, 지구가 아파서 더 이상 살지 못하게 됐을 때 사용 가능한 제2의 지구로 쓰이고 있을 것 같다. #@문장구분#한 100년 뒤쯤엔 로켓 비슷한 것을 타고 블랙홀을 넘나들 수 있을 것이라고 감히 예상해 본다. #@문장구분#그때쯤엔 우주에 있는 다른 생명체 친구들과 소통은 할 수 있지 않을까 하는, 아니면 다른 생명체가 지구에 놀러 오는 그런 상상이나 소망을 해본다.#@문장구분# 이처럼 우리는 우주에 대해 모르는 게 많고 아직 모든 것이 상상에 불과하다. #@문장구분#하지만 나는 우주를 여행할 날이 멀지 않았다고 생각한다. #@문장구분#우리 모두 우주여행을 자유롭게 다닐 그날까지 우주에 대해 많은 관심을 가지자.",
      "paragraph_len": 1371,
      "paragraph_id": "001"
    }
  ],
  "score": {
    "paragraph_score": [
      {
        "paragraph_scoreT": [
          3,
          3,
          3
        ],
        "paragraph_scoreT_detail": {
          "paragraph_scoreT_exp": [
            [
              3,
              3,
              3
            ],
            [
              3,
              3,
              3
            ],
            [
              3,
              3,
              3
            ]
          ]
        },
        "paragraph_scoreT_avg": 3,
        "paragraph_id": "001"
      }
    ],
    "essay_scoreT": [
      30,
      30,
      27.333334
    ],
    "essay_scoreT_avg": 29.111113,
    "essay_scoreT_detail": {
      "essay_scoreT_org": [
        [
          3,
          3,
          3,
          3
        ],
        [
          3,
          3,
          3,
          3
        ],
        [
          3,
          2,
          3,
          3
        ]
      ],
      "essay_scoreT_cont": [
        [
          3,
          3,
          0,
          3
        ],
        [
          3,
          3,
          0,
          3
        ],
        [
          3,
          2,
          0,
          2
        ]
      ],
      "essay_scoreT_exp": [
        [
          3,
          3,
          3
        ],
        [
          3,
          3,
          3
        ],
        [
          3,
          3,
          3
        ]
      ]
    }
  },
  "student": {
    "date": "2021.12.24",
    "student_educated": true,
    "student_grade": "고등_2학년",
    "location": "063",
    "student_grade_group": "고등",
    "student_reading": 2
  },
  "rubric": {
    "essay_grade": "고등_2학년",
    "organization_weight": {
      "org_paragraph": 3,
      "org": 2,
      "org_essay": 3,
      "org_coherence": 2,
      "org_quantity": 1
    },
    "essay_type": "글짓기",
    "content_weight": {
      "con_clearance": 4,
      "con_novelty": 3,
      "con": 4,
      "con_prompt": 0,
      "con_description": 1
    },
    "essay_main_subject": "우주에 대한 나의 생각",
    "expression_weight": {
      "exp_style": 2,
      "exp_grammar": 2,
      "exp_vocab": 3,
      "exp": 4
    }
  },
  "correction": [],
  "info": {
    "essay_id": "ESSAY_79447",
    "essay_prompt": " 여러분은 '우주'라는 것에 대해 어떻게 생각하나요?\n\n 한 번도 생각해보지 않은 사람도 있을 것이고 평소에 우주의 신비에 대해 궁금해하는 사람도 있을 것 같아요.\n\n '우주'라는 공간은 아직 밝혀진 것도 많이 없고 많은 과학자에게 숙제 같은 곳이랍니다. 많은 SF영화에서는 저명한 우주학자들을 초빙하고 수많은 회의를 기반으로 다양한 해석을 통해 우주를 설명하고는 하지요. 인터스텔라나 마블유니버스의 스토리 처럼요!\n\n 여러분은 외계인이 있다고 생각하나요? 블랙홀이나 화이트홀은 어떻게 생각하나요? 우주여행이 가능하다고 생각하시나요? 아바타 같은 영화처럼 새로운 문명이 있다고 생각하나요? 진짜로 화성에 새로운 지구를 만들 수 있다고 생각하나요?\n\n 여러분은 이미 우주에 대한 영화나 책으로 많이 접해보았을 것 같아요. 그리고 10년, 20년 후의 우주에 대해 상상해 본 적이 있을 것 같아요. 우주에 대한 본인의 생각이나 미래의 일들을 자유롭게 작성해주세요.",
    "essay_type": "글짓기",
    "essay_level": "2",
    "essay_len": 993,
    "essay_main_subject": "우주에 대한 나의 생각"
  }
}