{
  "paragraph": [
    {
      "paragraph_txt": "내게 소중한 것은 나이가 더해질때 마다 가치관이 바뀌면서 달라지던것 같다.#@문장구분# 초등학교를 다닐때만 해도 친구의 수가 내게 가장 중요한 것 이었다.#@문장구분# 하지만 중학교를 들어가고 그건 아무런 부질이 없단것을 깨달았다.#@문장구분# 내가 이걸 깨닫고 난 후 인간관계가 훨씬 더 부드러워졌다.#@문장구분# 중학교때 이것을 깨닫고 난후 나는 '진짜친구' 가 가장 중요했다.#@문장구분# 진짜 친구야 말로 평생 가겠구나. 라고 생각했었다.#@문장구분# 하지만 '진짜친구' 를 만든는것은 무엇보다 어려웠다.#@문장구분# 그리고 마침내 고등학교까지 왔다.#@문장구분# '진짜친구'는 고등학교 올라와서 만난적이 없다.#@문장구분# 중학교 다닐때만 해도 이 친구들이 내 곁에 있는것이 당연했지만, 사는곳이 다르니 만날 수가 없는것이 매우 아쉽다.#@문장구분# 주말에 컴퓨터 애플리케이션으로 대화를 하며 놀곤 한다.#@문장구분# 하지만 이것만으로는 매우 아쉽다.#@문장구분# 솔직히 코로나만 아니었으면 시내에 나가서 친구들과 원없이 놀았을 것이다.#@문장구분# 함께 운동도 하고 게임도 할 것이다.#@문장구분# 요즘은 시험기간이어서 온라인으로도 만나지 못하고 있다.#@문장구분# 그렇기에 시간을 조금이라도 내서 함께 만나도록 노력하고 있다.#@문장구분# 노트북을 삼 으로써 공간의 제약도 없어졌다.#@문장구분# 잘 된 일이다.#@문장구분# 개인의 노력으로 소중한 것을 회복하긴 매우 힘들다고 생각한다.#@문장구분# 그러므로 '진짜친구' 를 많이 만들어 둬야힌다.#@문장구분# 여럿이 있다면 어려움을 헤쳐나가기에 훨씬 수월하다고 생각한다.#@문장구분# 고등학교를 올라와서 친구들을 만들며 '진짜친구'의 소중함을 다시한번 깨닫는 중이다.#@문장구분#",
      "paragraph_len": 1150,
      "paragraph_id": "001"
    }
  ],
  "score": {
    "paragraph_score": [
      {
        "paragraph_scoreT": [
          2,
          2.8333333,
          3
        ],
        "paragraph_scoreT_detail": {
          "paragraph_scoreT_exp": [
            [
              2,
              2,
              2
            ],
            [
              3,
              3,
              2
            ],
            [
              3,
              3,
              3
            ]
          ]
        },
        "paragraph_scoreT_avg": 2.611111,
        "paragraph_id": "001"
      }
    ],
    "essay_scoreT": [
      20,
      26,
      26.5
    ],
    "essay_scoreT_avg": 24.166666,
    "essay_scoreT_detail": {
      "essay_scoreT_org": [
        [
          2,
          2,
          2,
          2
        ],
        [
          2,
          2,
          3,
          3
        ],
        [
          3,
          3,
          3,
          3
        ]
      ],
      "essay_scoreT_cont": [
        [
          2,
          2,
          0,
          2
        ],
        [
          3,
          2,
          0,
          2
        ],
        [
          2,
          2,
          0,
          3
        ]
      ],
      "essay_scoreT_exp": [
        [
          2,
          2,
          2
        ],
        [
          3,
          3,
          2
        ],
        [
          3,
          3,
          3
        ]
      ]
    }
  },
  "student": {
    "date": "2021.09.29",
    "student_educated": true,
    "student_grade": "고등_1학년",
    "location": "051",
    "student_grade_group": "고등",
    "student_reading": 3
  },
  "rubric": {
    "essay_grade": "고등_1학년",
    "organization_weight": {
      "org_paragraph": 2,
      "org": 2,
      "org_essay": 4,
      "org_coherence": 2,
      "org_quantity": 1
    },
    "essay_type": "글짓기",
    "content_weight": {
      "con_clearance": 4,
      "con_novelty": 3,
      "con": 4,
      "con_prompt": 0,
      "con_description": 1
    },
    "essay_main_subject": "소중함을 잃었던 경험",
    "expression_weight": {
      "exp_style": 1,
      "exp_grammar": 2,
      "exp_vocab": 3,
      "exp": 4
    }
  },
  "correction": [],
  "info": {
    "essay_id": "ESSAY_35756",
    "essay_prompt": " 익숙함에 속아 소중함을 잊지 말자는 명언 (Do not get fooled by something familiar and forget what is priceless.)이 있습니다.\n\n 부모님께서 매일 해주시는 아침밥이나, 너무 친해서 매일 맛있는 간식을 사주는 친구 등 처음에는 매우 감사했지만 반복되는 호의에 우리는 소중함을 잊어가기도 합니다.\n\n 작은 소중함일지라도 그 소중함을 잃게 되면 호의를 베푸는 사람 입장에서는 매우 당황스럽고 기분이 나쁠 수 있어요.\n\n 여러분은 익숙함에 속아 소중함을 잊었던 사례와 그로 인해 상대방의 기분을 나쁘게 했던 경험이 있나요? 만약 있다면 관계를 회복하기 위해 어떤 노력을 하셨나요? 본인의 경험을 작성해주세요.\n\n 만약 그런 적이 없다면 주변의 이야기나 본인에게 소중함을 주는 사람들에 관해 설명해주세요.",
    "essay_type": "글짓기",
    "essay_level": "2",
    "essay_len": 711,
    "essay_main_subject": "소중함을 잃었던 경험"
  }
}