{
  "paragraph": [
    {
      "paragraph_txt": "나는 딱히 롤모델이 없었다.#@문장구분# 그런데 한권의 에세이를 읽었고 에세이의 주인공, 코요태의 빽가가 나의 롤모델이 되었다.#@문장구분# 그는 옛날 가수이다.#@문장구분# 나는 그에 대해 무관심 했다.#@문장구분# 하지만 그의 에세이를 읽고 그를 닮고 싶고 그처럼 살고 싶고 코요태의 빽가가 아닌 사진작가 백성현을 닮고 싶어졌다.#@문장구분# 그는 사진을 좋아해서 사진부에 들어갔다.#@문장구분# 좋아하는 것을 모두하면서 살수 없다고 한다.#@문장구분# 내가 좋아하는 것을 위해서는 노력이 필요하다.#@문장구분# 그에게도 시련이 생긴다.#@문장구분# 사진부가 있는 고등학교에 진학했으나 등교에 2시간 걸리는 거리였다.#@문장구분# 졸업후 대학진학을 위해 원하는 학교와 학과에 합격하였으나 집안형편이 어려워 진학을 포기하고 가지고 있던 카메라마져 팔아야 될 정도로 힘든 상황이 왔다고 한다.#@문장구분# 그래서 백댄서로 활동하다가 코요태라는 가수로 데뷔를 한다.#@문장구분# 그리고 경제적으로 안정될 무렵 다시 사진을 찍기 시작했다.#@문장구분# 신익작가로 전시회도 하고 패션잡지에 사진이 실리기도 하였다.#@문장구분# 그런데 그가 사진일을 하던중 도둑이 들어 그의 장비를 모두 도둑맞는다.#@문장구분# 그는 카메라를 빌려서 다시 사진을 시작하였다.#@문장구분# 뿐만아니라 그는 뇌종양에 걸린다.#@문장구분# 그는 수술전 \"사진은 찍을수 있게 한쪽 눈과 오른쪽 검지 손가락만은 제발 남겨달라고\" 기도했다고 한다.#@문장구분# 그리고 그는 다시 카메라를 들었고 사진 클래스를 운영한다.#@문장구분# 집안형편이 어려워 사진을 배울수 없는 사람들을 위한 사진교실을 운영한다.#@문장구분# 자신과 같은 처지로 사진을 포기해야하는 또다른 백성현을 위한 그의 재능기부인 것이다.#@문장구분# 그리고 많은 사람들이 그의 클래스를 통해 희망을 얻었다.#@문장구분# 사진에 있어서 이사람은 정말 진심을 가지고 최선을 다한다.#@문장구분# 그래서 그를 닮고 싶다.#@문장구분# 좋아하는 일을 하기 위해 절대 포기 하지 않는 것과 진정으로 좋아하는 일을 마음껏 할 수 있을 때 그것을 좋아하는 사람들에게 다시 베푸는 그의 모든 것을 닮고 싶다.",
      "paragraph_len": 1390,
      "paragraph_id": "001"
    }
  ],
  "score": {
    "paragraph_score": [
      {
        "paragraph_scoreT": [
          3,
          3,
          3
        ],
        "paragraph_scoreT_detail": {
          "paragraph_scoreT_exp": [
            [
              3,
              3,
              3
            ],
            [
              3,
              3,
              3
            ],
            [
              3,
              3,
              3
            ]
          ]
        },
        "paragraph_scoreT_avg": 3,
        "paragraph_id": "001"
      }
    ],
    "essay_scoreT": [
      30,
      30,
      30
    ],
    "essay_scoreT_avg": 30,
    "essay_scoreT_detail": {
      "essay_scoreT_org": [
        [
          3,
          3,
          3,
          3
        ],
        [
          3,
          3,
          3,
          3
        ],
        [
          3,
          3,
          3,
          3
        ]
      ],
      "essay_scoreT_cont": [
        [
          3,
          3,
          0,
          3
        ],
        [
          3,
          3,
          0,
          3
        ],
        [
          3,
          3,
          0,
          3
        ]
      ],
      "essay_scoreT_exp": [
        [
          3,
          3,
          3
        ],
        [
          3,
          3,
          3
        ],
        [
          3,
          3,
          3
        ]
      ]
    }
  },
  "student": {
    "date": "2021.11.17",
    "student_educated": true,
    "student_grade": "고등_3학년",
    "location": "063",
    "student_grade_group": "고등",
    "student_reading": 1
  },
  "rubric": {
    "essay_grade": "고등_3학년",
    "organization_weight": {
      "org_paragraph": 3,
      "org": 2,
      "org_essay": 3,
      "org_coherence": 2,
      "org_quantity": 1
    },
    "essay_type": "설명글",
    "content_weight": {
      "con_clearance": 4,
      "con_novelty": 3,
      "con": 4,
      "con_prompt": 0,
      "con_description": 1
    },
    "essay_main_subject": "나의 위인전",
    "expression_weight": {
      "exp_style": 2,
      "exp_grammar": 2,
      "exp_vocab": 3,
      "exp": 4
    }
  },
  "correction": [],
  "info": {
    "essay_id": "ESSAY_45983",
    "essay_prompt": " 요즘은 책을 통해서뿐만 아니라 유튜브, 강의와 같이 다양한 매체를 통해 자신만의 롤모델을 찾을 수 있습니다.\n\n 여러분도 자신만의 롤모델이 있을 것 같은데요. 자신의 롤모델인 인물처럼 되었다고 생각하고 나만의 위인전을 작성해보세요. 본인이 그 사람이 되었다고 생각하고 작성해도 좋고, 제 3자의 입장에서 바라보는 형식으로 작성해도 좋아요.\n\n 나의 롤모델은 목표를 이루기 위해 어떤 노력을 했을지, 어떤 행운이 있었을지, 목표를 이루고 난 다음에 어떤 기분이 들었을지 마음 껏 상상해보시고 작성해주세요.",
    "essay_type": "글짓기",
    "essay_level": "2",
    "essay_len": 910,
    "essay_main_subject": "나의 위인전"
  }
}