{
  "paragraph": [
    {
      "paragraph_txt": "파란 하늘, 붉은 하늘, 구름이 많이 낀 하늘, 핑크색을 머금은 하늘, 비가 온 직후의 하늘, 황혼의 하늘. 제가 취미로 찍은 하늘들입니다. #@문장구분#하늘 뿐만 아니라 동물, 친구, 선생님 등 평소에도 사진을 정말 많이 찍습니다.#@문장구분# 그 날의 분위기와 기억을 담아내는 사진이 저는 정말 매력적이라고 생각합니다.#@문장구분# 그렇기에 미래에도 계속 사진을 찍는 사람이 되고 싶습니다.#@문장구분# 사진 속 행복이 담기는 것을 정말 좋아하는데, 그 사진을 보면서 행복했던 기억을 쉽게 불러낼 수 있고, 그떄의 기억으로 현재도 행복해할 수 있기 때문입니다. #@문장구분#이러한 제 경험을 바탕으로 행복을 기억하는 사진을 찍어주는 사진가가 되고 싶습니다. #@문장구분#누군가는 돈도 얼마 못 벌고, 그저 낭만만 쫓아 간다고 뭐라 할 수도 있습니다.#@문장구분# 하지만 저는 하고 싶은 일을 하자는 가치관을 가지고 있어, 무슨 일이든 본인이 하고 싶은 일을 해야 한다고 생각합니다. #@문장구분#그리고 직업에는 귀천이 없기 때문에, 무슨 일을 하든 본인이 하고 싶다면 할 수 있게 해주고, 응원해주어야 한다고 생각합니다.#@문장구분# 이러한 가치관을 바탕으로 미래에 행복한 사진가가 되고 싶습니다.#@문장구분#",
      "paragraph_len": 753,
      "paragraph_id": "001"
    }
  ],
  "score": {
    "paragraph_score": [
      {
        "paragraph_scoreT": [
          2.6666667,
          2.6666667,
          2.6666667
        ],
        "paragraph_scoreT_detail": {
          "paragraph_scoreT_exp": [
            [
              2,
              3,
              3
            ],
            [
              2,
              3,
              3
            ],
            [
              2,
              3,
              3
            ]
          ]
        },
        "paragraph_scoreT_avg": 2.6666667,
        "paragraph_id": "001"
      }
    ],
    "essay_scoreT": [
      24.666668,
      25.166668,
      26.666668
    ],
    "essay_scoreT_avg": 25.5,
    "essay_scoreT_detail": {
      "essay_scoreT_org": [
        [
          3,
          3,
          3,
          3
        ],
        [
          3,
          3,
          3,
          3
        ],
        [
          3,
          3,
          3,
          3
        ]
      ],
      "essay_scoreT_cont": [
        [
          2,
          2,
          0,
          2
        ],
        [
          2,
          2,
          0,
          3
        ],
        [
          2,
          3,
          0,
          3
        ]
      ],
      "essay_scoreT_exp": [
        [
          2,
          3,
          3
        ],
        [
          2,
          3,
          3
        ],
        [
          2,
          3,
          3
        ]
      ]
    }
  },
  "student": {
    "date": "2021.11.26",
    "student_educated": true,
    "student_grade": "중등_2학년",
    "location": "054",
    "student_grade_group": "중등",
    "student_reading": 2
  },
  "rubric": {
    "essay_grade": "중등_2학년",
    "organization_weight": {
      "org_paragraph": 2,
      "org": 2,
      "org_essay": 4,
      "org_coherence": 2,
      "org_quantity": 1
    },
    "essay_type": "글짓기",
    "content_weight": {
      "con_clearance": 4,
      "con_novelty": 3,
      "con": 4,
      "con_prompt": 0,
      "con_description": 1
    },
    "essay_main_subject": "미래의 나의 모습",
    "expression_weight": {
      "exp_style": 1,
      "exp_grammar": 2,
      "exp_vocab": 3,
      "exp": 4
    }
  },
  "correction": [],
  "info": {
    "essay_id": "ESSAY_70644",
    "essay_prompt": " 우리는 모두 미래의 나를 한 번씩 상상해보곤 합니다. 유명한 사람이 돼서 많은 사람과 소통하는 상상, 훌륭한 의사가 돼서 많은 사람을 살리는 상상 등 어떤 사람이 되고 싶다는 미래를 생각하지요.\n\n 여러분은 미래의 나를 상상해보신 적이 있으신가요? 10년 뒤, 20년 뒤, 30년 뒤에 여러분은 어떤 일을 하고 어떤 가치관을 가지고 살아가고 있을까요?\n\n 나의 10년 뒤, 20년 뒤, 30년 뒷모습을 각각 상상해보고 어떤 일을 하고 있을지, 그러한 모습을 갖추기 위해 어떤 노력을 하였을지 작성해보세요.",
    "essay_type": "글짓기",
    "essay_level": "2",
    "essay_len": 554,
    "essay_main_subject": "미래의 나의 모습"
  }
}