{
  "paragraph": [
    {
      "paragraph_txt": "10년 뒤의 저는 공부를 하고 있을 것입니다.#@문장구분# 왜냐하면 저는 연구직을 하는 것이 꿈이기 때문입니다.#@문장구분# 연구직이 되어서 국가에서 연구를 하려면 대학원에 가서 공부를 열심히 해야 합니다. #@문장구분#그래서 저는 대학교를 졸업한 후에 대학원에서 열심히 과학 연구를 돕고 있을 것입니다. #@문장구분#20년 뒤에는 이제 정식 연구원이 되었을지도 모릅니다. #@문장구분#연구실에서 과학연구를 하고, 실험을 하고, 인류를 위해 많은 노력과 시간을 바치고 있을 것입니다. #@문장구분#하지만 아직 일을 시작한지 얼마 안 되었기 때문에 말단 연구원일 것입니다. #@문장구분#선배들이 하는 것을 보고 따라 배우며 연구에 대한 감을 익혀가고 있을 것 같습니다. #@문장구분#30년 뒤에는 저도 이제 짬밥을 먹었을 것이니, 연구를 주도하고 있지 않을까요?#@문장구분#제가 진행하는 대규모 연구 프로젝트 하나쯤은 있을 것입니다.#@문장구분#",
      "paragraph_len": 602,
      "paragraph_id": "001"
    },
    {
      "paragraph_txt": " 저는 과학자가 되고 싶습니다.#@문장구분# 과학을 정말 좋아하는 데다가, 과학으로 인류에게 도움을 주고 싶기 때문입니다. #@문장구분#푸른 곰팡이에서 약을 발견한 과학자처럼 큰 발견을 하고 싶습니다.#@문장구분# 발견은 준비된 사람에게만 오는 것이란 말이 있습니다.#@문장구분# 저도 열심히 준비하고 공부하고 노력을 해두어서, 어떤 것을 발견할 수 있을 만큼의 기반을 닦아두겠습니다. #@문장구분#미래의 저는 연구원이었으면 좋겠습니다.#@문장구분#",
      "paragraph_len": 329,
      "paragraph_id": "002"
    }
  ],
  "score": {
    "paragraph_score": [
      {
        "paragraph_scoreT": [
          2.6666667,
          3,
          2
        ],
        "paragraph_scoreT_detail": {
          "paragraph_scoreT_exp": [
            [
              2,
              3,
              3
            ],
            [
              3,
              3,
              3
            ],
            [
              2,
              2,
              2
            ]
          ]
        },
        "paragraph_scoreT_avg": 2.5555556,
        "paragraph_id": "001"
      },
      {
        "paragraph_scoreT": [
          2.6666667,
          3,
          2
        ],
        "paragraph_scoreT_detail": {
          "paragraph_scoreT_exp": [
            [
              2,
              3,
              3
            ],
            [
              3,
              3,
              3
            ],
            [
              2,
              2,
              2
            ]
          ]
        },
        "paragraph_scoreT_avg": 2.5555556,
        "paragraph_id": "002"
      }
    ],
    "essay_scoreT": [
      25.166668,
      28,
      23.11111
    ],
    "essay_scoreT_avg": 25.425926,
    "essay_scoreT_detail": {
      "essay_scoreT_org": [
        [
          3,
          3,
          3,
          3
        ],
        [
          3,
          3,
          3,
          3
        ],
        [
          2,
          3,
          3,
          3
        ]
      ],
      "essay_scoreT_cont": [
        [
          2,
          2,
          0,
          3
        ],
        [
          2,
          3,
          0,
          3
        ],
        [
          2,
          3,
          0,
          3
        ]
      ],
      "essay_scoreT_exp": [
        [
          2,
          3,
          3
        ],
        [
          3,
          3,
          3
        ],
        [
          2,
          2,
          2
        ]
      ]
    }
  },
  "student": {
    "date": "2021.12.09",
    "student_educated": true,
    "student_grade": "중등_2학년",
    "location": "054",
    "student_grade_group": "중등",
    "student_reading": 3
  },
  "rubric": {
    "essay_grade": "중등_2학년",
    "organization_weight": {
      "org_paragraph": 2,
      "org": 2,
      "org_essay": 4,
      "org_coherence": 2,
      "org_quantity": 1
    },
    "essay_type": "글짓기",
    "content_weight": {
      "con_clearance": 4,
      "con_novelty": 3,
      "con": 4,
      "con_prompt": 0,
      "con_description": 1
    },
    "essay_main_subject": "미래의 나의 모습",
    "expression_weight": {
      "exp_style": 1,
      "exp_grammar": 2,
      "exp_vocab": 3,
      "exp": 4
    }
  },
  "correction": [],
  "info": {
    "essay_id": "ESSAY_70654",
    "essay_prompt": " 우리는 모두 미래의 나를 한 번씩 상상해보곤 합니다. 유명한 사람이 돼서 많은 사람과 소통하는 상상, 훌륭한 의사가 돼서 많은 사람을 살리는 상상 등 어떤 사람이 되고 싶다는 미래를 생각하지요.\n\n 여러분은 미래의 나를 상상해보신 적이 있으신가요? 10년 뒤, 20년 뒤, 30년 뒤에 여러분은 어떤 일을 하고 어떤 가치관을 가지고 살아가고 있을까요?\n\n 나의 10년 뒤, 20년 뒤, 30년 뒷모습을 각각 상상해보고 어떤 일을 하고 있을지, 그러한 모습을 갖추기 위해 어떤 노력을 하였을지 작성해보세요.",
    "essay_type": "글짓기",
    "essay_level": "2",
    "essay_len": 614,
    "essay_main_subject": "미래의 나의 모습"
  }
}