{
  "paragraph": [
    {
      "paragraph_txt": "제 꿈은 식품 연구원입니다. #@문장구분#사실 이 꿈을 정한지는 얼마 되지 않았습니다. #@문장구분#왜냐하면 그 전까지 저는 미디어 관련 직업을 꿈꾸고 있었기 때문입니다. #@문장구분#하지만 평소에 여러 음식을 만들고 나누면서 먹기를 좋아했던 저는 음식에도 꾸준히 관심을 갖고 있었습니다. #@문장구분#그래서 미디어 관련 직업과 식품 연구가 사이에서 고민하다가, 결국 제가 계속 행복할 것 같다고 생각하여 식품 연구원으로 꿈을 정하게 되었습니다. #@문장구분#10년 후 저는 식품 관련 과에 속하여 그때의 저로써 최선을 다 할 것입니다. #@문장구분#그리고 20년 후에는 안정된 직장에서 원하는 연구를 하고 있을 것 같습니다.#@문장구분# 혹은 제가 직접 연구소를 차려 직원들과 함께 원하는 연구를 하고 있을지도 모릅니다.#@문장구분# 연구라는 것 자체가 하루종일 앉아있고, 끊임없이 무언가를 생각해내려 노력하는 일인지라 매우 힘들 것입니다.#@문장구분# 하지만 제가 좋아하는 일이므로 연구를 하는 내내 전 행복할 것입니다.#@문장구분# 애초에 불행하고 힘들려고 시작하는 일도 아니기 때문입니다. #@문장구분#그래서 먼 훗날 편의점이나 마트에 제가 만든 음식이 팔리고 있을 수도 있을 것입니다.#@문장구분#",
      "paragraph_len": 775,
      "paragraph_id": "001"
    }
  ],
  "score": {
    "paragraph_score": [
      {
        "paragraph_scoreT": [
          3,
          3,
          2.6666667
        ],
        "paragraph_scoreT_detail": {
          "paragraph_scoreT_exp": [
            [
              3,
              3,
              3
            ],
            [
              3,
              3,
              3
            ],
            [
              2,
              3,
              3
            ]
          ]
        },
        "paragraph_scoreT_avg": 2.888889,
        "paragraph_id": "001"
      }
    ],
    "essay_scoreT": [
      30,
      26.5,
      26.666668
    ],
    "essay_scoreT_avg": 27.722223,
    "essay_scoreT_detail": {
      "essay_scoreT_org": [
        [
          3,
          3,
          3,
          3
        ],
        [
          3,
          3,
          3,
          3
        ],
        [
          3,
          3,
          3,
          3
        ]
      ],
      "essay_scoreT_cont": [
        [
          3,
          3,
          0,
          3
        ],
        [
          2,
          2,
          0,
          3
        ],
        [
          2,
          3,
          0,
          3
        ]
      ],
      "essay_scoreT_exp": [
        [
          3,
          3,
          3
        ],
        [
          3,
          3,
          3
        ],
        [
          2,
          3,
          3
        ]
      ]
    }
  },
  "student": {
    "date": "2021.11.26",
    "student_educated": true,
    "student_grade": "중등_2학년",
    "location": "054",
    "student_grade_group": "중등",
    "student_reading": 2
  },
  "rubric": {
    "essay_grade": "중등_2학년",
    "organization_weight": {
      "org_paragraph": 2,
      "org": 2,
      "org_essay": 4,
      "org_coherence": 2,
      "org_quantity": 1
    },
    "essay_type": "글짓기",
    "content_weight": {
      "con_clearance": 4,
      "con_novelty": 3,
      "con": 4,
      "con_prompt": 0,
      "con_description": 1
    },
    "essay_main_subject": "미래의 나의 모습",
    "expression_weight": {
      "exp_style": 1,
      "exp_grammar": 2,
      "exp_vocab": 3,
      "exp": 4
    }
  },
  "correction": [],
  "info": {
    "essay_id": "ESSAY_70643",
    "essay_prompt": " 우리는 모두 미래의 나를 한 번씩 상상해보곤 합니다. 유명한 사람이 돼서 많은 사람과 소통하는 상상, 훌륭한 의사가 돼서 많은 사람을 살리는 상상 등 어떤 사람이 되고 싶다는 미래를 생각하지요.\n\n 여러분은 미래의 나를 상상해보신 적이 있으신가요? 10년 뒤, 20년 뒤, 30년 뒤에 여러분은 어떤 일을 하고 어떤 가치관을 가지고 살아가고 있을까요?\n\n 나의 10년 뒤, 20년 뒤, 30년 뒷모습을 각각 상상해보고 어떤 일을 하고 있을지, 그러한 모습을 갖추기 위해 어떤 노력을 하였을지 작성해보세요.",
    "essay_type": "글짓기",
    "essay_level": "2",
    "essay_len": 536,
    "essay_main_subject": "미래의 나의 모습"
  }
}