{
  "paragraph": [
    {
      "paragraph_txt": "지금까지 우주에 대해서 배운다는건 너무 어렵고 이해하기 쉽지 않아서 힘들었는데 해성마다 나이가 다르다는 내용을 배울때는 그렇다는게 너무 신기해서 집중해서 보게 된거같다. #@문장구분#그래서 아직까지 기억에 조금 남아있는거 같다. #@문장구분#우리는 1년을 365이라고 한다. #@문장구분#1년은 지구가 태양을 한 바퀴  도는 기간을 말하는 것이다.#@문장구분# 또 하루 24시간은 지구가 스스로 한번 도는 시간을 말한다.#@문장구분# 즉  만약 지구가 200일 만에 태양을 한 바퀴 돈다면 200일이 1년이 되고, 지구가 스스로 한번 보는데 50시간이 걸린다면 50시간이 하루가 되는거다. #@문장구분#그런데 수성은 태양을 도는데 88일 정도가 걸리다고 한다.#@문장구분# 그리고 스스로 한 바퀴류 도는 데도 59일 정도가 걸린다고 한다.#@문장구분# 즉 수성에서는 59일이 하루가 되는거다. #@문장구분#우리가 살고 있는 지구와 비교하면 1년은 아주 짧고, 하루는 되게 길게 된다. #@문장구분#그러므로  수성에 살게 된다면 88일이 지나면 한 살씩 먹에 되는 것이다. #@문장구분#현재 지금 보다 4배씩 빨리 먹게 되는것이다.#@문장구분# 그렇지만 그렇다고 몸이 그만큼 빨리 늙는 것이 아니다.#@문장구분# 만약 우리가 수성에서 생활한다면 정말 힘들것이다.#@문장구분# 하루는 너무 길고 이틀이지나기에는 너무 빠르다. #@문장구분#우리는 시간을 정해서 하는 모습들이 많은데 수성에서는 그리 할 수 없으니 지구에서 살고 있다는 것이 정말 감사해야 하는 일인거 같다.#@문장구분# 또 거기에 가면 나이만 드는것이지 몸은 지금이랑 비슷하니까 나이가 얼마나 많아야지 할머니가 되는건지 궁금하기도 하다. #@문장구분#또  몸은 비슷하게 지난다는게 신기하다. #@문장구분#이처럼 많은 행성중에 지구라는 행성이 인간이 살아가기 가장 적합하다고 하는 이유를 알게 된것 같다.",
      "paragraph_len": 1165,
      "paragraph_id": "001"
    }
  ],
  "score": {
    "paragraph_score": [
      {
        "paragraph_scoreT": [
          2.7142856,
          3,
          3
        ],
        "paragraph_scoreT_detail": {
          "paragraph_scoreT_exp": [
            [
              2,
              3,
              3
            ],
            [
              3,
              3,
              3
            ],
            [
              3,
              3,
              3
            ]
          ]
        },
        "paragraph_scoreT_avg": 2.904762,
        "paragraph_id": "001"
      }
    ],
    "essay_scoreT": [
      28.857143,
      30,
      26.222221
    ],
    "essay_scoreT_avg": 28.359787,
    "essay_scoreT_detail": {
      "essay_scoreT_org": [
        [
          3,
          3,
          3,
          3
        ],
        [
          3,
          3,
          3,
          3
        ],
        [
          2,
          2,
          2,
          3
        ]
      ],
      "essay_scoreT_cont": [
        [
          3,
          3,
          0,
          3
        ],
        [
          3,
          3,
          0,
          3
        ],
        [
          3,
          2,
          0,
          2
        ]
      ],
      "essay_scoreT_exp": [
        [
          2,
          3,
          3
        ],
        [
          3,
          3,
          3
        ],
        [
          3,
          3,
          3
        ]
      ]
    }
  },
  "student": {
    "date": "2021.12.22",
    "student_educated": true,
    "student_grade": "고등_2학년",
    "location": "063",
    "student_grade_group": "고등",
    "student_reading": 3
  },
  "rubric": {
    "essay_grade": "고등_2학년",
    "organization_weight": {
      "org_paragraph": 3,
      "org": 2,
      "org_essay": 3,
      "org_coherence": 2,
      "org_quantity": 1
    },
    "essay_type": "글짓기",
    "content_weight": {
      "con_clearance": 4,
      "con_novelty": 3,
      "con": 4,
      "con_prompt": 0,
      "con_description": 1
    },
    "essay_main_subject": "우주에 대한 나의 생각",
    "expression_weight": {
      "exp_style": 2,
      "exp_grammar": 2,
      "exp_vocab": 3,
      "exp": 4
    }
  },
  "correction": [],
  "info": {
    "essay_id": "ESSAY_79443",
    "essay_prompt": " 여러분은 '우주'라는 것에 대해 어떻게 생각하나요?\n\n 한 번도 생각해보지 않은 사람도 있을 것이고 평소에 우주의 신비에 대해 궁금해하는 사람도 있을 것 같아요.\n\n '우주'라는 공간은 아직 밝혀진 것도 많이 없고 많은 과학자에게 숙제 같은 곳이랍니다. 많은 SF영화에서는 저명한 우주학자들을 초빙하고 수많은 회의를 기반으로 다양한 해석을 통해 우주를 설명하고는 하지요. 인터스텔라나 마블유니버스의 스토리 처럼요!\n\n 여러분은 외계인이 있다고 생각하나요? 블랙홀이나 화이트홀은 어떻게 생각하나요? 우주여행이 가능하다고 생각하시나요? 아바타 같은 영화처럼 새로운 문명이 있다고 생각하나요? 진짜로 화성에 새로운 지구를 만들 수 있다고 생각하나요?\n\n 여러분은 이미 우주에 대한 영화나 책으로 많이 접해보았을 것 같아요. 그리고 10년, 20년 후의 우주에 대해 상상해 본 적이 있을 것 같아요. 우주에 대한 본인의 생각이나 미래의 일들을 자유롭게 작성해주세요.",
    "essay_type": "글짓기",
    "essay_level": "2",
    "essay_len": 805,
    "essay_main_subject": "우주에 대한 나의 생각"
  }
}