{
  "paragraph": [
    {
      "paragraph_txt": "미래의 나는 무엇을 하고 있을까?#@문장구분# 나는 나중에 커서 어른이 되면 외국에 나가서 살고 싶다.#@문장구분# 뉴질랜드나 미국같이 땅이 넓은 나라에 가서 살고 싶다. #@문장구분#왜냐하면 주택을 지어서, 마당을 넓게 만들고 싶기 때문이다. #@문장구분#그리고 그 마당에서는 강아지들을 많이 키울 생각이다. #@문장구분#10년 뒤의 나는 언어를 열심히 배우고 있을 것이다.#@문장구분# 외국으로 나가서 살기 위한 준비를 하는 거다. #@문장구분#영어공부를 열심히 할 것이다. #@문장구분#소통이 안 되면 불편할 거 같기 때문이다. #@문장구분#그리고 저금하는 버릇을 만들어두어야 한다. #@문장구분#외국에서 기반을 잡으려면 돈이 많이 필요할 것이다.#@문장구분# 20년 뒤에 나는 외국에 나가 있을지도 모른다. #@문장구분#그래서 내가 원하는 마당이 넓은 주택을 샀다. #@문장구분#거기서 잘 살고 있다.#@문장구분# 집이 넓어서 혼자 살면 조금 외로울지도 모르겠다. #@문장구분#넓은 집을 사면 하이틴 영화에 나오는 것처럼 친구들을 불러서 홈파티를 꼭 해보고 싶었다.#@문장구분# 30년 뒤에 나는 기반이 어느정도 잘 닦여서 안정적인 삶을 살고 있을 것이다. #@문장구분#이때 강아지를 입양할 것이다.#@문장구분# 큰 대형견을 키우고 싶다.#@문장구분# 마당에서 원반던지기 놀이를 하면서 강아지들과 뛰어다니면 정말 행복할 것 같다.#@문장구분#",
      "paragraph_len": 959,
      "paragraph_id": "001"
    }
  ],
  "score": {
    "paragraph_score": [
      {
        "paragraph_scoreT": [
          3,
          2.6666667,
          2.6666667
        ],
        "paragraph_scoreT_detail": {
          "paragraph_scoreT_exp": [
            [
              3,
              3,
              3
            ],
            [
              2,
              3,
              3
            ],
            [
              2,
              3,
              3
            ]
          ]
        },
        "paragraph_scoreT_avg": 2.777778,
        "paragraph_id": "001"
      }
    ],
    "essay_scoreT": [
      26.5,
      24.666668,
      28.666668
    ],
    "essay_scoreT_avg": 26.611113,
    "essay_scoreT_detail": {
      "essay_scoreT_org": [
        [
          3,
          3,
          3,
          3
        ],
        [
          3,
          3,
          3,
          3
        ],
        [
          3,
          3,
          3,
          3
        ]
      ],
      "essay_scoreT_cont": [
        [
          2,
          2,
          0,
          3
        ],
        [
          2,
          2,
          0,
          2
        ],
        [
          3,
          3,
          0,
          3
        ]
      ],
      "essay_scoreT_exp": [
        [
          3,
          3,
          3
        ],
        [
          2,
          3,
          3
        ],
        [
          2,
          3,
          3
        ]
      ]
    }
  },
  "student": {
    "date": "2021.12.09",
    "student_educated": true,
    "student_grade": "중등_2학년",
    "location": "054",
    "student_grade_group": "중등",
    "student_reading": 1
  },
  "rubric": {
    "essay_grade": "중등_2학년",
    "organization_weight": {
      "org_paragraph": 2,
      "org": 2,
      "org_essay": 4,
      "org_coherence": 2,
      "org_quantity": 1
    },
    "essay_type": "글짓기",
    "content_weight": {
      "con_clearance": 4,
      "con_novelty": 3,
      "con": 4,
      "con_prompt": 0,
      "con_description": 1
    },
    "essay_main_subject": "미래의 나의 모습",
    "expression_weight": {
      "exp_style": 1,
      "exp_grammar": 2,
      "exp_vocab": 3,
      "exp": 4
    }
  },
  "correction": [],
  "info": {
    "essay_id": "ESSAY_70656",
    "essay_prompt": " 우리는 모두 미래의 나를 한 번씩 상상해보곤 합니다. 유명한 사람이 돼서 많은 사람과 소통하는 상상, 훌륭한 의사가 돼서 많은 사람을 살리는 상상 등 어떤 사람이 되고 싶다는 미래를 생각하지요.\n\n 여러분은 미래의 나를 상상해보신 적이 있으신가요? 10년 뒤, 20년 뒤, 30년 뒤에 여러분은 어떤 일을 하고 어떤 가치관을 가지고 살아가고 있을까요?\n\n 나의 10년 뒤, 20년 뒤, 30년 뒷모습을 각각 상상해보고 어떤 일을 하고 있을지, 그러한 모습을 갖추기 위해 어떤 노력을 하였을지 작성해보세요.",
    "essay_type": "글짓기",
    "essay_level": "2",
    "essay_len": 560,
    "essay_main_subject": "미래의 나의 모습"
  }
}