{
  "paragraph": [
    {
      "paragraph_txt": "나는 예전부터 우주의 존재가 참 신비롭고 어렵다는 생각이 들었다.#@문장구분# 많은 시간이 지났지만 우리는 우주에 대해 아는 것이 별로 없고 과학자들 역시 우주에 관한 연구를 끈임없이 하고있지만 별다른 지식을 얻지는 못했다.#@문장구분# 나는 우선 사람들이 왜 우주에 관해 관심을 갖는건지가 궁금하다. #@문장구분#나는 우주에 무언가 있을거 같고 우리가 알지 못하는 것 들이 있다는게 신기하고 매력적이라 우주에 관심을 갖고있다 #@문장구분#하지만 나사라는 기업이나 세계의 몇몇 나라는 왜 우주를 조사하고 싶어하고 우주에 관심을 갖는지가 궁금하다.#@문장구분# 우주에는 다양한 행성들이 있다#@문장구분#  수성 금성 지구 화성 목성 토성 천왕성 혜왕성 등 수도 없이 많은 은하계가 있고 그 각 은하계 안에는 수도 없이 많은 항성들이 있고 그 항성들 주변에는 행성들이 있을 건데 오직 지구에만 생명체가 인류가 있다는 것은 아닌거같다는 생각이 들었고, 그런 생각을 가지고 인터넷에서 찾아보고 다니다가 외계인이라는 존재를 발견했다. #@문장구분#세상에는 여러가지의 외계인 존재설 등이 있고 유에프오 사진이 찍히는등 외계인의 흔적이 남아있다.#@문장구분# 나는 그런 것을 찾아볼수록 외계인에 더욱 흥미를 가지게되었다.#@문장구분# 그치만 외계인이 존재하는가 하지않는가에 대해서 우리가 결론을 내릴순 없다. #@문장구분#우리는 우주에 대해 아는 것이 얼마 없기 때문이다#@문장구분# 그렇지만 오랜 시간이 지나 우주에 관한 조사를 통해 우주에 대한 연구가 성공하다 보면 외계인의 존재를 알 수있지 않을까?#@문장구분# 여러분들은 외계인에 대해 어떻게 생각하시나요?#@문장구분# 흔적은 있지만 확실하지 않은 외계인의 존재여부 과연 시간이 지나면 외계인의 대한 존재를 알 수 있을까?#@문장구분# 그건 모두가 모르는 상황이다.",
      "paragraph_len": 1083,
      "paragraph_id": "001"
    }
  ],
  "score": {
    "paragraph_score": [
      {
        "paragraph_scoreT": [
          3,
          3,
          3
        ],
        "paragraph_scoreT_detail": {
          "paragraph_scoreT_exp": [
            [
              3,
              3,
              3
            ],
            [
              3,
              3,
              3
            ],
            [
              3,
              3,
              3
            ]
          ]
        },
        "paragraph_scoreT_avg": 3,
        "paragraph_id": "001"
      }
    ],
    "essay_scoreT": [
      30,
      25.61111,
      28
    ],
    "essay_scoreT_avg": 27.87037,
    "essay_scoreT_detail": {
      "essay_scoreT_org": [
        [
          3,
          3,
          3,
          3
        ],
        [
          2,
          3,
          3,
          2
        ],
        [
          3,
          3,
          3,
          3
        ]
      ],
      "essay_scoreT_cont": [
        [
          3,
          3,
          0,
          3
        ],
        [
          2,
          2,
          0,
          3
        ],
        [
          3,
          2,
          0,
          2
        ]
      ],
      "essay_scoreT_exp": [
        [
          3,
          3,
          3
        ],
        [
          3,
          3,
          3
        ],
        [
          3,
          3,
          3
        ]
      ]
    }
  },
  "student": {
    "date": "2021.12.22",
    "student_educated": true,
    "student_grade": "고등_2학년",
    "location": "063",
    "student_grade_group": "고등",
    "student_reading": 1
  },
  "rubric": {
    "essay_grade": "고등_2학년",
    "organization_weight": {
      "org_paragraph": 3,
      "org": 2,
      "org_essay": 3,
      "org_coherence": 2,
      "org_quantity": 1
    },
    "essay_type": "글짓기",
    "content_weight": {
      "con_clearance": 4,
      "con_novelty": 3,
      "con": 4,
      "con_prompt": 0,
      "con_description": 1
    },
    "essay_main_subject": "우주에 대한 나의 생각",
    "expression_weight": {
      "exp_style": 2,
      "exp_grammar": 2,
      "exp_vocab": 3,
      "exp": 4
    }
  },
  "correction": [],
  "info": {
    "essay_id": "ESSAY_79446",
    "essay_prompt": " 여러분은 '우주'라는 것에 대해 어떻게 생각하나요?\n\n 한 번도 생각해보지 않은 사람도 있을 것이고 평소에 우주의 신비에 대해 궁금해하는 사람도 있을 것 같아요.\n\n '우주'라는 공간은 아직 밝혀진 것도 많이 없고 많은 과학자에게 숙제 같은 곳이랍니다. 많은 SF영화에서는 저명한 우주학자들을 초빙하고 수많은 회의를 기반으로 다양한 해석을 통해 우주를 설명하고는 하지요. 인터스텔라나 마블유니버스의 스토리 처럼요!\n\n 여러분은 외계인이 있다고 생각하나요? 블랙홀이나 화이트홀은 어떻게 생각하나요? 우주여행이 가능하다고 생각하시나요? 아바타 같은 영화처럼 새로운 문명이 있다고 생각하나요? 진짜로 화성에 새로운 지구를 만들 수 있다고 생각하나요?\n\n 여러분은 이미 우주에 대한 영화나 책으로 많이 접해보았을 것 같아요. 그리고 10년, 20년 후의 우주에 대해 상상해 본 적이 있을 것 같아요. 우주에 대한 본인의 생각이나 미래의 일들을 자유롭게 작성해주세요.",
    "essay_type": "글짓기",
    "essay_level": "2",
    "essay_len": 803,
    "essay_main_subject": "우주에 대한 나의 생각"
  }
}