{
  "paragraph": [
    {
      "paragraph_txt": "제 롤모델은 유명 인터넷 방송인 악어입니다.#@문장구분#\n 그는 인터넷방송을 수년간 하면서 인기를 얻고있는 유명 방송인인데, 주로하는 컨텐츠는 게임입니다.#@문장구분#\n 그런 방송인 악어를 제 롤모델로 생각한 이유는 참 많은데 그중에서도 가장 첫 번째로는\n 그사람의 정신력입니다.#@문장구분# 방송을 하는 것 자체에도 정신력이 많이 쓰일텐데도 불구하고 방송에서\n 불화를 중재하거나 논란에 휩싸이는 경우에도 침착하게 해결하는 모습을 보면 그의 정신력이 대단하다고\n 느껴집니다.#@문장구분# 그 다음으로는 그의 통찰력입니다.#@문장구분#\n 게임이라는 특성상 잘하는 모습이 가장 멋있어보이고 또 인기가 있기도 한데, 보통 게임을 잘 하려면\n 통찰력이 좋아서 게임에 대한 이해를 먼저 해야 어떠한게 더 유리한지도 파악하는등 여러모로 \n 좋은 점이 있는데 악어는 바로 그 통찰력이 좋은 것 같다.#@문장구분# 거기다 센스까지 좋아서 평범한 사람들 이상으로 게임을 잘 하며 멋진 모습을 보여준다.#@문장구분# 그 다음으로는 폭 넓은 마음씨이다.#@문장구분#\n 그는 본인과 같이 방송하는 동료가 처한 어려움에 본인이 어렸을 시절에 힘들게 모은 백만원을 \n 통크게 넘겨주면서 좀더 힘내서 같이 잘 해보자 라는식으로 도움을 주고는 했었다.#@문장구분#\n 그런 모습을 보고선 인성이 좋은걸 넘어서 진심으로 타인을 본인보다도 우선시하는 모습을 보니\n 그저 사람자체가 멋있다는게 느껴졌다.#@문장구분# 그렇기 때문에 방송인 악어를 롤모델로 삼고\n 저또한 악어처럼 멋진사람이 되기위해서 노력하고 싶습니다.#@문장구분#",
      "paragraph_len": 923,
      "paragraph_id": "001"
    }
  ],
  "score": {
    "paragraph_score": [
      {
        "paragraph_scoreT": [
          2.2857144,
          2.2857144,
          1.5714285
        ],
        "paragraph_scoreT_detail": {
          "paragraph_scoreT_exp": [
            [
              3,
              2,
              2
            ],
            [
              3,
              2,
              2
            ],
            [
              2,
              1,
              2
            ]
          ]
        },
        "paragraph_scoreT_avg": 2.047619,
        "paragraph_id": "001"
      }
    ],
    "essay_scoreT": [
      22.25397,
      24.25397,
      19.23016
    ],
    "essay_scoreT_avg": 21.912699,
    "essay_scoreT_detail": {
      "essay_scoreT_org": [
        [
          2,
          3,
          3,
          2
        ],
        [
          2,
          3,
          3,
          2
        ],
        [
          2,
          2,
          3,
          2
        ]
      ],
      "essay_scoreT_cont": [
        [
          2,
          2,
          0,
          2
        ],
        [
          3,
          2,
          0,
          2
        ],
        [
          2,
          2,
          0,
          3
        ]
      ],
      "essay_scoreT_exp": [
        [
          3,
          2,
          2
        ],
        [
          3,
          2,
          2
        ],
        [
          2,
          1,
          2
        ]
      ]
    }
  },
  "student": {
    "date": "2021.09.30",
    "student_educated": true,
    "student_grade": "고등_3학년",
    "location": "063",
    "student_grade_group": "고등",
    "student_reading": 2
  },
  "rubric": {
    "essay_grade": "고등_3학년",
    "organization_weight": {
      "org_paragraph": 3,
      "org": 2,
      "org_essay": 3,
      "org_coherence": 2,
      "org_quantity": 1
    },
    "essay_type": "설명글",
    "content_weight": {
      "con_clearance": 4,
      "con_novelty": 3,
      "con": 4,
      "con_prompt": 0,
      "con_description": 1
    },
    "essay_main_subject": "나의 위인전",
    "expression_weight": {
      "exp_style": 2,
      "exp_grammar": 2,
      "exp_vocab": 3,
      "exp": 4
    }
  },
  "correction": [],
  "info": {
    "essay_id": "ESSAY_36888",
    "essay_prompt": " 요즘은 책을 통해서뿐만 아니라 유튜브, 강의와 같이 다양한 매체를 통해 자신만의 롤모델을 찾을 수 있습니다.\n\n 여러분도 자신만의 롤모델이 있을 것 같은데요. 자신의 롤모델인 인물처럼 되었다고 생각하고 나만의 위인전을 작성해보세요. 본인이 그 사람이 되었다고 생각하고 작성해도 좋고, 제 3자의 입장에서 바라보는 형식으로 작성해도 좋아요.\n\n 나의 롤모델은 목표를 이루기 위해 어떤 노력을 했을지, 어떤 행운이 있었을지, 목표를 이루고 난 다음에 어떤 기분이 들었을지 마음 껏 상상해보시고 작성해주세요.",
    "essay_type": "글짓기",
    "essay_level": "2",
    "essay_len": 703,
    "essay_main_subject": "나의 위인전"
  }
}